ticket_id,bol_ts,terminal_code,sold_to_id,payer_id,bill_to_id,product_code,gallons_net,gallons_gross,temperature_f,status
BOL-2026-000001,2026-07-12 05:55:00,HSC,APEX-HOU,APEX-PAYER,APEX-BILL,RBOB,7366.8,7520.3,90.2,delivered
BOL-2026-000002,2026-06-07 18:00:00,HSC,APEX-HOU,APEX-PAYER,APEX-BILL,RBOB,6373.0,6437.2,74.6,delivered
BOL-2026-000003,2026-07-13 18:15:00,HSC,APEX-HOU,APEX-PAYER,APEX-BILL,RBOB,7938.0,8114.4,92.2,delivered
BOL-2026-000004,2026-07-01 13:10:00,HSC,APEX-HOU,APEX-PAYER,APEX-BILL,RBOB,4639.5,4713.4,83.1,delivered
BOL-2026-000005,2026-06-25 13:00:00,HSC,APEX-HOU,APEX-PAYER,APEX-BILL,ULSD,8384.4,8471.6,83.1,delivered
BOL-2026-000006,2026-07-22 16:45:00,HSC,APEX-HOU,APEX-PAYER,APEX-BILL,RBOB,7043.4,7201.8,92.6,delivered
BOL-2026-000007,2026-07-24 08:30:00,HSC,APEX-HOU,APEX-PAYER,APEX-BILL,RBOB,5768.8,5860.0,82.9,delivered
BOL-2026-000008,2026-06-20 07:45:00,HSC,APEX-HOU,APEX-PAYER,APEX-BILL,ULSD,5252.7,5312.0,85.1,delivered
BOL-2026-000009,2026-07-28 12:50:00,HSC,APEX-HOU,APEX-PAYER,APEX-BILL,RBOB,4440.5,4543.8,93.7,delivered
BOL-2026-000010,2026-06-29 07:15:00,HSC,APEX-HOU,APEX-PAYER,APEX-BILL,ULSD,7287.0,7349.6,79.1,delivered
BOL-2026-000011,2026-07-25 19:10:00,HSC,APEX-HOU,APEX-PAYER,APEX-BILL,RBOB,6613.9,6706.5,80.3,delivered
BOL-2026-000012,2026-07-26 17:25:00,HSC,APEX-HOU,APEX-PAYER,APEX-BILL,RBOB,6391.0,6462.4,76.2,quality_hold
BOL-2026-000013,2026-06-08 10:50:00,HSC,APEX-HOU,APEX-PAYER,APEX-BILL,RBOB,5841.0,5993.7,97.9,delivered
BOL-2026-000014,2026-07-30 05:50:00,HSC,APEX-HOU,APEX-PAYER,APEX-BILL,ULSD,6509.0,6568.8,80.4,delivered
BOL-2026-000015,2026-06-09 18:10:00,HSC,APEX-HOU,APEX-PAYER,APEX-BILL,RBOB,7966.2,8077.8,80.3,delivered
BOL-2026-000016,2026-06-13 08:50:00,HSC,APEX-HOU,APEX-PAYER,APEX-BILL,RBOB,6818.6,6901.9,77.7,delivered
BOL-2026-000017,2026-07-07 21:00:00,HSC,APEX-HOU,APEX-PAYER,APEX-BILL,RBOB,4681.0,4754.3,82.7,delivered
BOL-2026-000018,2026-07-21 12:00:00,HSC,APEX-HOU,APEX-PAYER,APEX-BILL,RBOB,4538.7,4637.7,91.6,delivered
BOL-2026-000019,2026-07-30 09:10:00,HSC,APEX-HOU,APEX-PAYER,APEX-BILL,ULSD,4910.0,4969.0,86.7,delivered
BOL-2026-000020,2026-07-30 11:55:00,HSC,APEX-HOU,APEX-PAYER,APEX-BILL,RBOB,6994.5,7112.7,84.5,delivered
BOL-2026-000021,2026-06-09 12:05:00,HSC,APEX-HOU,APEX-PAYER,APEX-BILL,RBOB,5189.5,5258.6,79.3,delivered
BOL-2026-000022,2026-07-12 12:05:00,HSC,APEX-HOU,APEX-PAYER,APEX-BILL,ULSD,4504.7,4544.6,79.7,delivered
BOL-2026-000023,2026-06-16 09:55:00,HSC,APEX-HOU,APEX-PAYER,APEX-BILL,ULSD,6232.5,6324.5,92.8,delivered
BOL-2026-000024,2026-06-14 08:50:00,HSC,APEX-HOU,APEX-PAYER,APEX-BILL,RBOB,6208.2,6343.1,91.5,delivered
BOL-2026-000025,2026-07-31 08:00:00,HSC,APEX-HOU,APEX-PAYER,APEX-BILL,RBOB,7905.2,8014.3,80.0,delivered
BOL-2026-000026,2026-07-02 18:10:00,HSC,APEX-HOU,APEX-PAYER,APEX-BILL,RBOB,8170.0,8308.7,84.6,delivered
BOL-2026-000027,2026-07-08 06:50:00,HSC,APEX-HOU,APEX-PAYER,APEX-BILL,ULSD,8366.7,8503.0,96.2,delivered
BOL-2026-000028,2026-06-12 20:35:00,HSC,APEX-HOU,APEX-PAYER,APEX-BILL,RBOB,4452.1,4523.1,83.1,delivered
BOL-2026-000029,2026-06-20 19:20:00,HSC,APEX-HOU,APEX-PAYER,APEX-BILL,RBOB,8480.3,8640.0,87.3,delivered
BOL-2026-000030,2026-06-12 14:15:00,HSC,APEX-HOU,APEX-PAYER,APEX-BILL,ULSD,6531.4,6625.5,92.0,delivered
BOL-2026-000031,2026-07-09 21:40:00,HSC,APEX-HOU,APEX-PAYER,APEX-BILL,RBOB,4544.5,4602.5,78.5,delivered
BOL-2026-000032,2026-07-14 12:30:00,HSC,APEX-HOU,APEX-PAYER,APEX-BILL,RBOB,5258.7,5361.4,88.3,delivered
BOL-2026-000033,2026-07-01 21:25:00,HSC,APEX-HOU,APEX-PAYER,APEX-BILL,ULSD,7279.6,7344.1,79.7,delivered
BOL-2026-000034,2026-07-14 14:35:00,HSC,APEX-HOU,APEX-PAYER,APEX-BILL,RBOB,4511.9,4589.7,85.0,delivered
BOL-2026-000035,2026-07-31 07:40:00,HSC,APEX-HOU,APEX-PAYER,APEX-BILL,RBOB,8213.0,8411.9,95.1,delivered
BOL-2026-000036,2026-06-27 10:35:00,HSC,APEX-HOU,APEX-PAYER,APEX-BILL,ULSD,6830.2,6946.1,97.7,delivered
BOL-2026-000037,2026-06-01 14:50:00,HSC,APEX-HOU,APEX-PAYER,APEX-BILL,RBOB,5337.2,5467.6,95.4,delivered
BOL-2026-000038,2026-06-12 14:45:00,HSC,APEX-HOU,APEX-PAYER,APEX-BILL,RBOB,7156.2,7326.6,94.5,delivered
BOL-2026-000039,2026-06-19 06:05:00,HSC,APEX-HOU,APEX-PAYER,APEX-BILL,ULSD,4389.6,4433.1,82.0,delivered
BOL-2026-000040,2026-07-30 10:55:00,HSC,APEX-HOU,APEX-PAYER,APEX-BILL,RBOB,6611.9,6688.1,76.7,delivered
BOL-2026-000041,2026-07-15 09:40:00,HSC,APEX-HOU,APEX-PAYER,APEX-BILL,RBOB,6575.9,6686.2,84.3,quality_hold
BOL-2026-000042,2026-06-27 06:25:00,HSC,APEX-HOU,APEX-PAYER,APEX-BILL,RBOB,4642.0,4746.7,92.7,delivered
BOL-2026-000043,2026-06-30 09:15:00,HSC,APEX-HOU,APEX-PAYER,APEX-BILL,ULSD,7686.3,7808.1,95.2,quality_hold
BOL-2026-000044,2026-07-17 15:30:00,HSC,APEX-HOU,APEX-PAYER,APEX-BILL,ULSD,7686.2,7756.8,80.4,delivered
BOL-2026-000045,2026-06-08 06:35:00,HSC,APEX-HOU,APEX-PAYER,APEX-BILL,RBOB,6179.3,6270.1,81.3,delivered
BOL-2026-000046,2026-06-17 05:50:00,HSC,APEX-HOU,APEX-PAYER,APEX-BILL,RBOB,7916.7,8119.9,97.2,delivered
BOL-2026-000047,2026-07-12 17:50:00,HSC,APEX-HOU,APEX-PAYER,APEX-BILL,ULSD,8238.7,8301.0,76.8,delivered
BOL-2026-000048,2026-06-13 13:00:00,HSC,APEX-HOU,APEX-PAYER,APEX-BILL,RBOB,7332.7,7441.5,81.5,delivered
BOL-2026-000049,2026-07-05 17:45:00,HSC,APEX-HOU,APEX-PAYER,APEX-BILL,RBOB,6075.0,6186.1,86.5,delivered
BOL-2026-000050,2026-07-15 11:25:00,HSC,APEX-HOU,APEX-PAYER,APEX-BILL,RBOB,8159.3,8322.6,89.0,delivered
BOL-2026-000051,2026-06-09 14:40:00,HSC,APEX-HOU,APEX-PAYER,APEX-BILL,RBOB,5930.3,6016.6,81.1,delivered
BOL-2026-000052,2026-07-01 17:50:00,HSC,APEX-HOU,APEX-PAYER,APEX-BILL,ULSD,6647.2,6718.1,83.7,delivered
BOL-2026-000053,2026-06-22 11:30:00,HSC,APEX-HOU,APEX-PAYER,APEX-BILL,ULSD,5585.7,5647.5,84.6,delivered
BOL-2026-000054,2026-07-05 10:50:00,HSC,APEX-HOU,APEX-PAYER,APEX-BILL,RBOB,6921.6,7026.7,82.0,delivered
BOL-2026-000055,2026-07-18 14:15:00,HSC,APEX-HOU,APEX-PAYER,APEX-BILL,ULSD,4398.7,4473.1,97.6,delivered
BOL-2026-000056,2026-07-19 19:30:00,HSC,APEX-HOU,APEX-PAYER,APEX-BILL,ULSD,7288.9,7365.0,83.2,delivered
BOL-2026-000057,2026-06-11 05:05:00,HSC,APEX-HOU,APEX-PAYER,APEX-BILL,ULSD,7657.7,7763.5,90.7,delivered
BOL-2026-000058,2026-07-08 08:35:00,HSC,APEX-HOU,APEX-PAYER,APEX-BILL,RBOB,6483.9,6606.5,87.4,delivered
BOL-2026-000059,2026-07-18 19:45:00,HSC,APEX-HOU,APEX-PAYER,APEX-BILL,ULSD,6035.0,6132.2,95.8,delivered
BOL-2026-000060,2026-06-12 20:35:00,HSC,APEX-HOU,APEX-PAYER,APEX-BILL,RBOB,6941.9,7097.1,92.4,delivered
BOL-2026-000061,2026-07-12 13:35:00,HSC,APEX-HOU,APEX-PAYER,APEX-BILL,RBOB,5368.4,5448.8,81.7,delivered
BOL-2026-000062,2026-06-10 12:30:00,HSC,APEX-HOU,APEX-PAYER,APEX-BILL,ULSD,4476.2,4524.1,83.8,delivered
BOL-2026-000063,2026-06-30 11:30:00,HSC,APEX-HOU,APEX-PAYER,APEX-BILL,RBOB,8268.1,8350.8,74.5,delivered
BOL-2026-000064,2026-07-09 20:00:00,HSC,APEX-HOU,APEX-PAYER,APEX-BILL,ULSD,5876.9,5970.5,95.4,delivered
BOL-2026-000065,2026-07-07 12:35:00,HSC,APEX-HOU,APEX-PAYER,APEX-BILL,RBOB,4324.8,4390.7,82.1,delivered
BOL-2026-000066,2026-06-30 10:35:00,HSC,APEX-HOU,APEX-PAYER,APEX-BILL,ULSD,6496.7,6601.4,95.8,delivered
BOL-2026-000067,2026-07-14 07:50:00,HSC,APEX-HOU,APEX-PAYER,APEX-BILL,RBOB,4981.4,5050.8,80.2,delivered
BOL-2026-000068,2026-07-02 15:30:00,HSC,APEX-HOU,APEX-PAYER,APEX-BILL,RBOB,6012.7,6153.8,94.0,delivered
BOL-2026-000069,2026-07-18 06:25:00,HSC,APEX-HOU,APEX-PAYER,APEX-BILL,RBOB,8316.3,8402.4,75.0,quality_hold
BOL-2026-000070,2026-06-18 05:45:00,HSC,APEX-HOU,APEX-PAYER,APEX-BILL,RBOB,7078.7,7213.0,87.5,delivered
BOL-2026-000071,2026-07-16 16:10:00,HSC,APEX-HOU,APEX-PAYER,APEX-BILL,ULSD,7288.9,7396.2,92.7,delivered
BOL-2026-000072,2026-06-23 05:20:00,HSC,APEX-HOU,APEX-PAYER,APEX-BILL,RBOB,5813.8,5960.6,96.6,delivered
BOL-2026-000073,2026-07-10 12:05:00,HSC,APEX-HOU,APEX-PAYER,APEX-BILL,ULSD,7142.3,7249.3,93.3,delivered
BOL-2026-000074,2026-07-08 06:25:00,HSC,APEX-HOU,APEX-PAYER,APEX-BILL,RBOB,4496.5,4588.0,89.5,quality_hold
BOL-2026-000075,2026-07-01 20:05:00,HSC,APEX-HOU,APEX-PAYER,APEX-BILL,RBOB,8033.8,8172.4,85.0,delivered
BOL-2026-000076,2026-06-13 21:50:00,HSC,APEX-HOU,APEX-PAYER,APEX-BILL,RBOB,6514.1,6629.2,85.6,delivered
BOL-2026-000077,2026-07-17 13:25:00,HSC,APEX-HOU,APEX-PAYER,APEX-BILL,ULSD,4572.7,4645.1,95.2,delivered
BOL-2026-000078,2026-07-03 17:25:00,HSC,APEX-HOU,APEX-PAYER,APEX-BILL,RBOB,4981.9,5047.6,79.1,delivered
BOL-2026-000079,2026-06-25 13:40:00,HSC,APEX-HOU,APEX-PAYER,APEX-BILL,RBOB,4568.1,4666.8,91.3,delivered
BOL-2026-000080,2026-07-19 20:50:00,HSC,APEX-HOU,APEX-PAYER,APEX-BILL,ULSD,4274.1,4314.7,81.1,delivered
BOL-2026-000081,2026-06-18 16:35:00,HSC,APEX-HOU,APEX-PAYER,APEX-BILL,RBOB,8485.5,8644.8,87.2,delivered
BOL-2026-000082,2026-07-02 14:20:00,HSC,APEX-HOU,APEX-PAYER,APEX-BILL,RBOB,5556.9,5678.8,91.8,delivered
BOL-2026-000083,2026-07-15 11:15:00,HSC,APEX-HOU,APEX-PAYER,APEX-BILL,ULSD,6735.2,6832.8,92.2,delivered
BOL-2026-000084,2026-07-30 11:20:00,HSC,APEX-HOU,APEX-PAYER,APEX-BILL,RBOB,4260.8,4339.6,86.8,delivered
BOL-2026-000085,2026-07-30 14:55:00,HSC,APEX-HOU,APEX-PAYER,APEX-BILL,ULSD,7437.0,7492.2,76.5,quality_hold
BOL-2026-000086,2026-06-21 20:35:00,HSC,APEX-HOU,APEX-PAYER,APEX-BILL,RBOB,5285.7,5412.3,94.7,delivered
BOL-2026-000087,2026-06-05 20:05:00,HSC,APEX-HOU,APEX-PAYER,APEX-BILL,RBOB,4852.4,4964.6,93.5,delivered
BOL-2026-000088,2026-06-07 12:05:00,HSC,APEX-HOU,APEX-PAYER,APEX-BILL,RBOB,6763.3,6897.7,88.8,delivered
BOL-2026-000089,2026-06-28 19:20:00,HSC,APEX-HOU,APEX-PAYER,APEX-BILL,ULSD,5513.1,5584.8,88.9,delivered
BOL-2026-000090,2026-07-18 11:50:00,HSC,APEX-HOU,APEX-PAYER,APEX-BILL,RBOB,4875.3,4936.5,78.2,delivered
BOL-2026-000091,2026-06-01 19:55:00,HSC,APEX-HOU,APEX-PAYER,APEX-BILL,RBOB,5195.3,5306.4,91.0,delivered
BOL-2026-000092,2026-07-02 12:20:00,HSC,APEX-HOU,APEX-PAYER,APEX-BILL,ULSD,7043.1,7158.5,96.4,delivered
BOL-2026-000093,2026-07-07 09:20:00,HSC,APEX-HOU,APEX-PAYER,APEX-BILL,ULSD,4913.5,4960.8,81.4,delivered
BOL-2026-000094,2026-07-09 14:35:00,HSC,APEX-HOU,APEX-PAYER,APEX-BILL,RBOB,7208.9,7391.0,96.6,delivered
BOL-2026-000095,2026-07-05 07:45:00,HSC,APEX-HOU,APEX-PAYER,APEX-BILL,RBOB,5586.0,5663.1,80.0,delivered
BOL-2026-000096,2026-07-29 05:50:00,HSC,APEX-HOU,APEX-PAYER,APEX-BILL,ULSD,7481.4,7542.7,78.2,delivered
BOL-2026-000097,2026-07-02 13:10:00,HSC,APEX-HOU,APEX-PAYER,APEX-BILL,ULSD,7701.3,7830.6,97.3,delivered
BOL-2026-000098,2026-06-30 15:50:00,HSC,APEX-HOU,APEX-PAYER,APEX-BILL,RBOB,5970.1,6076.8,85.9,delivered
BOL-2026-000099,2026-06-29 06:35:00,HSC,APEX-HOU,APEX-PAYER,APEX-BILL,RBOB,4698.5,4803.9,92.5,delivered
BOL-2026-000100,2026-07-22 05:50:00,HSC,APEX-HOU,APEX-PAYER,APEX-BILL,ULSD,4433.1,4485.8,86.4,delivered
BOL-2026-000101,2026-07-05 19:00:00,HSC,APEX-HOU,APEX-PAYER,APEX-BILL,RBOB,8189.0,8327.4,84.5,delivered
BOL-2026-000102,2026-06-09 12:55:00,HSC,APEX-HOU,APEX-PAYER,APEX-BILL,RBOB,6574.7,6648.2,76.2,delivered
BOL-2026-000103,2026-07-27 19:05:00,HSC,APEX-HOU,APEX-PAYER,APEX-BILL,ULSD,8210.4,8288.0,81.0,delivered
BOL-2026-000104,2026-06-30 20:35:00,HSC,APEX-HOU,APEX-PAYER,APEX-BILL,RBOB,5849.4,5995.1,96.1,delivered
BOL-2026-000105,2026-07-25 07:20:00,HSC,APEX-HOU,APEX-PAYER,APEX-BILL,ULSD,5661.5,5745.3,92.9,delivered
BOL-2026-000106,2026-06-01 14:45:00,HSC,APEX-HOU,APEX-PAYER,APEX-BILL,RBOB,7920.6,8055.6,84.7,delivered
BOL-2026-000107,2026-06-24 17:35:00,HSC,APEX-HOU,APEX-PAYER,APEX-BILL,ULSD,8417.3,8491.9,79.7,delivered
BOL-2026-000108,2026-07-24 18:00:00,HSC,APEX-HOU,APEX-PAYER,APEX-BILL,RBOB,8127.7,8257.2,83.1,delivered
BOL-2026-000109,2026-07-20 09:35:00,HSC,APEX-HOU,APEX-PAYER,APEX-BILL,ULSD,8351.0,8433.7,82.0,delivered
BOL-2026-000110,2026-07-23 08:40:00,DAL,APEX-HOU,APEX-PAYER,APEX-BILL,ULSD,5962.9,6042.6,89.7,delivered
BOL-2026-000111,2026-07-03 13:25:00,HSC,APEX-HOU,APEX-PAYER,APEX-BILL,ULSD,4545.4,4590.2,81.9,delivered
BOL-2026-000112,2026-07-07 15:50:00,HSC,APEX-HOU,APEX-PAYER,APEX-BILL,ULSD,7951.2,8004.5,74.9,delivered
BOL-2026-000113,2026-07-12 14:15:00,HSC,APEX-HOU,APEX-PAYER,APEX-BILL,ULSD,4623.3,4684.1,89.2,delivered
BOL-2026-000114,2026-07-02 14:00:00,HSC,APEX-HOU,APEX-PAYER,APEX-BILL,RBOB,5461.5,5548.2,83.0,delivered
BOL-2026-000115,2026-07-07 10:10:00,HSC,APEX-HOU,APEX-PAYER,APEX-BILL,RBOB,5844.9,5967.5,90.4,delivered
BOL-2026-000116,2026-07-09 12:35:00,HSC,APEX-HOU,APEX-PAYER,APEX-BILL,ULSD,7067.4,7180.6,95.6,delivered
BOL-2026-000117,2026-06-21 10:05:00,HSC,APEX-HOU,APEX-PAYER,APEX-BILL,RBOB,6726.6,6862.6,89.3,delivered
BOL-2026-000118,2026-06-18 14:15:00,HSC,APEX-HOU,APEX-PAYER,APEX-BILL,ULSD,4658.6,4707.2,83.2,delivered
BOL-2026-000119,2026-06-22 14:00:00,HSC,APEX-HOU,APEX-PAYER,APEX-BILL,ULSD,5380.3,5447.1,87.6,delivered
BOL-2026-000120,2026-07-18 06:45:00,HSC,APEX-HOU,APEX-PAYER,APEX-BILL,ULSD,8082.6,8201.2,92.6,delivered
BOL-2026-000121,2026-07-21 12:50:00,HSC,APEX-HOU,APEX-PAYER,APEX-BILL,RBOB,7449.0,7615.5,92.4,delivered
BOL-2026-000122,2026-06-10 08:50:00,HSC,APEX-HOU,APEX-PAYER,APEX-BILL,ULSD,6095.5,6172.0,87.9,delivered
BOL-2026-000123,2026-06-07 14:25:00,HSC,APEX-HOU,APEX-PAYER,APEX-BILL,ULSD,4768.3,4826.0,86.9,delivered
BOL-2026-000124,2026-07-07 13:10:00,HSC,APEX-HOU,APEX-PAYER,APEX-BILL,RBOB,6271.9,6416.4,93.4,delivered
BOL-2026-000125,2026-06-25 08:35:00,HSC,APEX-HOU,APEX-PAYER,APEX-BILL,ULSD,8356.0,8486.1,94.6,delivered
BOL-2026-000126,2026-07-30 16:05:00,DAL,APEX-HOU,APEX-PAYER,APEX-BILL,ULSD,6155.6,6239.0,90.1,delivered
BOL-2026-000127,2026-07-09 16:05:00,HSC,APEX-HOU,APEX-PAYER,APEX-BILL,ULSD,6864.1,6977.2,96.6,delivered
BOL-2026-000128,2026-07-11 07:50:00,HSC,APEX-HOU,APEX-PAYER,APEX-BILL,ULSD,5499.4,5558.3,83.8,delivered
BOL-2026-000129,2026-07-29 14:35:00,HSC,APEX-HOU,APEX-PAYER,APEX-BILL,RBOB,6511.5,6616.2,83.3,delivered
BOL-2026-000130,2026-07-29 18:45:00,HSC,APEX-HOU,APEX-PAYER,APEX-BILL,ULSD,5984.0,6028.2,76.4,delivered
BOL-2026-000131,2026-06-30 13:00:00,HSC,APEX-HOU,APEX-PAYER,APEX-BILL,ULSD,6112.2,6166.4,79.7,delivered
BOL-2026-000132,2026-07-30 16:40:00,HSC,APEX-HOU,APEX-PAYER,APEX-BILL,ULSD,4460.4,4501.7,80.6,delivered
BOL-2026-000133,2026-07-29 19:05:00,HSC,APEX-HOU,APEX-PAYER,APEX-BILL,ULSD,6767.7,6811.9,74.5,delivered
BOL-2026-000134,2026-06-18 09:45:00,HSC,APEX-HOU,APEX-PAYER,APEX-BILL,RBOB,6583.1,6710.7,88.1,delivered
BOL-2026-000135,2026-06-17 09:45:00,HSC,APEX-HOU,APEX-PAYER,APEX-BILL,RBOB,4822.2,4879.1,77.1,delivered
BOL-2026-000136,2026-06-13 05:10:00,HSC,APEX-HOU,APEX-PAYER,APEX-BILL,RBOB,5223.1,5301.7,81.8,delivered
BOL-2026-000137,2026-06-04 18:40:00,HSC,APEX-HOU,APEX-PAYER,APEX-BILL,RBOB,6127.6,6223.6,82.7,delivered
BOL-2026-000138,2026-07-02 12:45:00,HSC,APEX-HOU,APEX-PAYER,APEX-BILL,RBOB,7928.0,8073.0,86.5,delivered
BOL-2026-000139,2026-07-30 06:35:00,HSC,APEX-HOU,APEX-PAYER,APEX-BILL,ULSD,4664.2,4729.5,91.1,delivered
BOL-2026-000140,2026-07-26 15:45:00,HSC,APEX-HOU,APEX-PAYER,APEX-BILL,RBOB,6884.6,7017.6,88.0,delivered
BOL-2026-000141,2026-06-28 21:20:00,HSC,APEX-HOU,APEX-PAYER,APEX-BILL,RBOB,4626.5,4724.8,90.8,delivered
BOL-2026-000142,2026-07-13 11:30:00,HSC,APEX-HOU,APEX-PAYER,APEX-BILL,RBOB,5657.4,5754.6,84.9,delivered
BOL-2026-000143,2026-06-07 18:25:00,HSC,APEX-HOU,APEX-PAYER,APEX-BILL,ULSD,4856.3,4935.4,96.2,delivered
BOL-2026-000144,2026-07-23 07:30:00,HSC,APEX-HOU,APEX-PAYER,APEX-BILL,RBOB,7690.6,7836.0,87.4,delivered
BOL-2026-000145,2026-07-08 15:50:00,HSC,APEX-HOU,APEX-PAYER,APEX-BILL,RBOB,7061.0,7216.9,92.0,delivered
BOL-2026-000146,2026-07-17 14:45:00,HSC,APEX-HOU,APEX-PAYER,APEX-BILL,RBOB,6381.9,6459.8,77.7,delivered
BOL-2026-000147,2026-07-23 16:40:00,HSC,APEX-HOU,APEX-PAYER,APEX-BILL,RBOB,6668.6,6822.3,93.4,delivered
BOL-2026-000148,2026-07-30 05:45:00,HSC,APEX-HOU,APEX-PAYER,APEX-BILL,ULSD,5350.0,5394.1,78.3,delivered
BOL-2026-000149,2026-06-23 15:25:00,HSC,APEX-HOU,APEX-PAYER,APEX-BILL,RBOB,6635.2,6743.2,83.6,delivered
BOL-2026-000150,2026-07-12 05:05:00,HSC,APEX-HOU,APEX-PAYER,APEX-BILL,ULSD,6005.3,6065.3,82.2,delivered
BOL-2026-000151,2026-07-17 07:00:00,HSC,APEX-HOU,APEX-PAYER,APEX-BILL,RBOB,4414.0,4462.7,76.0,delivered
BOL-2026-000152,2026-07-01 19:30:00,HSC,APEX-HOU,APEX-PAYER,APEX-BILL,RBOB,4689.4,4768.0,84.3,delivered
BOL-2026-000153,2026-07-14 20:40:00,HSC,APEX-HOU,APEX-PAYER,APEX-BILL,ULSD,5899.6,5975.0,88.4,quality_hold
BOL-2026-000154,2026-06-22 11:10:00,HSC,APEX-HOU,APEX-PAYER,APEX-BILL,ULSD,4715.9,4770.9,85.9,delivered
BOL-2026-000155,2026-06-10 12:40:00,HSC,APEX-HOU,APEX-PAYER,APEX-BILL,RBOB,5722.9,5815.7,83.5,delivered
BOL-2026-000156,2026-07-01 19:05:00,HSC,APEX-HOU,APEX-PAYER,APEX-BILL,ULSD,6665.6,6758.6,91.0,delivered
BOL-2026-000157,2026-06-09 05:25:00,HSC,APEX-HOU,APEX-PAYER,APEX-BILL,RBOB,6178.4,6308.9,90.6,delivered
BOL-2026-000158,2026-07-02 08:15:00,HSC,APEX-HOU,APEX-PAYER,APEX-BILL,RBOB,4538.2,4647.5,94.9,delivered
BOL-2026-000159,2026-06-16 10:05:00,HSC,APEX-HOU,APEX-PAYER,APEX-BILL,RBOB,6392.8,6550.3,95.7,delivered
BOL-2026-000160,2026-07-17 09:15:00,HSC,APEX-HOU,APEX-PAYER,APEX-BILL,RBOB,4946.0,5006.4,77.7,delivered
BOL-2026-000161,2026-06-06 20:35:00,HSC,APEX-HOU,APEX-PAYER,APEX-BILL,ULSD,6130.3,6230.2,96.2,delivered
BOL-2026-000162,2026-07-12 15:50:00,HSC,APEX-HOU,APEX-PAYER,APEX-BILL,RBOB,6216.4,6341.6,89.2,delivered
BOL-2026-000163,2026-07-10 16:40:00,HSC,APEX-HOU,APEX-PAYER,APEX-BILL,RBOB,4361.7,4430.3,82.8,delivered
BOL-2026-000164,2026-07-13 07:45:00,HSC,APEX-HOU,APEX-PAYER,APEX-BILL,RBOB,6695.4,6865.9,96.9,delivered
BOL-2026-000165,2026-06-03 11:25:00,HSC,APEX-HOU,APEX-PAYER,APEX-BILL,ULSD,8318.2,8411.0,84.8,delivered
BOL-2026-000166,2026-07-23 07:40:00,BMT,APEX-HOU,APEX-PAYER,APEX-BILL,ULSD,8461.2,8562.5,86.6,delivered
BOL-2026-000167,2026-06-27 14:30:00,HSC,APEX-HOU,APEX-PAYER,APEX-BILL,RBOB,6770.9,6924.6,92.9,delivered
BOL-2026-000168,2026-06-05 08:40:00,HSC,APEX-HOU,APEX-PAYER,APEX-BILL,ULSD,7312.1,7410.2,89.8,delivered
BOL-2026-000169,2026-07-25 15:05:00,HSC,APEX-HOU,APEX-PAYER,APEX-BILL,RBOB,5704.2,5850.6,97.2,delivered
BOL-2026-000170,2026-06-29 07:20:00,HSC,APEX-HOU,APEX-PAYER,APEX-BILL,RBOB,5612.4,5678.6,77.1,delivered
BOL-2026-000171,2026-07-29 21:05:00,HSC,APEX-HOU,APEX-PAYER,APEX-BILL,ULSD,5755.9,5814.7,82.7,delivered
BOL-2026-000172,2026-06-16 20:15:00,HSC,APEX-HOU,APEX-PAYER,APEX-BILL,RBOB,4531.8,4639.1,94.3,delivered
BOL-2026-000173,2026-07-19 21:00:00,HSC,APEX-HOU,APEX-PAYER,APEX-BILL,ULSD,6857.5,6944.8,88.3,delivered
BOL-2026-000174,2026-06-13 10:55:00,HSC,APEX-HOU,APEX-PAYER,APEX-BILL,RBOB,7108.4,7205.0,79.7,delivered
BOL-2026-000175,2026-06-21 19:15:00,HSC,APEX-HOU,APEX-PAYER,APEX-BILL,RBOB,7677.1,7811.1,85.3,delivered
BOL-2026-000176,2026-06-27 19:35:00,HSC,APEX-HOU,APEX-PAYER,APEX-BILL,ULSD,6362.5,6431.2,84.0,delivered
BOL-2026-000177,2026-06-15 09:20:00,HSC,APEX-HOU,APEX-PAYER,APEX-BILL,RBOB,5796.2,5941.8,96.4,delivered
BOL-2026-000178,2026-07-06 08:20:00,HSC,APEX-HOU,APEX-PAYER,APEX-BILL,RBOB,6132.1,6243.4,86.3,delivered
BOL-2026-000179,2026-06-07 12:35:00,HSC,APEX-HOU,APEX-PAYER,APEX-BILL,ULSD,5984.1,6047.4,83.5,delivered
BOL-2026-000180,2026-06-28 07:25:00,HSC,APEX-HOU,APEX-PAYER,APEX-BILL,RBOB,4626.1,4725.7,91.2,delivered
BOL-2026-000181,2026-06-11 06:20:00,HSC,APEX-HOU,APEX-PAYER,APEX-BILL,ULSD,7773.8,7886.4,92.2,delivered
BOL-2026-000182,2026-07-11 07:00:00,HSC,APEX-HOU,APEX-PAYER,APEX-BILL,RBOB,6559.9,6702.5,91.5,delivered
BOL-2026-000183,2026-06-08 14:15:00,HSC,APEX-HOU,APEX-PAYER,APEX-BILL,RBOB,6005.2,6142.4,93.1,delivered
BOL-2026-000184,2026-06-08 20:45:00,HSC,APEX-HOU,APEX-PAYER,APEX-BILL,RBOB,6672.7,6816.3,91.2,delivered
BOL-2026-000185,2026-06-01 16:15:00,HSC,APEX-HOU,APEX-PAYER,APEX-BILL,RBOB,7073.3,7203.1,86.6,delivered
BOL-2026-000186,2026-07-29 21:40:00,HSC,APEX-HOU,APEX-PAYER,APEX-BILL,RBOB,6221.6,6347.4,89.3,delivered
BOL-2026-000187,2026-06-19 05:25:00,HSC,APEX-HOU,APEX-PAYER,APEX-BILL,ULSD,7351.6,7447.9,89.1,delivered
BOL-2026-000188,2026-07-17 15:10:00,HSC,APEX-HOU,APEX-PAYER,APEX-BILL,RBOB,7698.1,7794.8,78.2,delivered
BOL-2026-000189,2026-07-03 20:50:00,HSC,APEX-HOU,APEX-PAYER,APEX-BILL,RBOB,7279.0,7462.8,96.6,quality_hold
BOL-2026-000190,2026-06-15 11:00:00,HSC,APEX-HOU,APEX-PAYER,APEX-BILL,RBOB,5912.4,6049.5,93.6,delivered
BOL-2026-000191,2026-06-03 11:20:00,HSC,APEX-HOU,APEX-PAYER,APEX-BILL,RBOB,7922.9,8043.2,82.0,delivered
BOL-2026-000192,2026-06-27 17:55:00,HSC,APEX-HOU,APEX-PAYER,APEX-BILL,RBOB,5657.9,5730.1,78.5,delivered
BOL-2026-000193,2026-06-27 21:20:00,HSC,APEX-HOU,APEX-PAYER,APEX-BILL,ULSD,4539.4,4597.6,88.5,delivered
BOL-2026-000194,2026-07-07 15:05:00,HSC,APEX-HOU,APEX-PAYER,APEX-BILL,RBOB,5517.9,5626.4,88.5,delivered
BOL-2026-000195,2026-07-15 16:35:00,HSC,APEX-HOU,APEX-PAYER,APEX-BILL,RBOB,5716.0,5865.9,98.0,delivered
BOL-2026-000196,2026-07-30 06:05:00,HSC,APEX-HOU,APEX-PAYER,APEX-BILL,ULSD,6406.3,6498.6,92.0,delivered
BOL-2026-000197,2026-06-03 19:00:00,HSC,APEX-HOU,APEX-PAYER,APEX-BILL,RBOB,6974.2,7083.4,82.7,delivered
BOL-2026-000198,2026-06-03 09:50:00,HSC,APEX-HOU,APEX-PAYER,APEX-BILL,RBOB,6108.9,6175.5,75.8,delivered
BOL-2026-000199,2026-06-27 15:50:00,HSC,APEX-HOU,APEX-PAYER,APEX-BILL,RBOB,4311.4,4366.4,78.5,delivered
BOL-2026-000200,2026-07-27 08:20:00,HSC,APEX-HOU,APEX-PAYER,APEX-BILL,ULSD,5122.7,5188.9,88.7,delivered
BOL-2026-000201,2026-07-31 11:05:00,HSC,APEX-HOU,APEX-PAYER,APEX-BILL,RBOB,4942.4,5048.5,91.1,delivered
BOL-2026-000202,2026-07-21 15:50:00,HSC,APEX-HOU,APEX-PAYER,APEX-BILL,RBOB,6531.3,6690.8,95.4,delivered
BOL-2026-000203,2026-07-16 10:25:00,HSC,APEX-HOU,APEX-PAYER,APEX-BILL,RBOB,5064.2,5124.7,77.3,delivered
BOL-2026-000204,2026-06-02 16:35:00,HSC,APEX-HOU,APEX-PAYER,APEX-BILL,ULSD,6831.4,6880.9,76.1,delivered
BOL-2026-000205,2026-07-31 20:40:00,HSC,APEX-HOU,APEX-PAYER,APEX-BILL,RBOB,6672.1,6750.4,77.0,delivered
BOL-2026-000206,2026-06-06 19:50:00,HSC,APEX-HOU,APEX-PAYER,APEX-BILL,RBOB,7764.9,7910.6,87.2,delivered
BOL-2026-000207,2026-07-19 09:30:00,HSC,APEX-HOU,APEX-PAYER,APEX-BILL,RBOB,7775.0,7916.6,86.4,delivered
BOL-2026-000208,2026-06-12 12:25:00,HSC,APEX-HOU,APEX-PAYER,APEX-BILL,ULSD,5421.4,5460.2,75.9,delivered
BOL-2026-000209,2026-07-29 13:10:00,HSC,APEX-HOU,APEX-PAYER,APEX-BILL,ULSD,4601.7,4662.6,89.4,delivered
BOL-2026-000210,2026-07-09 10:50:00,HSC,APEX-HOU,APEX-PAYER,APEX-BILL,ULSD,5651.8,5743.9,96.2,quality_hold
BOL-2026-000211,2026-07-24 07:00:00,HSC,APEX-HOU,APEX-PAYER,APEX-BILL,ULSD,5338.0,5383.9,79.1,delivered
BOL-2026-000212,2026-07-11 05:35:00,HSC,APEX-HOU,APEX-PAYER,APEX-BILL,ULSD,6960.2,7026.9,81.3,delivered
BOL-2026-000213,2026-07-21 17:20:00,HSC,APEX-HOU,APEX-PAYER,APEX-BILL,RBOB,4879.7,4960.5,84.0,delivered
BOL-2026-000214,2026-06-25 09:25:00,HSC,APEX-HOU,APEX-PAYER,APEX-BILL,ULSD,8448.5,8533.3,82.3,delivered
BOL-2026-000215,2026-07-19 21:40:00,HSC,APEX-HOU,APEX-PAYER,APEX-BILL,RBOB,4726.8,4807.7,84.8,delivered
BOL-2026-000216,2026-06-04 17:45:00,HSC,APEX-HOU,APEX-PAYER,APEX-BILL,RBOB,8079.9,8266.7,93.5,delivered
BOL-2026-000217,2026-07-17 11:10:00,HSC,APEX-HOU,APEX-PAYER,APEX-BILL,RBOB,6344.7,6438.4,81.4,quality_hold
BOL-2026-000218,2026-07-29 21:35:00,HSC,APEX-HOU,APEX-PAYER,APEX-BILL,ULSD,5717.4,5756.5,75.2,delivered
BOL-2026-000219,2026-07-25 20:20:00,HSC,APEX-HOU,APEX-PAYER,APEX-BILL,RBOB,6053.0,6200.0,95.2,delivered
BOL-2026-000220,2026-07-19 16:00:00,HSC,APEX-HOU,APEX-PAYER,APEX-BILL,RBOB,5037.0,5131.9,87.3,delivered
BOL-2026-000221,2026-07-05 13:45:00,HSC,APEX-HOU,APEX-PAYER,APEX-BILL,ULSD,8392.9,8481.7,83.5,delivered
BOL-2026-000222,2026-06-25 16:10:00,HSC,APEX-HOU,APEX-PAYER,APEX-BILL,RBOB,6350.3,6416.5,75.1,delivered
BOL-2026-000223,2026-06-24 20:40:00,HSC,APEX-HOU,APEX-PAYER,APEX-BILL,RBOB,6416.7,6513.7,81.9,delivered
BOL-2026-000224,2026-06-12 14:45:00,HSC,APEX-HOU,APEX-PAYER,APEX-BILL,RBOB,6489.1,6627.9,91.0,delivered
BOL-2026-000225,2026-07-22 16:25:00,HSC,APEX-HOU,APEX-PAYER,APEX-BILL,ULSD,6709.9,6809.8,93.1,delivered
BOL-2026-000226,2026-07-15 05:45:00,HSC,APEX-HOU,APEX-PAYER,APEX-BILL,RBOB,7566.5,7736.7,92.6,delivered
BOL-2026-000227,2026-07-17 20:10:00,HSC,APEX-HOU,APEX-PAYER,APEX-BILL,RBOB,7530.8,7650.8,83.1,delivered
BOL-2026-000228,2026-06-18 08:15:00,HSC,APEX-HOU,APEX-PAYER,APEX-BILL,RBOB,4851.2,4953.6,90.6,delivered
BOL-2026-000229,2026-07-20 20:55:00,HSC,APEX-HOU,APEX-PAYER,APEX-BILL,ULSD,6430.3,6509.9,87.5,delivered
BOL-2026-000230,2026-07-04 17:25:00,HSC,APEX-HOU,APEX-PAYER,APEX-BILL,ULSD,6492.4,6571.6,87.1,delivered
BOL-2026-000231,2026-07-24 13:45:00,HSC,APEX-HOU,APEX-PAYER,APEX-BILL,RBOB,5399.7,5478.7,81.2,delivered
BOL-2026-000232,2026-07-31 14:55:00,HSC,APEX-HOU,APEX-PAYER,APEX-BILL,RBOB,5563.3,5649.3,82.4,delivered
BOL-2026-000233,2026-07-21 13:20:00,HSC,APEX-HOU,APEX-PAYER,APEX-BILL,RBOB,5832.7,5983.6,97.5,delivered
BOL-2026-000234,2026-07-29 09:20:00,HSC,APEX-HOU,APEX-PAYER,APEX-BILL,RBOB,4539.8,4653.2,96.2,delivered
BOL-2026-000235,2026-07-18 11:15:00,HSC,APEX-HOU,APEX-PAYER,APEX-BILL,ULSD,6616.7,6677.7,80.5,delivered
BOL-2026-000236,2026-07-18 12:15:00,HSC,APEX-HOU,APEX-PAYER,APEX-BILL,RBOB,5170.4,5240.3,79.6,delivered
BOL-2026-000237,2026-06-24 20:05:00,HSC,APEX-HOU,APEX-PAYER,APEX-BILL,ULSD,8347.4,8488.3,97.5,delivered
BOL-2026-000238,2026-07-13 20:35:00,HSC,APEX-HOU,APEX-PAYER,APEX-BILL,ULSD,5435.2,5486.1,80.8,delivered
BOL-2026-000239,2026-07-19 12:40:00,HSC,APEX-HOU,APEX-PAYER,APEX-BILL,ULSD,4360.4,4431.2,96.1,delivered
BOL-2026-000240,2026-07-23 06:30:00,HSC,APEX-HOU,APEX-PAYER,APEX-BILL,ULSD,7420.7,7537.2,94.9,delivered
BOL-2026-000241,2026-06-03 14:45:00,HSC,APEX-HOU,APEX-PAYER,APEX-BILL,ULSD,5640.7,5703.9,84.9,delivered
BOL-2026-000242,2026-07-06 09:40:00,HSC,APEX-HOU,APEX-PAYER,APEX-BILL,RBOB,4684.4,4742.3,77.9,delivered
BOL-2026-000243,2026-06-19 10:00:00,HSC,APEX-HOU,APEX-PAYER,APEX-BILL,ULSD,6641.5,6737.7,92.2,delivered
BOL-2026-000244,2026-07-24 17:30:00,HSC,APEX-HOU,APEX-PAYER,APEX-BILL,RBOB,7077.8,7167.7,78.4,delivered
BOL-2026-000245,2026-06-24 12:00:00,HSC,APEX-HOU,APEX-PAYER,APEX-BILL,RBOB,7441.2,7630.7,96.9,delivered
BOL-2026-000246,2026-07-17 05:20:00,HSC,APEX-HOU,APEX-PAYER,APEX-BILL,ULSD,4467.1,4500.9,76.8,delivered
BOL-2026-000247,2026-06-30 21:55:00,HSC,APEX-HOU,APEX-PAYER,APEX-BILL,ULSD,6946.5,7060.9,96.6,delivered
BOL-2026-000248,2026-06-16 09:35:00,HSC,APEX-HOU,APEX-PAYER,APEX-BILL,RBOB,6804.7,6917.4,84.0,delivered
BOL-2026-000249,2026-07-03 11:15:00,HSC,APEX-HOU,APEX-PAYER,APEX-BILL,ULSD,7585.7,7676.5,86.6,delivered
BOL-2026-000250,2026-06-26 08:00:00,HSC,APEX-HOU,APEX-PAYER,APEX-BILL,ULSD,5069.3,5130.7,86.9,delivered
BOL-2026-000251,2026-07-24 19:05:00,HSC,APEX-HOU,APEX-PAYER,APEX-BILL,ULSD,6302.0,6403.0,95.6,delivered
BOL-2026-000252,2026-06-04 09:40:00,HSC,APEX-HOU,APEX-PAYER,APEX-BILL,RBOB,6602.8,6739.9,90.1,delivered
BOL-2026-000253,2026-06-02 13:00:00,HSC,APEX-HOU,APEX-PAYER,APEX-BILL,ULSD,4394.7,4438.8,82.3,delivered
BOL-2026-000254,2026-07-31 07:35:00,HSC,APEX-HOU,APEX-PAYER,APEX-BILL,RBOB,7506.6,7674.4,92.4,delivered
BOL-2026-000255,2026-07-13 18:25:00,HSC,APEX-HOU,APEX-PAYER,APEX-BILL,ULSD,7939.4,8067.3,95.8,delivered
BOL-2026-000256,2026-07-15 09:50:00,HSC,APEX-HOU,APEX-PAYER,APEX-BILL,ULSD,8469.2,8558.4,83.4,delivered
BOL-2026-000257,2026-07-30 05:00:00,HSC,APEX-HOU,APEX-PAYER,APEX-BILL,ULSD,7292.1,7371.5,84.2,delivered
BOL-2026-000258,2026-06-17 19:25:00,HSC,APEX-HOU,APEX-PAYER,APEX-BILL,RBOB,7963.4,8141.4,92.4,quality_hold
BOL-2026-000259,2026-07-13 05:15:00,HSC,APEX-HOU,APEX-PAYER,APEX-BILL,RBOB,4344.4,4429.2,88.3,delivered
BOL-2026-000260,2026-06-04 06:30:00,HSC,APEX-HOU,APEX-PAYER,APEX-BILL,RBOB,7443.9,7611.3,92.6,delivered
BOL-2026-000261,2026-07-31 12:55:00,HSC,APEX-HOU,APEX-PAYER,APEX-BILL,RBOB,7521.9,7696.3,93.6,delivered
BOL-2026-000262,2026-07-25 21:15:00,HSC,APEX-HOU,APEX-PAYER,APEX-BILL,RBOB,6593.9,6722.2,88.2,delivered
BOL-2026-000263,2026-06-13 18:40:00,HSC,APEX-HOU,APEX-PAYER,APEX-BILL,RBOB,8248.8,8420.1,90.1,delivered
BOL-2026-000264,2026-06-23 18:30:00,HSC,APEX-HOU,APEX-PAYER,APEX-BILL,RBOB,7444.0,7574.5,85.4,delivered
BOL-2026-000265,2026-06-22 09:35:00,HSC,APEX-HOU,APEX-PAYER,APEX-BILL,ULSD,8361.5,8464.6,87.4,delivered
BOL-2026-000266,2026-06-18 11:25:00,HSC,APEX-HOU,APEX-PAYER,APEX-BILL,ULSD,7842.7,7899.9,76.2,delivered
BOL-2026-000267,2026-06-14 13:30:00,HSC,APEX-HOU,APEX-PAYER,APEX-BILL,ULSD,7956.6,8022.8,78.5,delivered
BOL-2026-000268,2026-07-17 11:35:00,HSC,APEX-HOU,APEX-PAYER,APEX-BILL,RBOB,5503.7,5639.7,95.8,delivered
BOL-2026-000269,2026-06-14 08:55:00,HSC,APEX-HOU,APEX-PAYER,APEX-BILL,ULSD,5243.2,5310.4,88.5,delivered
BOL-2026-000270,2026-07-27 15:20:00,HSC,APEX-HOU,APEX-PAYER,APEX-BILL,RBOB,5744.8,5825.3,80.3,delivered
BOL-2026-000271,2026-07-05 08:55:00,HSC,APEX-HOU,APEX-PAYER,APEX-BILL,RBOB,8131.6,8260.1,82.9,delivered
BOL-2026-000272,2026-07-08 12:55:00,HSC,APEX-HOU,APEX-PAYER,APEX-BILL,RBOB,8219.5,8377.7,87.9,delivered
BOL-2026-000273,2026-06-11 15:15:00,HSC,APEX-HOU,APEX-PAYER,APEX-BILL,RBOB,6347.0,6477.1,89.7,delivered
BOL-2026-000274,2026-06-19 20:55:00,HSC,APEX-HOU,APEX-PAYER,APEX-BILL,ULSD,4923.4,4996.7,93.1,delivered
BOL-2026-000275,2026-07-17 20:10:00,HSC,APEX-HOU,APEX-PAYER,APEX-BILL,ULSD,6959.8,7008.0,75.4,quality_hold
BOL-2026-000276,2026-07-23 06:00:00,HSC,APEX-HOU,APEX-PAYER,APEX-BILL,RBOB,5195.2,5306.3,91.0,quality_hold
BOL-2026-000277,2026-07-05 16:00:00,HSC,APEX-HOU,APEX-PAYER,APEX-BILL,ULSD,6851.0,6929.9,85.6,delivered
BOL-2026-000278,2026-06-01 18:00:00,HSC,APEX-HOU,APEX-PAYER,APEX-BILL,RBOB,6503.7,6597.5,80.9,delivered
BOL-2026-000279,2026-07-15 18:10:00,HSC,APEX-HOU,APEX-PAYER,APEX-BILL,RBOB,4840.3,4902.4,78.6,delivered
BOL-2026-000280,2026-07-22 13:30:00,HSC,APEX-HOU,APEX-PAYER,APEX-BILL,RBOB,6173.7,6258.0,79.8,delivered
BOL-2026-000281,2026-06-22 07:50:00,HSC,APEX-HOU,APEX-PAYER,APEX-BILL,ULSD,4336.2,4382.4,83.7,delivered
BOL-2026-000282,2026-07-04 05:55:00,HSC,APEX-HOU,APEX-PAYER,APEX-BILL,RBOB,6065.8,6203.1,92.8,delivered
BOL-2026-000283,2026-07-24 08:40:00,HSC,APEX-HOU,APEX-PAYER,APEX-BILL,ULSD,8075.5,8186.7,90.6,delivered
BOL-2026-000284,2026-06-20 07:50:00,HSC,APEX-HOU,APEX-PAYER,APEX-BILL,ULSD,6623.1,6667.2,74.8,delivered
BOL-2026-000285,2026-06-23 11:45:00,HSC,APEX-HOU,APEX-PAYER,APEX-BILL,RBOB,7729.9,7923.5,96.3,delivered
BOL-2026-000286,2026-07-08 17:50:00,HSC,APEX-HOU,APEX-PAYER,APEX-BILL,ULSD,7449.1,7507.4,77.4,delivered
BOL-2026-000287,2026-07-17 21:55:00,HSC,APEX-HOU,APEX-PAYER,APEX-BILL,ULSD,6079.5,6172.8,94.1,delivered
BOL-2026-000288,2026-07-19 17:25:00,HSC,APEX-HOU,APEX-PAYER,APEX-BILL,RBOB,8468.1,8618.8,85.8,delivered
BOL-2026-000289,2026-07-28 18:10:00,HSC,APEX-HOU,APEX-PAYER,APEX-BILL,ULSD,4568.5,4627.7,88.8,delivered
BOL-2026-000290,2026-07-16 07:20:00,HSC,APEX-HOU,APEX-PAYER,APEX-BILL,RBOB,6925.8,7077.8,91.8,delivered
BOL-2026-000291,2026-06-08 05:20:00,HSC,APEX-HOU,APEX-PAYER,APEX-BILL,RBOB,4639.6,4691.1,76.1,delivered
BOL-2026-000292,2026-07-08 21:30:00,HSC,APEX-HOU,APEX-PAYER,APEX-BILL,RBOB,6583.1,6711.6,88.3,delivered
BOL-2026-000293,2026-07-24 05:20:00,HSC,APEX-HOU,APEX-PAYER,APEX-BILL,RBOB,7316.8,7455.1,87.4,delivered
BOL-2026-000294,2026-06-18 21:10:00,HSC,APEX-HOU,APEX-PAYER,APEX-BILL,ULSD,5356.4,5405.6,80.4,delivered
BOL-2026-000295,2026-06-13 13:30:00,HSC,APEX-HOU,APEX-PAYER,APEX-BILL,RBOB,5752.8,5898.5,96.7,delivered
BOL-2026-000296,2026-07-05 11:35:00,HSC,APEX-HOU,APEX-PAYER,APEX-BILL,RBOB,8279.9,8405.6,82.0,delivered
BOL-2026-000297,2026-07-21 15:35:00,HSC,APEX-HOU,APEX-PAYER,APEX-BILL,RBOB,7895.9,8099.7,97.4,delivered
BOL-2026-000298,2026-06-24 11:35:00,HSC,APEX-HOU,APEX-PAYER,APEX-BILL,RBOB,8365.5,8486.7,81.0,delivered
BOL-2026-000299,2026-07-04 12:25:00,HSC,APEX-HOU,APEX-PAYER,APEX-BILL,RBOB,5889.6,5957.5,76.7,delivered
BOL-2026-000300,2026-07-10 10:50:00,BMT,APEX-HOU,APEX-PAYER,APEX-BILL,ULSD,8254.8,8325.4,79.0,delivered
BOL-2026-000301,2026-07-23 07:30:00,HSC,APEX-HOU,APEX-PAYER,APEX-BILL,ULSD,5502.2,5552.0,80.1,delivered
BOL-2026-000302,2026-07-01 17:05:00,HSC,APEX-HOU,APEX-PAYER,APEX-BILL,RBOB,6703.6,6827.6,86.8,delivered
BOL-2026-000303,2026-07-25 18:40:00,HSC,APEX-HOU,APEX-PAYER,APEX-BILL,RBOB,7217.0,7383.8,93.5,delivered
BOL-2026-000304,2026-07-27 08:15:00,HSC,APEX-HOU,APEX-PAYER,APEX-BILL,ULSD,6982.1,7029.5,75.1,delivered
BOL-2026-000305,2026-07-14 17:25:00,HSC,APEX-HOU,APEX-PAYER,APEX-BILL,ULSD,4245.4,4284.0,80.2,delivered
BOL-2026-000306,2026-07-06 12:35:00,HSC,APEX-HOU,APEX-PAYER,APEX-BILL,RBOB,7122.1,7272.5,90.6,delivered
BOL-2026-000307,2026-07-31 20:05:00,HSC,APEX-HOU,APEX-PAYER,APEX-BILL,RBOB,4569.2,4676.4,94.0,delivered
BOL-2026-000308,2026-06-26 15:35:00,HSC,APEX-HOU,APEX-PAYER,APEX-BILL,ULSD,5697.7,5739.5,76.3,delivered
BOL-2026-000309,2026-07-02 07:20:00,HSC,APEX-HOU,APEX-PAYER,APEX-BILL,RBOB,4297.1,4362.9,82.2,delivered
BOL-2026-000310,2026-07-21 12:40:00,HSC,APEX-HOU,APEX-PAYER,APEX-BILL,RBOB,6607.4,6776.1,97.0,delivered
BOL-2026-000311,2026-06-30 10:10:00,HSC,APEX-HOU,APEX-PAYER,APEX-BILL,ULSD,4325.5,4381.4,88.7,delivered
BOL-2026-000312,2026-07-10 17:00:00,HSC,APEX-HOU,APEX-PAYER,APEX-BILL,ULSD,7435.0,7546.7,93.4,delivered
BOL-2026-000313,2026-06-08 10:25:00,HSC,APEX-HOU,APEX-PAYER,APEX-BILL,RBOB,5328.1,5455.7,94.7,delivered
BOL-2026-000314,2026-07-12 17:45:00,HSC,APEX-HOU,APEX-PAYER,APEX-BILL,RBOB,5713.5,5812.1,85.0,delivered
BOL-2026-000315,2026-07-14 14:45:00,HSC,APEX-HOU,APEX-PAYER,APEX-BILL,RBOB,5546.7,5622.1,79.7,delivered
BOL-2026-000316,2026-06-27 09:40:00,HSC,APEX-HOU,APEX-PAYER,APEX-BILL,RBOB,6671.7,6783.1,84.2,delivered
BOL-2026-000317,2026-07-07 10:40:00,HSC,APEX-HOU,APEX-PAYER,APEX-BILL,RBOB,5004.5,5122.6,94.2,delivered
BOL-2026-000318,2026-07-24 05:35:00,HSC,APEX-HOU,APEX-PAYER,APEX-BILL,RBOB,8344.5,8494.8,86.1,delivered
BOL-2026-000319,2026-07-15 18:55:00,HSC,APEX-HOU,APEX-PAYER,APEX-BILL,ULSD,4555.5,4585.6,74.7,delivered
BOL-2026-000320,2026-06-21 13:15:00,HSC,APEX-HOU,APEX-PAYER,APEX-BILL,RBOB,6166.5,6301.8,91.8,delivered
BOL-2026-000321,2026-07-08 08:45:00,HSC,APEX-HOU,APEX-PAYER,APEX-BILL,RBOB,7740.1,7861.9,82.8,delivered
BOL-2026-000322,2026-06-03 19:40:00,HSC,APEX-HOU,APEX-PAYER,APEX-BILL,RBOB,7364.8,7515.7,89.7,delivered
BOL-2026-000323,2026-07-25 06:35:00,HSC,APEX-HOU,APEX-PAYER,APEX-BILL,RBOB,4574.0,4683.8,94.8,delivered
BOL-2026-000324,2026-07-21 11:55:00,HSC,APEX-HOU,APEX-PAYER,APEX-BILL,RBOB,7256.2,7402.4,89.2,delivered
BOL-2026-000325,2026-06-11 11:15:00,HSC,APEX-HOU,APEX-PAYER,APEX-BILL,ULSD,6488.8,6571.4,88.3,delivered
BOL-2026-000326,2026-07-30 14:20:00,HSC,APEX-HOU,APEX-PAYER,APEX-BILL,RBOB,6412.0,6569.5,95.6,delivered
BOL-2026-000327,2026-06-10 18:00:00,HSC,APEX-HOU,APEX-PAYER,APEX-BILL,ULSD,4745.6,4819.9,94.8,delivered
BOL-2026-000328,2026-07-16 12:50:00,HSC,APEX-HOU,APEX-PAYER,APEX-BILL,RBOB,6919.3,7058.2,89.1,delivered
BOL-2026-000329,2026-06-06 07:30:00,HSC,APEX-HOU,APEX-PAYER,APEX-BILL,RBOB,8226.2,8356.2,82.9,delivered
BOL-2026-000330,2026-06-24 05:55:00,HSC,APEX-HOU,APEX-PAYER,APEX-BILL,RBOB,6929.8,7076.6,90.7,delivered
BOL-2026-000331,2026-07-21 17:15:00,HSC,APEX-HOU,APEX-PAYER,APEX-BILL,ULSD,6327.3,6389.1,81.7,delivered
BOL-2026-000332,2026-07-07 09:45:00,HSC,APEX-HOU,APEX-PAYER,APEX-BILL,ULSD,8044.9,8161.8,92.3,quality_hold
BOL-2026-000333,2026-07-12 19:00:00,HSC,APEX-HOU,APEX-PAYER,APEX-BILL,RBOB,6097.5,6156.4,74.0,delivered
BOL-2026-000334,2026-06-15 09:50:00,HSC,APEX-HOU,APEX-PAYER,APEX-BILL,RBOB,7969.4,8058.5,76.2,delivered
BOL-2026-000335,2026-06-06 10:00:00,HSC,APEX-HOU,APEX-PAYER,APEX-BILL,RBOB,7207.6,7305.1,79.6,delivered
BOL-2026-000336,2026-07-16 05:15:00,HSC,APEX-HOU,APEX-PAYER,APEX-BILL,RBOB,5172.6,5280.7,90.3,quality_hold
BOL-2026-000337,2026-07-15 08:30:00,HSC,APEX-HOU,APEX-PAYER,APEX-BILL,ULSD,5184.5,5222.1,76.1,delivered
BOL-2026-000338,2026-06-08 16:20:00,HSC,APEX-HOU,APEX-PAYER,APEX-BILL,RBOB,7438.6,7526.9,77.2,delivered
BOL-2026-000339,2026-06-11 21:45:00,HSC,APEX-HOU,APEX-PAYER,APEX-BILL,RBOB,6092.4,6224.0,91.3,delivered
BOL-2026-000340,2026-06-11 18:45:00,HSC,APEX-HOU,APEX-PAYER,APEX-BILL,ULSD,4572.8,4606.5,76.4,delivered
BOL-2026-000341,2026-07-10 17:25:00,HSC,APEX-HOU,APEX-PAYER,APEX-BILL,ULSD,4801.3,4845.8,80.6,delivered
BOL-2026-000342,2026-07-08 14:55:00,HSC,APEX-HOU,APEX-PAYER,APEX-BILL,RBOB,7966.1,8070.0,78.9,delivered
BOL-2026-000343,2026-06-14 17:20:00,HSC,APEX-HOU,APEX-PAYER,APEX-BILL,ULSD,7613.2,7680.7,79.7,delivered
BOL-2026-000344,2026-06-18 07:40:00,BMT,APEX-HOU,APEX-PAYER,APEX-BILL,ULSD,8215.9,8279.5,77.2,delivered
BOL-2026-000345,2026-07-09 16:40:00,HSC,APEX-HOU,APEX-PAYER,APEX-BILL,ULSD,8304.1,8425.5,92.5,quality_hold
BOL-2026-000346,2026-06-05 13:15:00,HSC,APEX-HOU,APEX-PAYER,APEX-BILL,RBOB,7593.9,7731.2,86.2,delivered
BOL-2026-000347,2026-07-05 18:30:00,HSC,APEX-HOU,APEX-PAYER,APEX-BILL,ULSD,6507.2,6591.5,88.8,delivered
BOL-2026-000348,2026-06-23 21:15:00,HSC,APEX-HOU,APEX-PAYER,APEX-BILL,ULSD,5605.0,5675.9,88.1,delivered
BOL-2026-000349,2026-07-13 07:20:00,HSC,APEX-HOU,APEX-PAYER,APEX-BILL,ULSD,7839.8,7894.1,75.4,delivered
BOL-2026-000350,2026-07-01 19:45:00,HSC,APEX-HOU,APEX-PAYER,APEX-BILL,ULSD,7389.3,7495.0,91.8,delivered
BOL-2026-000351,2026-07-16 05:10:00,HSC,APEX-HOU,APEX-PAYER,APEX-BILL,RBOB,6424.1,6573.5,93.7,delivered
BOL-2026-000352,2026-06-27 13:55:00,HSC,APEX-HOU,APEX-PAYER,APEX-BILL,ULSD,4326.2,4391.2,93.4,delivered
BOL-2026-000353,2026-06-05 07:35:00,HSC,APEX-HOU,APEX-PAYER,APEX-BILL,RBOB,6348.3,6469.2,87.6,delivered
BOL-2026-000354,2026-06-19 08:45:00,HSC,APEX-HOU,APEX-PAYER,APEX-BILL,ULSD,7385.4,7432.3,74.1,delivered
BOL-2026-000355,2026-06-01 06:35:00,HSC,APEX-HOU,APEX-PAYER,APEX-BILL,RBOB,4969.5,5096.4,97.0,quality_hold
BOL-2026-000356,2026-07-21 18:15:00,HSC,APEX-HOU,APEX-PAYER,APEX-BILL,RBOB,7297.2,7400.4,80.5,delivered
BOL-2026-000357,2026-06-27 21:50:00,HSC,APEX-HOU,APEX-PAYER,APEX-BILL,ULSD,7658.7,7788.3,97.6,delivered
BOL-2026-000358,2026-06-05 19:20:00,HSC,APEX-HOU,APEX-PAYER,APEX-BILL,ULSD,4571.5,4622.9,85.0,delivered
BOL-2026-000359,2026-06-21 14:55:00,HSC,APEX-HOU,APEX-PAYER,APEX-BILL,ULSD,6744.3,6822.6,85.8,delivered
BOL-2026-000360,2026-06-15 12:10:00,HSC,APEX-HOU,APEX-PAYER,APEX-BILL,RBOB,5201.9,5281.9,82.3,delivered
BOL-2026-000361,2026-07-25 15:00:00,HSC,APEX-HOU,APEX-PAYER,APEX-BILL,ULSD,7373.8,7444.8,81.4,delivered
BOL-2026-000362,2026-07-31 18:35:00,HSC,APEX-HOU,APEX-PAYER,APEX-BILL,ULSD,4812.2,4857.0,80.7,quality_hold
BOL-2026-000363,2026-06-17 21:30:00,HSC,APEX-HOU,APEX-PAYER,APEX-BILL,ULSD,8390.6,8451.0,76.0,delivered
BOL-2026-000364,2026-06-10 17:05:00,HSC,APEX-HOU,APEX-PAYER,APEX-BILL,RBOB,7048.5,7131.7,77.1,delivered
BOL-2026-000365,2026-07-24 17:55:00,HSC,APEX-HOU,APEX-PAYER,APEX-BILL,ULSD,6146.9,6201.1,79.6,delivered
BOL-2026-000366,2026-06-10 08:10:00,HSC,APEX-HOU,APEX-PAYER,APEX-BILL,RBOB,5550.3,5615.0,76.9,delivered
BOL-2026-000367,2026-07-19 19:20:00,HSC,APEX-HOU,APEX-PAYER,APEX-BILL,RBOB,4588.8,4694.6,93.4,delivered
BOL-2026-000368,2026-07-16 06:15:00,HSC,APEX-HOU,APEX-PAYER,APEX-BILL,ULSD,4592.2,4633.5,80.0,delivered
BOL-2026-000369,2026-07-06 14:20:00,HSC,APEX-HOU,APEX-PAYER,APEX-BILL,ULSD,8294.0,8422.8,94.5,delivered
BOL-2026-000370,2026-07-08 08:35:00,HSC,APEX-HOU,APEX-PAYER,APEX-BILL,RBOB,4722.2,4772.7,75.5,delivered
BOL-2026-000371,2026-06-16 11:30:00,HSC,APEX-HOU,APEX-PAYER,APEX-BILL,RBOB,6972.1,7106.8,88.0,delivered
BOL-2026-000372,2026-07-22 05:05:00,HSC,APEX-HOU,APEX-PAYER,APEX-BILL,RBOB,7680.0,7765.8,76.2,delivered
BOL-2026-000373,2026-07-21 08:00:00,HSC,APEX-HOU,APEX-PAYER,APEX-BILL,ULSD,8173.8,8263.5,84.4,delivered
BOL-2026-000374,2026-07-05 17:50:00,HSC,APEX-HOU,APEX-PAYER,APEX-BILL,RBOB,8105.7,8220.9,80.6,delivered
BOL-2026-000375,2026-06-11 12:50:00,HSC,APEX-HOU,APEX-PAYER,APEX-BILL,RBOB,6568.0,6638.2,75.5,delivered
BOL-2026-000376,2026-06-10 11:50:00,HSC,APEX-HOU,APEX-PAYER,APEX-BILL,ULSD,6912.2,7015.8,93.3,delivered
BOL-2026-000377,2026-07-31 16:35:00,HSC,APEX-HOU,APEX-PAYER,APEX-BILL,RBOB,8124.5,8270.8,86.1,delivered
BOL-2026-000378,2026-06-13 15:45:00,HSC,APEX-HOU,APEX-PAYER,APEX-BILL,RBOB,7547.7,7627.9,75.4,delivered
BOL-2026-000379,2026-07-06 12:10:00,HSC,APEX-HOU,APEX-PAYER,APEX-BILL,RBOB,5346.1,5470.0,93.6,delivered
BOL-2026-000380,2026-06-05 12:45:00,HSC,APEX-HOU,APEX-PAYER,APEX-BILL,ULSD,5725.7,5813.6,94.1,delivered
BOL-2026-000381,2026-06-13 15:55:00,HSC,APEX-HOU,APEX-PAYER,APEX-BILL,ULSD,4321.3,4381.2,90.8,delivered
BOL-2026-000382,2026-07-08 11:35:00,HSC,APEX-HOU,APEX-PAYER,APEX-BILL,RBOB,4363.2,4409.3,75.3,delivered
BOL-2026-000383,2026-06-02 20:00:00,HSC,APEX-HOU,APEX-PAYER,APEX-BILL,RBOB,7667.7,7785.2,82.2,delivered
BOL-2026-000384,2026-07-21 15:00:00,HSC,APEX-HOU,APEX-PAYER,APEX-BILL,RBOB,8144.1,8327.3,92.6,delivered
BOL-2026-000385,2026-07-24 07:25:00,HSC,APEX-HOU,APEX-PAYER,APEX-BILL,ULSD,6719.9,6786.7,82.1,delivered
BOL-2026-000386,2026-07-30 18:50:00,HSC,APEX-HOU,APEX-PAYER,APEX-BILL,ULSD,4949.1,5031.9,97.2,delivered
BOL-2026-000387,2026-07-28 16:15:00,HSC,APEX-HOU,APEX-PAYER,APEX-BILL,ULSD,5827.1,5910.0,91.6,delivered
BOL-2026-000388,2026-06-13 05:55:00,HSC,APEX-HOU,APEX-PAYER,APEX-BILL,ULSD,8475.4,8617.3,97.2,quality_hold
BOL-2026-000389,2026-07-10 12:50:00,HSC,APEX-HOU,APEX-PAYER,APEX-BILL,RBOB,4804.8,4910.6,91.9,delivered
BOL-2026-000390,2026-07-31 10:50:00,HSC,APEX-HOU,APEX-PAYER,APEX-BILL,ULSD,7248.6,7344.2,89.3,delivered
BOL-2026-000391,2026-07-02 13:15:00,HSC,APEX-HOU,APEX-PAYER,APEX-BILL,RBOB,5303.6,5364.3,76.6,quality_hold
BOL-2026-000392,2026-06-28 18:10:00,HSC,APEX-HOU,APEX-PAYER,APEX-BILL,ULSD,5828.5,5899.6,87.1,delivered
BOL-2026-000393,2026-07-04 12:10:00,HSC,APEX-HOU,APEX-PAYER,APEX-BILL,RBOB,4343.7,4387.2,74.5,delivered
BOL-2026-000394,2026-06-08 15:10:00,HSC,APEX-HOU,APEX-PAYER,APEX-BILL,ULSD,4522.5,4597.0,96.6,delivered
BOL-2026-000395,2026-06-25 20:55:00,HSC,APEX-HOU,APEX-PAYER,APEX-BILL,RBOB,4909.5,5029.4,95.4,delivered
BOL-2026-000396,2026-06-08 11:15:00,HSC,APEX-HOU,APEX-PAYER,APEX-BILL,RBOB,8180.0,8332.4,87.0,delivered
BOL-2026-000397,2026-06-22 08:00:00,HSC,APEX-HOU,APEX-PAYER,APEX-BILL,RBOB,6311.1,6377.7,75.3,quality_hold
BOL-2026-000398,2026-06-07 20:15:00,HSC,APEX-HOU,APEX-PAYER,APEX-BILL,RBOB,6944.2,7123.4,97.4,delivered
BOL-2026-000399,2026-06-09 17:35:00,HSC,APEX-HOU,APEX-PAYER,APEX-BILL,RBOB,4591.9,4677.8,87.1,delivered
BOL-2026-000400,2026-07-25 16:10:00,HSC,APEX-HOU,APEX-PAYER,APEX-BILL,RBOB,6199.7,6282.7,79.4,delivered
BOL-2026-000401,2026-06-05 08:05:00,HSC,APEX-HOU,APEX-PAYER,APEX-BILL,ULSD,5980.1,6066.8,92.2,delivered
BOL-2026-000402,2026-06-05 17:40:00,HSC,APEX-HOU,APEX-PAYER,APEX-BILL,RBOB,7927.6,8066.5,85.4,delivered
BOL-2026-000403,2026-07-04 07:30:00,HSC,APEX-HOU,APEX-PAYER,APEX-BILL,ULSD,6359.0,6460.9,95.6,delivered
BOL-2026-000404,2026-07-14 09:05:00,HSC,APEX-HOU,APEX-PAYER,APEX-BILL,ULSD,8281.0,8348.1,78.0,delivered
BOL-2026-000405,2026-06-14 06:30:00,HSC,APEX-HOU,APEX-PAYER,APEX-BILL,RBOB,5068.3,5186.2,93.7,delivered
BOL-2026-000406,2026-07-10 15:55:00,HSC,APEX-HOU,APEX-PAYER,APEX-BILL,ULSD,5868.8,5930.9,83.5,delivered
BOL-2026-000407,2026-06-20 19:00:00,HSC,APEX-HOU,APEX-PAYER,APEX-BILL,ULSD,6447.0,6516.9,84.1,delivered
BOL-2026-000408,2026-06-11 08:05:00,HSC,APEX-HOU,APEX-PAYER,APEX-BILL,RBOB,5430.2,5531.0,86.9,delivered
BOL-2026-000409,2026-06-30 17:50:00,HSC,APEX-HOU,APEX-PAYER,APEX-BILL,RBOB,4361.1,4423.1,80.6,delivered
BOL-2026-000410,2026-07-11 17:00:00,HSC,APEX-HOU,APEX-PAYER,APEX-BILL,RBOB,7169.2,7244.4,75.2,delivered
BOL-2026-000411,2026-06-20 16:00:00,HSC,APEX-HOU,APEX-PAYER,APEX-BILL,RBOB,5537.1,5667.8,94.2,delivered
BOL-2026-000412,2026-07-15 12:10:00,HSC,APEX-HOU,APEX-PAYER,APEX-BILL,RBOB,7528.3,7641.0,81.7,delivered
BOL-2026-000413,2026-07-10 07:15:00,HSC,APEX-HOU,APEX-PAYER,APEX-BILL,RBOB,5950.8,6055.9,85.6,delivered
BOL-2026-000414,2026-06-27 06:40:00,HSC,APEX-HOU,APEX-PAYER,APEX-BILL,ULSD,7251.1,7328.4,83.7,delivered
BOL-2026-000415,2026-07-06 05:10:00,HSC,APEX-HOU,APEX-PAYER,APEX-BILL,RBOB,7799.0,7906.6,80.0,delivered
BOL-2026-000416,2026-07-27 11:20:00,HSC,APEX-HOU,APEX-PAYER,APEX-BILL,RBOB,5906.9,6054.4,96.2,delivered
BOL-2026-000417,2026-06-18 20:45:00,HSC,APEX-HOU,APEX-PAYER,APEX-BILL,RBOB,6240.7,6357.8,87.2,delivered
BOL-2026-000418,2026-07-23 13:55:00,HSC,APEX-HOU,APEX-PAYER,APEX-BILL,ULSD,4318.0,4347.5,75.2,delivered
BOL-2026-000419,2026-07-20 11:15:00,HSC,APEX-HOU,APEX-PAYER,APEX-BILL,ULSD,5357.1,5414.5,83.8,quality_hold
BOL-2026-000420,2026-07-20 05:35:00,HSC,APEX-HOU,APEX-PAYER,APEX-BILL,ULSD,6784.9,6828.3,74.2,delivered
BOL-2026-000421,2026-07-21 14:55:00,HSC,APEX-HOU,APEX-PAYER,APEX-BILL,ULSD,6022.4,6084.7,83.0,delivered
BOL-2026-000422,2026-06-19 19:20:00,HSC,APEX-HOU,APEX-PAYER,APEX-BILL,ULSD,5907.8,5951.7,76.5,delivered
BOL-2026-000423,2026-07-14 16:40:00,HSC,APEX-HOU,APEX-PAYER,APEX-BILL,ULSD,5483.4,5524.4,76.6,delivered
BOL-2026-000424,2026-07-31 15:20:00,HSC,APEX-HOU,APEX-PAYER,APEX-BILL,RBOB,8037.2,8154.8,81.2,delivered
BOL-2026-000425,2026-07-19 06:45:00,HSC,APEX-HOU,APEX-PAYER,APEX-BILL,RBOB,4801.7,4850.1,74.6,delivered
BOL-2026-000426,2026-06-22 18:30:00,DAL,APEX-HOU,APEX-PAYER,APEX-BILL,RBOB,5675.6,5797.4,91.1,delivered
BOL-2026-000427,2026-07-12 20:50:00,HSC,APEX-HOU,APEX-PAYER,APEX-BILL,RBOB,4930.9,5032.3,89.8,delivered
BOL-2026-000428,2026-06-22 20:10:00,HSC,APEX-HOU,APEX-PAYER,APEX-BILL,ULSD,6603.8,6710.5,95.9,delivered
BOL-2026-000429,2026-07-26 07:15:00,HSC,APEX-HOU,APEX-PAYER,APEX-BILL,RBOB,5520.5,5645.8,92.9,delivered
BOL-2026-000430,2026-06-19 14:35:00,HSC,APEX-HOU,APEX-PAYER,APEX-BILL,ULSD,7925.5,8025.4,88.0,delivered
BOL-2026-000431,2026-06-06 11:40:00,HSC,APEX-HOU,APEX-PAYER,APEX-BILL,RBOB,6478.3,6585.1,83.9,delivered
BOL-2026-000432,2026-06-11 11:25:00,HSC,APEX-HOU,APEX-PAYER,APEX-BILL,RBOB,8098.5,8238.2,85.0,delivered
BOL-2026-000433,2026-07-16 07:35:00,HSC,APEX-HOU,APEX-PAYER,APEX-BILL,RBOB,5547.7,5606.6,75.4,delivered
BOL-2026-000434,2026-06-16 10:45:00,HSC,APEX-HOU,APEX-PAYER,APEX-BILL,ULSD,7483.3,7537.5,76.1,delivered
BOL-2026-000435,2026-07-12 17:30:00,HSC,APEX-HOU,APEX-PAYER,APEX-BILL,ULSD,4362.2,4399.1,78.8,delivered
BOL-2026-000436,2026-06-02 15:40:00,HSC,APEX-HOU,APEX-PAYER,APEX-BILL,RBOB,6894.8,6989.9,80.0,delivered
BOL-2026-000437,2026-06-25 09:05:00,HSC,APEX-HOU,APEX-PAYER,APEX-BILL,RBOB,4918.2,5032.9,93.8,delivered
BOL-2026-000438,2026-06-21 21:45:00,HSC,APEX-HOU,APEX-PAYER,APEX-BILL,RBOB,7153.2,7238.1,77.2,delivered
BOL-2026-000439,2026-07-04 11:10:00,HSC,APEX-HOU,APEX-PAYER,APEX-BILL,ULSD,5934.6,5986.7,79.5,delivered
BOL-2026-000440,2026-06-10 05:45:00,HSC,APEX-HOU,APEX-PAYER,APEX-BILL,RBOB,7257.8,7423.1,93.0,delivered
BOL-2026-000441,2026-07-12 06:45:00,HSC,APEX-HOU,APEX-PAYER,APEX-BILL,ULSD,7010.3,7056.0,74.5,delivered
BOL-2026-000442,2026-06-30 17:05:00,HSC,APEX-HOU,APEX-PAYER,APEX-BILL,RBOB,4858.4,4961.3,90.7,delivered
BOL-2026-000443,2026-06-22 08:50:00,HSC,APEX-HOU,APEX-PAYER,APEX-BILL,RBOB,7213.1,7333.0,84.1,delivered
BOL-2026-000444,2026-07-06 08:20:00,HSC,APEX-HOU,APEX-PAYER,APEX-BILL,RBOB,5054.2,5119.8,78.8,delivered
BOL-2026-000445,2026-07-06 11:25:00,HSC,APEX-HOU,APEX-PAYER,APEX-BILL,ULSD,4369.4,4420.3,85.9,delivered
BOL-2026-000446,2026-07-28 15:15:00,HSC,APEX-HOU,APEX-PAYER,APEX-BILL,RBOB,8099.6,8289.6,94.0,delivered
BOL-2026-000447,2026-06-11 07:40:00,HSC,APEX-HOU,APEX-PAYER,APEX-BILL,RBOB,8090.6,8255.3,89.5,delivered
BOL-2026-000448,2026-07-30 13:35:00,HSC,APEX-HOU,APEX-PAYER,APEX-BILL,RBOB,7958.8,8148.3,94.5,delivered
BOL-2026-000449,2026-07-14 18:55:00,HSC,APEX-HOU,APEX-PAYER,APEX-BILL,RBOB,8028.3,8107.0,74.2,delivered
BOL-2026-000450,2026-07-13 15:25:00,HSC,APEX-HOU,APEX-PAYER,APEX-BILL,ULSD,5353.7,5429.8,91.6,delivered
BOL-2026-000451,2026-06-25 08:30:00,HSC,APEX-HOU,APEX-PAYER,APEX-BILL,RBOB,7793.5,7958.1,90.6,delivered
BOL-2026-000452,2026-07-01 10:05:00,HSC,APEX-HOU,APEX-PAYER,APEX-BILL,RBOB,8420.7,8620.0,94.3,delivered
BOL-2026-000453,2026-07-27 20:45:00,HSC,APEX-HOU,APEX-PAYER,APEX-BILL,ULSD,5832.9,5892.2,82.6,quality_hold
BOL-2026-000454,2026-07-15 09:35:00,HSC,APEX-HOU,APEX-PAYER,APEX-BILL,ULSD,5968.5,6009.1,75.1,delivered
BOL-2026-000455,2026-06-23 21:55:00,HSC,APEX-HOU,APEX-PAYER,APEX-BILL,RBOB,8405.0,8579.6,90.1,delivered
BOL-2026-000456,2026-07-06 08:30:00,HSC,APEX-HOU,APEX-PAYER,APEX-BILL,ULSD,5686.7,5764.0,90.2,delivered
BOL-2026-000457,2026-07-23 06:00:00,HSC,APEX-HOU,APEX-PAYER,APEX-BILL,ULSD,7850.0,7971.5,94.4,delivered
BOL-2026-000458,2026-06-06 20:25:00,HSC,APEX-HOU,APEX-PAYER,APEX-BILL,RBOB,4416.5,4475.3,79.3,delivered
BOL-2026-000459,2026-06-29 12:05:00,HSC,APEX-HOU,APEX-PAYER,APEX-BILL,RBOB,6126.8,6273.1,94.6,delivered
BOL-2026-000460,2026-06-09 20:55:00,HSC,APEX-HOU,APEX-PAYER,APEX-BILL,ULSD,5973.1,6046.7,87.4,quality_hold
BOL-2026-000461,2026-06-07 14:40:00,HSC,APEX-HOU,APEX-PAYER,APEX-BILL,RBOB,6161.7,6256.1,82.2,delivered
BOL-2026-000462,2026-07-22 19:25:00,HSC,APEX-HOU,APEX-PAYER,APEX-BILL,RBOB,6234.5,6362.7,89.8,delivered
BOL-2026-000463,2026-06-09 12:00:00,HSC,APEX-HOU,APEX-PAYER,APEX-BILL,RBOB,8347.1,8468.0,81.0,delivered
BOL-2026-000464,2026-07-16 06:10:00,HSC,APEX-HOU,APEX-PAYER,APEX-BILL,RBOB,7392.8,7514.2,83.8,delivered
BOL-2026-000465,2026-06-15 08:30:00,HSC,APEX-HOU,APEX-PAYER,APEX-BILL,RBOB,5019.5,5096.0,82.1,delivered
BOL-2026-000466,2026-06-04 08:35:00,HSC,APEX-HOU,APEX-PAYER,APEX-BILL,RBOB,6368.0,6531.0,97.1,quality_hold
BOL-2026-000467,2026-07-17 18:45:00,HSC,APEX-HOU,APEX-PAYER,APEX-BILL,RBOB,8161.0,8264.0,78.3,delivered
BOL-2026-000468,2026-07-17 09:05:00,HSC,APEX-HOU,APEX-PAYER,APEX-BILL,RBOB,7995.6,8139.6,86.1,delivered
BOL-2026-000469,2026-07-30 12:20:00,HSC,APEX-HOU,APEX-PAYER,APEX-BILL,RBOB,5464.9,5590.5,93.3,delivered
BOL-2026-000470,2026-07-10 21:20:00,HSC,APEX-HOU,APEX-PAYER,APEX-BILL,ULSD,5549.8,5629.0,91.7,delivered
BOL-2026-000471,2026-06-16 11:45:00,HSC,APEX-HOU,APEX-PAYER,APEX-BILL,ULSD,8161.1,8224.3,77.2,delivered
BOL-2026-000472,2026-07-30 10:40:00,HSC,APEX-HOU,APEX-PAYER,APEX-BILL,RBOB,7254.5,7416.2,92.3,delivered
BOL-2026-000473,2026-07-09 18:50:00,HSC,APEX-HOU,APEX-PAYER,APEX-BILL,ULSD,5429.5,5513.3,94.3,delivered
BOL-2026-000474,2026-07-06 05:30:00,HSC,APEX-HOU,APEX-PAYER,APEX-BILL,RBOB,5059.6,5171.3,92.0,delivered
BOL-2026-000475,2026-06-21 13:10:00,HSC,APEX-HOU,APEX-PAYER,APEX-BILL,ULSD,5469.1,5548.1,92.1,quality_hold
BOL-2026-000476,2026-07-22 08:45:00,HSC,APEX-HOU,APEX-PAYER,APEX-BILL,ULSD,7918.8,8032.1,91.8,delivered
BOL-2026-000477,2026-06-18 14:55:00,HSC,APEX-HOU,APEX-PAYER,APEX-BILL,ULSD,5866.5,5964.2,97.0,delivered
BOL-2026-000478,2026-06-23 06:00:00,HSC,APEX-HOU,APEX-PAYER,APEX-BILL,ULSD,7936.1,8060.0,94.7,delivered
BOL-2026-000479,2026-06-17 16:45:00,HSC,APEX-HOU,APEX-PAYER,APEX-BILL,RBOB,7537.4,7730.3,97.1,delivered
BOL-2026-000480,2026-06-13 07:10:00,HSC,APEX-HOU,APEX-PAYER,APEX-BILL,ULSD,4713.2,4745.0,75.0,delivered
BOL-2026-000481,2026-06-19 10:45:00,HSC,APEX-DAL,APEX-PAYER,APEX-BILL,ULSD,6922.6,6977.7,77.7,delivered
BOL-2026-000482,2026-06-24 06:50:00,DAL,APEX-DAL,APEX-PAYER,APEX-BILL,ULSD,5958.4,6032.7,87.7,delivered
BOL-2026-000483,2026-07-20 15:40:00,DAL,APEX-DAL,APEX-PAYER,APEX-BILL,RBOB,4100.0,4173.8,86.1,delivered
BOL-2026-000484,2026-07-07 07:25:00,DAL,APEX-DAL,APEX-PAYER,APEX-BILL,RBOB,5260.3,5342.7,82.7,delivered
BOL-2026-000485,2026-07-18 21:35:00,DAL,APEX-DAL,APEX-PAYER,APEX-BILL,ULSD,8117.0,8168.9,74.2,delivered
BOL-2026-000486,2026-07-02 12:00:00,DAL,APEX-DAL,APEX-PAYER,APEX-BILL,ULSD,7830.1,7959.4,96.7,delivered
BOL-2026-000487,2026-07-07 14:00:00,DAL,APEX-DAL,APEX-PAYER,APEX-BILL,ULSD,5449.8,5531.5,93.3,delivered
BOL-2026-000488,2026-06-04 11:25:00,DAL,APEX-DAL,APEX-PAYER,APEX-BILL,RBOB,4536.5,4652.3,97.0,delivered
BOL-2026-000489,2026-06-01 07:15:00,DAL,APEX-DAL,APEX-PAYER,APEX-BILL,ULSD,7605.8,7688.6,84.2,delivered
BOL-2026-000490,2026-07-07 18:50:00,DAL,APEX-DAL,APEX-PAYER,APEX-BILL,ULSD,6818.6,6863.4,74.6,delivered
BOL-2026-000491,2026-06-03 07:00:00,DAL,APEX-DAL,APEX-PAYER,APEX-BILL,RBOB,4109.9,4205.5,93.7,delivered
BOL-2026-000492,2026-06-30 19:50:00,DAL,APEX-DAL,APEX-PAYER,APEX-BILL,RBOB,5513.8,5577.7,76.8,quality_hold
BOL-2026-000493,2026-07-17 07:55:00,DAL,APEX-DAL,APEX-PAYER,APEX-BILL,ULSD,4119.4,4186.7,96.3,delivered
BOL-2026-000494,2026-07-20 14:45:00,DAL,APEX-DAL,APEX-PAYER,APEX-BILL,RBOB,5725.8,5818.6,83.5,delivered
BOL-2026-000495,2026-07-04 12:10:00,DAL,APEX-DAL,APEX-PAYER,APEX-BILL,ULSD,7537.7,7609.3,81.1,delivered
BOL-2026-000496,2026-06-22 16:00:00,DAL,APEX-DAL,APEX-PAYER,APEX-BILL,ULSD,4342.2,4369.8,74.1,delivered
BOL-2026-000497,2026-07-07 07:20:00,DAL,APEX-DAL,APEX-PAYER,APEX-BILL,RBOB,6994.1,7086.3,79.1,delivered
BOL-2026-000498,2026-07-24 09:10:00,DAL,APEX-DAL,APEX-PAYER,APEX-BILL,RBOB,4912.1,4969.0,76.8,delivered
BOL-2026-000499,2026-07-08 06:40:00,DAL,APEX-DAL,APEX-PAYER,APEX-BILL,RBOB,5078.9,5133.6,75.6,delivered
BOL-2026-000500,2026-07-17 20:25:00,DAL,APEX-DAL,APEX-PAYER,APEX-BILL,RBOB,4831.9,4901.2,80.8,delivered
BOL-2026-000501,2026-06-14 20:35:00,DAL,APEX-DAL,APEX-PAYER,APEX-BILL,RBOB,6851.2,6934.9,77.7,delivered
BOL-2026-000502,2026-07-21 18:10:00,DAL,APEX-DAL,APEX-PAYER,APEX-BILL,RBOB,4774.7,4879.5,91.8,delivered
BOL-2026-000503,2026-07-23 09:50:00,DAL,APEX-DAL,APEX-PAYER,APEX-BILL,ULSD,5836.5,5895.9,82.6,delivered
BOL-2026-000504,2026-07-08 10:50:00,DAL,APEX-DAL,APEX-PAYER,APEX-BILL,ULSD,7578.3,7637.6,77.4,delivered
BOL-2026-000505,2026-06-19 07:55:00,HSC,APEX-DAL,APEX-PAYER,APEX-BILL,RBOB,7375.6,7517.6,87.9,delivered
BOL-2026-000506,2026-06-16 06:40:00,DAL,APEX-DAL,APEX-PAYER,APEX-BILL,RBOB,6174.6,6301.1,89.7,delivered
BOL-2026-000507,2026-06-29 14:10:00,DAL,APEX-DAL,APEX-PAYER,APEX-BILL,RBOB,5545.9,5645.8,86.1,delivered
BOL-2026-000508,2026-07-23 10:40:00,DAL,APEX-DAL,APEX-PAYER,APEX-BILL,RBOB,6292.0,6411.8,87.6,delivered
BOL-2026-000509,2026-06-11 20:25:00,DAL,APEX-DAL,APEX-PAYER,APEX-BILL,RBOB,4819.7,4887.2,80.3,delivered
BOL-2026-000510,2026-07-14 21:25:00,DAL,APEX-DAL,APEX-PAYER,APEX-BILL,RBOB,7678.8,7758.3,75.0,delivered
BOL-2026-000511,2026-06-08 21:50:00,DAL,APEX-DAL,APEX-PAYER,APEX-BILL,ULSD,4958.6,5019.1,87.1,delivered
BOL-2026-000512,2026-07-13 16:45:00,DAL,APEX-DAL,APEX-PAYER,APEX-BILL,ULSD,6073.3,6136.2,83.0,delivered
BOL-2026-000513,2026-07-06 16:25:00,DAL,APEX-DAL,APEX-PAYER,APEX-BILL,RBOB,6458.5,6574.4,86.0,delivered
BOL-2026-000514,2026-06-12 07:40:00,DAL,APEX-DAL,APEX-PAYER,APEX-BILL,ULSD,4622.4,4669.6,82.7,delivered
BOL-2026-000515,2026-06-09 12:30:00,DAL,APEX-DAL,APEX-PAYER,APEX-BILL,ULSD,5918.7,5986.6,85.5,delivered
BOL-2026-000516,2026-06-12 18:00:00,DAL,APEX-DAL,APEX-PAYER,APEX-BILL,RBOB,6406.3,6482.3,77.2,delivered
BOL-2026-000517,2026-07-26 09:00:00,DAL,APEX-DAL,APEX-PAYER,APEX-BILL,RBOB,6073.2,6172.5,83.7,delivered
BOL-2026-000518,2026-07-12 14:05:00,DAL,APEX-DAL,APEX-PAYER,APEX-BILL,RBOB,5874.2,5978.0,85.6,delivered
BOL-2026-000519,2026-06-30 09:45:00,DAL,APEX-DAL,APEX-PAYER,APEX-BILL,ULSD,6702.5,6763.7,80.3,delivered
BOL-2026-000520,2026-06-25 19:45:00,DAL,APEX-DAL,APEX-PAYER,APEX-BILL,ULSD,5496.0,5537.1,76.6,delivered
BOL-2026-000521,2026-07-24 21:50:00,DAL,APEX-DAL,APEX-PAYER,APEX-BILL,RBOB,4223.7,4297.7,85.4,delivered
BOL-2026-000522,2026-06-03 21:05:00,DAL,APEX-DAL,APEX-PAYER,APEX-BILL,RBOB,7768.7,7912.9,86.9,quality_hold
BOL-2026-000523,2026-07-28 18:40:00,DAL,APEX-DAL,APEX-PAYER,APEX-BILL,RBOB,6869.6,6984.8,84.3,delivered
BOL-2026-000524,2026-07-04 17:25:00,DAL,APEX-DAL,APEX-PAYER,APEX-BILL,ULSD,7150.8,7249.6,90.7,delivered
BOL-2026-000525,2026-06-10 20:15:00,DAL,APEX-DAL,APEX-PAYER,APEX-BILL,ULSD,6432.5,6510.7,87.0,delivered
BOL-2026-000526,2026-06-01 05:45:00,DAL,APEX-DAL,APEX-PAYER,APEX-BILL,RBOB,5450.1,5521.2,78.9,delivered
BOL-2026-000527,2026-06-30 08:10:00,DAL,APEX-DAL,APEX-PAYER,APEX-BILL,RBOB,4949.7,5041.6,86.9,delivered
BOL-2026-000528,2026-07-11 17:15:00,DAL,APEX-DAL,APEX-PAYER,APEX-BILL,RBOB,5922.9,6016.5,82.9,delivered
BOL-2026-000529,2026-06-19 14:45:00,DAL,APEX-DAL,APEX-PAYER,APEX-BILL,RBOB,7037.4,7204.9,94.5,delivered
BOL-2026-000530,2026-07-18 19:55:00,DAL,APEX-DAL,APEX-PAYER,APEX-BILL,ULSD,6036.7,6126.1,92.9,delivered
BOL-2026-000531,2026-07-11 06:10:00,DAL,APEX-DAL,APEX-PAYER,APEX-BILL,RBOB,7339.2,7510.4,93.8,delivered
BOL-2026-000532,2026-07-10 07:05:00,DAL,APEX-DAL,APEX-PAYER,APEX-BILL,RBOB,6479.7,6620.1,91.4,delivered
BOL-2026-000533,2026-06-29 21:20:00,DAL,APEX-DAL,APEX-PAYER,APEX-BILL,ULSD,7961.1,8081.8,93.7,delivered
BOL-2026-000534,2026-07-02 11:50:00,DAL,APEX-DAL,APEX-PAYER,APEX-BILL,ULSD,4656.9,4725.6,92.8,delivered
BOL-2026-000535,2026-07-15 10:50:00,DAL,APEX-DAL,APEX-PAYER,APEX-BILL,RBOB,3801.3,3848.0,77.8,delivered
BOL-2026-000536,2026-07-20 16:50:00,DAL,APEX-DAL,APEX-PAYER,APEX-BILL,RBOB,6078.1,6211.0,91.7,delivered
BOL-2026-000537,2026-06-07 14:55:00,DAL,APEX-DAL,APEX-PAYER,APEX-BILL,ULSD,5331.6,5420.6,97.1,delivered
BOL-2026-000538,2026-07-11 11:35:00,DAL,APEX-DAL,APEX-PAYER,APEX-BILL,ULSD,4948.9,5001.9,83.8,delivered
BOL-2026-000539,2026-06-06 14:25:00,DAL,APEX-DAL,APEX-PAYER,APEX-BILL,ULSD,8009.5,8135.6,95.0,delivered
BOL-2026-000540,2026-07-09 19:30:00,DAL,APEX-DAL,APEX-PAYER,APEX-BILL,ULSD,7132.9,7252.0,97.1,delivered
BOL-2026-000541,2026-07-03 05:35:00,DAL,APEX-DAL,APEX-PAYER,APEX-BILL,RBOB,6588.1,6760.4,97.9,delivered
BOL-2026-000542,2026-06-17 15:30:00,DAL,APEX-DAL,APEX-PAYER,APEX-BILL,ULSD,3842.8,3901.6,94.0,delivered
BOL-2026-000543,2026-06-07 15:05:00,DAL,APEX-DAL,APEX-PAYER,APEX-BILL,ULSD,5181.0,5225.8,79.2,delivered
BOL-2026-000544,2026-06-14 11:35:00,DAL,APEX-DAL,APEX-PAYER,APEX-BILL,ULSD,4865.0,4909.7,80.4,delivered
BOL-2026-000545,2026-07-23 16:10:00,DAL,APEX-DAL,APEX-PAYER,APEX-BILL,ULSD,4145.3,4214.1,96.9,delivered
BOL-2026-000546,2026-06-01 06:35:00,DAL,APEX-DAL,APEX-PAYER,APEX-BILL,RBOB,7751.7,7939.4,95.1,delivered
BOL-2026-000547,2026-06-20 10:40:00,DAL,APEX-DAL,APEX-PAYER,APEX-BILL,RBOB,6337.3,6404.2,75.3,delivered
BOL-2026-000548,2026-07-04 06:40:00,DAL,APEX-DAL,APEX-PAYER,APEX-BILL,RBOB,7214.0,7338.4,85.0,delivered
BOL-2026-000549,2026-07-06 15:55:00,DAL,APEX-DAL,APEX-PAYER,APEX-BILL,RBOB,5469.5,5531.4,76.4,delivered
BOL-2026-000550,2026-07-24 10:40:00,DAL,APEX-DAL,APEX-PAYER,APEX-BILL,RBOB,8017.5,8140.3,82.2,delivered
BOL-2026-000551,2026-07-01 18:55:00,DAL,APEX-DAL,APEX-PAYER,APEX-BILL,ULSD,5562.6,5624.7,84.8,delivered
BOL-2026-000552,2026-07-30 12:05:00,DAL,APEX-DAL,APEX-PAYER,APEX-BILL,ULSD,6243.5,6340.7,94.6,delivered
BOL-2026-000553,2026-07-21 09:35:00,DAL,APEX-DAL,APEX-PAYER,APEX-BILL,ULSD,5998.2,6100.5,97.9,delivered
BOL-2026-000554,2026-07-06 15:35:00,DAL,APEX-DAL,APEX-PAYER,APEX-BILL,RBOB,6298.5,6401.1,83.6,delivered
BOL-2026-000555,2026-06-05 13:35:00,DAL,APEX-DAL,APEX-PAYER,APEX-BILL,ULSD,7076.2,7140.5,80.2,delivered
BOL-2026-000556,2026-07-08 13:25:00,DAL,APEX-DAL,APEX-PAYER,APEX-BILL,RBOB,7616.4,7811.4,97.1,delivered
BOL-2026-000557,2026-07-09 10:20:00,DAL,APEX-DAL,APEX-PAYER,APEX-BILL,RBOB,5945.0,6075.0,91.7,delivered
BOL-2026-000558,2026-06-28 14:35:00,DAL,APEX-DAL,APEX-PAYER,APEX-BILL,ULSD,4537.3,4605.5,93.4,delivered
BOL-2026-000559,2026-07-12 17:05:00,DAL,APEX-DAL,APEX-PAYER,APEX-BILL,RBOB,5179.3,5285.4,89.7,delivered
BOL-2026-000560,2026-07-10 17:20:00,DAL,APEX-DAL,APEX-PAYER,APEX-BILL,ULSD,7930.6,8044.4,91.9,delivered
BOL-2026-000561,2026-07-02 10:10:00,DAL,APEX-DAL,APEX-PAYER,APEX-BILL,ULSD,4832.4,4875.9,80.0,delivered
BOL-2026-000562,2026-07-18 11:10:00,DAL,APEX-DAL,APEX-PAYER,APEX-BILL,RBOB,7921.9,8060.7,85.4,quality_hold
BOL-2026-000563,2026-07-19 21:05:00,DAL,APEX-DAL,APEX-PAYER,APEX-BILL,RBOB,4171.0,4275.8,96.4,delivered
BOL-2026-000564,2026-06-17 14:35:00,DAL,APEX-DAL,APEX-PAYER,APEX-BILL,ULSD,7489.5,7539.0,74.7,delivered
BOL-2026-000565,2026-07-24 15:35:00,DAL,APEX-DAL,APEX-PAYER,APEX-BILL,RBOB,7913.4,8061.9,87.2,delivered
BOL-2026-000566,2026-07-29 10:45:00,DAL,APEX-DAL,APEX-PAYER,APEX-BILL,ULSD,6597.7,6679.3,87.5,delivered
BOL-2026-000567,2026-07-12 14:25:00,DAL,APEX-DAL,APEX-PAYER,APEX-BILL,RBOB,4194.0,4255.9,81.4,delivered
BOL-2026-000568,2026-06-12 05:00:00,DAL,APEX-DAL,APEX-PAYER,APEX-BILL,RBOB,4399.7,4463.1,80.9,delivered
BOL-2026-000569,2026-07-15 20:35:00,DAL,APEX-DAL,APEX-PAYER,APEX-BILL,RBOB,7311.0,7453.8,88.3,delivered
BOL-2026-000570,2026-07-07 11:30:00,DAL,APEX-DAL,APEX-PAYER,APEX-BILL,ULSD,4899.5,4968.3,91.2,delivered
BOL-2026-000571,2026-07-22 12:20:00,DAL,APEX-DAL,APEX-PAYER,APEX-BILL,RBOB,6073.1,6212.2,93.2,delivered
BOL-2026-000572,2026-07-15 13:20:00,DAL,APEX-DAL,APEX-PAYER,APEX-BILL,ULSD,4982.8,5024.3,78.5,delivered
BOL-2026-000573,2026-06-10 08:50:00,DAL,APEX-DAL,APEX-PAYER,APEX-BILL,RBOB,6882.1,7004.6,85.8,delivered
BOL-2026-000574,2026-06-11 05:10:00,DAL,APEX-DAL,APEX-PAYER,APEX-BILL,ULSD,4350.2,4398.2,84.5,quality_hold
BOL-2026-000575,2026-06-07 05:35:00,DAL,APEX-DAL,APEX-PAYER,APEX-BILL,RBOB,7257.2,7387.4,86.0,delivered
BOL-2026-000576,2026-07-15 06:25:00,DAL,APEX-DAL,APEX-PAYER,APEX-BILL,RBOB,4442.8,4505.3,80.4,delivered
BOL-2026-000577,2026-07-07 10:15:00,DAL,APEX-DAL,APEX-PAYER,APEX-BILL,ULSD,5478.9,5514.2,74.3,delivered
BOL-2026-000578,2026-07-16 17:35:00,DAL,APEX-DAL,APEX-PAYER,APEX-BILL,RBOB,4676.4,4778.4,91.6,delivered
BOL-2026-000579,2026-07-14 11:35:00,DAL,APEX-DAL,APEX-PAYER,APEX-BILL,RBOB,7919.3,8016.6,77.8,delivered
BOL-2026-000580,2026-07-18 21:05:00,DAL,APEX-DAL,APEX-PAYER,APEX-BILL,RBOB,4674.4,4788.3,95.3,delivered
BOL-2026-000581,2026-06-16 08:15:00,DAL,APEX-DAL,APEX-PAYER,APEX-BILL,ULSD,4536.4,4578.5,80.6,delivered
BOL-2026-000582,2026-07-20 05:00:00,DAL,APEX-DAL,APEX-PAYER,APEX-BILL,ULSD,6829.0,6883.4,77.7,delivered
BOL-2026-000583,2026-06-18 20:05:00,DAL,APEX-DAL,APEX-PAYER,APEX-BILL,ULSD,8066.5,8183.4,92.2,delivered
BOL-2026-000584,2026-06-26 09:55:00,DAL,APEX-DAL,APEX-PAYER,APEX-BILL,RBOB,5946.5,6035.1,81.6,delivered
BOL-2026-000585,2026-07-13 16:35:00,HSC,APEX-DAL,APEX-PAYER,APEX-BILL,ULSD,5375.9,5417.5,77.2,delivered
BOL-2026-000586,2026-07-04 19:40:00,DAL,APEX-DAL,APEX-PAYER,APEX-BILL,RBOB,4635.0,4694.2,78.5,delivered
BOL-2026-000587,2026-07-17 13:45:00,DAL,APEX-DAL,APEX-PAYER,APEX-BILL,ULSD,4103.1,4135.8,77.7,delivered
BOL-2026-000588,2026-06-19 16:35:00,DAL,APEX-DAL,APEX-PAYER,APEX-BILL,RBOB,5467.8,5537.6,78.5,quality_hold
BOL-2026-000589,2026-07-24 12:25:00,DAL,APEX-DAL,APEX-PAYER,APEX-BILL,ULSD,6171.4,6236.1,83.3,delivered
BOL-2026-000590,2026-07-05 09:45:00,DAL,APEX-DAL,APEX-PAYER,APEX-BILL,RBOB,5216.9,5275.6,76.3,delivered
BOL-2026-000591,2026-06-04 09:10:00,DAL,APEX-DAL,APEX-PAYER,APEX-BILL,ULSD,5935.6,5979.4,76.4,delivered
BOL-2026-000592,2026-07-23 20:40:00,DAL,APEX-DAL,APEX-PAYER,APEX-BILL,ULSD,4016.0,4050.9,79.3,delivered
BOL-2026-000593,2026-06-01 11:50:00,DAL,APEX-DAL,APEX-PAYER,APEX-BILL,RBOB,4151.8,4246.9,93.2,delivered
BOL-2026-000594,2026-07-08 18:25:00,DAL,APEX-DAL,APEX-PAYER,APEX-BILL,ULSD,6514.5,6592.8,86.7,delivered
BOL-2026-000595,2026-07-23 07:15:00,DAL,APEX-DAL,APEX-PAYER,APEX-BILL,ULSD,6990.8,7075.1,86.8,delivered
BOL-2026-000596,2026-07-06 12:45:00,DAL,APEX-DAL,APEX-PAYER,APEX-BILL,ULSD,7096.5,7173.1,84.0,delivered
BOL-2026-000597,2026-07-12 16:50:00,DAL,APEX-DAL,APEX-PAYER,APEX-BILL,RBOB,7684.4,7779.8,78.0,delivered
BOL-2026-000598,2026-06-29 15:50:00,DAL,APEX-DAL,APEX-PAYER,APEX-BILL,RBOB,5749.3,5838.6,82.5,delivered
BOL-2026-000599,2026-07-31 15:25:00,DAL,APEX-DAL,APEX-PAYER,APEX-BILL,RBOB,7435.1,7546.9,81.8,delivered
BOL-2026-000600,2026-07-07 17:40:00,DAL,APEX-DAL,APEX-PAYER,APEX-BILL,ULSD,8031.3,8120.6,84.7,delivered
BOL-2026-000601,2026-07-17 14:45:00,DAL,APEX-DAL,APEX-PAYER,APEX-BILL,RBOB,7717.4,7793.0,74.2,delivered
BOL-2026-000602,2026-06-16 15:00:00,DAL,APEX-DAL,APEX-PAYER,APEX-BILL,ULSD,7418.3,7538.8,96.1,delivered
BOL-2026-000603,2026-07-09 09:05:00,DAL,APEX-DAL,APEX-PAYER,APEX-BILL,RBOB,4409.0,4478.4,82.8,delivered
BOL-2026-000604,2026-06-17 14:05:00,DAL,APEX-DAL,APEX-PAYER,APEX-BILL,ULSD,4756.7,4790.7,75.9,delivered
BOL-2026-000605,2026-07-04 20:55:00,DAL,APEX-DAL,APEX-PAYER,APEX-BILL,ULSD,4219.6,4275.4,89.4,quality_hold
BOL-2026-000606,2026-07-21 17:05:00,DAL,APEX-DAL,APEX-PAYER,APEX-BILL,ULSD,5271.3,5354.6,95.1,delivered
BOL-2026-000607,2026-07-28 08:15:00,DAL,APEX-DAL,APEX-PAYER,APEX-BILL,ULSD,7886.1,7989.7,89.2,delivered
BOL-2026-000608,2026-06-04 21:00:00,DAL,APEX-DAL,APEX-PAYER,APEX-BILL,RBOB,5238.1,5349.1,90.7,delivered
BOL-2026-000609,2026-07-14 17:35:00,DAL,APEX-DAL,APEX-PAYER,APEX-BILL,ULSD,4196.4,4242.5,84.4,delivered
BOL-2026-000610,2026-06-11 15:05:00,DAL,APEX-DAL,APEX-PAYER,APEX-BILL,RBOB,6211.9,6298.9,80.3,delivered
BOL-2026-000611,2026-07-01 09:10:00,DAL,APEX-DAL,APEX-PAYER,APEX-BILL,RBOB,5539.4,5645.3,87.7,delivered
BOL-2026-000612,2026-07-31 21:15:00,DAL,APEX-DAL,APEX-PAYER,APEX-BILL,RBOB,5692.3,5811.7,90.4,delivered
BOL-2026-000613,2026-06-09 18:30:00,DAL,APEX-DAL,APEX-PAYER,APEX-BILL,RBOB,5315.9,5424.8,89.7,delivered
BOL-2026-000614,2026-06-13 16:45:00,DAL,APEX-DAL,APEX-PAYER,APEX-BILL,ULSD,6542.0,6614.4,84.6,delivered
BOL-2026-000615,2026-06-17 16:10:00,DAL,APEX-DAL,APEX-PAYER,APEX-BILL,ULSD,4294.4,4324.0,75.3,delivered
BOL-2026-000616,2026-07-28 14:00:00,DAL,APEX-DAL,APEX-PAYER,APEX-BILL,RBOB,5142.5,5232.3,85.3,delivered
BOL-2026-000617,2026-07-18 11:15:00,DAL,APEX-DAL,APEX-PAYER,APEX-BILL,RBOB,6214.7,6339.1,89.0,delivered
BOL-2026-000618,2026-07-15 05:30:00,DAL,APEX-DAL,APEX-PAYER,APEX-BILL,ULSD,3991.3,4023.8,78.1,delivered
BOL-2026-000619,2026-07-20 13:00:00,DAL,APEX-DAL,APEX-PAYER,APEX-BILL,RBOB,4093.0,4177.2,89.8,delivered
BOL-2026-000620,2026-07-27 16:05:00,DAL,APEX-DAL,APEX-PAYER,APEX-BILL,RBOB,6657.4,6747.0,79.5,delivered
BOL-2026-000621,2026-07-30 08:25:00,DAL,APEX-DAL,APEX-PAYER,APEX-BILL,RBOB,4187.3,4241.6,78.8,delivered
BOL-2026-000622,2026-07-08 05:00:00,DAL,APEX-DAL,APEX-PAYER,APEX-BILL,RBOB,5267.7,5352.8,83.4,delivered
BOL-2026-000623,2026-06-25 16:25:00,DAL,APEX-DAL,APEX-PAYER,APEX-BILL,ULSD,8104.3,8199.1,86.0,delivered
BOL-2026-000624,2026-07-12 17:00:00,DAL,APEX-DAL,APEX-PAYER,APEX-BILL,ULSD,4792.6,4840.5,82.2,delivered
BOL-2026-000625,2026-06-10 17:40:00,DAL,APEX-DAL,APEX-PAYER,APEX-BILL,ULSD,6552.3,6609.8,79.5,delivered
BOL-2026-000626,2026-06-11 14:45:00,DAL,APEX-DAL,APEX-PAYER,APEX-BILL,RBOB,4709.7,4765.9,77.3,delivered
BOL-2026-000627,2026-07-21 09:20:00,DAL,APEX-DAL,APEX-PAYER,APEX-BILL,ULSD,7802.1,7887.4,84.3,delivered
BOL-2026-000628,2026-07-19 10:25:00,DAL,APEX-DAL,APEX-PAYER,APEX-BILL,RBOB,6965.5,7053.9,78.4,delivered
BOL-2026-000629,2026-06-11 05:25:00,DAL,APEX-DAL,APEX-PAYER,APEX-BILL,ULSD,5609.5,5671.6,84.6,delivered
BOL-2026-000630,2026-07-26 13:10:00,DAL,APEX-DAL,APEX-PAYER,APEX-BILL,ULSD,4612.9,4679.9,92.3,delivered
BOL-2026-000631,2026-06-20 12:45:00,DAL,APEX-DAL,APEX-PAYER,APEX-BILL,RBOB,5380.7,5493.9,90.5,delivered
BOL-2026-000632,2026-07-05 20:55:00,DAL,APEX-DAL,APEX-PAYER,APEX-BILL,ULSD,5504.8,5567.7,85.4,delivered
BOL-2026-000633,2026-06-17 18:00:00,DAL,APEX-DAL,APEX-PAYER,APEX-BILL,ULSD,4779.2,4843.9,90.1,delivered
BOL-2026-000634,2026-06-15 10:35:00,DAL,APEX-DAL,APEX-PAYER,APEX-BILL,ULSD,5229.5,5288.3,85.0,delivered
BOL-2026-000635,2026-06-30 06:45:00,DAL,APEX-DAL,APEX-PAYER,APEX-BILL,ULSD,5176.7,5243.6,88.7,delivered
BOL-2026-000636,2026-07-10 21:50:00,DAL,APEX-DAL,APEX-PAYER,APEX-BILL,ULSD,6090.9,6158.9,84.8,delivered
BOL-2026-000637,2026-06-04 12:40:00,DAL,APEX-DAL,APEX-PAYER,APEX-BILL,RBOB,3972.7,4036.6,83.3,delivered
BOL-2026-000638,2026-07-30 11:20:00,DAL,APEX-DAL,APEX-PAYER,APEX-BILL,RBOB,7204.2,7308.1,80.9,delivered
BOL-2026-000639,2026-06-22 06:55:00,DAL,APEX-DAL,APEX-PAYER,APEX-BILL,RBOB,7451.5,7579.0,84.8,delivered
BOL-2026-000640,2026-06-09 09:30:00,DAL,APEX-DAL,APEX-PAYER,APEX-BILL,RBOB,4587.1,4676.4,88.2,delivered
BOL-2026-000641,2026-06-15 19:05:00,DAL,APEX-DAL,APEX-PAYER,APEX-BILL,RBOB,7791.5,7969.5,93.1,delivered
BOL-2026-000642,2026-06-09 08:55:00,DAL,APEX-DAL,APEX-PAYER,APEX-BILL,RBOB,6104.8,6202.5,83.2,delivered
BOL-2026-000643,2026-07-06 10:30:00,DAL,APEX-DAL,APEX-PAYER,APEX-BILL,ULSD,4551.9,4597.0,82.0,delivered
BOL-2026-000644,2026-07-24 10:10:00,DAL,APEX-DAL,APEX-PAYER,APEX-BILL,RBOB,5646.2,5729.6,81.4,delivered
BOL-2026-000645,2026-07-02 10:05:00,DAL,APEX-DAL,APEX-PAYER,APEX-BILL,ULSD,3815.5,3871.1,92.4,quality_hold
BOL-2026-000646,2026-07-05 20:40:00,DAL,APEX-DAL,APEX-PAYER,APEX-BILL,ULSD,5971.3,6022.9,79.2,delivered
BOL-2026-000647,2026-07-02 19:05:00,HSC,APEX-DAL,APEX-PAYER,APEX-BILL,ULSD,6527.0,6607.5,87.4,delivered
BOL-2026-000648,2026-06-04 09:00:00,HSC,APEX-DAL,APEX-PAYER,APEX-BILL,ULSD,6734.8,6838.1,94.1,delivered
BOL-2026-000649,2026-07-27 06:05:00,DAL,APEX-DAL,APEX-PAYER,APEX-BILL,RBOB,6757.2,6891.0,88.7,delivered
BOL-2026-000650,2026-07-10 10:35:00,DAL,APEX-DAL,APEX-PAYER,APEX-BILL,ULSD,3957.7,4015.4,92.4,delivered
BOL-2026-000651,2026-07-26 07:30:00,DAL,APEX-DAL,APEX-PAYER,APEX-BILL,ULSD,5871.6,5916.3,76.9,delivered
BOL-2026-000652,2026-06-24 18:40:00,DAL,APEX-DAL,APEX-PAYER,APEX-BILL,RBOB,4056.0,4133.5,87.7,delivered
BOL-2026-000653,2026-07-06 07:35:00,DAL,APEX-DAL,APEX-PAYER,APEX-BILL,ULSD,7268.0,7369.4,91.0,delivered
BOL-2026-000654,2026-07-23 13:40:00,DAL,APEX-DAL,APEX-PAYER,APEX-BILL,ULSD,7879.3,7981.1,88.7,delivered
BOL-2026-000655,2026-07-17 20:35:00,DAL,APEX-DAL,APEX-PAYER,APEX-BILL,ULSD,4824.0,4869.6,81.0,delivered
BOL-2026-000656,2026-06-09 19:50:00,DAL,APEX-DAL,APEX-PAYER,APEX-BILL,ULSD,4712.3,4773.4,88.8,delivered
BOL-2026-000657,2026-06-04 16:40:00,DAL,APEX-DAL,APEX-PAYER,APEX-BILL,ULSD,6618.7,6709.8,90.6,delivered
BOL-2026-000658,2026-06-05 14:40:00,DAL,APEX-DAL,APEX-PAYER,APEX-BILL,RBOB,4300.9,4366.2,82.0,delivered
BOL-2026-000659,2026-07-09 05:10:00,DAL,APEX-DAL,APEX-PAYER,APEX-BILL,RBOB,7858.0,7996.3,85.5,delivered
BOL-2026-000660,2026-06-03 09:35:00,DAL,APEX-DAL,APEX-PAYER,APEX-BILL,RBOB,7607.0,7793.3,95.5,delivered
BOL-2026-000661,2026-07-22 06:40:00,DAL,APEX-DAL,APEX-PAYER,APEX-BILL,RBOB,5188.2,5284.5,86.9,delivered
BOL-2026-000662,2026-07-15 16:05:00,DAL,APEX-DAL,APEX-PAYER,APEX-BILL,ULSD,3937.2,4003.8,97.6,delivered
BOL-2026-000663,2026-07-23 17:10:00,DAL,APEX-DAL,APEX-PAYER,APEX-BILL,ULSD,7106.8,7205.6,90.9,delivered
BOL-2026-000664,2026-06-03 18:05:00,DAL,APEX-DAL,APEX-PAYER,APEX-BILL,RBOB,5788.4,5935.4,96.8,delivered
BOL-2026-000665,2026-06-22 08:25:00,DAL,APEX-DAL,APEX-PAYER,APEX-BILL,ULSD,7818.8,7905.7,84.7,quality_hold
BOL-2026-000666,2026-07-04 21:10:00,DAL,APEX-DAL,APEX-PAYER,APEX-BILL,RBOB,7022.7,7151.6,86.6,delivered
BOL-2026-000667,2026-06-11 08:40:00,DAL,APEX-DAL,APEX-PAYER,APEX-BILL,ULSD,6988.1,7066.7,85.0,delivered
BOL-2026-000668,2026-07-06 05:20:00,DAL,APEX-DAL,APEX-PAYER,APEX-BILL,ULSD,6414.9,6461.4,76.1,delivered
BOL-2026-000669,2026-06-04 21:50:00,HSC,APEX-DAL,APEX-PAYER,APEX-BILL,ULSD,6610.9,6667.4,79.0,delivered
BOL-2026-000670,2026-06-21 15:35:00,DAL,APEX-DAL,APEX-PAYER,APEX-BILL,ULSD,4493.0,4526.8,76.7,delivered
BOL-2026-000671,2026-07-08 08:15:00,DAL,APEX-DAL,APEX-PAYER,APEX-BILL,RBOB,4992.6,5118.7,96.6,delivered
BOL-2026-000672,2026-07-09 10:05:00,DAL,APEX-DAL,APEX-PAYER,APEX-BILL,RBOB,6178.5,6243.3,75.2,quality_hold
BOL-2026-000673,2026-07-26 06:05:00,DAL,APEX-DAL,APEX-PAYER,APEX-BILL,RBOB,5524.4,5642.2,90.9,delivered
BOL-2026-000674,2026-07-12 19:45:00,DAL,APEX-DAL,APEX-PAYER,APEX-BILL,RBOB,4671.8,4775.6,92.2,delivered
BOL-2026-000675,2026-06-06 19:45:00,DAL,APEX-DAL,APEX-PAYER,APEX-BILL,RBOB,7846.6,7983.0,85.2,delivered
BOL-2026-000676,2026-07-15 19:35:00,DAL,APEX-DAL,APEX-PAYER,APEX-BILL,RBOB,7588.8,7739.6,88.8,delivered
BOL-2026-000677,2026-06-29 15:25:00,HSC,APEX-DAL,APEX-PAYER,APEX-BILL,RBOB,4296.7,4372.3,85.5,delivered
BOL-2026-000678,2026-06-21 16:45:00,DAL,APEX-DAL,APEX-PAYER,APEX-BILL,ULSD,5585.0,5663.2,91.1,delivered
BOL-2026-000679,2026-07-08 07:20:00,DAL,APEX-DAL,APEX-PAYER,APEX-BILL,RBOB,5619.1,5731.2,88.9,delivered
BOL-2026-000680,2026-07-30 17:05:00,DAL,APEX-DAL,APEX-PAYER,APEX-BILL,RBOB,6400.3,6545.2,92.8,delivered
BOL-2026-000681,2026-07-20 12:10:00,DAL,APEX-DAL,APEX-PAYER,APEX-BILL,ULSD,7895.8,7994.6,87.8,delivered
BOL-2026-000682,2026-07-10 19:25:00,DAL,APEX-DAL,APEX-PAYER,APEX-BILL,ULSD,4575.2,4651.2,96.9,delivered
BOL-2026-000683,2026-06-08 17:25:00,DAL,APEX-DAL,APEX-PAYER,APEX-BILL,RBOB,4198.3,4295.6,93.6,delivered
BOL-2026-000684,2026-07-26 05:10:00,DAL,APEX-DAL,APEX-PAYER,APEX-BILL,ULSD,5082.6,5148.5,88.8,delivered
BOL-2026-000685,2026-06-15 15:20:00,DAL,APEX-DAL,APEX-PAYER,APEX-BILL,ULSD,5140.0,5224.7,96.6,delivered
BOL-2026-000686,2026-07-31 16:05:00,DAL,APEX-DAL,APEX-PAYER,APEX-BILL,ULSD,6045.9,6139.2,94.3,delivered
BOL-2026-000687,2026-06-05 06:00:00,DAL,APEX-DAL,APEX-PAYER,APEX-BILL,ULSD,5380.7,5464.7,94.7,delivered
BOL-2026-000688,2026-06-17 17:50:00,DAL,APEX-DAL,APEX-PAYER,APEX-BILL,RBOB,5478.9,5581.3,87.1,delivered
BOL-2026-000689,2026-07-04 11:40:00,DAL,APEX-DAL,APEX-PAYER,APEX-BILL,RBOB,7495.8,7587.3,77.7,delivered
BOL-2026-000690,2026-07-14 09:00:00,HSC,APEX-DAL,APEX-PAYER,APEX-BILL,RBOB,6694.9,6867.7,97.4,delivered
BOL-2026-000691,2026-06-10 18:35:00,DAL,APEX-DAL,APEX-PAYER,APEX-BILL,ULSD,7893.4,7996.4,89.0,delivered
BOL-2026-000692,2026-07-01 19:30:00,DAL,APEX-DAL,APEX-PAYER,APEX-BILL,RBOB,6460.1,6584.5,87.9,delivered
BOL-2026-000693,2026-06-18 21:20:00,DAL,APEX-DAL,APEX-PAYER,APEX-BILL,RBOB,5414.7,5554.8,97.5,delivered
BOL-2026-000694,2026-07-16 08:45:00,DAL,APEX-DAL,APEX-PAYER,APEX-BILL,RBOB,4425.2,4521.7,91.6,delivered
BOL-2026-000695,2026-07-31 13:35:00,DAL,APEX-DAL,APEX-PAYER,APEX-BILL,RBOB,6484.3,6573.3,79.9,delivered
BOL-2026-000696,2026-07-14 07:50:00,DAL,APEX-DAL,APEX-PAYER,APEX-BILL,ULSD,5175.0,5210.6,75.3,delivered
BOL-2026-000697,2026-07-20 20:35:00,DAL,APEX-DAL,APEX-PAYER,APEX-BILL,RBOB,7028.8,7145.7,84.1,delivered
BOL-2026-000698,2026-07-21 14:10:00,DAL,APEX-DAL,APEX-PAYER,APEX-BILL,RBOB,7097.5,7251.3,91.4,delivered
BOL-2026-000699,2026-06-05 20:45:00,DAL,APEX-DAL,APEX-PAYER,APEX-BILL,RBOB,8157.6,8345.6,93.4,delivered
BOL-2026-000700,2026-06-21 07:10:00,DAL,APEX-DAL,APEX-PAYER,APEX-BILL,RBOB,5022.5,5082.1,77.2,delivered
BOL-2026-000701,2026-07-24 05:55:00,DAL,APEX-DAL,APEX-PAYER,APEX-BILL,RBOB,6403.8,6481.6,77.6,delivered
BOL-2026-000702,2026-07-21 13:55:00,DAL,APEX-DAL,APEX-PAYER,APEX-BILL,RBOB,6120.5,6183.0,74.8,delivered
BOL-2026-000703,2026-07-30 09:35:00,DAL,APEX-DAL,APEX-PAYER,APEX-BILL,ULSD,5485.9,5559.7,89.9,delivered
BOL-2026-000704,2026-06-13 16:00:00,DAL,APEX-DAL,APEX-PAYER,APEX-BILL,ULSD,4310.4,4345.3,78.0,delivered
BOL-2026-000705,2026-06-22 12:30:00,DAL,APEX-DAL,APEX-PAYER,APEX-BILL,ULSD,4955.6,5015.1,86.7,delivered
BOL-2026-000706,2026-06-21 19:30:00,DAL,APEX-DAL,APEX-PAYER,APEX-BILL,ULSD,6804.7,6850.6,75.0,delivered
BOL-2026-000707,2026-07-12 18:45:00,DAL,APEX-DAL,APEX-PAYER,APEX-BILL,ULSD,5273.9,5322.3,80.4,delivered
BOL-2026-000708,2026-07-13 17:35:00,DAL,APEX-DAL,APEX-PAYER,APEX-BILL,ULSD,7031.0,7119.9,88.1,delivered
BOL-2026-000709,2026-06-25 10:25:00,DAL,APEX-DAL,APEX-PAYER,APEX-BILL,RBOB,7459.4,7533.0,74.3,delivered
BOL-2026-000710,2026-06-08 19:25:00,DAL,APEX-DAL,APEX-PAYER,APEX-BILL,RBOB,4649.5,4696.3,74.6,delivered
BOL-2026-000711,2026-07-28 11:45:00,DAL,APEX-DAL,APEX-PAYER,APEX-BILL,ULSD,4327.9,4395.3,94.6,delivered
BOL-2026-000712,2026-07-13 10:05:00,DAL,APEX-DAL,APEX-PAYER,APEX-BILL,ULSD,5854.6,5950.8,96.5,delivered
BOL-2026-000713,2026-07-27 13:30:00,DAL,APEX-DAL,APEX-PAYER,APEX-BILL,ULSD,7188.5,7253.8,80.2,delivered
BOL-2026-000714,2026-06-20 06:30:00,DAL,APEX-DAL,APEX-PAYER,APEX-BILL,RBOB,4936.2,5050.3,93.5,delivered
BOL-2026-000715,2026-06-05 11:45:00,DAL,APEX-DAL,APEX-PAYER,APEX-BILL,RBOB,4277.1,4356.8,87.0,delivered
BOL-2026-000716,2026-07-11 08:35:00,DAL,APEX-DAL,APEX-PAYER,APEX-BILL,ULSD,4120.8,4172.2,87.7,delivered
BOL-2026-000717,2026-07-02 20:10:00,HSC,APEX-DAL,APEX-PAYER,APEX-BILL,ULSD,6724.3,6786.0,80.4,delivered
BOL-2026-000718,2026-07-26 05:40:00,DAL,APEX-DAL,APEX-PAYER,APEX-BILL,ULSD,5903.8,5966.8,83.7,delivered
BOL-2026-000719,2026-07-22 07:40:00,DAL,APEX-DAL,APEX-PAYER,APEX-BILL,RBOB,6832.7,6986.9,92.7,delivered
BOL-2026-000720,2026-07-07 16:25:00,DAL,APEX-DAL,APEX-PAYER,APEX-BILL,ULSD,6582.0,6691.6,97.0,delivered
BOL-2026-000721,2026-07-07 15:05:00,DAL,APEX-DAL,APEX-PAYER,APEX-BILL,ULSD,5075.8,5119.0,78.9,delivered
BOL-2026-000722,2026-07-30 11:20:00,DAL,APEX-DAL,APEX-PAYER,APEX-BILL,ULSD,6574.7,6641.6,82.6,delivered
BOL-2026-000723,2026-07-12 11:10:00,HSC,APEX-DAL,APEX-PAYER,APEX-BILL,RBOB,5952.6,6016.3,75.5,delivered
BOL-2026-000724,2026-06-23 19:00:00,DAL,APEX-DAL,APEX-PAYER,APEX-BILL,RBOB,7266.2,7341.4,75.0,delivered
BOL-2026-000725,2026-07-21 21:35:00,DAL,APEX-DAL,APEX-PAYER,APEX-BILL,ULSD,6160.9,6249.1,91.8,delivered
BOL-2026-000726,2026-06-06 09:35:00,DAL,APEX-DAL,APEX-PAYER,APEX-BILL,ULSD,7839.3,7892.6,75.1,delivered
BOL-2026-000727,2026-06-10 10:50:00,DAL,APEX-DAL,APEX-PAYER,APEX-BILL,RBOB,7292.3,7417.6,84.9,delivered
BOL-2026-000728,2026-07-10 08:05:00,DAL,APEX-DAL,APEX-PAYER,APEX-BILL,RBOB,4770.5,4880.1,93.3,delivered
BOL-2026-000729,2026-07-21 17:25:00,DAL,APEX-DAL,APEX-PAYER,APEX-BILL,RBOB,6201.9,6294.8,81.7,delivered
BOL-2026-000730,2026-06-16 06:45:00,DAL,APEX-DAL,APEX-PAYER,APEX-BILL,RBOB,5005.1,5116.3,92.2,delivered
BOL-2026-000731,2026-06-27 10:35:00,DAL,APEX-DAL,APEX-PAYER,APEX-BILL,RBOB,4386.8,4486.7,93.0,delivered
BOL-2026-000732,2026-06-28 10:00:00,DAL,APEX-DAL,APEX-PAYER,APEX-BILL,ULSD,3831.8,3894.2,96.2,delivered
BOL-2026-000733,2026-07-10 14:30:00,DAL,APEX-DAL,APEX-PAYER,APEX-BILL,ULSD,5894.5,5939.6,77.0,delivered
BOL-2026-000734,2026-06-20 19:30:00,DAL,APEX-DAL,APEX-PAYER,APEX-BILL,RBOB,6843.4,6977.0,88.3,delivered
BOL-2026-000735,2026-07-11 07:50:00,DAL,APEX-DAL,APEX-PAYER,APEX-BILL,ULSD,5642.7,5712.3,87.4,delivered
BOL-2026-000736,2026-07-31 08:45:00,DAL,APEX-DAL,APEX-PAYER,APEX-BILL,RBOB,6174.8,6257.0,79.3,delivered
BOL-2026-000737,2026-07-13 13:00:00,DAL,APEX-DAL,APEX-PAYER,APEX-BILL,RBOB,6815.1,6990.0,97.2,delivered
BOL-2026-000738,2026-06-13 06:00:00,DAL,APEX-DAL,APEX-PAYER,APEX-BILL,ULSD,5712.6,5769.2,82.0,delivered
BOL-2026-000739,2026-07-19 06:05:00,DAL,APEX-DAL,APEX-PAYER,APEX-BILL,ULSD,4573.9,4641.6,92.9,delivered
BOL-2026-000740,2026-06-09 12:55:00,DAL,APEX-DAL,APEX-PAYER,APEX-BILL,RBOB,5643.9,5768.1,91.9,delivered
BOL-2026-000741,2026-06-17 08:25:00,DAL,APEX-DAL,APEX-PAYER,APEX-BILL,RBOB,5615.4,5688.2,78.8,delivered
BOL-2026-000742,2026-06-06 20:00:00,DAL,APEX-DAL,APEX-PAYER,APEX-BILL,ULSD,7882.7,7971.0,84.9,delivered
BOL-2026-000743,2026-06-10 11:50:00,DAL,APEX-DAL,APEX-PAYER,APEX-BILL,RBOB,5277.9,5331.8,74.8,delivered
BOL-2026-000744,2026-06-21 08:35:00,DAL,APEX-DAL,APEX-PAYER,APEX-BILL,RBOB,5311.7,5441.1,95.3,delivered
BOL-2026-000745,2026-07-20 10:45:00,DAL,APEX-DAL,APEX-PAYER,APEX-BILL,ULSD,4180.5,4245.6,94.6,delivered
BOL-2026-000746,2026-07-31 20:35:00,DAL,APEX-DAL,APEX-PAYER,APEX-BILL,RBOB,7039.2,7135.9,79.9,delivered
BOL-2026-000747,2026-07-09 09:45:00,DAL,APEX-DAL,APEX-PAYER,APEX-BILL,ULSD,3994.6,4062.5,97.8,delivered
BOL-2026-000748,2026-07-05 18:40:00,DAL,APEX-DAL,APEX-PAYER,APEX-BILL,RBOB,6865.3,6943.0,76.4,delivered
BOL-2026-000749,2026-06-06 05:55:00,DAL,APEX-DAL,APEX-PAYER,APEX-BILL,ULSD,4383.9,4425.5,81.1,delivered
BOL-2026-000750,2026-06-07 20:50:00,DAL,APEX-DAL,APEX-PAYER,APEX-BILL,RBOB,7574.9,7741.6,91.9,quality_hold
BOL-2026-000751,2026-07-02 09:55:00,DAL,APEX-DAL,APEX-PAYER,APEX-BILL,RBOB,5429.9,5523.9,85.1,delivered
BOL-2026-000752,2026-07-24 07:30:00,DAL,APEX-DAL,APEX-PAYER,APEX-BILL,ULSD,3943.9,3986.8,84.2,delivered
BOL-2026-000753,2026-07-29 11:50:00,DAL,APEX-DAL,APEX-PAYER,APEX-BILL,RBOB,7037.3,7111.6,75.3,delivered
BOL-2026-000754,2026-07-14 06:05:00,DAL,APEX-DAL,APEX-PAYER,APEX-BILL,RBOB,3979.8,4042.4,82.8,delivered
BOL-2026-000755,2026-07-16 11:10:00,DAL,APEX-DAL,APEX-PAYER,APEX-BILL,ULSD,4299.7,4349.0,85.5,delivered
BOL-2026-000756,2026-07-09 11:55:00,DAL,APEX-DAL,APEX-PAYER,APEX-BILL,ULSD,7750.9,7841.9,86.1,delivered
BOL-2026-000757,2026-06-04 16:25:00,DAL,APEX-DAL,APEX-PAYER,APEX-BILL,RBOB,7450.1,7580.2,85.3,delivered
BOL-2026-000758,2026-07-22 14:35:00,DAL,APEX-DAL,APEX-PAYER,APEX-BILL,ULSD,7959.6,8079.2,93.4,delivered
BOL-2026-000759,2026-06-05 19:05:00,DAL,APEX-DAL,APEX-PAYER,APEX-BILL,RBOB,5068.8,5198.2,97.0,delivered
BOL-2026-000760,2026-06-20 09:35:00,DAL,APEX-DAL,APEX-PAYER,APEX-BILL,RBOB,7989.3,8069.2,74.5,delivered
BOL-2026-000761,2026-07-15 09:35:00,DAL,APEX-DAL,APEX-PAYER,APEX-BILL,RBOB,6636.6,6732.8,81.0,delivered
BOL-2026-000762,2026-07-25 12:40:00,DAL,APEX-DAL,APEX-PAYER,APEX-BILL,ULSD,5308.3,5378.8,89.5,delivered
BOL-2026-000763,2026-07-10 21:40:00,DAL,APEX-DAL,APEX-PAYER,APEX-BILL,RBOB,4380.6,4480.0,92.9,delivered
BOL-2026-000764,2026-06-19 20:25:00,DAL,APEX-DAL,APEX-PAYER,APEX-BILL,ULSD,4008.2,4048.8,82.5,delivered
BOL-2026-000765,2026-06-12 10:55:00,DAL,APEX-DAL,APEX-PAYER,APEX-BILL,RBOB,4571.6,4669.4,91.0,delivered
BOL-2026-000766,2026-07-21 10:15:00,DAL,APEX-DAL,APEX-PAYER,APEX-BILL,RBOB,6327.9,6435.3,84.6,delivered
BOL-2026-000767,2026-06-15 06:50:00,DAL,APEX-DAL,APEX-PAYER,APEX-BILL,RBOB,5440.8,5542.2,87.0,delivered
BOL-2026-000768,2026-06-22 05:30:00,DAL,APEX-DAL,APEX-PAYER,APEX-BILL,ULSD,7970.3,8100.5,96.3,delivered
BOL-2026-000769,2026-07-30 21:25:00,DAL,APEX-DAL,APEX-PAYER,APEX-BILL,ULSD,7742.3,7872.3,97.3,delivered
BOL-2026-000770,2026-07-31 09:45:00,DAL,APEX-DAL,APEX-PAYER,APEX-BILL,ULSD,5290.2,5330.0,76.7,delivered
BOL-2026-000771,2026-06-03 08:20:00,DAL,APEX-DAL,APEX-PAYER,APEX-BILL,RBOB,4769.6,4844.0,82.6,delivered
BOL-2026-000772,2026-07-11 11:45:00,DAL,APEX-DAL,APEX-PAYER,APEX-BILL,RBOB,7175.2,7267.8,78.7,delivered
BOL-2026-000773,2026-07-23 07:40:00,DAL,APEX-DAL,APEX-PAYER,APEX-BILL,RBOB,6454.0,6571.1,86.3,quality_hold
BOL-2026-000774,2026-07-14 17:10:00,DAL,APEX-DAL,APEX-PAYER,APEX-BILL,ULSD,5498.9,5534.3,74.3,delivered
BOL-2026-000775,2026-06-23 19:40:00,DAL,APEX-DAL,APEX-PAYER,APEX-BILL,RBOB,5754.6,5904.7,97.8,delivered
BOL-2026-000776,2026-06-21 18:55:00,DAL,APEX-DAL,APEX-PAYER,APEX-BILL,ULSD,6383.6,6429.8,76.1,delivered
BOL-2026-000777,2026-07-04 21:25:00,DAL,APEX-DAL,APEX-PAYER,APEX-BILL,RBOB,7126.9,7206.1,76.1,delivered
BOL-2026-000778,2026-07-27 18:10:00,DAL,APEX-DAL,APEX-PAYER,APEX-BILL,ULSD,7123.1,7178.6,77.3,delivered
BOL-2026-000779,2026-06-28 20:00:00,DAL,APEX-DAL,APEX-PAYER,APEX-BILL,ULSD,6374.9,6449.2,85.9,delivered
BOL-2026-000780,2026-06-17 05:10:00,DAL,APEX-DAL,APEX-PAYER,APEX-BILL,RBOB,7470.7,7601.1,85.3,delivered
BOL-2026-000781,2026-07-26 18:10:00,BMT,METRO-BMT,METRO-PAYER,METRO-BILL,ULSD,4174.8,4206.5,76.9,delivered
BOL-2026-000782,2026-07-31 07:45:00,BMT,METRO-BMT,METRO-PAYER,METRO-BILL,ULSD,5714.8,5804.3,94.8,delivered
BOL-2026-000783,2026-07-04 08:25:00,BMT,METRO-BMT,METRO-PAYER,METRO-BILL,ULSD,7057.3,7114.1,77.9,delivered
BOL-2026-000784,2026-06-23 09:25:00,BMT,METRO-BMT,METRO-PAYER,METRO-BILL,ULSD,5013.7,5094.7,95.9,delivered
BOL-2026-000785,2026-06-21 21:50:00,BMT,METRO-BMT,METRO-PAYER,METRO-BILL,RBOB,6678.9,6763.7,78.4,delivered
BOL-2026-000786,2026-07-18 15:25:00,BMT,METRO-BMT,METRO-PAYER,METRO-BILL,RBOB,4445.1,4538.6,90.5,delivered
BOL-2026-000787,2026-06-07 16:10:00,BMT,METRO-BMT,METRO-PAYER,METRO-BILL,ULSD,4790.5,4845.7,85.6,delivered
BOL-2026-000788,2026-07-27 08:15:00,BMT,METRO-BMT,METRO-PAYER,METRO-BILL,ULSD,3904.4,3966.8,95.5,delivered
BOL-2026-000789,2026-07-23 21:40:00,BMT,METRO-BMT,METRO-PAYER,METRO-BILL,ULSD,6852.4,6926.4,84.0,delivered
BOL-2026-000790,2026-06-09 09:00:00,BMT,METRO-BMT,METRO-PAYER,METRO-BILL,ULSD,4740.3,4812.0,93.6,delivered
BOL-2026-000791,2026-07-10 15:10:00,HSC,METRO-BMT,METRO-PAYER,METRO-BILL,ULSD,4067.3,4130.6,94.6,delivered
BOL-2026-000792,2026-06-17 09:15:00,BMT,METRO-BMT,METRO-PAYER,METRO-BILL,ULSD,6315.9,6409.1,92.8,delivered
BOL-2026-000793,2026-07-20 18:00:00,HSC,METRO-BMT,METRO-PAYER,METRO-BILL,ULSD,5251.6,5336.2,95.8,quality_hold
BOL-2026-000794,2026-06-22 05:05:00,BMT,METRO-BMT,METRO-PAYER,METRO-BILL,ULSD,3985.9,4049.8,95.6,delivered
BOL-2026-000795,2026-06-26 07:10:00,BMT,METRO-BMT,METRO-PAYER,METRO-BILL,RBOB,7554.2,7670.4,82.3,delivered
BOL-2026-000796,2026-07-05 12:40:00,BMT,METRO-BMT,METRO-PAYER,METRO-BILL,ULSD,5775.0,5812.2,74.3,delivered
BOL-2026-000797,2026-06-14 14:10:00,BMT,METRO-BMT,METRO-PAYER,METRO-BILL,RBOB,7673.2,7760.0,76.4,delivered
BOL-2026-000798,2026-07-05 20:25:00,BMT,METRO-BMT,METRO-PAYER,METRO-BILL,ULSD,6232.9,6279.5,76.6,delivered
BOL-2026-000799,2026-07-31 18:15:00,BMT,METRO-BMT,METRO-PAYER,METRO-BILL,ULSD,6654.8,6719.2,81.5,delivered
BOL-2026-000800,2026-07-06 20:25:00,BMT,METRO-BMT,METRO-PAYER,METRO-BILL,ULSD,3194.9,3226.4,81.9,delivered
BOL-2026-000801,2026-06-21 14:50:00,BMT,METRO-BMT,METRO-PAYER,METRO-BILL,RBOB,5658.8,5740.8,81.0,delivered
BOL-2026-000802,2026-06-14 07:35:00,BMT,METRO-BMT,METRO-PAYER,METRO-BILL,RBOB,3061.4,3125.2,90.2,delivered
BOL-2026-000803,2026-06-29 21:50:00,BMT,METRO-BMT,METRO-PAYER,METRO-BILL,ULSD,4895.1,4962.7,90.7,delivered
BOL-2026-000804,2026-07-18 10:05:00,BMT,METRO-BMT,METRO-PAYER,METRO-BILL,ULSD,3961.3,4022.4,94.3,delivered
BOL-2026-000805,2026-06-17 18:55:00,BMT,METRO-BMT,METRO-PAYER,METRO-BILL,ULSD,6676.7,6761.4,88.2,delivered
BOL-2026-000806,2026-07-21 17:25:00,BMT,METRO-BMT,METRO-PAYER,METRO-BILL,ULSD,4941.3,4998.2,85.6,delivered
BOL-2026-000807,2026-07-19 08:05:00,BMT,METRO-BMT,METRO-PAYER,METRO-BILL,ULSD,6016.2,6062.8,77.2,delivered
BOL-2026-000808,2026-06-04 07:35:00,BMT,METRO-BMT,METRO-PAYER,METRO-BILL,ULSD,4836.6,4902.5,90.3,delivered
BOL-2026-000809,2026-07-11 08:05:00,BMT,METRO-BMT,METRO-PAYER,METRO-BILL,ULSD,5362.5,5423.3,85.2,delivered
BOL-2026-000810,2026-07-05 21:20:00,BMT,METRO-BMT,METRO-PAYER,METRO-BILL,ULSD,5594.5,5630.8,74.4,delivered
BOL-2026-000811,2026-07-31 08:30:00,BMT,METRO-BMT,METRO-PAYER,METRO-BILL,ULSD,5124.3,5158.7,74.9,delivered
BOL-2026-000812,2026-07-13 14:55:00,BMT,METRO-BMT,METRO-PAYER,METRO-BILL,ULSD,4499.8,4547.0,83.3,delivered
BOL-2026-000813,2026-07-09 20:50:00,BMT,METRO-BMT,METRO-PAYER,METRO-BILL,ULSD,5255.1,5320.1,87.5,delivered
BOL-2026-000814,2026-06-05 13:35:00,BMT,METRO-BMT,METRO-PAYER,METRO-BILL,ULSD,6247.1,6338.2,92.4,delivered
BOL-2026-000815,2026-06-05 06:10:00,BMT,METRO-BMT,METRO-PAYER,METRO-BILL,RBOB,6561.9,6628.0,74.6,delivered
BOL-2026-000816,2026-06-25 08:30:00,BMT,METRO-BMT,METRO-PAYER,METRO-BILL,ULSD,4686.1,4749.2,89.9,delivered
BOL-2026-000817,2026-07-13 07:55:00,BMT,METRO-BMT,METRO-PAYER,METRO-BILL,ULSD,4620.5,4650.6,74.5,delivered
BOL-2026-000818,2026-07-03 18:45:00,BMT,METRO-BMT,METRO-PAYER,METRO-BILL,ULSD,3097.9,3133.2,85.3,quality_hold
BOL-2026-000819,2026-06-23 17:25:00,BMT,METRO-BMT,METRO-PAYER,METRO-BILL,ULSD,3480.3,3527.6,90.2,delivered
BOL-2026-000820,2026-07-05 15:10:00,BMT,METRO-BMT,METRO-PAYER,METRO-BILL,ULSD,5092.8,5152.2,85.9,delivered
BOL-2026-000821,2026-07-20 11:20:00,BMT,METRO-BMT,METRO-PAYER,METRO-BILL,ULSD,5752.9,5839.1,93.3,delivered
BOL-2026-000822,2026-07-29 08:45:00,BMT,METRO-BMT,METRO-PAYER,METRO-BILL,ULSD,6845.7,6923.9,85.4,delivered
BOL-2026-000823,2026-07-21 14:40:00,BMT,METRO-BMT,METRO-PAYER,METRO-BILL,RBOB,5591.7,5664.2,78.8,delivered
BOL-2026-000824,2026-07-12 19:50:00,BMT,METRO-BMT,METRO-PAYER,METRO-BILL,ULSD,3089.3,3132.3,90.9,delivered
BOL-2026-000825,2026-07-09 11:50:00,BMT,METRO-BMT,METRO-PAYER,METRO-BILL,RBOB,5243.0,5375.0,96.5,delivered
BOL-2026-000826,2026-07-11 18:45:00,BMT,METRO-BMT,METRO-PAYER,METRO-BILL,ULSD,3963.1,4007.9,85.1,delivered
BOL-2026-000827,2026-07-18 14:30:00,BMT,METRO-BMT,METRO-PAYER,METRO-BILL,ULSD,7373.5,7470.4,89.2,delivered
BOL-2026-000828,2026-06-20 14:50:00,BMT,METRO-BMT,METRO-PAYER,METRO-BILL,ULSD,4133.4,4170.0,79.7,delivered
BOL-2026-000829,2026-06-02 14:35:00,BMT,METRO-BMT,METRO-PAYER,METRO-BILL,ULSD,5025.7,5106.4,95.7,delivered
BOL-2026-000830,2026-06-20 05:20:00,BMT,METRO-BMT,METRO-PAYER,METRO-BILL,ULSD,5643.4,5718.3,89.5,quality_hold
BOL-2026-000831,2026-07-17 05:00:00,BMT,METRO-BMT,METRO-PAYER,METRO-BILL,RBOB,5887.7,6029.1,94.8,delivered
BOL-2026-000832,2026-06-30 16:50:00,BMT,METRO-BMT,METRO-PAYER,METRO-BILL,ULSD,7527.2,7633.6,91.4,delivered
BOL-2026-000833,2026-06-09 21:05:00,BMT,METRO-BMT,METRO-PAYER,METRO-BILL,ULSD,7558.4,7682.2,96.4,delivered
BOL-2026-000834,2026-07-25 12:45:00,BMT,METRO-BMT,METRO-PAYER,METRO-BILL,ULSD,4580.6,4638.3,88.0,delivered
BOL-2026-000835,2026-07-18 12:30:00,BMT,METRO-BMT,METRO-PAYER,METRO-BILL,ULSD,4027.7,4065.0,80.6,delivered
BOL-2026-000836,2026-07-24 06:35:00,BMT,METRO-BMT,METRO-PAYER,METRO-BILL,ULSD,3542.2,3585.4,87.1,delivered
BOL-2026-000837,2026-06-18 13:10:00,BMT,METRO-BMT,METRO-PAYER,METRO-BILL,ULSD,6942.6,6987.9,74.5,delivered
BOL-2026-000838,2026-07-11 06:55:00,BMT,METRO-BMT,METRO-PAYER,METRO-BILL,RBOB,4214.3,4281.8,83.2,delivered
BOL-2026-000839,2026-07-16 08:40:00,BMT,METRO-BMT,METRO-PAYER,METRO-BILL,RBOB,4864.7,4984.9,95.8,delivered
BOL-2026-000840,2026-07-30 13:20:00,BMT,METRO-BMT,METRO-PAYER,METRO-BILL,ULSD,4130.2,4165.5,79.0,delivered
BOL-2026-000841,2026-07-27 15:50:00,HSC,METRO-BMT,METRO-PAYER,METRO-BILL,ULSD,6951.3,7065.8,96.6,delivered
BOL-2026-000842,2026-06-30 15:55:00,BMT,METRO-BMT,METRO-PAYER,METRO-BILL,ULSD,3481.9,3509.8,77.8,delivered
BOL-2026-000843,2026-06-05 18:45:00,BMT,METRO-BMT,METRO-PAYER,METRO-BILL,ULSD,4568.5,4631.6,90.7,delivered
BOL-2026-000844,2026-07-12 10:50:00,BMT,METRO-BMT,METRO-PAYER,METRO-BILL,ULSD,3014.8,3040.3,78.8,delivered
BOL-2026-000845,2026-07-09 08:10:00,BMT,METRO-BMT,METRO-PAYER,METRO-BILL,ULSD,6684.5,6773.5,89.6,delivered
BOL-2026-000846,2026-07-10 18:25:00,BMT,METRO-BMT,METRO-PAYER,METRO-BILL,ULSD,3640.8,3670.6,78.2,delivered
BOL-2026-000847,2026-06-24 14:15:00,BMT,METRO-BMT,METRO-PAYER,METRO-BILL,ULSD,4888.8,4939.6,83.1,delivered
BOL-2026-000848,2026-07-09 05:00:00,BMT,METRO-BMT,METRO-PAYER,METRO-BILL,RBOB,6007.8,6156.2,95.8,delivered
BOL-2026-000849,2026-06-15 10:00:00,BMT,METRO-BMT,METRO-PAYER,METRO-BILL,ULSD,4248.8,4279.6,76.1,delivered
BOL-2026-000850,2026-07-29 08:00:00,BMT,METRO-BMT,METRO-PAYER,METRO-BILL,ULSD,7415.9,7499.0,84.9,delivered
BOL-2026-000851,2026-06-09 11:15:00,BMT,METRO-BMT,METRO-PAYER,METRO-BILL,RBOB,4277.8,4372.0,91.9,delivered
BOL-2026-000852,2026-07-01 11:45:00,BMT,METRO-BMT,METRO-PAYER,METRO-BILL,ULSD,6488.2,6542.2,78.5,delivered
BOL-2026-000853,2026-07-20 05:20:00,BMT,METRO-BMT,METRO-PAYER,METRO-BILL,RBOB,5164.7,5236.0,80.0,delivered
BOL-2026-000854,2026-07-13 07:00:00,BMT,METRO-BMT,METRO-PAYER,METRO-BILL,ULSD,7677.1,7758.3,83.5,delivered
BOL-2026-000855,2026-06-28 18:55:00,BMT,METRO-BMT,METRO-PAYER,METRO-BILL,ULSD,5673.6,5712.7,75.3,delivered
BOL-2026-000856,2026-07-03 16:45:00,BMT,METRO-BMT,METRO-PAYER,METRO-BILL,RBOB,5871.5,6001.1,92.0,quality_hold
BOL-2026-000857,2026-06-19 17:20:00,BMT,METRO-BMT,METRO-PAYER,METRO-BILL,RBOB,3634.7,3723.5,95.4,quality_hold
BOL-2026-000858,2026-06-13 10:40:00,BMT,METRO-BMT,METRO-PAYER,METRO-BILL,ULSD,5246.8,5285.0,76.2,delivered
BOL-2026-000859,2026-07-01 13:05:00,BMT,METRO-BMT,METRO-PAYER,METRO-BILL,ULSD,5396.2,5487.0,97.4,delivered
BOL-2026-000860,2026-06-26 18:20:00,BMT,METRO-BMT,METRO-PAYER,METRO-BILL,RBOB,6982.0,7156.4,96.2,delivered
BOL-2026-000861,2026-07-01 10:25:00,BMT,METRO-BMT,METRO-PAYER,METRO-BILL,ULSD,7560.2,7653.1,87.3,delivered
BOL-2026-000862,2026-07-12 19:00:00,BMT,METRO-BMT,METRO-PAYER,METRO-BILL,ULSD,3879.1,3923.3,85.3,delivered
BOL-2026-000863,2026-07-03 08:35:00,BMT,METRO-BMT,METRO-PAYER,METRO-BILL,ULSD,6403.3,6477.1,85.6,delivered
BOL-2026-000864,2026-07-23 09:05:00,BMT,METRO-BMT,METRO-PAYER,METRO-BILL,ULSD,4363.8,4430.6,94.0,delivered
BOL-2026-000865,2026-07-22 11:45:00,HSC,METRO-BMT,METRO-PAYER,METRO-BILL,RBOB,4998.8,5053.3,75.8,delivered
BOL-2026-000866,2026-07-14 15:00:00,BMT,METRO-BMT,METRO-PAYER,METRO-BILL,ULSD,3585.6,3622.7,83.0,delivered
BOL-2026-000867,2026-06-08 15:10:00,BMT,METRO-BMT,METRO-PAYER,METRO-BILL,ULSD,6397.0,6470.4,85.5,delivered
BOL-2026-000868,2026-06-20 05:25:00,BMT,METRO-BMT,METRO-PAYER,METRO-BILL,RBOB,7564.3,7678.1,81.8,delivered
BOL-2026-000869,2026-07-17 09:15:00,BMT,METRO-BMT,METRO-PAYER,METRO-BILL,RBOB,4358.2,4458.0,93.2,delivered
BOL-2026-000870,2026-07-07 17:05:00,BMT,METRO-BMT,METRO-PAYER,METRO-BILL,ULSD,7632.2,7751.7,94.8,delivered
BOL-2026-000871,2026-07-24 10:30:00,BMT,METRO-BMT,METRO-PAYER,METRO-BILL,ULSD,6612.3,6700.7,89.7,delivered
BOL-2026-000872,2026-07-04 18:55:00,BMT,METRO-BMT,METRO-PAYER,METRO-BILL,RBOB,6287.8,6362.4,77.2,delivered
BOL-2026-000873,2026-07-23 21:15:00,BMT,METRO-BMT,METRO-PAYER,METRO-BILL,ULSD,5286.9,5352.3,87.5,delivered
BOL-2026-000874,2026-07-19 16:45:00,BMT,METRO-BMT,METRO-PAYER,METRO-BILL,ULSD,3446.1,3486.9,86.3,delivered
BOL-2026-000875,2026-07-14 09:35:00,BMT,METRO-BMT,METRO-PAYER,METRO-BILL,ULSD,3403.1,3441.7,85.2,delivered
BOL-2026-000876,2026-07-21 14:10:00,BMT,METRO-BMT,METRO-PAYER,METRO-BILL,RBOB,4442.0,4503.3,80.0,delivered
BOL-2026-000877,2026-07-09 07:00:00,BMT,METRO-BMT,METRO-PAYER,METRO-BILL,ULSD,4982.5,5039.0,85.2,delivered
BOL-2026-000878,2026-07-22 16:20:00,BMT,METRO-BMT,METRO-PAYER,METRO-BILL,ULSD,3078.1,3122.1,91.8,delivered
BOL-2026-000879,2026-07-20 17:00:00,BMT,METRO-BMT,METRO-PAYER,METRO-BILL,ULSD,4428.7,4484.7,88.1,delivered
BOL-2026-000880,2026-07-14 13:25:00,BMT,METRO-BMT,METRO-PAYER,METRO-BILL,RBOB,3898.5,3948.0,78.4,delivered
BOL-2026-000881,2026-07-10 08:30:00,HSC,METRO-BMT,METRO-PAYER,METRO-BILL,ULSD,3063.9,3104.8,89.7,delivered
BOL-2026-000882,2026-06-30 20:20:00,BMT,METRO-BMT,METRO-PAYER,METRO-BILL,ULSD,4731.5,4795.8,90.2,delivered
BOL-2026-000883,2026-06-29 14:05:00,HSC,METRO-BMT,METRO-PAYER,METRO-BILL,ULSD,6916.6,7012.2,90.7,delivered
BOL-2026-000884,2026-06-02 20:50:00,BMT,METRO-BMT,METRO-PAYER,METRO-BILL,ULSD,7042.0,7151.6,94.6,delivered
BOL-2026-000885,2026-06-07 19:10:00,HSC,METRO-BMT,METRO-PAYER,METRO-BILL,ULSD,7331.6,7436.2,91.7,delivered
BOL-2026-000886,2026-07-04 05:35:00,BMT,METRO-BMT,METRO-PAYER,METRO-BILL,ULSD,5733.3,5821.0,94.0,delivered
BOL-2026-000887,2026-06-01 18:30:00,BMT,METRO-BMT,METRO-PAYER,METRO-BILL,RBOB,5860.0,5970.4,87.3,delivered
BOL-2026-000888,2026-07-04 20:40:00,BMT,METRO-BMT,METRO-PAYER,METRO-BILL,ULSD,6257.6,6352.2,93.6,delivered
BOL-2026-000889,2026-07-16 21:00:00,BMT,METRO-BMT,METRO-PAYER,METRO-BILL,ULSD,3304.9,3357.5,95.4,delivered
BOL-2026-000890,2026-07-03 20:45:00,BMT,METRO-BMT,METRO-PAYER,METRO-BILL,RBOB,6348.1,6411.6,74.5,delivered
BOL-2026-000891,2026-06-14 16:35:00,BMT,METRO-BMT,METRO-PAYER,METRO-BILL,ULSD,7363.5,7436.7,82.1,delivered
BOL-2026-000892,2026-07-23 19:10:00,BMT,METRO-BMT,METRO-PAYER,METRO-BILL,RBOB,4873.8,4954.5,84.0,delivered
BOL-2026-000893,2026-07-13 16:35:00,BMT,METRO-BMT,METRO-PAYER,METRO-BILL,ULSD,5984.8,6040.8,80.8,delivered
BOL-2026-000894,2026-07-14 09:10:00,BMT,METRO-BMT,METRO-PAYER,METRO-BILL,ULSD,3484.3,3521.9,84.0,delivered
BOL-2026-000895,2026-06-22 11:40:00,HSC,METRO-BMT,METRO-PAYER,METRO-BILL,ULSD,4713.8,4751.6,77.8,delivered
BOL-2026-000896,2026-07-26 06:05:00,BMT,METRO-BMT,METRO-PAYER,METRO-BILL,ULSD,4088.1,4138.7,87.5,delivered
BOL-2026-000897,2026-07-31 16:00:00,BMT,METRO-BMT,METRO-PAYER,METRO-BILL,ULSD,7302.3,7415.7,94.5,delivered
BOL-2026-000898,2026-07-10 08:55:00,BMT,METRO-BMT,METRO-PAYER,METRO-BILL,ULSD,6835.1,6949.2,97.1,delivered
BOL-2026-000899,2026-07-30 08:40:00,BMT,METRO-BMT,METRO-PAYER,METRO-BILL,ULSD,6023.6,6118.2,94.9,delivered
BOL-2026-000900,2026-06-12 14:55:00,BMT,METRO-BMT,METRO-PAYER,METRO-BILL,ULSD,6516.2,6564.3,76.4,delivered
BOL-2026-000901,2026-06-25 09:05:00,BMT,METRO-BMT,METRO-PAYER,METRO-BILL,RBOB,4995.6,5107.6,92.5,delivered
BOL-2026-000902,2026-07-21 15:20:00,BMT,METRO-BMT,METRO-PAYER,METRO-BILL,ULSD,4787.7,4856.9,92.1,delivered
BOL-2026-000903,2026-07-14 09:40:00,BMT,METRO-BMT,METRO-PAYER,METRO-BILL,ULSD,6848.5,6922.2,83.9,delivered
BOL-2026-000904,2026-07-03 21:50:00,HSC,METRO-BMT,METRO-PAYER,METRO-BILL,ULSD,6696.7,6790.7,91.2,delivered
BOL-2026-000905,2026-06-05 15:25:00,BMT,METRO-BMT,METRO-PAYER,METRO-BILL,ULSD,5083.5,5137.0,83.4,quality_hold
BOL-2026-000906,2026-07-27 09:45:00,BMT,METRO-BMT,METRO-PAYER,METRO-BILL,ULSD,6424.2,6510.3,89.8,delivered
BOL-2026-000907,2026-06-22 17:50:00,BMT,METRO-BMT,METRO-PAYER,METRO-BILL,ULSD,6463.4,6525.9,81.5,delivered
BOL-2026-000908,2026-07-22 21:45:00,BMT,METRO-BMT,METRO-PAYER,METRO-BILL,RBOB,5141.7,5208.8,78.9,delivered
BOL-2026-000909,2026-07-20 19:55:00,BMT,METRO-BMT,METRO-PAYER,METRO-BILL,ULSD,6114.0,6203.7,92.6,delivered
BOL-2026-000910,2026-06-07 15:30:00,BMT,METRO-BMT,METRO-PAYER,METRO-BILL,ULSD,3604.8,3666.1,97.8,delivered
BOL-2026-000911,2026-06-07 14:40:00,BMT,METRO-BMT,METRO-PAYER,METRO-BILL,ULSD,3112.4,3162.0,95.4,delivered
BOL-2026-000912,2026-06-19 14:55:00,BMT,METRO-BMT,METRO-PAYER,METRO-BILL,ULSD,6513.5,6613.7,94.2,delivered
BOL-2026-000913,2026-07-05 08:00:00,BMT,METRO-BMT,METRO-PAYER,METRO-BILL,ULSD,5153.9,5218.1,87.7,quality_hold
BOL-2026-000914,2026-06-25 12:55:00,BMT,METRO-BMT,METRO-PAYER,METRO-BILL,RBOB,7292.8,7439.2,89.1,delivered
BOL-2026-000915,2026-07-10 16:20:00,BMT,METRO-BMT,METRO-PAYER,METRO-BILL,ULSD,6431.3,6518.4,90.1,delivered
BOL-2026-000916,2026-07-06 12:05:00,BMT,METRO-BMT,METRO-PAYER,METRO-BILL,ULSD,6949.6,7020.6,82.7,delivered
BOL-2026-000917,2026-07-16 18:05:00,BMT,METRO-BMT,METRO-PAYER,METRO-BILL,ULSD,3624.3,3655.6,79.2,delivered
BOL-2026-000918,2026-07-14 17:45:00,BMT,METRO-BMT,METRO-PAYER,METRO-BILL,ULSD,7185.7,7276.2,88.0,delivered
BOL-2026-000919,2026-07-31 20:55:00,BMT,METRO-BMT,METRO-PAYER,METRO-BILL,RBOB,3692.9,3736.5,77.1,delivered
BOL-2026-000920,2026-06-10 21:40:00,BMT,METRO-BMT,METRO-PAYER,METRO-BILL,ULSD,5272.1,5347.8,91.9,delivered
BOL-2026-000921,2026-06-27 08:45:00,BMT,METRO-BMT,METRO-PAYER,METRO-BILL,RBOB,4774.0,4843.2,81.0,delivered
BOL-2026-000922,2026-06-09 14:25:00,BMT,METRO-BMT,METRO-PAYER,METRO-BILL,ULSD,6797.8,6851.0,77.4,delivered
BOL-2026-000923,2026-06-04 14:20:00,BMT,METRO-BMT,METRO-PAYER,METRO-BILL,ULSD,5346.2,5386.9,76.9,delivered
BOL-2026-000924,2026-07-25 18:35:00,BMT,METRO-BMT,METRO-PAYER,METRO-BILL,ULSD,7321.4,7429.5,92.8,delivered
BOL-2026-000925,2026-07-17 09:10:00,BMT,METRO-BMT,METRO-PAYER,METRO-BILL,ULSD,5159.7,5217.3,84.8,delivered
BOL-2026-000926,2026-06-24 18:30:00,BMT,METRO-BMT,METRO-PAYER,METRO-BILL,ULSD,5596.8,5690.0,97.0,delivered
BOL-2026-000927,2026-07-17 07:10:00,BMT,METRO-BMT,METRO-PAYER,METRO-BILL,ULSD,6821.6,6916.8,91.0,delivered
BOL-2026-000928,2026-06-09 07:15:00,BMT,METRO-BMT,METRO-PAYER,METRO-BILL,RBOB,6636.6,6806.0,97.0,delivered
BOL-2026-000929,2026-07-18 21:00:00,BMT,METRO-BMT,METRO-PAYER,METRO-BILL,ULSD,3862.8,3888.0,74.5,delivered
BOL-2026-000930,2026-06-18 19:05:00,BMT,METRO-BMT,METRO-PAYER,METRO-BILL,RBOB,4928.6,4980.0,75.1,delivered
BOL-2026-000931,2026-06-02 18:10:00,BMT,METRO-BMT,METRO-PAYER,METRO-BILL,ULSD,4523.4,4564.5,80.2,delivered
BOL-2026-000932,2026-06-08 10:20:00,BMT,METRO-BMT,METRO-PAYER,METRO-BILL,ULSD,3430.2,3463.2,81.4,delivered
BOL-2026-000933,2026-06-13 15:10:00,BMT,METRO-BMT,METRO-PAYER,METRO-BILL,ULSD,4871.7,4919.3,81.7,delivered
BOL-2026-000934,2026-06-24 17:05:00,BMT,METRO-BMT,METRO-PAYER,METRO-BILL,ULSD,5865.6,5917.6,79.7,delivered
BOL-2026-000935,2026-07-05 08:20:00,BMT,METRO-BMT,METRO-PAYER,METRO-BILL,ULSD,4954.0,5011.1,85.6,delivered
BOL-2026-000936,2026-06-17 05:20:00,BMT,METRO-BMT,METRO-PAYER,METRO-BILL,ULSD,3487.2,3537.9,92.3,delivered
BOL-2026-000937,2026-06-10 18:35:00,BMT,METRO-BMT,METRO-PAYER,METRO-BILL,ULSD,3976.6,4043.2,97.2,delivered
BOL-2026-000938,2026-07-31 12:40:00,BMT,METRO-BMT,METRO-PAYER,METRO-BILL,RBOB,5664.7,5723.3,75.0,delivered
BOL-2026-000939,2026-07-29 14:50:00,HSC,METRO-BMT,METRO-PAYER,METRO-BILL,RBOB,4311.9,4371.4,80.0,delivered
BOL-2026-000940,2026-07-31 11:45:00,BMT,METRO-BMT,METRO-PAYER,METRO-BILL,RBOB,3774.8,3844.6,86.8,delivered
BOL-2026-000941,2026-06-07 08:10:00,BMT,METRO-BMT,METRO-PAYER,METRO-BILL,ULSD,7215.7,7277.7,79.1,delivered
BOL-2026-000942,2026-07-21 15:50:00,BMT,METRO-BMT,METRO-PAYER,METRO-BILL,ULSD,5173.0,5219.3,79.9,delivered
BOL-2026-000943,2026-06-25 19:45:00,BMT,METRO-BMT,METRO-PAYER,METRO-BILL,ULSD,3641.9,3701.1,96.1,delivered
BOL-2026-000944,2026-06-01 05:50:00,BMT,METRO-BMT,METRO-PAYER,METRO-BILL,ULSD,6343.2,6416.6,85.7,delivered
BOL-2026-000945,2026-06-06 07:40:00,BMT,METRO-BMT,METRO-PAYER,METRO-BILL,ULSD,6223.7,6308.0,90.1,delivered
BOL-2026-000946,2026-07-22 16:30:00,BMT,METRO-BMT,METRO-PAYER,METRO-BILL,ULSD,6345.7,6386.2,74.2,delivered
BOL-2026-000947,2026-07-28 19:00:00,HSC,METRO-BMT,METRO-PAYER,METRO-BILL,ULSD,6266.7,6354.1,91.0,delivered
BOL-2026-000948,2026-07-22 14:55:00,BMT,METRO-BMT,METRO-PAYER,METRO-BILL,ULSD,7643.0,7694.2,74.9,delivered
BOL-2026-000949,2026-07-16 11:00:00,BMT,METRO-BMT,METRO-PAYER,METRO-BILL,ULSD,4901.2,4978.2,94.9,delivered
BOL-2026-000950,2026-07-05 11:50:00,BMT,METRO-BMT,METRO-PAYER,METRO-BILL,ULSD,5894.3,5942.6,78.2,delivered
BOL-2026-000951,2026-07-18 09:20:00,BMT,METRO-BMT,METRO-PAYER,METRO-BILL,RBOB,7228.8,7385.9,91.5,delivered
BOL-2026-000952,2026-07-23 05:55:00,BMT,METRO-BMT,METRO-PAYER,METRO-BILL,ULSD,6267.3,6366.6,95.2,quality_hold
BOL-2026-000953,2026-07-01 06:25:00,BMT,METRO-BMT,METRO-PAYER,METRO-BILL,ULSD,4315.4,4374.2,90.3,delivered
BOL-2026-000954,2026-06-26 06:55:00,BMT,METRO-BMT,METRO-PAYER,METRO-BILL,ULSD,5016.3,5072.3,84.8,quality_hold
BOL-2026-000955,2026-06-14 07:45:00,BMT,METRO-BMT,METRO-PAYER,METRO-BILL,RBOB,4083.0,4168.9,90.5,delivered
BOL-2026-000956,2026-07-27 11:10:00,BMT,METRO-BMT,METRO-PAYER,METRO-BILL,ULSD,6001.4,6041.1,74.7,delivered
BOL-2026-000957,2026-06-02 15:20:00,BMT,METRO-BMT,METRO-PAYER,METRO-BILL,ULSD,7602.3,7718.6,94.0,delivered
BOL-2026-000958,2026-07-06 12:05:00,BMT,METRO-BMT,METRO-PAYER,METRO-BILL,ULSD,6667.7,6754.7,89.0,delivered
BOL-2026-000959,2026-06-07 06:00:00,BMT,METRO-BMT,METRO-PAYER,METRO-BILL,ULSD,6328.1,6421.5,92.8,delivered
BOL-2026-000960,2026-07-21 06:20:00,BMT,METRO-BMT,METRO-PAYER,METRO-BILL,ULSD,3488.8,3512.8,75.3,delivered
BOL-2026-000961,2026-07-24 17:05:00,BMT,METRO-BMT,METRO-PAYER,METRO-BILL,ULSD,7150.0,7255.9,92.9,delivered
BOL-2026-000962,2026-07-02 19:30:00,BMT,METRO-BMT,METRO-PAYER,METRO-BILL,RBOB,4630.2,4746.8,96.5,delivered
BOL-2026-000963,2026-07-02 15:45:00,BMT,METRO-BMT,METRO-PAYER,METRO-BILL,ULSD,5856.8,5897.9,75.6,delivered
BOL-2026-000964,2026-06-14 09:50:00,BMT,METRO-BMT,METRO-PAYER,METRO-BILL,ULSD,5310.7,5379.8,88.9,delivered
BOL-2026-000965,2026-06-10 06:00:00,BMT,METRO-BMT,METRO-PAYER,METRO-BILL,ULSD,5463.0,5535.8,89.6,delivered
BOL-2026-000966,2026-07-09 09:10:00,BMT,METRO-BMT,METRO-PAYER,METRO-BILL,ULSD,4397.1,4470.9,97.3,delivered
BOL-2026-000967,2026-07-13 09:00:00,BMT,METRO-BMT,METRO-PAYER,METRO-BILL,ULSD,5685.4,5724.5,75.3,delivered
BOL-2026-000968,2026-07-30 11:05:00,BMT,METRO-BMT,METRO-PAYER,METRO-BILL,ULSD,6335.0,6442.2,97.6,delivered
BOL-2026-000969,2026-06-24 15:45:00,BMT,METRO-BMT,METRO-PAYER,METRO-BILL,ULSD,3503.3,3558.5,95.0,delivered
BOL-2026-000970,2026-07-05 05:50:00,BMT,METRO-BMT,METRO-PAYER,METRO-BILL,ULSD,5994.8,6047.9,79.7,delivered
BOL-2026-000971,2026-07-29 15:55:00,BMT,METRO-BMT,METRO-PAYER,METRO-BILL,ULSD,6965.2,7009.7,74.2,quality_hold
BOL-2026-000972,2026-06-26 08:10:00,BMT,METRO-BMT,METRO-PAYER,METRO-BILL,ULSD,5811.3,5896.0,92.4,quality_hold
BOL-2026-000973,2026-06-03 11:20:00,BMT,METRO-BMT,METRO-PAYER,METRO-BILL,ULSD,6450.4,6514.8,82.2,delivered
BOL-2026-000974,2026-06-13 05:10:00,BMT,METRO-BMT,METRO-PAYER,METRO-BILL,RBOB,3100.8,3165.6,90.3,delivered
BOL-2026-000975,2026-07-20 08:25:00,BMT,METRO-BMT,METRO-PAYER,METRO-BILL,RBOB,4152.7,4248.4,93.4,delivered
BOL-2026-000976,2026-07-28 18:55:00,BMT,METRO-BMT,METRO-PAYER,METRO-BILL,ULSD,7435.9,7546.7,93.1,delivered
BOL-2026-000977,2026-06-28 16:25:00,BMT,METRO-BMT,METRO-PAYER,METRO-BILL,ULSD,4173.8,4202.2,75.1,delivered
BOL-2026-000978,2026-06-14 14:10:00,BMT,METRO-BMT,METRO-PAYER,METRO-BILL,ULSD,6818.9,6926.0,94.9,delivered
BOL-2026-000979,2026-07-30 20:15:00,BMT,METRO-BMT,METRO-PAYER,METRO-BILL,ULSD,6796.8,6884.9,88.8,delivered
BOL-2026-000980,2026-06-28 21:25:00,BMT,METRO-BMT,METRO-PAYER,METRO-BILL,ULSD,4544.8,4591.8,83.0,delivered
BOL-2026-000981,2026-07-16 20:35:00,BMT,METRO-BMT,METRO-PAYER,METRO-BILL,ULSD,7421.7,7515.2,88.0,quality_hold
BOL-2026-000982,2026-06-16 11:35:00,BMT,METRO-BMT,METRO-PAYER,METRO-BILL,RBOB,4468.8,4577.6,95.3,delivered
BOL-2026-000983,2026-07-28 16:20:00,BMT,METRO-BMT,METRO-PAYER,METRO-BILL,ULSD,3403.3,3441.1,84.7,delivered
BOL-2026-000984,2026-07-09 19:40:00,BMT,METRO-BMT,METRO-PAYER,METRO-BILL,ULSD,5244.2,5300.4,83.8,delivered
BOL-2026-000985,2026-06-23 17:00:00,BMT,METRO-BMT,METRO-PAYER,METRO-BILL,ULSD,6097.7,6159.7,82.6,delivered
BOL-2026-000986,2026-07-23 21:40:00,BMT,METRO-BMT,METRO-PAYER,METRO-BILL,ULSD,7447.7,7502.7,76.4,delivered
BOL-2026-000987,2026-06-03 11:25:00,BMT,METRO-BMT,METRO-PAYER,METRO-BILL,ULSD,4453.0,4520.3,93.6,delivered
BOL-2026-000988,2026-06-20 09:55:00,BMT,METRO-BMT,METRO-PAYER,METRO-BILL,ULSD,3041.0,3070.0,81.2,delivered
BOL-2026-000989,2026-07-20 17:30:00,BMT,METRO-BMT,METRO-PAYER,METRO-BILL,RBOB,3057.1,3119.7,89.7,delivered
BOL-2026-000990,2026-07-29 17:15:00,BMT,METRO-BMT,METRO-PAYER,METRO-BILL,ULSD,5277.3,5340.0,86.4,delivered
BOL-2026-000991,2026-07-19 19:25:00,BMT,METRO-BMT,METRO-PAYER,METRO-BILL,ULSD,3901.7,3958.8,92.5,delivered
BOL-2026-000992,2026-06-16 19:40:00,BMT,METRO-BMT,METRO-PAYER,METRO-BILL,ULSD,7194.0,7263.0,81.3,delivered
BOL-2026-000993,2026-07-05 16:25:00,BMT,METRO-BMT,METRO-PAYER,METRO-BILL,ULSD,6612.6,6708.7,92.3,delivered
BOL-2026-000994,2026-06-22 05:45:00,BMT,METRO-BMT,METRO-PAYER,METRO-BILL,ULSD,3737.7,3799.8,96.9,delivered
BOL-2026-000995,2026-07-12 17:30:00,BMT,METRO-BMT,METRO-PAYER,METRO-BILL,ULSD,5565.6,5611.9,78.5,delivered
BOL-2026-000996,2026-07-09 19:50:00,BMT,METRO-BMT,METRO-PAYER,METRO-BILL,RBOB,3500.7,3566.6,87.3,quality_hold
BOL-2026-000997,2026-07-15 20:00:00,BMT,METRO-BMT,METRO-PAYER,METRO-BILL,ULSD,7622.4,7693.7,80.8,delivered
BOL-2026-000998,2026-07-13 07:35:00,BMT,METRO-BMT,METRO-PAYER,METRO-BILL,ULSD,3824.8,3884.4,94.6,delivered
BOL-2026-000999,2026-06-12 08:10:00,BMT,METRO-BMT,METRO-PAYER,METRO-BILL,ULSD,3330.1,3385.4,96.9,delivered
BOL-2026-001000,2026-06-10 11:20:00,BMT,METRO-BMT,METRO-PAYER,METRO-BILL,ULSD,5278.9,5346.6,88.5,delivered
BOL-2026-001001,2026-07-10 21:55:00,BMT,METRO-BMT,METRO-PAYER,METRO-BILL,ULSD,3035.7,3059.5,77.4,delivered
BOL-2026-001002,2026-06-29 12:40:00,BMT,METRO-BMT,METRO-PAYER,METRO-BILL,ULSD,5356.6,5417.1,85.1,quality_hold
BOL-2026-001003,2026-06-07 19:25:00,BMT,METRO-BMT,METRO-PAYER,METRO-BILL,ULSD,4427.8,4485.0,88.7,delivered
BOL-2026-001004,2026-06-13 12:10:00,BMT,METRO-BMT,METRO-PAYER,METRO-BILL,RBOB,5197.6,5326.3,95.9,delivered
BOL-2026-001005,2026-07-09 17:55:00,BMT,METRO-BMT,METRO-PAYER,METRO-BILL,RBOB,7178.6,7280.6,80.6,delivered
BOL-2026-001006,2026-06-21 07:55:00,BMT,METRO-BMT,METRO-PAYER,METRO-BILL,ULSD,7361.9,7441.1,83.9,delivered
BOL-2026-001007,2026-06-09 16:05:00,BMT,METRO-BMT,METRO-PAYER,METRO-BILL,ULSD,6741.7,6813.9,83.8,delivered
BOL-2026-001008,2026-06-15 06:35:00,BMT,METRO-BMT,METRO-PAYER,METRO-BILL,ULSD,6243.0,6313.5,85.1,delivered
BOL-2026-001009,2026-06-29 11:30:00,BMT,METRO-BMT,METRO-PAYER,METRO-BILL,ULSD,6403.7,6453.6,77.3,delivered
BOL-2026-001010,2026-07-03 19:05:00,BMT,METRO-BMT,METRO-PAYER,METRO-BILL,ULSD,6425.2,6496.0,84.5,delivered
BOL-2026-001011,2026-06-21 10:10:00,BMT,METRO-BMT,METRO-PAYER,METRO-BILL,RBOB,3850.7,3895.9,77.0,delivered
BOL-2026-001012,2026-06-13 05:50:00,BMT,METRO-BMT,METRO-PAYER,METRO-BILL,ULSD,3854.1,3908.0,91.1,delivered
BOL-2026-001013,2026-07-07 19:55:00,BMT,METRO-BMT,METRO-PAYER,METRO-BILL,ULSD,5509.8,5583.9,89.9,delivered
BOL-2026-001014,2026-06-08 14:35:00,HSC,METRO-BMT,METRO-PAYER,METRO-BILL,ULSD,6682.1,6791.3,96.3,delivered
BOL-2026-001015,2026-06-18 07:00:00,BMT,METRO-BMT,METRO-PAYER,METRO-BILL,ULSD,4618.2,4656.9,78.6,delivered
BOL-2026-001016,2026-06-16 08:50:00,BMT,METRO-BMT,METRO-PAYER,METRO-BILL,ULSD,4995.3,5032.6,76.6,delivered
BOL-2026-001017,2026-07-08 11:45:00,BMT,METRO-BMT,METRO-PAYER,METRO-BILL,ULSD,7506.8,7563.9,76.9,delivered
BOL-2026-001018,2026-06-26 10:00:00,BMT,METRO-BMT,METRO-PAYER,METRO-BILL,ULSD,4868.1,4922.9,85.0,delivered
BOL-2026-001019,2026-07-22 16:00:00,BMT,METRO-BMT,METRO-PAYER,METRO-BILL,ULSD,4447.4,4504.2,88.4,delivered
BOL-2026-001020,2026-06-08 10:20:00,BMT,METRO-BMT,METRO-PAYER,METRO-BILL,RBOB,7710.8,7874.1,90.7,delivered
BOL-2026-001021,2026-07-30 09:25:00,HSC,GCA,GCA,GCA,JETA,8251.1,8408.9,97.5,delivered
BOL-2026-001022,2026-06-05 05:45:00,HSC,GCA,GCA,GCA,JETA,6697.0,6805.6,91.8,delivered
BOL-2026-001023,2026-07-16 05:15:00,HSC,GCA,GCA,GCA,JETA,3291.7,3324.8,79.7,delivered
BOL-2026-001024,2026-06-18 07:00:00,HSC,GCA,GCA,GCA,JETA,3977.7,4024.4,83.0,delivered
BOL-2026-001025,2026-06-18 19:55:00,HSC,GCA,GCA,GCA,JETA,4994.3,5078.1,92.9,quality_hold
BOL-2026-001026,2026-07-20 18:50:00,HSC,GCA,GCA,GCA,JETA,4215.3,4283.2,91.6,delivered
BOL-2026-001027,2026-06-15 06:50:00,HSC,GCA,GCA,GCA,JETA,8327.2,8409.2,79.3,delivered
BOL-2026-001028,2026-07-06 10:35:00,HSC,GCA,GCA,GCA,JETA,6526.5,6649.3,96.9,quality_hold
BOL-2026-001029,2026-07-31 11:10:00,HSC,GCA,GCA,GCA,JETA,9514.7,9691.3,96.4,delivered
BOL-2026-001030,2026-06-06 19:20:00,HSC,GCA,GCA,GCA,JETA,5931.3,6017.5,88.5,delivered
BOL-2026-001031,2026-07-09 11:20:00,HSC,GCA,GCA,GCA,JETA,10568.9,10690.7,82.6,delivered
BOL-2026-001032,2026-07-03 18:40:00,HSC,GCA,GCA,GCA,JETA,3571.7,3638.9,96.9,delivered
BOL-2026-001033,2026-07-19 18:05:00,HSC,GCA,GCA,GCA,JETA,7437.6,7504.7,77.7,delivered
BOL-2026-001034,2026-06-19 19:20:00,HSC,GCA,GCA,GCA,JETA,7533.0,7593.3,75.7,delivered
BOL-2026-001035,2026-07-03 09:15:00,HSC,GCA,GCA,GCA,JETA,8627.2,8728.4,83.0,delivered
BOL-2026-001036,2026-06-30 17:55:00,HSC,GCA,GCA,GCA,JETA,7841.2,7953.6,88.1,delivered
BOL-2026-001037,2026-06-03 08:30:00,HSC,GCA,GCA,GCA,JETA,8914.0,9082.2,97.0,delivered
BOL-2026-001038,2026-07-18 16:40:00,HSC,GCA,GCA,GCA,JETA,5440.0,5482.7,75.4,delivered
BOL-2026-001039,2026-07-01 12:15:00,HSC,GCA,GCA,GCA,JETA,5380.4,5465.5,91.0,quality_hold
BOL-2026-001040,2026-07-14 09:20:00,HSC,GCA,GCA,GCA,JETA,3496.8,3532.3,79.9,delivered
BOL-2026-001041,2026-07-14 10:00:00,HSC,GCA,GCA,GCA,JETA,8462.2,8562.3,83.2,delivered
BOL-2026-001042,2026-07-30 07:40:00,HSC,GCA,GCA,GCA,JETA,3659.2,3704.4,84.2,delivered
BOL-2026-001043,2026-07-05 17:45:00,HSC,GCA,GCA,GCA,JETA,9912.3,10071.5,91.5,quality_hold
BOL-2026-001044,2026-07-12 16:10:00,HSC,GCA,GCA,GCA,JETA,8785.0,8923.0,90.8,quality_hold
BOL-2026-001045,2026-06-13 20:00:00,HSC,GCA,GCA,GCA,JETA,5877.0,5948.9,84.0,delivered
BOL-2026-001046,2026-07-01 10:25:00,HSC,GCA,GCA,GCA,JETA,6480.9,6567.2,86.1,delivered
BOL-2026-001047,2026-07-08 11:10:00,HSC,GCA,GCA,GCA,JETA,9320.8,9409.2,78.6,delivered
BOL-2026-001048,2026-07-25 19:50:00,HSC,GCA,GCA,GCA,JETA,7800.6,7863.9,75.9,quality_hold
BOL-2026-001049,2026-06-09 07:25:00,HSC,GCA,GCA,GCA,JETA,6469.7,6576.3,92.3,quality_hold
BOL-2026-001050,2026-06-20 05:50:00,HSC,GCA,GCA,GCA,JETA,3052.2,3093.5,86.5,quality_hold
BOL-2026-001051,2026-07-10 13:35:00,HSC,GCA,GCA,GCA,JETA,5979.2,6049.0,82.9,delivered
BOL-2026-001052,2026-07-31 12:25:00,HSC,GCA,GCA,GCA,JETA,2703.7,2734.7,82.5,delivered
BOL-2026-001053,2026-06-08 19:55:00,HSC,GCA,GCA,GCA,JETA,10340.3,10417.3,74.6,delivered
BOL-2026-001054,2026-07-07 12:25:00,HSC,GCA,GCA,GCA,JETA,9854.7,9987.4,86.4,delivered
BOL-2026-001055,2026-06-01 15:00:00,HSC,GCA,GCA,GCA,JETA,10732.5,10906.0,91.7,delivered
BOL-2026-001056,2026-06-17 20:30:00,HSC,GCA,GCA,GCA,JETA,5265.3,5363.3,96.5,delivered
BOL-2026-001057,2026-07-04 08:55:00,HSC,GCA,GCA,GCA,JETA,8465.1,8615.8,94.9,delivered
BOL-2026-001058,2026-07-20 21:00:00,HSC,GCA,GCA,GCA,JETA,4851.9,4926.6,90.2,delivered
BOL-2026-001059,2026-07-25 10:35:00,HSC,GCA,GCA,GCA,JETA,6957.9,7028.2,79.8,delivered
BOL-2026-001060,2026-07-29 07:05:00,HSC,GCA,GCA,GCA,JETA,3610.1,3676.9,96.3,delivered
BOL-2026-001061,2026-07-19 12:55:00,HSC,GCA,GCA,GCA,JETA,10098.1,10185.7,77.0,delivered
BOL-2026-001062,2026-07-07 20:05:00,HSC,GCA,GCA,GCA,JETA,4169.5,4228.6,87.8,delivered
BOL-2026-001063,2026-06-05 15:30:00,HSC,GCA,GCA,GCA,JETA,8580.2,8710.2,89.7,delivered
BOL-2026-001064,2026-07-30 18:15:00,HSC,GCA,GCA,GCA,JETA,2971.6,2996.0,76.1,delivered
BOL-2026-001065,2026-07-28 08:45:00,HSC,GCA,GCA,GCA,JETA,10595.8,10746.0,87.8,quality_hold
BOL-2026-001066,2026-06-05 11:30:00,HSC,GCA,GCA,GCA,JETA,5412.2,5495.8,90.3,delivered
BOL-2026-001067,2026-07-06 12:05:00,HSC,GCA,GCA,GCA,JETA,6253.3,6309.1,77.5,delivered
BOL-2026-001068,2026-07-23 20:50:00,HSC,GCA,GCA,GCA,JETA,3483.7,3537.0,90.0,delivered
BOL-2026-001069,2026-07-16 15:20:00,HSC,GCA,GCA,GCA,JETA,4606.4,4687.0,94.3,delivered
BOL-2026-001070,2026-07-12 11:35:00,HSC,GCA,GCA,GCA,JETA,2717.6,2763.9,93.4,delivered
BOL-2026-001071,2026-07-16 12:55:00,HSC,GCA,GCA,GCA,JETA,9029.1,9188.4,94.6,delivered
BOL-2026-001072,2026-06-22 10:00:00,HSC,GCA,GCA,GCA,JETA,8165.5,8322.9,97.8,delivered
BOL-2026-001073,2026-06-29 21:55:00,HSC,GCA,GCA,GCA,JETA,3916.8,3985.9,94.6,delivered
BOL-2026-001074,2026-06-10 06:55:00,HSC,GCA,GCA,GCA,JETA,7279.0,7370.3,84.6,delivered
BOL-2026-001075,2026-07-26 11:15:00,HSC,GCA,GCA,GCA,JETA,7930.9,8022.7,82.7,delivered
BOL-2026-001076,2026-06-08 09:30:00,HSC,GCA,GCA,GCA,JETA,9606.6,9784.0,96.2,delivered
BOL-2026-001077,2026-07-30 10:00:00,HSC,GCA,GCA,GCA,JETA,5178.7,5243.1,84.4,delivered
BOL-2026-001078,2026-07-17 12:00:00,HSC,GCA,GCA,GCA,JETA,4863.7,4933.9,88.3,delivered
BOL-2026-001079,2026-07-18 07:35:00,HSC,GCA,GCA,GCA,JETA,4621.9,4691.9,89.7,delivered
BOL-2026-001080,2026-06-09 07:05:00,HSC,GCA,GCA,GCA,JETA,6685.8,6735.6,74.6,delivered
BOL-2026-001081,2026-07-09 13:55:00,HSC,GCA,GCA,GCA,JETA,3793.7,3843.2,85.6,delivered
BOL-2026-001082,2026-07-01 09:05:00,HSC,GCA,GCA,GCA,JETA,9787.5,9921.8,86.9,delivered
BOL-2026-001083,2026-07-16 17:40:00,HSC,GCA,GCA,GCA,JETA,6864.8,6919.1,75.5,delivered
BOL-2026-001084,2026-07-07 08:15:00,HSC,GCA,GCA,GCA,JETA,3789.8,3844.7,88.4,delivered
BOL-2026-001085,2026-07-08 15:05:00,HSC,GCA,GCA,GCA,JETA,7943.2,8008.4,76.1,delivered
BOL-2026-001086,2026-07-18 07:05:00,HSC,GCA,GCA,GCA,JETA,6991.0,7077.3,84.2,delivered
BOL-2026-001087,2026-06-01 14:00:00,HSC,GCA,GCA,GCA,JETA,9088.7,9226.8,89.8,delivered
BOL-2026-001088,2026-07-09 15:40:00,HSC,GCA,GCA,GCA,JETA,7534.3,7635.4,86.3,delivered
BOL-2026-001089,2026-07-14 06:15:00,HSC,GCA,GCA,GCA,JETA,9733.5,9828.8,79.2,delivered
BOL-2026-001090,2026-07-08 16:20:00,HSC,GCA,GCA,GCA,JETA,2854.4,2883.7,80.1,delivered
BOL-2026-001091,2026-07-26 17:35:00,HSC,GCA,GCA,GCA,JETA,5943.0,6036.0,90.7,delivered
BOL-2026-001092,2026-06-06 13:50:00,HSC,GCA,GCA,GCA,JETA,5474.9,5558.1,89.8,delivered
BOL-2026-001093,2026-07-10 18:10:00,HSC,GCA,GCA,GCA,JETA,5534.7,5639.4,97.1,delivered
BOL-2026-001094,2026-06-20 08:50:00,HSC,GCA,GCA,GCA,JETA,7833.6,7924.3,82.7,delivered
BOL-2026-001095,2026-06-20 12:20:00,HSC,GCA,GCA,GCA,JETA,10725.2,10851.6,83.1,delivered
BOL-2026-001096,2026-07-28 10:40:00,HSC,GCA,GCA,GCA,JETA,9427.8,9551.9,85.8,delivered
BOL-2026-001097,2026-07-16 14:40:00,HSC,GCA,GCA,GCA,JETA,2622.1,2651.0,81.6,delivered
BOL-2026-001098,2026-06-13 17:35:00,HSC,GCA,GCA,GCA,JETA,8242.6,8373.3,91.1,delivered
BOL-2026-001099,2026-06-11 13:00:00,HSC,GCA,GCA,GCA,JETA,5457.3,5548.3,92.7,delivered
BOL-2026-001100,2026-07-01 19:10:00,HSC,GCA,GCA,GCA,JETA,6324.3,6391.7,80.9,delivered
BOL-2026-001101,2026-07-06 12:20:00,HSC,GCA,GCA,GCA,JETA,4889.8,4970.8,92.5,delivered
BOL-2026-001102,2026-07-12 07:55:00,HSC,GCA,GCA,GCA,JETA,7262.8,7322.1,76.0,delivered
BOL-2026-001103,2026-07-28 05:30:00,HSC,GCA,GCA,GCA,JETA,3400.6,3445.5,85.9,delivered
BOL-2026-001104,2026-07-14 08:30:00,HSC,GCA,GCA,GCA,JETA,9516.3,9585.2,74.2,delivered
BOL-2026-001105,2026-07-07 16:15:00,HSC,GCA,GCA,GCA,JETA,10300.0,10499.6,98.0,delivered
BOL-2026-001106,2026-07-15 06:45:00,HSC,GCA,GCA,GCA,JETA,10385.6,10556.7,92.3,delivered
BOL-2026-001107,2026-06-13 16:10:00,HSC,GCA,GCA,GCA,JETA,5920.0,5989.7,83.1,delivered
BOL-2026-001108,2026-06-09 12:40:00,HSC,GCA,GCA,GCA,JETA,4752.6,4814.6,85.6,delivered
BOL-2026-001109,2026-06-01 17:15:00,HSC,GCA,GCA,GCA,JETA,10640.4,10783.7,86.4,delivered
BOL-2026-001110,2026-07-28 20:00:00,HSC,GCA,GCA,GCA,JETA,5091.3,5149.7,82.5,quality_hold
BOL-2026-001111,2026-07-26 10:30:00,HSC,GCA,GCA,GCA,JETA,6530.0,6583.3,76.0,delivered
BOL-2026-001112,2026-06-12 08:35:00,HSC,GCA,GCA,GCA,JETA,4401.2,4458.0,85.3,delivered
BOL-2026-001113,2026-06-27 10:40:00,HSC,GCA,GCA,GCA,JETA,6059.4,6164.8,94.1,delivered
BOL-2026-001114,2026-06-26 18:00:00,HSC,GCA,GCA,GCA,JETA,3946.5,3983.7,78.5,quality_hold
BOL-2026-001115,2026-06-29 15:00:00,HSC,GCA,GCA,GCA,JETA,6417.8,6516.0,90.0,delivered
BOL-2026-001116,2026-07-01 20:50:00,HSC,GCA,GCA,GCA,JETA,8926.7,9087.0,95.2,delivered
BOL-2026-001117,2026-07-27 17:10:00,HSC,GCA,GCA,GCA,JETA,2386.1,2407.6,77.7,delivered
BOL-2026-001118,2026-07-19 12:00:00,HSC,GCA,GCA,GCA,JETA,10792.7,10967.2,91.7,delivered
BOL-2026-001119,2026-06-21 20:05:00,HSC,GCA,GCA,GCA,JETA,3542.0,3589.5,86.3,delivered
BOL-2026-001120,2026-07-19 13:55:00,HSC,GCA,GCA,GCA,JETA,3946.0,4008.4,91.0,delivered
BOL-2026-001121,2026-07-16 21:45:00,HSC,GCA,GCA,GCA,JETA,7402.5,7512.7,89.2,delivered
BOL-2026-001122,2026-06-10 06:20:00,HSC,GCA,GCA,GCA,JETA,5951.5,6038.9,88.8,delivered
BOL-2026-001123,2026-06-04 18:40:00,HSC,GCA,GCA,GCA,JETA,4236.6,4284.4,82.1,delivered
BOL-2026-001124,2026-07-05 06:20:00,HSC,GCA,GCA,GCA,JETA,10498.4,10664.9,91.1,delivered
BOL-2026-001125,2026-07-26 10:00:00,HSC,GCA,GCA,GCA,JETA,5030.4,5083.8,80.8,delivered
BOL-2026-001126,2026-07-11 18:10:00,HSC,GCA,GCA,GCA,JETA,5141.7,5185.5,76.7,delivered
BOL-2026-001127,2026-07-15 09:25:00,HSC,GCA,GCA,GCA,JETA,8737.8,8863.0,88.1,delivered
BOL-2026-001128,2026-06-18 13:15:00,HSC,GCA,GCA,GCA,JETA,3136.0,3182.5,89.1,delivered
BOL-2026-001129,2026-06-03 11:15:00,HSC,GCA,GCA,GCA,JETA,2858.9,2898.4,87.1,delivered
BOL-2026-001130,2026-07-17 11:40:00,HSC,GCA,GCA,GCA,JETA,3887.0,3940.9,87.2,delivered
BOL-2026-001131,2026-07-25 16:25:00,HSC,GCA,GCA,GCA,JETA,10215.5,10296.8,75.6,delivered
BOL-2026-001132,2026-07-28 21:00:00,HSC,GCA,GCA,GCA,JETA,10713.9,10828.6,81.0,delivered
BOL-2026-001133,2026-06-05 11:55:00,HSC,GCA,GCA,GCA,JETA,6885.7,6978.1,86.3,quality_hold
BOL-2026-001134,2026-07-02 21:30:00,HSC,GCA,GCA,GCA,JETA,7543.5,7616.6,79.0,quality_hold
BOL-2026-001135,2026-07-09 05:40:00,HSC,GCA,GCA,GCA,JETA,6820.6,6894.7,81.3,delivered
BOL-2026-001136,2026-07-16 08:10:00,HSC,GCA,GCA,GCA,JETA,4768.2,4839.7,89.4,delivered
BOL-2026-001137,2026-06-20 09:20:00,HSC,GCA,GCA,GCA,JETA,10824.2,11032.3,97.7,delivered
BOL-2026-001138,2026-06-09 16:50:00,HSC,GCA,GCA,GCA,JETA,2932.6,2978.8,90.9,delivered
BOL-2026-001139,2026-07-17 18:45:00,HSC,GCA,GCA,GCA,JETA,7708.4,7764.2,74.2,delivered
BOL-2026-001140,2026-07-17 13:10:00,DAL,GCA,GCA,GCA,JETA,8558.9,8692.0,90.5,delivered
BOL-2026-001141,2026-06-19 11:35:00,HSC,GCA,GCA,GCA,JETA,7318.6,7443.3,93.4,delivered
BOL-2026-001142,2026-06-12 12:55:00,HSC,GCA,GCA,GCA,JETA,10139.1,10222.9,76.2,delivered
BOL-2026-001143,2026-06-14 10:15:00,HSC,GCA,GCA,GCA,JETA,3787.6,3827.8,80.8,delivered
BOL-2026-001144,2026-07-25 17:50:00,HSC,GCA,GCA,GCA,JETA,2834.0,2862.8,79.9,delivered
BOL-2026-001145,2026-07-30 08:55:00,HSC,GCA,GCA,GCA,JETA,9310.3,9445.6,88.5,delivered
BOL-2026-001146,2026-06-02 05:50:00,HSC,GCA,GCA,GCA,JETA,8977.0,9070.4,80.4,delivered
BOL-2026-001147,2026-07-10 05:05:00,HSC,GCA,GCA,GCA,JETA,9703.9,9783.1,76.0,delivered
BOL-2026-001148,2026-07-19 19:10:00,HSC,GCA,GCA,GCA,JETA,4345.5,4405.3,87.0,delivered
BOL-2026-001149,2026-07-07 05:00:00,HSC,GCA,GCA,GCA,JETA,6701.6,6818.1,94.1,delivered
BOL-2026-001150,2026-07-27 05:15:00,HSC,GCA,GCA,GCA,JETA,7967.2,8046.0,79.4,delivered
BOL-2026-001151,2026-06-28 08:35:00,HSC,GCA,GCA,GCA,JETA,3095.3,3153.6,96.9,delivered
BOL-2026-001152,2026-07-11 08:25:00,HSC,GCA,GCA,GCA,JETA,10081.2,10227.7,88.5,delivered
BOL-2026-001153,2026-07-07 10:50:00,HSC,GCA,GCA,GCA,JETA,8247.0,8369.0,89.0,delivered
BOL-2026-001154,2026-07-25 13:35:00,HSC,GCA,GCA,GCA,JETA,9334.3,9482.4,91.1,quality_hold
BOL-2026-001155,2026-06-01 09:50:00,HSC,GCA,GCA,GCA,JETA,6130.9,6234.4,93.1,delivered
BOL-2026-001156,2026-07-22 08:45:00,HSC,GCA,GCA,GCA,JETA,3473.1,3511.7,81.8,delivered
BOL-2026-001157,2026-07-19 16:25:00,HSC,GCA,GCA,GCA,JETA,10761.1,10917.0,88.4,delivered
BOL-2026-001158,2026-06-10 12:30:00,HSC,GCA,GCA,GCA,JETA,6897.2,6991.5,86.8,delivered
BOL-2026-001159,2026-06-28 18:40:00,HSC,GCA,GCA,GCA,JETA,8784.9,8923.3,90.9,delivered
BOL-2026-001160,2026-06-01 05:25:00,HSC,GCA,GCA,GCA,JETA,10304.0,10384.9,75.4,delivered
BOL-2026-001161,2026-07-23 09:20:00,HSC,GCA,GCA,GCA,JETA,7053.2,7184.1,96.4,delivered
BOL-2026-001162,2026-06-16 12:00:00,HSC,GCA,GCA,GCA,JETA,8322.9,8396.8,77.4,delivered
BOL-2026-001163,2026-07-15 18:25:00,HSC,GCA,GCA,GCA,JETA,7318.1,7412.9,85.4,delivered
BOL-2026-001164,2026-06-12 09:25:00,HSC,GCA,GCA,GCA,JETA,2309.8,2349.7,93.9,delivered
BOL-2026-001165,2026-07-19 20:55:00,HSC,GCA,GCA,GCA,JETA,10549.1,10685.2,85.3,delivered
BOL-2026-001166,2026-07-02 05:20:00,HSC,GCA,GCA,GCA,JETA,7853.6,7967.8,88.5,delivered
BOL-2026-001167,2026-06-12 17:30:00,HSC,GCA,GCA,GCA,JETA,7076.6,7198.9,93.9,delivered
BOL-2026-001168,2026-07-05 12:30:00,HSC,GCA,GCA,GCA,JETA,3009.0,3044.4,83.1,delivered
BOL-2026-001169,2026-07-18 17:45:00,HSC,GCA,GCA,GCA,JETA,9438.0,9618.0,97.4,delivered
BOL-2026-001170,2026-06-06 19:35:00,HSC,GCA,GCA,GCA,JETA,9479.8,9566.8,78.0,delivered
BOL-2026-001171,2026-07-13 11:20:00,HSC,GCA,GCA,GCA,JETA,7508.1,7639.4,94.3,quality_hold
BOL-2026-001172,2026-06-21 08:05:00,DAL,GCA,GCA,GCA,JETA,3852.1,3889.0,78.8,delivered
BOL-2026-001173,2026-06-18 07:45:00,HSC,GCA,GCA,GCA,JETA,9154.0,9224.5,75.1,delivered
BOL-2026-001174,2026-07-28 05:25:00,HSC,GCA,GCA,GCA,JETA,6601.9,6674.3,81.5,delivered
BOL-2026-001175,2026-06-26 09:55:00,HSC,GCA,GCA,GCA,JETA,10089.3,10223.6,86.1,delivered
BOL-2026-001176,2026-07-20 05:45:00,HSC,GCA,GCA,GCA,JETA,9845.5,9920.3,74.9,delivered
BOL-2026-001177,2026-07-15 07:50:00,HSC,GCA,GCA,GCA,JETA,9982.7,10152.7,93.4,delivered
BOL-2026-001178,2026-07-19 10:40:00,HSC,GCA,GCA,GCA,JETA,7932.3,8079.2,96.3,delivered
BOL-2026-001179,2026-07-20 15:20:00,HSC,GCA,GCA,GCA,JETA,5991.9,6100.1,95.4,delivered
BOL-2026-001180,2026-06-28 11:45:00,HSC,GCA,GCA,GCA,JETA,7188.7,7327.7,97.9,delivered
BOL-2026-001181,2026-06-02 14:40:00,HSC,GCA,GCA,GCA,JETA,10077.2,10210.8,86.0,delivered
BOL-2026-001182,2026-06-13 14:10:00,HSC,GCA,GCA,GCA,JETA,5309.6,5352.1,75.7,delivered
BOL-2026-001183,2026-07-03 20:20:00,HSC,GCA,GCA,GCA,JETA,10332.6,10525.5,96.6,delivered
BOL-2026-001184,2026-07-04 16:20:00,HSC,GCA,GCA,GCA,JETA,10270.8,10360.4,77.1,delivered
BOL-2026-001185,2026-07-23 15:25:00,HSC,GCA,GCA,GCA,JETA,6160.8,6271.1,95.1,delivered
BOL-2026-001186,2026-06-04 06:55:00,HSC,GCA,GCA,GCA,JETA,7135.0,7199.4,77.7,delivered
BOL-2026-001187,2026-06-28 17:05:00,HSC,GCA,GCA,GCA,JETA,8088.5,8180.9,82.4,delivered
BOL-2026-001188,2026-07-07 19:05:00,HSC,GCA,GCA,GCA,JETA,10273.7,10462.8,96.1,delivered
BOL-2026-001189,2026-06-15 15:05:00,HSC,GCA,GCA,GCA,JETA,6479.4,6581.5,90.9,delivered
BOL-2026-001190,2026-06-21 06:40:00,HSC,GCA,GCA,GCA,JETA,7833.9,7920.6,81.7,quality_hold
BOL-2026-001191,2026-07-10 17:00:00,HSC,GCA,GCA,GCA,JETA,5985.0,6062.5,85.4,quality_hold
BOL-2026-001192,2026-07-24 18:20:00,HSC,GCA,GCA,GCA,JETA,3447.3,3483.5,80.6,quality_hold
BOL-2026-001193,2026-07-25 19:30:00,HSC,GCA,GCA,GCA,JETA,4483.1,4560.6,93.9,delivered
BOL-2026-001194,2026-07-26 15:20:00,HSC,GCA,GCA,GCA,JETA,5888.1,5964.4,85.4,delivered
BOL-2026-001195,2026-06-12 18:25:00,HSC,GCA,GCA,GCA,JETA,9442.5,9574.9,87.5,delivered
BOL-2026-001196,2026-06-15 09:25:00,HSC,GCA,GCA,GCA,JETA,8662.3,8811.6,93.8,delivered
BOL-2026-001197,2026-06-02 19:10:00,HSC,GCA,GCA,GCA,JETA,9169.7,9310.9,90.2,delivered
BOL-2026-001198,2026-07-17 19:10:00,HSC,GCA,GCA,GCA,JETA,7289.7,7345.1,74.9,delivered
BOL-2026-001199,2026-06-14 10:45:00,HSC,GCA,GCA,GCA,JETA,10580.9,10782.2,97.3,delivered
BOL-2026-001200,2026-06-02 16:00:00,HSC,GCA,GCA,GCA,JETA,9407.7,9489.3,77.0,delivered
