row_id,source_slug,verb,target_slug,target_label,branch_domain,tests_passed,backlink_note,primary_test,outcome,baseline_sha
REL-00001,CM-1-1-1-1-1,precedes,CM-1-1-1-1-2,Develop Statistical Baseline,Commercial & Marketing,A:explicit-reference | C:two-way(back=follows) | B:structural-nearness,,A:explicit-reference,PROMOTE,6ab2197ba3fe6246bdb501391d22b71d0338d2c7
REL-00003,CM-1-1-1-1-2,follows,CM-1-1-1-1-1,Prepare Master Data To Create Demand Forecast,Commercial & Marketing,C:two-way(back=precedes) | B:structural-nearness,,C:two-way,PROMOTE,6ab2197ba3fe6246bdb501391d22b71d0338d2c7
REL-00004,CM-1-1-1-1-2,precedes,CM-1-1-1-1-3,Adjust Forecast Incorporating Customer Input and Market Intelligence,Commercial & Marketing,A:explicit-reference | C:two-way(back=follows) | B:structural-nearness,,A:explicit-reference,PROMOTE,6ab2197ba3fe6246bdb501391d22b71d0338d2c7
REL-00005,CM-1-1-1-1-3,follows,CM-1-1-1-1-2,Develop Statistical Baseline,Commercial & Marketing,A:explicit-reference | C:two-way(back=precedes) | B:structural-nearness,,A:explicit-reference,PROMOTE,6ab2197ba3fe6246bdb501391d22b71d0338d2c7
REL-00006,CM-1-1-1-1-3,precedes,CM-1-1-1-1-4,Publish Forecast and Generate Component Level Forecast Plan,Commercial & Marketing,A:explicit-reference | C:two-way(back=follows) | B:structural-nearness,,A:explicit-reference,PROMOTE,6ab2197ba3fe6246bdb501391d22b71d0338d2c7
REL-00007,CM-1-1-1-1-4,follows,CM-1-1-1-1-3,Adjust Forecast Incorporating Customer Input and Market Intelligence,Commercial & Marketing,A:explicit-reference | C:two-way(back=precedes) | B:structural-nearness,,A:explicit-reference,PROMOTE,6ab2197ba3fe6246bdb501391d22b71d0338d2c7
REL-00008,CM-1-1-1-1-4,precedes,CM-1-1-2,Regional Optimization,Commercial & Marketing,A:explicit-reference,,A:explicit-reference,PROMOTE,6ab2197ba3fe6246bdb501391d22b71d0338d2c7
REL-00009,CM-1-1-1-1-4,enables,CM-1-1-4-7-1,Capture Product Demand Requirements,Commercial & Marketing,A:explicit-reference,,A:explicit-reference,PROMOTE,6ab2197ba3fe6246bdb501391d22b71d0338d2c7
REL-00010,CM-1-1-1-1-4,enables,CM-1-2-1-1-2,Receive Demand Forecast,Commercial & Marketing,A:explicit-reference,C:two-way-absent(back-verbs=uses-input),A:explicit-reference,PROMOTE,6ab2197ba3fe6246bdb501391d22b71d0338d2c7
REL-00011,CM-1-1-1-1-5,follows,CM-1-1-1-1-4,Publish Forecast and Generate Component Level Forecast Plan,Commercial & Marketing,B:structural-nearness,,B:structural-nearness,PROMOTE,6ab2197ba3fe6246bdb501391d22b71d0338d2c7
REL-00012,CM-1-1-1-1-5,uses-input,CM-1-1-1-1-3,Adjust Forecast Incorporating Customer Input and Market Intelligence,Commercial & Marketing,A:explicit-reference | B:structural-nearness,,A:explicit-reference,PROMOTE,6ab2197ba3fe6246bdb501391d22b71d0338d2c7
REL-00014,CM-1-1-2-10,informed-by,CM-1-1-4,Refinery Planning and Optimization,Commercial & Marketing,,,,HOLD,6ab2197ba3fe6246bdb501391d22b71d0338d2c7
REL-00016,CM-1-1-2-10,precedes,CM-1-1-7,Refinery Production Planning and Scheduling,Commercial & Marketing,,,,HOLD,6ab2197ba3fe6246bdb501391d22b71d0338d2c7
REL-00019,CM-1-1-2-11,enables,CM-1-3-7,Order Management,Commercial & Marketing,,,,HOLD,6ab2197ba3fe6246bdb501391d22b71d0338d2c7
REL-00020,CM-1-1-2-11,enables,CM-1-3-10,Terminal Loading,Commercial & Marketing,,,,HOLD,6ab2197ba3fe6246bdb501391d22b71d0338d2c7
REL-00021,CM-1-1-2-12,enables,CM-1-1-2,Regional Optimization,Commercial & Marketing,,,,HOLD,6ab2197ba3fe6246bdb501391d22b71d0338d2c7
REL-00023,CM-1-1-2-12,informed-by,CM-1-1-4,Refinery Planning and Optimization,Commercial & Marketing,,,,HOLD,6ab2197ba3fe6246bdb501391d22b71d0338d2c7
REL-00026,CM-1-1-2-13,informed-by,CM-1-1-4,Refinery Planning and Optimization,Commercial & Marketing,,,,HOLD,6ab2197ba3fe6246bdb501391d22b71d0338d2c7
REL-00029,CM-1-1-3-5-1,informed-by,CM-1-1-2,Regional Optimization,Commercial & Marketing,A:explicit-reference | B:structural-nearness,,A:explicit-reference,PROMOTE,6ab2197ba3fe6246bdb501391d22b71d0338d2c7
REL-00030,CM-1-1-3-5-1,uses-input,CM-1-1-3-7-9,Manage Inventory Replenishment,Commercial & Marketing,A:explicit-reference | B:structural-nearness,,A:explicit-reference,PROMOTE,6ab2197ba3fe6246bdb501391d22b71d0338d2c7
REL-00031,CM-1-1-3-5-1,precedes,CM-1-1-3-6-1,Plan & Execute Nominations,Commercial & Marketing,C:two-way(back=follows),,C:two-way,PROMOTE,6ab2197ba3fe6246bdb501391d22b71d0338d2c7
REL-00032,CM-1-1-3-5-2,enables,CM-1-1-3-5-1,Develop Short-Term Network Plan,Commercial & Marketing,B:structural-nearness,,B:structural-nearness,PROMOTE,6ab2197ba3fe6246bdb501391d22b71d0338d2c7
REL-00033,CM-1-1-3-6-1,follows,CM-1-1-3-5-1,Develop Short-Term Network Plan,Commercial & Marketing,C:two-way(back=precedes),,C:two-way,PROMOTE,6ab2197ba3fe6246bdb501391d22b71d0338d2c7
REL-00035,CM-1-1-3-6-2,follows,CM-1-1-3-6-1,Plan & Execute Nominations,Commercial & Marketing,A:explicit-reference | C:two-way(back=precedes) | B:structural-nearness,,A:explicit-reference,PROMOTE,6ab2197ba3fe6246bdb501391d22b71d0338d2c7
REL-00036,CM-1-1-3-6-2,precedes,CM-1-1-3-6-3,Track Movements and Inventory Management,Commercial & Marketing,A:explicit-reference | C:two-way(back=follows) | B:structural-nearness,,A:explicit-reference,PROMOTE,6ab2197ba3fe6246bdb501391d22b71d0338d2c7
REL-00039,CM-1-1-3-6-3,precedes,CM-1-1-3-6-4,Discharge & Reconcile Load,Commercial & Marketing,A:explicit-reference | C:two-way(back=follows) | B:structural-nearness,,A:explicit-reference,PROMOTE,6ab2197ba3fe6246bdb501391d22b71d0338d2c7
REL-00040,CM-1-1-3-6-4,follows,CM-1-1-3-6-3,Track Movements and Inventory Management,Commercial & Marketing,C:two-way(back=precedes) | B:structural-nearness,,C:two-way,PROMOTE,6ab2197ba3fe6246bdb501391d22b71d0338d2c7
REL-00041,CM-1-1-3-6-4,enables,CM-1-1-3-7-5,Perform Inventory Reconciliation,Commercial & Marketing,A:explicit-reference | B:structural-nearness,,A:explicit-reference,PROMOTE,6ab2197ba3fe6246bdb501391d22b71d0338d2c7
REL-00042,CM-1-1-3-7-1,informed-by,CM-1-1-4,Refinery Planning and Optimization,Commercial & Marketing,,,,HOLD,6ab2197ba3fe6246bdb501391d22b71d0338d2c7
REL-00044,CM-1-1-3-7-10,enables,CM-1-1-3-7-5,Perform Inventory Reconciliation,Commercial & Marketing,B:structural-nearness,,B:structural-nearness,PROMOTE,6ab2197ba3fe6246bdb501391d22b71d0338d2c7
REL-00045,CM-1-1-3-7-10,informed-by,CM-1-1-3-7-3,Develop Finished Product Inventory Policy,Commercial & Marketing,B:structural-nearness,,B:structural-nearness,PROMOTE,6ab2197ba3fe6246bdb501391d22b71d0338d2c7
REL-00046,CM-1-1-3-7-11,enables,CM-1-1-3-7-5,Perform Inventory Reconciliation,Commercial & Marketing,B:structural-nearness,,B:structural-nearness,PROMOTE,6ab2197ba3fe6246bdb501391d22b71d0338d2c7
REL-00047,CM-1-1-3-7-11,uses-input,CM-1-1-3-7-4,Measure Inventory,Commercial & Marketing,B:structural-nearness,,B:structural-nearness,PROMOTE,6ab2197ba3fe6246bdb501391d22b71d0338d2c7
REL-00048,CM-1-1-3-7-12,uses-input,CM-1-1-3-7-4,Measure Inventory,Commercial & Marketing,A:explicit-reference | B:structural-nearness,C:two-way-absent(back-verbs=enables),A:explicit-reference,PROMOTE,6ab2197ba3fe6246bdb501391d22b71d0338d2c7
REL-00049,CM-1-1-3-7-12,triggers,CM-1-1-3-7-9,Manage Inventory Replenishment,Commercial & Marketing,A:explicit-reference | B:structural-nearness,,A:explicit-reference,PROMOTE,6ab2197ba3fe6246bdb501391d22b71d0338d2c7
REL-00050,CM-1-1-3-7-12,governed-by,CM-1-1-3-7-3,Develop Finished Product Inventory Policy,Commercial & Marketing,D:hamid-verdict(2026-09-25),,D:hamid-verdict,PROMOTE,6ab2197ba3fe6246bdb501391d22b71d0338d2c7
REL-00051,CM-1-1-3-7-2,informed-by,CM-1-1-4,Refinery Planning and Optimization,Commercial & Marketing,A:explicit-reference,,A:explicit-reference,PROMOTE,6ab2197ba3fe6246bdb501391d22b71d0338d2c7
REL-00053,CM-1-1-3-7-3,enables,CM-1-1-2-13,Plan Finished Goods Inventory,Commercial & Marketing,A:explicit-reference | B:structural-nearness,,A:explicit-reference,PROMOTE,6ab2197ba3fe6246bdb501391d22b71d0338d2c7
REL-00054,CM-1-1-3-7-3,enables,CM-1-1-3-7-9,Manage Inventory Replenishment,Commercial & Marketing,A:explicit-reference | B:structural-nearness,C:two-way-absent(back-verbs=governed-by),A:explicit-reference,PROMOTE,6ab2197ba3fe6246bdb501391d22b71d0338d2c7
REL-00056,CM-1-1-3-7-4,precedes,CM-1-1-3-7-5,Perform Inventory Reconciliation,Commercial & Marketing,A:explicit-reference | C:two-way(back=follows) | B:structural-nearness,,A:explicit-reference,PROMOTE,6ab2197ba3fe6246bdb501391d22b71d0338d2c7
REL-00058,CM-1-1-3-7-5,follows,CM-1-1-3-7-4,Measure Inventory,Commercial & Marketing,A:explicit-reference | C:two-way(back=precedes) | B:structural-nearness,,A:explicit-reference,PROMOTE,6ab2197ba3fe6246bdb501391d22b71d0338d2c7
REL-00059,CM-1-1-3-7-5,enables,CM-1-1-6,Distribution Backcasting,Commercial & Marketing,B:structural-nearness,,B:structural-nearness,PROMOTE,6ab2197ba3fe6246bdb501391d22b71d0338d2c7
REL-00061,CM-1-1-3-7-6,enables,CM-1-1-3-7-5,Perform Inventory Reconciliation,Commercial & Marketing,B:structural-nearness,,B:structural-nearness,PROMOTE,6ab2197ba3fe6246bdb501391d22b71d0338d2c7
REL-00062,CM-1-1-3-7-6,informed-by,CM-1-1-3-7-3,Develop Finished Product Inventory Policy,Commercial & Marketing,B:structural-nearness,,B:structural-nearness,PROMOTE,6ab2197ba3fe6246bdb501391d22b71d0338d2c7
REL-00063,CM-1-1-3-7-7,enables,CM-1-1-3-7-5,Perform Inventory Reconciliation,Commercial & Marketing,B:structural-nearness,,B:structural-nearness,PROMOTE,6ab2197ba3fe6246bdb501391d22b71d0338d2c7
REL-00064,CM-1-1-3-7-7,uses-input,CM-1-1-3-7-4,Measure Inventory,Commercial & Marketing,A:explicit-reference | B:structural-nearness,,A:explicit-reference,PROMOTE,6ab2197ba3fe6246bdb501391d22b71d0338d2c7
REL-00066,CM-1-1-3-7-8,uses-input,CM-1-1-3-7-4,Measure Inventory,Commercial & Marketing,B:structural-nearness,,B:structural-nearness,PROMOTE,6ab2197ba3fe6246bdb501391d22b71d0338d2c7
REL-00067,CM-1-1-3-7-9,governed-by,CM-1-1-3-7-3,Develop Finished Product Inventory Policy,Commercial & Marketing,D:hamid-verdict(2026-09-25),C:two-way-absent(back-verbs=enables),D:hamid-verdict,PROMOTE,6ab2197ba3fe6246bdb501391d22b71d0338d2c7
REL-00068,CM-1-1-3-7-9,precedes,CM-1-1-3-6,Physical Distribution Scheduling,Commercial & Marketing,A:explicit-reference,,A:explicit-reference,PROMOTE,6ab2197ba3fe6246bdb501391d22b71d0338d2c7
REL-00069,CM-1-1-3-7-9,informed-by,CM-1-1-2-13,Plan Finished Goods Inventory,Commercial & Marketing,A:explicit-reference | B:structural-nearness,,A:explicit-reference,PROMOTE,6ab2197ba3fe6246bdb501391d22b71d0338d2c7
REL-00070,CM-1-1-3-8-1,precedes,CM-1-1-3-8-2,Schedule Secondary Distribution,Commercial & Marketing,A:explicit-reference | C:two-way(back=follows) | B:structural-nearness,,A:explicit-reference,PROMOTE,6ab2197ba3fe6246bdb501391d22b71d0338d2c7
REL-00072,CM-1-1-3-8-2,follows,CM-1-1-3-8-1,Generate Orders,Commercial & Marketing,A:explicit-reference | C:two-way(back=precedes) | B:structural-nearness,,A:explicit-reference,PROMOTE,6ab2197ba3fe6246bdb501391d22b71d0338d2c7
REL-00073,CM-1-1-3-8-2,precedes,CM-1-1-3-8-4,Monitor Secondary Distribution Performance,Commercial & Marketing,C:two-way(back=follows) | B:structural-nearness,,C:two-way,PROMOTE,6ab2197ba3fe6246bdb501391d22b71d0338d2c7
REL-00074,CM-1-1-3-8-3,enables,CM-1-1-3-8-2,Schedule Secondary Distribution,Commercial & Marketing,A:explicit-reference | B:structural-nearness,,A:explicit-reference,PROMOTE,6ab2197ba3fe6246bdb501391d22b71d0338d2c7
REL-00075,CM-1-1-3-8-3,enables,CM-1-1-3-8-1,Generate Orders,Commercial & Marketing,B:structural-nearness,,B:structural-nearness,PROMOTE,6ab2197ba3fe6246bdb501391d22b71d0338d2c7
REL-00076,CM-1-1-3-8-4,follows,CM-1-1-3-8-2,Schedule Secondary Distribution,Commercial & Marketing,C:two-way(back=precedes) | B:structural-nearness,,C:two-way,PROMOTE,6ab2197ba3fe6246bdb501391d22b71d0338d2c7
REL-00077,CM-1-1-3-8-4,enables,CM-1-1-6,Distribution Backcasting,Commercial & Marketing,A:explicit-reference | B:structural-nearness,,A:explicit-reference,PROMOTE,6ab2197ba3fe6246bdb501391d22b71d0338d2c7
REL-00078,CM-1-1-4-6-2,governed-by,L2-financial-planning-and-performance-management,Financial Planning and Performance Management,Finance,,,,HOLD,6ab2197ba3fe6246bdb501391d22b71d0338d2c7
REL-00079,CM-1-1-4-6-3,governed-by,L2-refinery-performance-and-risk-coordination,Refinery Performance and Risk Coordination,Refining,,,,HOLD,6ab2197ba3fe6246bdb501391d22b71d0338d2c7
REL-00080,CM-1-1-4-7-1,enables,CM-1-1-4-7,Refinery Optimization,Refining,,,,HOLD,6ab2197ba3fe6246bdb501391d22b71d0338d2c7
REL-00082,CM-1-1-4-7-1,informed-by,CM-1-2-6-2,Refined Product Demand Management,Refining,A:explicit-reference,,A:explicit-reference,PROMOTE,6ab2197ba3fe6246bdb501391d22b71d0338d2c7
REL-00083,CM-1-1-4-7-1,precedes,CM-1-1-4-7-8,Perform Scenario Analysis,Refining,B:structural-nearness,C:two-way-absent(back-verbs=uses-input),B:structural-nearness,PROMOTE,6ab2197ba3fe6246bdb501391d22b71d0338d2c7
REL-00084,CM-1-1-4-7-2,enables,CM-1-1-4-7,Refinery Optimization,Refining,,,,HOLD,6ab2197ba3fe6246bdb501391d22b71d0338d2c7
REL-00085,CM-1-1-4-7-2,uses-input,CM-1-1-4-7-3,Capture Crude Availability,Refining,B:structural-nearness,C:two-way-absent(back-verbs=enables),B:structural-nearness,PROMOTE,6ab2197ba3fe6246bdb501391d22b71d0338d2c7
REL-00086,CM-1-1-4-7-2,uses-input,CM-1-1-4-7-4,Capture Product/Crude/Feedstock Price,Refining,B:structural-nearness,C:two-way-absent(back-verbs=enables),B:structural-nearness,PROMOTE,6ab2197ba3fe6246bdb501391d22b71d0338d2c7
REL-00087,CM-1-1-4-7-2,constrained-by,CM-1-1-4-7-5,Capture Refinery Level Constraints,Refining,B:structural-nearness,,B:structural-nearness,PROMOTE,6ab2197ba3fe6246bdb501391d22b71d0338d2c7
REL-00088,CM-1-1-4-7-3,enables,CM-1-1-4-7,Refinery Optimization,Refining,,,,HOLD,6ab2197ba3fe6246bdb501391d22b71d0338d2c7
REL-00089,CM-1-1-4-7-3,enables,CM-1-1-4-7-2,Evaluate Crude & Feedstock,Refining,A:explicit-reference | B:structural-nearness,C:two-way-absent(back-verbs=uses-input),A:explicit-reference,PROMOTE,6ab2197ba3fe6246bdb501391d22b71d0338d2c7
REL-00090,CM-1-1-4-7-3,informed-by,CM-1-2,Supply And Trading,Refining,A:explicit-reference,,A:explicit-reference,PROMOTE,6ab2197ba3fe6246bdb501391d22b71d0338d2c7
REL-00091,CM-1-1-4-7-3,constrained-by,CM-1-1-4-7-5,Capture Refinery Level Constraints,Refining,B:structural-nearness,,B:structural-nearness,PROMOTE,6ab2197ba3fe6246bdb501391d22b71d0338d2c7
REL-00092,CM-1-1-4-7-4,enables,CM-1-1-4-7,Refinery Optimization,Refining,,,,HOLD,6ab2197ba3fe6246bdb501391d22b71d0338d2c7
REL-00093,CM-1-1-4-7-4,enables,CM-1-1-4-7-2,Evaluate Crude & Feedstock,Refining,B:structural-nearness,C:two-way-absent(back-verbs=uses-input),B:structural-nearness,PROMOTE,6ab2197ba3fe6246bdb501391d22b71d0338d2c7
REL-00094,CM-1-1-4-7-4,informed-by,CM-1-2,Supply And Trading,Refining,,,,HOLD,6ab2197ba3fe6246bdb501391d22b71d0338d2c7
REL-00096,CM-1-1-4-7-5,enables,CM-1-1-4-7,Refinery Optimization,Refining,,,,HOLD,6ab2197ba3fe6246bdb501391d22b71d0338d2c7
REL-00097,CM-1-1-4-7-5,constrained-by,L1-refining,Refining,Refining,,,,HOLD,6ab2197ba3fe6246bdb501391d22b71d0338d2c7
REL-00098,CM-1-1-4-7-5,informed-by,L1-ehs-gov-reporting,EHS & Gov Reporting,Refining,,,,HOLD,6ab2197ba3fe6246bdb501391d22b71d0338d2c7
REL-00099,CM-1-1-4-7-5,constrains,CM-1-1-4-7-8,Perform Scenario Analysis,Refining,B:structural-nearness,C:two-way-absent(back-verbs=uses-input),B:structural-nearness,PROMOTE,6ab2197ba3fe6246bdb501391d22b71d0338d2c7
REL-00100,CM-1-1-4-7-6,enables,CM-1-1-4-7,Refinery Optimization,Refining,,,,HOLD,6ab2197ba3fe6246bdb501391d22b71d0338d2c7
REL-00101,CM-1-1-4-7-6,uses-input,CM-1-1-2-13,Plan Finished Goods Inventory,Refining,A:explicit-reference,,A:explicit-reference,PROMOTE,6ab2197ba3fe6246bdb501391d22b71d0338d2c7
REL-00102,CM-1-1-4-7-6,informed-by,CM-1-1-3-7-4,Measure Inventory,Refining,A:explicit-reference,,A:explicit-reference,PROMOTE,6ab2197ba3fe6246bdb501391d22b71d0338d2c7
REL-00105,CM-1-1-4-7-7,informed-by,CM-1-1-4-7-8,Perform Scenario Analysis,Refining,A:explicit-reference | B:structural-nearness,,A:explicit-reference,PROMOTE,6ab2197ba3fe6246bdb501391d22b71d0338d2c7
REL-00106,CM-1-1-4-7-7,governed-by,CM-1-1-4,Refinery Planning and Optimization,Refining,A:explicit-reference,,A:explicit-reference,PROMOTE,6ab2197ba3fe6246bdb501391d22b71d0338d2c7
REL-00107,CM-1-1-4-7-7,precedes,L1-refining,Refining,Refining,,,,HOLD,6ab2197ba3fe6246bdb501391d22b71d0338d2c7
REL-00108,CM-1-1-4-7-7,enables,CM-1-1-5,Regional Backcasting,Refining,A:explicit-reference,,A:explicit-reference,PROMOTE,6ab2197ba3fe6246bdb501391d22b71d0338d2c7
REL-00109,CM-1-1-4-7-8,enables,CM-1-1-4-7,Refinery Optimization,Refining,,,,HOLD,6ab2197ba3fe6246bdb501391d22b71d0338d2c7
REL-00110,CM-1-1-4-7-8,uses-input,CM-1-1-4-7-1,Capture Product Demand Requirements,Refining,B:structural-nearness,C:two-way-absent(back-verbs=precedes),B:structural-nearness,PROMOTE,6ab2197ba3fe6246bdb501391d22b71d0338d2c7
REL-00111,CM-1-1-4-7-8,uses-input,CM-1-1-4-7-5,Capture Refinery Level Constraints,Refining,B:structural-nearness,C:two-way-absent(back-verbs=constrains),B:structural-nearness,PROMOTE,6ab2197ba3fe6246bdb501391d22b71d0338d2c7
REL-00112,CM-1-1-4-7-8,precedes,CM-1-1-4,Refinery Planning and Optimization,Refining,A:explicit-reference,,A:explicit-reference,PROMOTE,6ab2197ba3fe6246bdb501391d22b71d0338d2c7
REL-00113,CM-1-1-7-1-1,enables,CM-1-1-7-1,Daily Execution Planning,Refining,,,,HOLD,6ab2197ba3fe6246bdb501391d22b71d0338d2c7
REL-00114,CM-1-1-7-1-1,informed-by,CM-1-1-7-2-4,Manage Production Schedule Exceptions,Refining,A:explicit-reference | B:structural-nearness,,A:explicit-reference,PROMOTE,6ab2197ba3fe6246bdb501391d22b71d0338d2c7
REL-00115,CM-1-1-7-1-2,enables,CM-1-1-7-1,Daily Execution Planning,Refining,,,,HOLD,6ab2197ba3fe6246bdb501391d22b71d0338d2c7
REL-00116,CM-1-1-7-1-2,informed-by,CM-1-1-7-2-6,"Manage The Interface to Planning, Operations, Engineering & Maintenance",Refining,A:explicit-reference | B:structural-nearness,,A:explicit-reference,PROMOTE,6ab2197ba3fe6246bdb501391d22b71d0338d2c7
REL-00117,CM-1-1-7-1-3,uses-input,CM-1-1-3-7-4,Measure Inventory,Refining,A:explicit-reference,,A:explicit-reference,PROMOTE,6ab2197ba3fe6246bdb501391d22b71d0338d2c7
REL-00118,CM-1-1-7-1-3,enables,CM-1-1-3-7-5,Perform Inventory Reconciliation,Refining,A:explicit-reference,,A:explicit-reference,PROMOTE,6ab2197ba3fe6246bdb501391d22b71d0338d2c7
REL-00119,CM-1-1-7-1-3,enables,CM-1-1-5,Regional Backcasting,Refining,,,,HOLD,6ab2197ba3fe6246bdb501391d22b71d0338d2c7
REL-00120,CM-1-1-7-2-1,enables,CM-1-1-7-2-3,Create Production Scheduling and Sequencing Plan,Refining,B:structural-nearness,C:two-way-absent(back-verbs=uses-input),B:structural-nearness,PROMOTE,6ab2197ba3fe6246bdb501391d22b71d0338d2c7
REL-00121,CM-1-1-7-2-1,enables,CM-1-1-7-2-2,Review Production Wheel and Run Length,Refining,B:structural-nearness,,B:structural-nearness,PROMOTE,6ab2197ba3fe6246bdb501391d22b71d0338d2c7
REL-00122,CM-1-1-7-2-2,enables,CM-1-1-7-2-3,Create Production Scheduling and Sequencing Plan,Refining,A:explicit-reference | B:structural-nearness,C:two-way-absent(back-verbs=follows),A:explicit-reference,PROMOTE,6ab2197ba3fe6246bdb501391d22b71d0338d2c7
REL-00124,CM-1-1-7-2-3,uses-input,CM-1-1-7-2-1,Maintain Production Scheduling Master Data,Refining,B:structural-nearness,C:two-way-absent(back-verbs=enables),B:structural-nearness,PROMOTE,6ab2197ba3fe6246bdb501391d22b71d0338d2c7
REL-00125,CM-1-1-7-2-3,follows,CM-1-1-7-2-2,Review Production Wheel and Run Length,Refining,B:structural-nearness,C:two-way-absent(back-verbs=enables),B:structural-nearness,PROMOTE,6ab2197ba3fe6246bdb501391d22b71d0338d2c7
REL-00126,CM-1-1-7-2-3,precedes,CM-1-1-7-1,Daily Execution Planning,Refining,,,,HOLD,6ab2197ba3fe6246bdb501391d22b71d0338d2c7
REL-00127,CM-1-1-7-2-4,triggers,CM-1-1-7-2-3,Create Production Scheduling and Sequencing Plan,Refining,A:explicit-reference | B:structural-nearness,,A:explicit-reference,PROMOTE,6ab2197ba3fe6246bdb501391d22b71d0338d2c7
REL-00128,CM-1-1-7-2-4,informed-by,CM-1-1-7-1,Daily Execution Planning,Refining,B:structural-nearness,,B:structural-nearness,PROMOTE,6ab2197ba3fe6246bdb501391d22b71d0338d2c7
REL-00129,CM-1-1-7-2-4,enables,CM-1-1-7-2-5,Measure Production Scheduling Performance,Refining,B:structural-nearness,C:two-way-absent(back-verbs=follows),B:structural-nearness,PROMOTE,6ab2197ba3fe6246bdb501391d22b71d0338d2c7
REL-00130,CM-1-1-7-2-5,uses-input,CM-1-1-7-1-3,Perform Production Accounting,Refining,B:structural-nearness,,B:structural-nearness,PROMOTE,6ab2197ba3fe6246bdb501391d22b71d0338d2c7
REL-00131,CM-1-1-7-2-5,follows,CM-1-1-7-2-4,Manage Production Schedule Exceptions,Refining,B:structural-nearness,C:two-way-absent(back-verbs=enables),B:structural-nearness,PROMOTE,6ab2197ba3fe6246bdb501391d22b71d0338d2c7
REL-00132,CM-1-1-7-2-5,enables,CM-1-1-7-2,Production Scheduling,Refining,,,,HOLD,6ab2197ba3fe6246bdb501391d22b71d0338d2c7
REL-00133,CM-1-1-7-2-6,enables,CM-1-1-7-2-3,Create Production Scheduling and Sequencing Plan,Refining,B:structural-nearness,,B:structural-nearness,PROMOTE,6ab2197ba3fe6246bdb501391d22b71d0338d2c7
REL-00134,CM-1-1-7-2-6,informed-by,CM-1-1-4,Refinery Planning and Optimization,Refining,A:explicit-reference,,A:explicit-reference,PROMOTE,6ab2197ba3fe6246bdb501391d22b71d0338d2c7
REL-00135,CM-1-1-7-3-1,enables,CM-1-1-7-3-2,Optimize Plant Energy Balance,Refining,A:explicit-reference | B:structural-nearness,C:two-way-absent(back-verbs=follows),A:explicit-reference,PROMOTE,6ab2197ba3fe6246bdb501391d22b71d0338d2c7
REL-00137,CM-1-1-7-3-2,follows,CM-1-1-7-3-1,Optimize Internal vs. External Energy Sources,Refining,A:explicit-reference | B:structural-nearness,C:two-way-absent(back-verbs=enables),A:explicit-reference,PROMOTE,6ab2197ba3fe6246bdb501391d22b71d0338d2c7
REL-00138,CM-1-1-7-3-2,enables,CM-1-1-7-1,Daily Execution Planning,Refining,B:structural-nearness,,B:structural-nearness,PROMOTE,6ab2197ba3fe6246bdb501391d22b71d0338d2c7
REL-00139,CM-1-1-7-3-3,informed-by,CM-1-1-7-2,Production Scheduling,Refining,B:structural-nearness,,B:structural-nearness,PROMOTE,6ab2197ba3fe6246bdb501391d22b71d0338d2c7
REL-00140,CM-1-1-7-3-3,enables,CM-1-1-7-3-1,Optimize Internal vs. External Energy Sources,Refining,B:structural-nearness,C:two-way-absent(back-verbs=informed-by),B:structural-nearness,PROMOTE,6ab2197ba3fe6246bdb501391d22b71d0338d2c7
REL-00141,CM-1-2-1-1-1,informed-by,CM-1-1-4,Refinery Planning and Optimization,Commercial & Marketing,A:explicit-reference,,A:explicit-reference,PROMOTE,6ab2197ba3fe6246bdb501391d22b71d0338d2c7
REL-00142,CM-1-2-1-1-1,informed-by,CM-1-1-7-2,Production Scheduling,Commercial & Marketing,,,,HOLD,6ab2197ba3fe6246bdb501391d22b71d0338d2c7
REL-00143,CM-1-2-1-1-1,enables,CM-1-2-1-1-4,Perform Asset Optimization,Commercial & Marketing,B:structural-nearness,C:two-way-absent(back-verbs=uses-input),B:structural-nearness,PROMOTE,6ab2197ba3fe6246bdb501391d22b71d0338d2c7
REL-00145,CM-1-2-1-1-2,uses-input,CM-1-1-1-1-4,Publish Forecast and Generate Component Level Forecast Plan,Commercial & Marketing,A:explicit-reference,C:two-way-absent(back-verbs=enables),A:explicit-reference,PROMOTE,6ab2197ba3fe6246bdb501391d22b71d0338d2c7
REL-00146,CM-1-2-1-1-2,enables,CM-1-2-1-1-4,Perform Asset Optimization,Commercial & Marketing,B:structural-nearness,C:two-way-absent(back-verbs=uses-input),B:structural-nearness,PROMOTE,6ab2197ba3fe6246bdb501391d22b71d0338d2c7
REL-00147,CM-1-2-1-1-3,uses-input,CM-1-2-1-1-1,Receive Production Forecast,Commercial & Marketing,B:structural-nearness,,B:structural-nearness,PROMOTE,6ab2197ba3fe6246bdb501391d22b71d0338d2c7
REL-00148,CM-1-2-1-1-3,enables,CM-1-2-1-1-4,Perform Asset Optimization,Commercial & Marketing,B:structural-nearness,,B:structural-nearness,PROMOTE,6ab2197ba3fe6246bdb501391d22b71d0338d2c7
REL-00149,CM-1-2-1-1-3,precedes,CM-1-2-3-1-7,Perform RINs/REC Actualization,Commercial & Marketing,A:explicit-reference,C:two-way-absent(back-verbs=informed-by),A:explicit-reference,PROMOTE,6ab2197ba3fe6246bdb501391d22b71d0338d2c7
REL-00150,CM-1-2-1-1-4,uses-input,CM-1-2-1-1-1,Receive Production Forecast,Commercial & Marketing,B:structural-nearness,C:two-way-absent(back-verbs=enables),B:structural-nearness,PROMOTE,6ab2197ba3fe6246bdb501391d22b71d0338d2c7
REL-00151,CM-1-2-1-1-4,uses-input,CM-1-2-1-1-2,Receive Demand Forecast,Commercial & Marketing,B:structural-nearness,C:two-way-absent(back-verbs=enables),B:structural-nearness,PROMOTE,6ab2197ba3fe6246bdb501391d22b71d0338d2c7
REL-00152,CM-1-2-1-1-4,enables,CM-1-2-1-4,Trading Strategy Management,Commercial & Marketing,A:explicit-reference | B:structural-nearness,C:two-way-absent(back-verbs=uses-input),A:explicit-reference,PROMOTE,6ab2197ba3fe6246bdb501391d22b71d0338d2c7
REL-00153,CM-1-2-1-1-5,uses-input,CM-1-2-1-1-4,Perform Asset Optimization,Commercial & Marketing,B:structural-nearness,,B:structural-nearness,PROMOTE,6ab2197ba3fe6246bdb501391d22b71d0338d2c7
REL-00154,CM-1-2-1-1-5,enables,CM-1-2-1-4,Trading Strategy Management,Commercial & Marketing,B:structural-nearness,C:two-way-absent(back-verbs=uses-input),B:structural-nearness,PROMOTE,6ab2197ba3fe6246bdb501391d22b71d0338d2c7
REL-00155,CM-1-2-1-1-6,informed-by,CM-1-1-7-3,Energy & Utility Management,Commercial & Marketing,,,,HOLD,6ab2197ba3fe6246bdb501391d22b71d0338d2c7
REL-00156,CM-1-2-1-1-6,enables,CM-1-2-1-1-4,Perform Asset Optimization,Commercial & Marketing,B:structural-nearness,,B:structural-nearness,PROMOTE,6ab2197ba3fe6246bdb501391d22b71d0338d2c7
REL-00157,CM-1-2-1-2-1,precedes,CM-1-2-1-2-5,Create New Contract,Commercial & Marketing,C:two-way(back=follows) | B:structural-nearness,,C:two-way,PROMOTE,6ab2197ba3fe6246bdb501391d22b71d0338d2c7
REL-00158,CM-1-2-1-2-1,requires,CM-1-2-2-1-1,Perform Counterparty Credit Reviews,Commercial & Marketing,A:explicit-reference | B:structural-nearness,C:two-way-absent(back-verbs=enables),A:explicit-reference,PROMOTE,6ab2197ba3fe6246bdb501391d22b71d0338d2c7
REL-00159,CM-1-2-1-2-10,follows,CM-1-2-7-1-3,Negotiate Storage / Throughput Agreements,Commercial & Marketing,A:explicit-reference | C:two-way(back=precedes),,A:explicit-reference,PROMOTE,6ab2197ba3fe6246bdb501391d22b71d0338d2c7
REL-00160,CM-1-2-1-2-10,enables,CM-1-2-1-3-5,Capture Storage Deals,Commercial & Marketing,A:explicit-reference | B:structural-nearness,,A:explicit-reference,PROMOTE,6ab2197ba3fe6246bdb501391d22b71d0338d2c7
REL-00161,CM-1-2-1-2-10,enables,CM-1-1-3-7-11,Manage Third Party Storage,Commercial & Marketing,A:explicit-reference,,A:explicit-reference,PROMOTE,6ab2197ba3fe6246bdb501391d22b71d0338d2c7
REL-00162,CM-1-2-1-2-11,follows,CM-1-2-1-2-6,Manage Existing Contract,Commercial & Marketing,A:explicit-reference | B:structural-nearness,C:two-way-absent(back-verbs=enables),A:explicit-reference,PROMOTE,6ab2197ba3fe6246bdb501391d22b71d0338d2c7
REL-00163,CM-1-2-1-2-11,triggers,CM-1-2-1-2-6,Manage Existing Contract,Commercial & Marketing,A:explicit-reference | B:structural-nearness,C:two-way-absent(back-verbs=enables),A:explicit-reference,PROMOTE,6ab2197ba3fe6246bdb501391d22b71d0338d2c7
REL-00164,CM-1-2-1-2-11,enables,CM-1-2-1-4,Trading Strategy Management,Commercial & Marketing,B:structural-nearness,,B:structural-nearness,PROMOTE,6ab2197ba3fe6246bdb501391d22b71d0338d2c7
REL-00165,CM-1-2-1-2-2,follows,CM-1-2-1-2-1,Create New Counterparty,Commercial & Marketing,B:structural-nearness,,B:structural-nearness,PROMOTE,6ab2197ba3fe6246bdb501391d22b71d0338d2c7
REL-00166,CM-1-2-1-2-2,enables,CM-1-2-1-3,Trade Capture,Commercial & Marketing,B:structural-nearness,,B:structural-nearness,PROMOTE,6ab2197ba3fe6246bdb501391d22b71d0338d2c7
REL-00167,CM-1-2-1-2-3,follows,CM-1-2-1-2-2,Manage Existing Counterparty,Commercial & Marketing,B:structural-nearness,,B:structural-nearness,PROMOTE,6ab2197ba3fe6246bdb501391d22b71d0338d2c7
REL-00168,CM-1-2-1-2-3,requires,CM-1-2-2-1-3,Manage Collateral,Commercial & Marketing,A:explicit-reference | B:structural-nearness,C:two-way-absent(back-verbs=enables),A:explicit-reference,PROMOTE,6ab2197ba3fe6246bdb501391d22b71d0338d2c7
REL-00169,CM-1-2-1-2-4,triggers,CM-1-2-1-2-3,Terminate/Novate Counterparty,Commercial & Marketing,B:structural-nearness,,B:structural-nearness,PROMOTE,6ab2197ba3fe6246bdb501391d22b71d0338d2c7
REL-00170,CM-1-2-1-2-4,triggers,CM-1-2-1-2-7,Terminate/Novate Contract,Commercial & Marketing,B:structural-nearness,,B:structural-nearness,PROMOTE,6ab2197ba3fe6246bdb501391d22b71d0338d2c7
REL-00171,CM-1-2-1-2-5,follows,CM-1-2-1-2-1,Create New Counterparty,Commercial & Marketing,C:two-way(back=precedes) | B:structural-nearness,,C:two-way,PROMOTE,6ab2197ba3fe6246bdb501391d22b71d0338d2c7
REL-00172,CM-1-2-1-2-5,enables,CM-1-2-1-3,Trade Capture,Commercial & Marketing,A:explicit-reference | B:structural-nearness,,A:explicit-reference,PROMOTE,6ab2197ba3fe6246bdb501391d22b71d0338d2c7
REL-00173,CM-1-2-1-2-6,follows,CM-1-2-1-2-5,Create New Contract,Commercial & Marketing,B:structural-nearness,,B:structural-nearness,PROMOTE,6ab2197ba3fe6246bdb501391d22b71d0338d2c7
REL-00174,CM-1-2-1-2-6,enables,CM-1-2-1-2-11,Monitor Contracts,Commercial & Marketing,A:explicit-reference | B:structural-nearness,C:two-way-absent(back-verbs=follows/triggers),A:explicit-reference,PROMOTE,6ab2197ba3fe6246bdb501391d22b71d0338d2c7
REL-00175,CM-1-2-1-2-7,follows,CM-1-2-1-2-6,Manage Existing Contract,Commercial & Marketing,B:structural-nearness,,B:structural-nearness,PROMOTE,6ab2197ba3fe6246bdb501391d22b71d0338d2c7
REL-00176,CM-1-2-1-2-7,enables,CM-1-2-4-1,Settlements,Commercial & Marketing,A:explicit-reference | B:structural-nearness,,A:explicit-reference,PROMOTE,6ab2197ba3fe6246bdb501391d22b71d0338d2c7
REL-00177,CM-1-2-1-2-8,enables,CM-1-2-3-1-6,Perform Lease Actualization,Commercial & Marketing,A:explicit-reference | B:structural-nearness,C:two-way-absent(back-verbs=follows),A:explicit-reference,PROMOTE,6ab2197ba3fe6246bdb501391d22b71d0338d2c7
REL-00178,CM-1-2-1-2-8,enables,CM-1-2-4-1-6,Settle First Purchaser/Leases,Commercial & Marketing,A:explicit-reference | B:structural-nearness,,A:explicit-reference,PROMOTE,6ab2197ba3fe6246bdb501391d22b71d0338d2c7
REL-00179,CM-1-2-1-2-9,enables,CM-1-2-1-3-9,Capture Transportation Deals,Commercial & Marketing,A:explicit-reference | B:structural-nearness,,A:explicit-reference,PROMOTE,6ab2197ba3fe6246bdb501391d22b71d0338d2c7
REL-00180,CM-1-2-1-2-9,enables,CM-1-1-3-6-1,Plan & Execute Nominations,Commercial & Marketing,A:explicit-reference,,A:explicit-reference,PROMOTE,6ab2197ba3fe6246bdb501391d22b71d0338d2c7
REL-00181,CM-1-2-1-3-1,uses-input,CM-1-2-1-1-4,Perform Asset Optimization,Commercial & Marketing,A:explicit-reference | B:structural-nearness,,A:explicit-reference,PROMOTE,6ab2197ba3fe6246bdb501391d22b71d0338d2c7
REL-00182,CM-1-2-1-3-1,precedes,CM-1-2-1-3-2,Obtain Trade Approval,Commercial & Marketing,A:explicit-reference | C:two-way(back=follows) | B:structural-nearness,,A:explicit-reference,PROMOTE,6ab2197ba3fe6246bdb501391d22b71d0338d2c7
REL-00183,CM-1-2-1-3-10,follows,CM-1-2-1-3-7,Capture Financial (OTC) Trades,Commercial & Marketing,C:two-way(back=precedes) | B:structural-nearness,,C:two-way,PROMOTE,6ab2197ba3fe6246bdb501391d22b71d0338d2c7
REL-00184,CM-1-2-1-3-10,precedes,CM-1-2-2-2-4,Report Confirmation To SDR,Commercial & Marketing,A:explicit-reference,C:two-way-absent(back-verbs=informed-by),A:explicit-reference,PROMOTE,6ab2197ba3fe6246bdb501391d22b71d0338d2c7
REL-00185,CM-1-2-1-3-10,governed-by,CM-1-2-4-3,Regulatory & Compliance,Commercial & Marketing,A:explicit-reference,,A:explicit-reference,PROMOTE,6ab2197ba3fe6246bdb501391d22b71d0338d2c7
REL-00186,CM-1-2-1-3-11,follows,CM-1-2-1-3-2,Obtain Trade Approval,Commercial & Marketing,B:structural-nearness,,B:structural-nearness,PROMOTE,6ab2197ba3fe6246bdb501391d22b71d0338d2c7
REL-00187,CM-1-2-1-3-11,informed-by,CM-1-2-1-1-6,Receive Power Generation Forecast,Commercial & Marketing,A:explicit-reference | B:structural-nearness,,A:explicit-reference,PROMOTE,6ab2197ba3fe6246bdb501391d22b71d0338d2c7
REL-00188,CM-1-2-1-3-11,precedes,CM-1-2-4-1-15,Settle Power,Commercial & Marketing,A:explicit-reference,,A:explicit-reference,PROMOTE,6ab2197ba3fe6246bdb501391d22b71d0338d2c7
REL-00189,CM-1-2-1-3-2,follows,CM-1-2-1-3-1,Manage Pre-Trade Analysis,Commercial & Marketing,C:two-way(back=precedes) | B:structural-nearness,,C:two-way,PROMOTE,6ab2197ba3fe6246bdb501391d22b71d0338d2c7
REL-00190,CM-1-2-1-3-2,governed-by,CM-1-2-2-3,Market Risk Management,Commercial & Marketing,D:hamid-verdict(2026-09-25),,D:hamid-verdict,PROMOTE,6ab2197ba3fe6246bdb501391d22b71d0338d2c7
REL-00191,CM-1-2-1-3-2,precedes,CM-1-2-1-3-3,Capture Physical Trades,Commercial & Marketing,C:two-way(back=follows) | B:structural-nearness,,C:two-way,PROMOTE,6ab2197ba3fe6246bdb501391d22b71d0338d2c7
REL-00192,CM-1-2-1-3-3,follows,CM-1-2-1-3-2,Obtain Trade Approval,Commercial & Marketing,C:two-way(back=precedes) | B:structural-nearness,,C:two-way,PROMOTE,6ab2197ba3fe6246bdb501391d22b71d0338d2c7
REL-00193,CM-1-2-1-3-3,precedes,CM-1-2-2-2,Confirmations Management,Commercial & Marketing,A:explicit-reference,,A:explicit-reference,PROMOTE,6ab2197ba3fe6246bdb501391d22b71d0338d2c7
REL-00195,CM-1-2-1-3-4,follows,CM-1-2-1-3-2,Obtain Trade Approval,Commercial & Marketing,B:structural-nearness,,B:structural-nearness,PROMOTE,6ab2197ba3fe6246bdb501391d22b71d0338d2c7
REL-00196,CM-1-2-1-3-4,enables,CM-1-2-2-1-5,Perform Margining,Commercial & Marketing,A:explicit-reference | B:structural-nearness,C:two-way-absent(back-verbs=follows),A:explicit-reference,PROMOTE,6ab2197ba3fe6246bdb501391d22b71d0338d2c7
REL-00197,CM-1-2-1-3-4,precedes,CM-1-2-4-1-3,Settle Exchange Trades,Commercial & Marketing,A:explicit-reference | C:two-way(back=follows),,A:explicit-reference,PROMOTE,6ab2197ba3fe6246bdb501391d22b71d0338d2c7
REL-00198,CM-1-2-1-3-5,follows,CM-1-2-1-3-2,Obtain Trade Approval,Commercial & Marketing,B:structural-nearness,,B:structural-nearness,PROMOTE,6ab2197ba3fe6246bdb501391d22b71d0338d2c7
REL-00199,CM-1-2-1-3-5,enables,CM-1-1-3-7-11,Manage Third Party Storage,Commercial & Marketing,A:explicit-reference,,A:explicit-reference,PROMOTE,6ab2197ba3fe6246bdb501391d22b71d0338d2c7
REL-00200,CM-1-2-1-3-5,precedes,CM-1-2-4-1-14,Settle Terminal/Storage,Commercial & Marketing,A:explicit-reference,,A:explicit-reference,PROMOTE,6ab2197ba3fe6246bdb501391d22b71d0338d2c7
REL-00201,CM-1-2-1-3-6,follows,CM-1-2-1-3-2,Obtain Trade Approval,Commercial & Marketing,B:structural-nearness,,B:structural-nearness,PROMOTE,6ab2197ba3fe6246bdb501391d22b71d0338d2c7
REL-00202,CM-1-2-1-3-6,informed-by,CM-1-2-1-1-3,Forecast Renewables,Commercial & Marketing,A:explicit-reference | B:structural-nearness,,A:explicit-reference,PROMOTE,6ab2197ba3fe6246bdb501391d22b71d0338d2c7
REL-00203,CM-1-2-1-3-6,precedes,CM-1-2-3-1-7,Perform RINs/REC Actualization,Commercial & Marketing,A:explicit-reference | C:two-way(back=follows),,A:explicit-reference,PROMOTE,6ab2197ba3fe6246bdb501391d22b71d0338d2c7
REL-00204,CM-1-2-1-3-7,follows,CM-1-2-1-3-2,Obtain Trade Approval,Commercial & Marketing,B:structural-nearness,,B:structural-nearness,PROMOTE,6ab2197ba3fe6246bdb501391d22b71d0338d2c7
REL-00205,CM-1-2-1-3-7,precedes,CM-1-2-1-3-10,Report Trades to SDR,Commercial & Marketing,A:explicit-reference | C:two-way(back=follows) | B:structural-nearness,,A:explicit-reference,PROMOTE,6ab2197ba3fe6246bdb501391d22b71d0338d2c7
REL-00206,CM-1-2-1-3-7,precedes,CM-1-2-2-2,Confirmations Management,Commercial & Marketing,A:explicit-reference,,A:explicit-reference,PROMOTE,6ab2197ba3fe6246bdb501391d22b71d0338d2c7
REL-00207,CM-1-2-1-3-8,follows,CM-1-2-1-3-2,Obtain Trade Approval,Commercial & Marketing,A:explicit-reference | B:structural-nearness,,A:explicit-reference,PROMOTE,6ab2197ba3fe6246bdb501391d22b71d0338d2c7
REL-00208,CM-1-2-1-3-8,requires,CM-1-2-2-3-15,Manage Commodity Valuations,Commercial & Marketing,A:explicit-reference | B:structural-nearness,,A:explicit-reference,PROMOTE,6ab2197ba3fe6246bdb501391d22b71d0338d2c7
REL-00209,CM-1-2-1-3-8,precedes,CM-1-2-2-2,Confirmations Management,Commercial & Marketing,A:explicit-reference,,A:explicit-reference,PROMOTE,6ab2197ba3fe6246bdb501391d22b71d0338d2c7
REL-00210,CM-1-2-1-3-9,follows,CM-1-2-1-3-2,Obtain Trade Approval,Commercial & Marketing,B:structural-nearness,,B:structural-nearness,PROMOTE,6ab2197ba3fe6246bdb501391d22b71d0338d2c7
REL-00211,CM-1-2-1-3-9,enables,CM-1-1-3-6-1,Plan & Execute Nominations,Commercial & Marketing,A:explicit-reference,,A:explicit-reference,PROMOTE,6ab2197ba3fe6246bdb501391d22b71d0338d2c7
REL-00212,CM-1-2-1-3-9,precedes,CM-1-2-4-1-12,Settle Pipelines,Commercial & Marketing,A:explicit-reference,,A:explicit-reference,PROMOTE,6ab2197ba3fe6246bdb501391d22b71d0338d2c7
REL-00213,CM-1-2-1-4,uses-input,CM-1-2-1-1-5,Forecast Revenue,Commercial & Marketing,B:structural-nearness,C:two-way-absent(back-verbs=enables),B:structural-nearness,PROMOTE,6ab2197ba3fe6246bdb501391d22b71d0338d2c7
REL-00214,CM-1-2-1-4,uses-input,CM-1-2-1-1-4,Perform Asset Optimization,Commercial & Marketing,B:structural-nearness,C:two-way-absent(back-verbs=enables),B:structural-nearness,PROMOTE,6ab2197ba3fe6246bdb501391d22b71d0338d2c7
REL-00215,CM-1-2-1-4,governed-by,CM-1-2-2-3,Market Risk Management,Commercial & Marketing,A:explicit-reference,C:two-way-absent(back-verbs=enables),A:explicit-reference,PROMOTE,6ab2197ba3fe6246bdb501391d22b71d0338d2c7
REL-00216,CM-1-2-2-1-1,enables,CM-1-2-2-1-2,Manage Credit Limits,Commercial & Marketing,A:explicit-reference | B:structural-nearness,C:two-way-absent(back-verbs=follows),A:explicit-reference,PROMOTE,6ab2197ba3fe6246bdb501391d22b71d0338d2c7
REL-00217,CM-1-2-2-1-1,enables,CM-1-2-1-2-1,Create New Counterparty,Commercial & Marketing,A:explicit-reference | B:structural-nearness,C:two-way-absent(back-verbs=requires),A:explicit-reference,PROMOTE,6ab2197ba3fe6246bdb501391d22b71d0338d2c7
REL-00218,CM-1-2-2-1-1,informed-by,CM-1-2-2-1-7,Monitor & Analyze Credit,Commercial & Marketing,A:explicit-reference | B:structural-nearness,C:two-way-absent(back-verbs=triggers),A:explicit-reference,PROMOTE,6ab2197ba3fe6246bdb501391d22b71d0338d2c7
REL-00219,CM-1-2-2-1-2,follows,CM-1-2-2-1-1,Perform Counterparty Credit Reviews,Commercial & Marketing,A:explicit-reference | B:structural-nearness,C:two-way-absent(back-verbs=enables),A:explicit-reference,PROMOTE,6ab2197ba3fe6246bdb501391d22b71d0338d2c7
REL-00220,CM-1-2-2-1-2,enables,CM-1-2-1-3-1,Manage Pre-Trade Analysis,Commercial & Marketing,A:explicit-reference | B:structural-nearness,,A:explicit-reference,PROMOTE,6ab2197ba3fe6246bdb501391d22b71d0338d2c7
REL-00221,CM-1-2-2-1-2,enables,CM-1-2-2-1-7,Monitor & Analyze Credit,Commercial & Marketing,A:explicit-reference | B:structural-nearness,C:two-way-absent(back-verbs=triggers),A:explicit-reference,PROMOTE,6ab2197ba3fe6246bdb501391d22b71d0338d2c7
REL-00222,CM-1-2-2-1-3,uses-input,CM-1-2-2-1-4,Calculate Credit Exposure,Commercial & Marketing,B:structural-nearness,C:two-way-absent(back-verbs=enables),B:structural-nearness,PROMOTE,6ab2197ba3fe6246bdb501391d22b71d0338d2c7
REL-00223,CM-1-2-2-1-3,enables,CM-1-2-1-2-3,Terminate/Novate Counterparty,Commercial & Marketing,A:explicit-reference | B:structural-nearness,C:two-way-absent(back-verbs=requires),A:explicit-reference,PROMOTE,6ab2197ba3fe6246bdb501391d22b71d0338d2c7
REL-00224,CM-1-2-2-1-3,informed-by,CM-1-2-1-2,Contract Management,Commercial & Marketing,A:explicit-reference | B:structural-nearness,,A:explicit-reference,PROMOTE,6ab2197ba3fe6246bdb501391d22b71d0338d2c7
REL-00225,CM-1-2-2-1-4,uses-input,CM-1-2-2-3-15,Manage Commodity Valuations,Commercial & Marketing,A:explicit-reference | B:structural-nearness,,A:explicit-reference,PROMOTE,6ab2197ba3fe6246bdb501391d22b71d0338d2c7
REL-00226,CM-1-2-2-1-4,enables,CM-1-2-2-1-2,Manage Credit Limits,Commercial & Marketing,A:explicit-reference | B:structural-nearness,,A:explicit-reference,PROMOTE,6ab2197ba3fe6246bdb501391d22b71d0338d2c7
REL-00227,CM-1-2-2-1-4,enables,CM-1-2-2-1-3,Manage Collateral,Commercial & Marketing,B:structural-nearness,C:two-way-absent(back-verbs=uses-input),B:structural-nearness,PROMOTE,6ab2197ba3fe6246bdb501391d22b71d0338d2c7
REL-00228,CM-1-2-2-1-5,follows,CM-1-2-1-3-4,Capture Exchange Trades,Commercial & Marketing,A:explicit-reference,C:two-way-absent(back-verbs=enables),A:explicit-reference,PROMOTE,6ab2197ba3fe6246bdb501391d22b71d0338d2c7
REL-00229,CM-1-2-2-1-5,uses-input,CM-1-2-2-1-4,Calculate Credit Exposure,Commercial & Marketing,B:structural-nearness,,B:structural-nearness,PROMOTE,6ab2197ba3fe6246bdb501391d22b71d0338d2c7
REL-00230,CM-1-2-2-1-5,precedes,CM-1-2-4-1-16,Settle Broker,Commercial & Marketing,A:explicit-reference,C:two-way-absent(back-verbs=informed-by),A:explicit-reference,PROMOTE,6ab2197ba3fe6246bdb501391d22b71d0338d2c7
REL-00231,CM-1-2-2-1-6,uses-input,CM-1-2-2-1-4,Calculate Credit Exposure,Commercial & Marketing,B:structural-nearness,,B:structural-nearness,PROMOTE,6ab2197ba3fe6246bdb501391d22b71d0338d2c7
REL-00232,CM-1-2-2-1-6,enables,CM-1-2-2-1-2,Manage Credit Limits,Commercial & Marketing,A:explicit-reference | B:structural-nearness,,A:explicit-reference,PROMOTE,6ab2197ba3fe6246bdb501391d22b71d0338d2c7
REL-00233,CM-1-2-2-1-6,enables,CM-1-2-2-1-8,Manage Credit Risk Reporting,Commercial & Marketing,A:explicit-reference | B:structural-nearness,C:two-way-absent(back-verbs=uses-input),A:explicit-reference,PROMOTE,6ab2197ba3fe6246bdb501391d22b71d0338d2c7
REL-00234,CM-1-2-2-1-7,uses-input,CM-1-2-2-1-4,Calculate Credit Exposure,Commercial & Marketing,B:structural-nearness,,B:structural-nearness,PROMOTE,6ab2197ba3fe6246bdb501391d22b71d0338d2c7
REL-00235,CM-1-2-2-1-7,triggers,CM-1-2-2-1-1,Perform Counterparty Credit Reviews,Commercial & Marketing,A:explicit-reference | B:structural-nearness,C:two-way-absent(back-verbs=informed-by),A:explicit-reference,PROMOTE,6ab2197ba3fe6246bdb501391d22b71d0338d2c7
REL-00236,CM-1-2-2-1-7,triggers,CM-1-2-2-1-2,Manage Credit Limits,Commercial & Marketing,A:explicit-reference | B:structural-nearness,C:two-way-absent(back-verbs=enables),A:explicit-reference,PROMOTE,6ab2197ba3fe6246bdb501391d22b71d0338d2c7
REL-00237,CM-1-2-2-1-8,uses-input,CM-1-2-2-1-7,Monitor & Analyze Credit,Commercial & Marketing,B:structural-nearness,,B:structural-nearness,PROMOTE,6ab2197ba3fe6246bdb501391d22b71d0338d2c7
REL-00238,CM-1-2-2-1-8,uses-input,CM-1-2-2-1-6,Perform Advanced Credit Risk Analytics,Commercial & Marketing,B:structural-nearness,C:two-way-absent(back-verbs=enables),B:structural-nearness,PROMOTE,6ab2197ba3fe6246bdb501391d22b71d0338d2c7
REL-00239,CM-1-2-2-1-8,enables,CM-1-2-1-4,Trading Strategy Management,Commercial & Marketing,B:structural-nearness,,B:structural-nearness,PROMOTE,6ab2197ba3fe6246bdb501391d22b71d0338d2c7
REL-00240,CM-1-2-2-2-1,follows,CM-1-2-1-3,Trade Capture,Commercial & Marketing,A:explicit-reference,,A:explicit-reference,PROMOTE,6ab2197ba3fe6246bdb501391d22b71d0338d2c7
REL-00241,CM-1-2-2-2-1,precedes,CM-1-2-2-2-5,Manage Confirm Disputes,Commercial & Marketing,A:explicit-reference | C:two-way(back=follows) | B:structural-nearness,,A:explicit-reference,PROMOTE,6ab2197ba3fe6246bdb501391d22b71d0338d2c7
REL-00242,CM-1-2-2-2-1,uses-input,CM-1-2-2-2-2,Manage Confirmation Documentation,Commercial & Marketing,A:explicit-reference | B:structural-nearness,C:two-way-absent(back-verbs=enables),A:explicit-reference,PROMOTE,6ab2197ba3fe6246bdb501391d22b71d0338d2c7
REL-00243,CM-1-2-2-2-2,enables,CM-1-2-2-2-1,Generate Confirms,Commercial & Marketing,B:structural-nearness,C:two-way-absent(back-verbs=uses-input),B:structural-nearness,PROMOTE,6ab2197ba3fe6246bdb501391d22b71d0338d2c7
REL-00244,CM-1-2-2-2-2,informed-by,CM-1-2-1-2,Contract Management,Commercial & Marketing,A:explicit-reference | B:structural-nearness,,A:explicit-reference,PROMOTE,6ab2197ba3fe6246bdb501391d22b71d0338d2c7
REL-00245,CM-1-2-2-2-3,follows,CM-1-2-2-2-1,Generate Confirms,Commercial & Marketing,B:structural-nearness,,B:structural-nearness,PROMOTE,6ab2197ba3fe6246bdb501391d22b71d0338d2c7
REL-00246,CM-1-2-2-2-3,triggers,CM-1-2-2-2-4,Report Confirmation To SDR,Commercial & Marketing,A:explicit-reference | B:structural-nearness,C:two-way-absent(back-verbs=informed-by),A:explicit-reference,PROMOTE,6ab2197ba3fe6246bdb501391d22b71d0338d2c7
REL-00247,CM-1-2-2-2-3,requires,CM-1-2-1-3,Trade Capture,Commercial & Marketing,A:explicit-reference | B:structural-nearness,,A:explicit-reference,PROMOTE,6ab2197ba3fe6246bdb501391d22b71d0338d2c7
REL-00248,CM-1-2-2-2-4,informed-by,CM-1-2-1-3-10,Report Trades to SDR,Commercial & Marketing,A:explicit-reference | B:structural-nearness,C:two-way-absent(back-verbs=precedes),A:explicit-reference,PROMOTE,6ab2197ba3fe6246bdb501391d22b71d0338d2c7
REL-00249,CM-1-2-2-2-4,informed-by,CM-1-2-2-2-3,Manage Trade Modifications,Commercial & Marketing,B:structural-nearness,C:two-way-absent(back-verbs=triggers),B:structural-nearness,PROMOTE,6ab2197ba3fe6246bdb501391d22b71d0338d2c7
REL-00250,CM-1-2-2-2-4,governed-by,CM-1-2-4-3,Regulatory & Compliance,Commercial & Marketing,A:explicit-reference,,A:explicit-reference,PROMOTE,6ab2197ba3fe6246bdb501391d22b71d0338d2c7
REL-00251,CM-1-2-2-2-5,follows,CM-1-2-2-2-1,Generate Confirms,Commercial & Marketing,C:two-way(back=precedes) | B:structural-nearness,,C:two-way,PROMOTE,6ab2197ba3fe6246bdb501391d22b71d0338d2c7
REL-00252,CM-1-2-2-2-5,triggers,CM-1-2-2-2-3,Manage Trade Modifications,Commercial & Marketing,B:structural-nearness,,B:structural-nearness,PROMOTE,6ab2197ba3fe6246bdb501391d22b71d0338d2c7
REL-00253,CM-1-2-2-2-5,enables,CM-1-2-4-1,Settlements,Commercial & Marketing,B:structural-nearness,,B:structural-nearness,PROMOTE,6ab2197ba3fe6246bdb501391d22b71d0338d2c7
REL-00254,CM-1-2-2-3-1,enables,CM-1-2-1-3,Trade Capture,Commercial & Marketing,A:explicit-reference | B:structural-nearness,,A:explicit-reference,PROMOTE,6ab2197ba3fe6246bdb501391d22b71d0338d2c7
REL-00256,CM-1-2-2-3-10,uses-input,CM-1-2-2-3-2,Establish & Maintain Delegation Of Authority (DOA),Commercial & Marketing,B:structural-nearness,,B:structural-nearness,PROMOTE,6ab2197ba3fe6246bdb501391d22b71d0338d2c7
REL-00257,CM-1-2-2-3-10,enables,CM-1-2-2-3-13,Manage Risk Reporting,Commercial & Marketing,B:structural-nearness,,B:structural-nearness,PROMOTE,6ab2197ba3fe6246bdb501391d22b71d0338d2c7
REL-00258,CM-1-2-2-3-11,uses-input,CM-1-2-2-3-7,Measure Risk,Commercial & Marketing,B:structural-nearness,,B:structural-nearness,PROMOTE,6ab2197ba3fe6246bdb501391d22b71d0338d2c7
REL-00259,CM-1-2-2-3-11,enables,CM-1-2-2-3-6,Manage Risk Limits,Commercial & Marketing,B:structural-nearness,,B:structural-nearness,PROMOTE,6ab2197ba3fe6246bdb501391d22b71d0338d2c7
REL-00260,CM-1-2-2-3-11,enables,CM-1-2-2-3-13,Manage Risk Reporting,Commercial & Marketing,B:structural-nearness,,B:structural-nearness,PROMOTE,6ab2197ba3fe6246bdb501391d22b71d0338d2c7
REL-00261,CM-1-2-2-3-12,uses-input,CM-1-2-2-3-7,Measure Risk,Commercial & Marketing,A:explicit-reference | B:structural-nearness,,A:explicit-reference,PROMOTE,6ab2197ba3fe6246bdb501391d22b71d0338d2c7
REL-00262,CM-1-2-2-3-12,enables,CM-1-2-2-3-6,Manage Risk Limits,Commercial & Marketing,B:structural-nearness,,B:structural-nearness,PROMOTE,6ab2197ba3fe6246bdb501391d22b71d0338d2c7
REL-00263,CM-1-2-2-3-12,enables,CM-1-2-2-3-13,Manage Risk Reporting,Commercial & Marketing,B:structural-nearness,,B:structural-nearness,PROMOTE,6ab2197ba3fe6246bdb501391d22b71d0338d2c7
REL-00264,CM-1-2-2-3-13,uses-input,CM-1-2-2-3-8,Monitor Risk,Commercial & Marketing,B:structural-nearness,C:two-way-absent(back-verbs=enables),B:structural-nearness,PROMOTE,6ab2197ba3fe6246bdb501391d22b71d0338d2c7
REL-00266,CM-1-2-2-3-13,enables,CM-1-2-1-4,Trading Strategy Management,Commercial & Marketing,B:structural-nearness,,B:structural-nearness,PROMOTE,6ab2197ba3fe6246bdb501391d22b71d0338d2c7
REL-00267,CM-1-2-2-3-14,enables,CM-1-2-2-3-15,Manage Commodity Valuations,Commercial & Marketing,A:explicit-reference | B:structural-nearness,C:two-way-absent(back-verbs=uses-input),A:explicit-reference,PROMOTE,6ab2197ba3fe6246bdb501391d22b71d0338d2c7
REL-00268,CM-1-2-2-3-14,enables,CM-1-2-2-3-7,Measure Risk,Commercial & Marketing,A:explicit-reference | B:structural-nearness,C:two-way-absent(back-verbs=uses-input),A:explicit-reference,PROMOTE,6ab2197ba3fe6246bdb501391d22b71d0338d2c7
REL-00269,CM-1-2-2-3-15,uses-input,CM-1-2-2-3-3,Setup And Manage Curves,Commercial & Marketing,A:explicit-reference | B:structural-nearness,C:two-way-absent(back-verbs=enables),A:explicit-reference,PROMOTE,6ab2197ba3fe6246bdb501391d22b71d0338d2c7
REL-00270,CM-1-2-2-3-15,uses-input,CM-1-2-2-3-14,Manage Volatilities And Correlations,Commercial & Marketing,A:explicit-reference | B:structural-nearness,C:two-way-absent(back-verbs=enables),A:explicit-reference,PROMOTE,6ab2197ba3fe6246bdb501391d22b71d0338d2c7
REL-00272,CM-1-2-2-3-2,enables,CM-1-2-1-3-2,Obtain Trade Approval,Commercial & Marketing,A:explicit-reference | B:structural-nearness,,A:explicit-reference,PROMOTE,6ab2197ba3fe6246bdb501391d22b71d0338d2c7
REL-00273,CM-1-2-2-3-2,enables,CM-1-2-1-4,Trading Strategy Management,Commercial & Marketing,A:explicit-reference | B:structural-nearness,,A:explicit-reference,PROMOTE,6ab2197ba3fe6246bdb501391d22b71d0338d2c7
REL-00274,CM-1-2-2-3-2,governed-by,CM-1-2-4-3,Regulatory & Compliance,Commercial & Marketing,B:structural-nearness (not evidence for governed-by),,,HOLD,6ab2197ba3fe6246bdb501391d22b71d0338d2c7
REL-00275,CM-1-2-2-3-3,enables,CM-1-2-2-3-15,Manage Commodity Valuations,Commercial & Marketing,B:structural-nearness,C:two-way-absent(back-verbs=uses-input),B:structural-nearness,PROMOTE,6ab2197ba3fe6246bdb501391d22b71d0338d2c7
REL-00276,CM-1-2-2-3-3,enables,CM-1-2-2-1-4,Calculate Credit Exposure,Commercial & Marketing,A:explicit-reference | B:structural-nearness,,A:explicit-reference,PROMOTE,6ab2197ba3fe6246bdb501391d22b71d0338d2c7
REL-00277,CM-1-2-2-3-3,enables,CM-1-2-2-3-7,Measure Risk,Commercial & Marketing,B:structural-nearness,C:two-way-absent(back-verbs=uses-input),B:structural-nearness,PROMOTE,6ab2197ba3fe6246bdb501391d22b71d0338d2c7
REL-00278,CM-1-2-2-3-4,uses-input,CM-1-2-2-3-3,Setup And Manage Curves,Commercial & Marketing,A:explicit-reference | B:structural-nearness,,A:explicit-reference,PROMOTE,6ab2197ba3fe6246bdb501391d22b71d0338d2c7
REL-00279,CM-1-2-2-3-4,uses-input,CM-1-2-2-3-15,Manage Commodity Valuations,Commercial & Marketing,A:explicit-reference | B:structural-nearness,,A:explicit-reference,PROMOTE,6ab2197ba3fe6246bdb501391d22b71d0338d2c7
REL-00280,CM-1-2-2-3-4,precedes,CM-1-2-2-3-5,Perform End-of-Month (EOM) Process,Commercial & Marketing,A:explicit-reference | C:two-way(back=follows) | B:structural-nearness,,A:explicit-reference,PROMOTE,6ab2197ba3fe6246bdb501391d22b71d0338d2c7
REL-00281,CM-1-2-2-3-5,follows,CM-1-2-2-3-4,Perform End-of-day (EOD) Process,Commercial & Marketing,C:two-way(back=precedes) | B:structural-nearness,,C:two-way,PROMOTE,6ab2197ba3fe6246bdb501391d22b71d0338d2c7
REL-00283,CM-1-2-2-3-5,enables,CM-1-2-2-3-13,Manage Risk Reporting,Commercial & Marketing,B:structural-nearness,,B:structural-nearness,PROMOTE,6ab2197ba3fe6246bdb501391d22b71d0338d2c7
REL-00284,CM-1-2-2-3-6,enables,CM-1-2-2-3-8,Monitor Risk,Commercial & Marketing,A:explicit-reference | B:structural-nearness,C:two-way-absent(back-verbs=triggers),A:explicit-reference,PROMOTE,6ab2197ba3fe6246bdb501391d22b71d0338d2c7
REL-00285,CM-1-2-2-3-6,enables,CM-1-2-1-4,Trading Strategy Management,Commercial & Marketing,B:structural-nearness,,B:structural-nearness,PROMOTE,6ab2197ba3fe6246bdb501391d22b71d0338d2c7
REL-00286,CM-1-2-2-3-6,informed-by,CM-1-2-2-3-7,Measure Risk,Commercial & Marketing,B:structural-nearness,,B:structural-nearness,PROMOTE,6ab2197ba3fe6246bdb501391d22b71d0338d2c7
REL-00287,CM-1-2-2-3-7,uses-input,CM-1-2-2-3-3,Setup And Manage Curves,Commercial & Marketing,B:structural-nearness,C:two-way-absent(back-verbs=enables),B:structural-nearness,PROMOTE,6ab2197ba3fe6246bdb501391d22b71d0338d2c7
REL-00288,CM-1-2-2-3-7,uses-input,CM-1-2-2-3-14,Manage Volatilities And Correlations,Commercial & Marketing,B:structural-nearness,C:two-way-absent(back-verbs=enables),B:structural-nearness,PROMOTE,6ab2197ba3fe6246bdb501391d22b71d0338d2c7
REL-00289,CM-1-2-2-3-7,enables,CM-1-2-2-3-8,Monitor Risk,Commercial & Marketing,A:explicit-reference | B:structural-nearness,C:two-way-absent(back-verbs=uses-input),A:explicit-reference,PROMOTE,6ab2197ba3fe6246bdb501391d22b71d0338d2c7
REL-00290,CM-1-2-2-3-8,uses-input,CM-1-2-2-3-7,Measure Risk,Commercial & Marketing,B:structural-nearness,C:two-way-absent(back-verbs=enables),B:structural-nearness,PROMOTE,6ab2197ba3fe6246bdb501391d22b71d0338d2c7
REL-00291,CM-1-2-2-3-8,triggers,CM-1-2-2-3-6,Manage Risk Limits,Commercial & Marketing,A:explicit-reference | B:structural-nearness,C:two-way-absent(back-verbs=enables),A:explicit-reference,PROMOTE,6ab2197ba3fe6246bdb501391d22b71d0338d2c7
REL-00292,CM-1-2-2-3-8,enables,CM-1-2-2-3-13,Manage Risk Reporting,Commercial & Marketing,B:structural-nearness,C:two-way-absent(back-verbs=uses-input),B:structural-nearness,PROMOTE,6ab2197ba3fe6246bdb501391d22b71d0338d2c7
REL-00293,CM-1-2-2-3-9,uses-input,CM-1-2-2-3-15,Manage Commodity Valuations,Commercial & Marketing,A:explicit-reference | B:structural-nearness,C:two-way-absent(back-verbs=enables),A:explicit-reference,PROMOTE,6ab2197ba3fe6246bdb501391d22b71d0338d2c7
REL-00295,CM-1-2-2-3-9,enables,CM-1-2-2-3-13,Manage Risk Reporting,Commercial & Marketing,B:structural-nearness,C:two-way-absent(back-verbs=uses-input),B:structural-nearness,PROMOTE,6ab2197ba3fe6246bdb501391d22b71d0338d2c7
REL-00296,CM-1-2-3-1-1,precedes,CM-1-2-4-1-12,Settle Pipelines,Commercial & Marketing,A:explicit-reference | C:two-way(back=follows),,A:explicit-reference,PROMOTE,6ab2197ba3fe6246bdb501391d22b71d0338d2c7
REL-00297,CM-1-2-3-1-1,follows,CM-1-2-1-3-3,Capture Physical Trades,Commercial & Marketing,,,,HOLD,6ab2197ba3fe6246bdb501391d22b71d0338d2c7
REL-00298,CM-1-2-3-1-2,precedes,CM-1-2-4-1-4,Settle Trucks,Commercial & Marketing,A:explicit-reference | C:two-way(back=follows),,A:explicit-reference,PROMOTE,6ab2197ba3fe6246bdb501391d22b71d0338d2c7
REL-00299,CM-1-2-3-1-2,follows,CM-1-2-1-3-3,Capture Physical Trades,Commercial & Marketing,,,,HOLD,6ab2197ba3fe6246bdb501391d22b71d0338d2c7
REL-00300,CM-1-2-3-1-3,precedes,CM-1-2-4-1-13,Settle Rail,Commercial & Marketing,A:explicit-reference | C:two-way(back=follows),,A:explicit-reference,PROMOTE,6ab2197ba3fe6246bdb501391d22b71d0338d2c7
REL-00301,CM-1-2-3-1-3,follows,CM-1-2-1-3-3,Capture Physical Trades,Commercial & Marketing,,,,HOLD,6ab2197ba3fe6246bdb501391d22b71d0338d2c7
REL-00302,CM-1-2-3-1-4,precedes,CM-1-2-4-1-5,Settle Vessels & Barge,Commercial & Marketing,A:explicit-reference | C:two-way(back=follows),,A:explicit-reference,PROMOTE,6ab2197ba3fe6246bdb501391d22b71d0338d2c7
REL-00303,CM-1-2-3-1-4,follows,CM-1-2-1-3-3,Capture Physical Trades,Commercial & Marketing,,,,HOLD,6ab2197ba3fe6246bdb501391d22b71d0338d2c7
REL-00304,CM-1-2-3-1-4,enables,CM-1-2-4-4-1,Identify Potential Demurrage,Commercial & Marketing,B:structural-nearness,C:two-way-absent(back-verbs=uses-input),B:structural-nearness,PROMOTE,6ab2197ba3fe6246bdb501391d22b71d0338d2c7
REL-00305,CM-1-2-3-1-5,precedes,CM-1-2-4-1-14,Settle Terminal/Storage,Commercial & Marketing,A:explicit-reference | C:two-way(back=follows),,A:explicit-reference,PROMOTE,6ab2197ba3fe6246bdb501391d22b71d0338d2c7
REL-00306,CM-1-2-3-1-5,follows,CM-1-2-1-3-5,Capture Storage Deals,Commercial & Marketing,A:explicit-reference,,A:explicit-reference,PROMOTE,6ab2197ba3fe6246bdb501391d22b71d0338d2c7
REL-00307,CM-1-2-3-1-6,follows,CM-1-2-1-2-8,Manage Lease Contract,Commercial & Marketing,A:explicit-reference,C:two-way-absent(back-verbs=enables),A:explicit-reference,PROMOTE,6ab2197ba3fe6246bdb501391d22b71d0338d2c7
REL-00308,CM-1-2-3-1-6,precedes,CM-1-2-4-1-6,Settle First Purchaser/Leases,Commercial & Marketing,A:explicit-reference | C:two-way(back=follows),,A:explicit-reference,PROMOTE,6ab2197ba3fe6246bdb501391d22b71d0338d2c7
REL-00309,CM-1-2-3-1-7,follows,CM-1-2-1-3-6,Capture Environmental/Renewable Deals,Commercial & Marketing,A:explicit-reference | C:two-way(back=precedes),,A:explicit-reference,PROMOTE,6ab2197ba3fe6246bdb501391d22b71d0338d2c7
REL-00310,CM-1-2-3-1-7,informed-by,CM-1-2-1-1-3,Forecast Renewables,Commercial & Marketing,A:explicit-reference | B:structural-nearness,C:two-way-absent(back-verbs=precedes),A:explicit-reference,PROMOTE,6ab2197ba3fe6246bdb501391d22b71d0338d2c7
REL-00313,CM-1-2-3-1-8,informed-by,CM-1-2-2-2-5,Manage Confirm Disputes,Commercial & Marketing,A:explicit-reference | B:structural-nearness,,A:explicit-reference,PROMOTE,6ab2197ba3fe6246bdb501391d22b71d0338d2c7
REL-00314,CM-1-2-4-1-1,follows,CM-1-2-3-1-1,Perform Pipeline Actualization,Commercial & Marketing,,,,HOLD,6ab2197ba3fe6246bdb501391d22b71d0338d2c7
REL-00315,CM-1-2-4-1-1,follows,CM-1-2-3-1-4,Perform Vessel & Barge Actualization,Commercial & Marketing,,,,HOLD,6ab2197ba3fe6246bdb501391d22b71d0338d2c7
REL-00316,CM-1-2-4-1-1,precedes,CM-1-2-4-2-4,Manage AR/AP & Actuals,Commercial & Marketing,,,,HOLD,6ab2197ba3fe6246bdb501391d22b71d0338d2c7
REL-00317,CM-1-2-4-1-10,follows,CM-1-2-1-3-3,Capture Physical Trades,Commercial & Marketing,,,,HOLD,6ab2197ba3fe6246bdb501391d22b71d0338d2c7
REL-00318,CM-1-2-4-1-10,precedes,CM-1-2-4-2-4,Manage AR/AP & Actuals,Commercial & Marketing,,,,HOLD,6ab2197ba3fe6246bdb501391d22b71d0338d2c7
REL-00319,CM-1-2-4-1-11,follows,CM-1-2-1-3-7,Capture Financial (OTC) Trades,Commercial & Marketing,A:explicit-reference,,A:explicit-reference,PROMOTE,6ab2197ba3fe6246bdb501391d22b71d0338d2c7
REL-00320,CM-1-2-4-1-11,informed-by,CM-1-2-2-2,Confirmations Management,Commercial & Marketing,A:explicit-reference | B:structural-nearness,,A:explicit-reference,PROMOTE,6ab2197ba3fe6246bdb501391d22b71d0338d2c7
REL-00321,CM-1-2-4-1-11,precedes,CM-1-2-4-2-4,Manage AR/AP & Actuals,Commercial & Marketing,,,,HOLD,6ab2197ba3fe6246bdb501391d22b71d0338d2c7
REL-00322,CM-1-2-4-1-12,follows,CM-1-2-3-1-1,Perform Pipeline Actualization,Commercial & Marketing,A:explicit-reference | C:two-way(back=precedes),,A:explicit-reference,PROMOTE,6ab2197ba3fe6246bdb501391d22b71d0338d2c7
REL-00323,CM-1-2-4-1-12,precedes,CM-1-2-4-2-4,Manage AR/AP & Actuals,Commercial & Marketing,,,,HOLD,6ab2197ba3fe6246bdb501391d22b71d0338d2c7
REL-00324,CM-1-2-4-1-13,follows,CM-1-2-3-1-3,Perform Railcar Actualization,Commercial & Marketing,A:explicit-reference | C:two-way(back=precedes),,A:explicit-reference,PROMOTE,6ab2197ba3fe6246bdb501391d22b71d0338d2c7
REL-00325,CM-1-2-4-1-13,precedes,CM-1-2-4-2-4,Manage AR/AP & Actuals,Commercial & Marketing,,,,HOLD,6ab2197ba3fe6246bdb501391d22b71d0338d2c7
REL-00326,CM-1-2-4-1-14,follows,CM-1-2-3-1-5,Perform Terminal/Storage Actualization,Commercial & Marketing,A:explicit-reference | C:two-way(back=precedes),,A:explicit-reference,PROMOTE,6ab2197ba3fe6246bdb501391d22b71d0338d2c7
REL-00327,CM-1-2-4-1-14,precedes,CM-1-2-4-2-4,Manage AR/AP & Actuals,Commercial & Marketing,,,,HOLD,6ab2197ba3fe6246bdb501391d22b71d0338d2c7
REL-00328,CM-1-2-4-1-15,follows,CM-1-2-1-3-3,Capture Physical Trades,Commercial & Marketing,,,,HOLD,6ab2197ba3fe6246bdb501391d22b71d0338d2c7
REL-00329,CM-1-2-4-1-15,precedes,CM-1-2-4-2-4,Manage AR/AP & Actuals,Commercial & Marketing,,,,HOLD,6ab2197ba3fe6246bdb501391d22b71d0338d2c7
REL-00330,CM-1-2-4-1-16,follows,CM-1-2-4-1-3,Settle Exchange Trades,Commercial & Marketing,A:explicit-reference | C:two-way(back=precedes) | B:structural-nearness,,A:explicit-reference,PROMOTE,6ab2197ba3fe6246bdb501391d22b71d0338d2c7
REL-00331,CM-1-2-4-1-16,informed-by,CM-1-2-2-1-5,Perform Margining,Commercial & Marketing,A:explicit-reference | B:structural-nearness,C:two-way-absent(back-verbs=precedes),A:explicit-reference,PROMOTE,6ab2197ba3fe6246bdb501391d22b71d0338d2c7
REL-00332,CM-1-2-4-1-16,precedes,CM-1-2-4-2-4,Manage AR/AP & Actuals,Commercial & Marketing,,,,HOLD,6ab2197ba3fe6246bdb501391d22b71d0338d2c7
REL-00333,CM-1-2-4-1-17,follows,CM-1-2-4-1,Settlements,Commercial & Marketing,,,,HOLD,6ab2197ba3fe6246bdb501391d22b71d0338d2c7
REL-00334,CM-1-2-4-1-17,informed-by,CM-1-2-3-1-8,Manage Actualization Disputes,Commercial & Marketing,A:explicit-reference | B:structural-nearness,,A:explicit-reference,PROMOTE,6ab2197ba3fe6246bdb501391d22b71d0338d2c7
REL-00335,CM-1-2-4-1-17,informed-by,CM-1-2-2-2-5,Manage Confirm Disputes,Commercial & Marketing,A:explicit-reference | B:structural-nearness,,A:explicit-reference,PROMOTE,6ab2197ba3fe6246bdb501391d22b71d0338d2c7
REL-00337,CM-1-2-4-1-18,precedes,CM-1-2-4-2-4,Manage AR/AP & Actuals,Commercial & Marketing,,,,HOLD,6ab2197ba3fe6246bdb501391d22b71d0338d2c7
REL-00339,CM-1-2-4-1-19,precedes,CM-1-2-4-2-4,Manage AR/AP & Actuals,Commercial & Marketing,,,,HOLD,6ab2197ba3fe6246bdb501391d22b71d0338d2c7
REL-00341,CM-1-2-4-1-2,precedes,CM-1-2-4-2-4,Manage AR/AP & Actuals,Commercial & Marketing,,,,HOLD,6ab2197ba3fe6246bdb501391d22b71d0338d2c7
REL-00342,CM-1-2-4-1-3,follows,CM-1-2-1-3-4,Capture Exchange Trades,Commercial & Marketing,A:explicit-reference | C:two-way(back=precedes),,A:explicit-reference,PROMOTE,6ab2197ba3fe6246bdb501391d22b71d0338d2c7
REL-00343,CM-1-2-4-1-3,informed-by,CM-1-2-2-1-5,Perform Margining,Commercial & Marketing,A:explicit-reference | B:structural-nearness,,A:explicit-reference,PROMOTE,6ab2197ba3fe6246bdb501391d22b71d0338d2c7
REL-00344,CM-1-2-4-1-3,precedes,CM-1-2-4-1-16,Settle Broker,Commercial & Marketing,A:explicit-reference | C:two-way(back=follows) | B:structural-nearness,,A:explicit-reference,PROMOTE,6ab2197ba3fe6246bdb501391d22b71d0338d2c7
REL-00345,CM-1-2-4-1-4,follows,CM-1-2-3-1-2,Perform Truck Actualization,Commercial & Marketing,A:explicit-reference | C:two-way(back=precedes),,A:explicit-reference,PROMOTE,6ab2197ba3fe6246bdb501391d22b71d0338d2c7
REL-00346,CM-1-2-4-1-4,precedes,CM-1-2-4-2-4,Manage AR/AP & Actuals,Commercial & Marketing,,,,HOLD,6ab2197ba3fe6246bdb501391d22b71d0338d2c7
REL-00347,CM-1-2-4-1-5,follows,CM-1-2-3-1-4,Perform Vessel & Barge Actualization,Commercial & Marketing,A:explicit-reference | C:two-way(back=precedes),,A:explicit-reference,PROMOTE,6ab2197ba3fe6246bdb501391d22b71d0338d2c7
REL-00348,CM-1-2-4-1-5,precedes,CM-1-2-4-2-4,Manage AR/AP & Actuals,Commercial & Marketing,,,,HOLD,6ab2197ba3fe6246bdb501391d22b71d0338d2c7
REL-00349,CM-1-2-4-1-6,follows,CM-1-2-3-1-6,Perform Lease Actualization,Commercial & Marketing,A:explicit-reference | C:two-way(back=precedes),,A:explicit-reference,PROMOTE,6ab2197ba3fe6246bdb501391d22b71d0338d2c7
REL-00350,CM-1-2-4-1-6,precedes,CM-1-2-4-2-3,Manage Marketing Interests & Royalty Payments,Commercial & Marketing,A:explicit-reference | C:two-way(back=follows),,A:explicit-reference,PROMOTE,6ab2197ba3fe6246bdb501391d22b71d0338d2c7
REL-00351,CM-1-2-4-1-7,follows,CM-1-2-1-3-11,Capture Transmission Deals,Commercial & Marketing,A:explicit-reference,,A:explicit-reference,PROMOTE,6ab2197ba3fe6246bdb501391d22b71d0338d2c7
REL-00352,CM-1-2-4-1-7,precedes,CM-1-2-4-2-4,Manage AR/AP & Actuals,Commercial & Marketing,,,,HOLD,6ab2197ba3fe6246bdb501391d22b71d0338d2c7
REL-00353,CM-1-2-4-1-8,follows,CM-1-2-3-1-7,Perform RINs/REC Actualization,Commercial & Marketing,A:explicit-reference | C:two-way(back=precedes),,A:explicit-reference,PROMOTE,6ab2197ba3fe6246bdb501391d22b71d0338d2c7
REL-00354,CM-1-2-4-1-8,precedes,CM-1-2-4-2-4,Manage AR/AP & Actuals,Commercial & Marketing,,,,HOLD,6ab2197ba3fe6246bdb501391d22b71d0338d2c7
REL-00355,CM-1-2-4-1-9,assures,CM-1-2-4-1,Settlements,Commercial & Marketing,,,,HOLD,6ab2197ba3fe6246bdb501391d22b71d0338d2c7
REL-00356,CM-1-2-4-1-9,informed-by,CM-1-2-2-2-2,Manage Confirmation Documentation,Commercial & Marketing,A:explicit-reference | B:structural-nearness,,A:explicit-reference,PROMOTE,6ab2197ba3fe6246bdb501391d22b71d0338d2c7
REL-00357,CM-1-2-4-2-1,informed-by,CM-1-2-1-3,Trade Capture,Commercial & Marketing,B:structural-nearness,,B:structural-nearness,PROMOTE,6ab2197ba3fe6246bdb501391d22b71d0338d2c7
REL-00358,CM-1-2-4-2-1,enables,CM-1-2-4-2-5,Manage Trading Sub-Ledger,Commercial & Marketing,B:structural-nearness,C:two-way-absent(back-verbs=uses-input),B:structural-nearness,PROMOTE,6ab2197ba3fe6246bdb501391d22b71d0338d2c7
REL-00361,CM-1-2-4-2-10,uses-input,CM-1-2-4-1,Settlements,Commercial & Marketing,A:explicit-reference | B:structural-nearness,,A:explicit-reference,PROMOTE,6ab2197ba3fe6246bdb501391d22b71d0338d2c7
REL-00362,CM-1-2-4-2-10,enables,CM-1-2-4-2-5,Manage Trading Sub-Ledger,Commercial & Marketing,B:structural-nearness,,B:structural-nearness,PROMOTE,6ab2197ba3fe6246bdb501391d22b71d0338d2c7
REL-00364,CM-1-2-4-2-11,enables,CM-1-2-4-2-5,Manage Trading Sub-Ledger,Commercial & Marketing,B:structural-nearness,,B:structural-nearness,PROMOTE,6ab2197ba3fe6246bdb501391d22b71d0338d2c7
REL-00366,CM-1-2-4-2-12,governed-by,CM-1-2-4-2,Accounting,Commercial & Marketing,,C:two-way-absent(back-verbs=governed-by),,HOLD,6ab2197ba3fe6246bdb501391d22b71d0338d2c7
REL-00367,CM-1-2-4-2-12,enables,CM-1-2-4-2-1,Manage Accounting Treatments,Commercial & Marketing,A:explicit-reference | B:structural-nearness,C:two-way-absent(back-verbs=governed-by),A:explicit-reference,PROMOTE,6ab2197ba3fe6246bdb501391d22b71d0338d2c7
REL-00368,CM-1-2-4-2-12,informed-by,CM-1-2-1-3,Trade Capture,Commercial & Marketing,B:structural-nearness,,B:structural-nearness,PROMOTE,6ab2197ba3fe6246bdb501391d22b71d0338d2c7
REL-00369,CM-1-2-4-2-2,uses-input,CM-1-1-7-1-3,Perform Production Accounting,Commercial & Marketing,A:explicit-reference,,A:explicit-reference,PROMOTE,6ab2197ba3fe6246bdb501391d22b71d0338d2c7
REL-00370,CM-1-2-4-2-2,uses-input,CM-1-1-3-7-5,Perform Inventory Reconciliation,Commercial & Marketing,A:explicit-reference,,A:explicit-reference,PROMOTE,6ab2197ba3fe6246bdb501391d22b71d0338d2c7
REL-00371,CM-1-2-4-2-2,enables,CM-1-2-4-2-5,Manage Trading Sub-Ledger,Commercial & Marketing,B:structural-nearness,,B:structural-nearness,PROMOTE,6ab2197ba3fe6246bdb501391d22b71d0338d2c7
REL-00372,CM-1-2-4-2-3,follows,CM-1-2-4-1-6,Settle First Purchaser/Leases,Commercial & Marketing,A:explicit-reference | C:two-way(back=precedes),,A:explicit-reference,PROMOTE,6ab2197ba3fe6246bdb501391d22b71d0338d2c7
REL-00373,CM-1-2-4-2-3,uses-input,CM-1-2-1-2-8,Manage Lease Contract,Commercial & Marketing,A:explicit-reference | B:structural-nearness,,A:explicit-reference,PROMOTE,6ab2197ba3fe6246bdb501391d22b71d0338d2c7
REL-00374,CM-1-2-4-2-4,follows,CM-1-2-4-1,Settlements,Commercial & Marketing,A:explicit-reference,C:two-way-absent(back-verbs=enables),A:explicit-reference,PROMOTE,6ab2197ba3fe6246bdb501391d22b71d0338d2c7
REL-00375,CM-1-2-4-2-4,enables,CM-1-2-4-2-9,Manage Cash Application,Commercial & Marketing,A:explicit-reference | B:structural-nearness,C:two-way-absent(back-verbs=follows),A:explicit-reference,PROMOTE,6ab2197ba3fe6246bdb501391d22b71d0338d2c7
REL-00376,CM-1-2-4-2-4,enables,CM-1-2-4-2-5,Manage Trading Sub-Ledger,Commercial & Marketing,B:structural-nearness,C:two-way-absent(back-verbs=uses-input),B:structural-nearness,PROMOTE,6ab2197ba3fe6246bdb501391d22b71d0338d2c7
REL-00377,CM-1-2-4-2-5,uses-input,CM-1-2-4-2-4,Manage AR/AP & Actuals,Commercial & Marketing,B:structural-nearness,C:two-way-absent(back-verbs=enables),B:structural-nearness,PROMOTE,6ab2197ba3fe6246bdb501391d22b71d0338d2c7
REL-00378,CM-1-2-4-2-5,uses-input,CM-1-2-4-2-1,Manage Accounting Treatments,Commercial & Marketing,A:explicit-reference | B:structural-nearness,C:two-way-absent(back-verbs=enables),A:explicit-reference,PROMOTE,6ab2197ba3fe6246bdb501391d22b71d0338d2c7
REL-00380,CM-1-2-4-2-6,uses-input,CM-1-2-2-3-5,Perform End-of-Month (EOM) Process,Commercial & Marketing,A:explicit-reference | B:structural-nearness,C:two-way-absent(back-verbs=enables),A:explicit-reference,PROMOTE,6ab2197ba3fe6246bdb501391d22b71d0338d2c7
REL-00381,CM-1-2-4-2-6,uses-input,CM-1-2-4-2-5,Manage Trading Sub-Ledger,Commercial & Marketing,B:structural-nearness,C:two-way-absent(back-verbs=enables),B:structural-nearness,PROMOTE,6ab2197ba3fe6246bdb501391d22b71d0338d2c7
REL-00382,CM-1-2-4-2-6,informed-by,CM-1-2-4-2-1,Manage Accounting Treatments,Commercial & Marketing,B:structural-nearness,,B:structural-nearness,PROMOTE,6ab2197ba3fe6246bdb501391d22b71d0338d2c7
REL-00384,CM-1-2-4-2-7,uses-input,CM-1-2-4-2-5,Manage Trading Sub-Ledger,Commercial & Marketing,B:structural-nearness,,B:structural-nearness,PROMOTE,6ab2197ba3fe6246bdb501391d22b71d0338d2c7
REL-00385,CM-1-2-4-2-7,assures,CM-1-2-4-2,Accounting,Commercial & Marketing,,,,HOLD,6ab2197ba3fe6246bdb501391d22b71d0338d2c7
REL-00386,CM-1-2-4-2-8,enables,CM-1-2-4-2-5,Manage Trading Sub-Ledger,Commercial & Marketing,A:explicit-reference | B:structural-nearness,,A:explicit-reference,PROMOTE,6ab2197ba3fe6246bdb501391d22b71d0338d2c7
REL-00387,CM-1-2-4-2-8,enables,CM-1-2-4-2-4,Manage AR/AP & Actuals,Commercial & Marketing,B:structural-nearness,,B:structural-nearness,PROMOTE,6ab2197ba3fe6246bdb501391d22b71d0338d2c7
REL-00389,CM-1-2-4-2-9,follows,CM-1-2-4-2-4,Manage AR/AP & Actuals,Commercial & Marketing,A:explicit-reference | B:structural-nearness,C:two-way-absent(back-verbs=enables),A:explicit-reference,PROMOTE,6ab2197ba3fe6246bdb501391d22b71d0338d2c7
REL-00390,CM-1-2-4-2-9,uses-input,CM-1-2-4-1,Settlements,Commercial & Marketing,A:explicit-reference | B:structural-nearness,,A:explicit-reference,PROMOTE,6ab2197ba3fe6246bdb501391d22b71d0338d2c7
REL-00391,CM-1-2-4-3-1,enables,CM-1-2-4-3-2,Monitor External Trading Compliance,Commercial & Marketing,A:explicit-reference | B:structural-nearness,C:two-way-absent(back-verbs=governed-by),A:explicit-reference,PROMOTE,6ab2197ba3fe6246bdb501391d22b71d0338d2c7
REL-00392,CM-1-2-4-3-1,enables,CM-1-2-4-3-3,Monitor Internal Trading Compliance,Commercial & Marketing,B:structural-nearness,C:two-way-absent(back-verbs=governed-by),B:structural-nearness,PROMOTE,6ab2197ba3fe6246bdb501391d22b71d0338d2c7
REL-00393,CM-1-2-4-3-1,governed-by,CM-1-2-4-3,Regulatory & Compliance,Commercial & Marketing,,C:two-way-absent(back-verbs=informed-by),,HOLD,6ab2197ba3fe6246bdb501391d22b71d0338d2c7
REL-00394,CM-1-2-4-3-2,governed-by,CM-1-2-4-3-1,Develop Compliance Policies & Procedures,Commercial & Marketing,D:hamid-verdict(2026-09-25),C:two-way-absent(back-verbs=enables),D:hamid-verdict,PROMOTE,6ab2197ba3fe6246bdb501391d22b71d0338d2c7
REL-00395,CM-1-2-4-3-2,informed-by,CM-1-2-1-3,Trade Capture,Commercial & Marketing,B:structural-nearness,,B:structural-nearness,PROMOTE,6ab2197ba3fe6246bdb501391d22b71d0338d2c7
REL-00396,CM-1-2-4-3-2,triggers,CM-1-2-4-3-7,Manage Exceptions,Commercial & Marketing,B:structural-nearness,C:two-way-absent(back-verbs=follows),B:structural-nearness,PROMOTE,6ab2197ba3fe6246bdb501391d22b71d0338d2c7
REL-00397,CM-1-2-4-3-3,governed-by,CM-1-2-4-3-1,Develop Compliance Policies & Procedures,Commercial & Marketing,A:explicit-reference,C:two-way-absent(back-verbs=enables),A:explicit-reference,PROMOTE,6ab2197ba3fe6246bdb501391d22b71d0338d2c7
REL-00398,CM-1-2-4-3-3,triggers,CM-1-2-4-3-7,Manage Exceptions,Commercial & Marketing,B:structural-nearness,,B:structural-nearness,PROMOTE,6ab2197ba3fe6246bdb501391d22b71d0338d2c7
REL-00399,CM-1-2-4-3-4,governed-by,CM-1-2-4-3-1,Develop Compliance Policies & Procedures,Commercial & Marketing,D:hamid-verdict(2026-09-25),,D:hamid-verdict,PROMOTE,6ab2197ba3fe6246bdb501391d22b71d0338d2c7
REL-00400,CM-1-2-4-3-4,triggers,CM-1-2-4-3-7,Manage Exceptions,Commercial & Marketing,B:structural-nearness,C:two-way-absent(back-verbs=follows),B:structural-nearness,PROMOTE,6ab2197ba3fe6246bdb501391d22b71d0338d2c7
REL-00401,CM-1-2-4-3-5,assures,CM-1-2-4-2-11,Manage Taxes,Commercial & Marketing,A:explicit-reference | B:structural-nearness,,A:explicit-reference,PROMOTE,6ab2197ba3fe6246bdb501391d22b71d0338d2c7
REL-00402,CM-1-2-4-3-5,informed-by,CM-1-2-4-3-1,Develop Compliance Policies & Procedures,Commercial & Marketing,B:structural-nearness,,B:structural-nearness,PROMOTE,6ab2197ba3fe6246bdb501391d22b71d0338d2c7
REL-00403,CM-1-2-4-3-5,triggers,CM-1-2-4-3-7,Manage Exceptions,Commercial & Marketing,B:structural-nearness,,B:structural-nearness,PROMOTE,6ab2197ba3fe6246bdb501391d22b71d0338d2c7
REL-00404,CM-1-2-4-3-6,uses-input,CM-1-2-3-1-7,Perform RINs/REC Actualization,Commercial & Marketing,A:explicit-reference | B:structural-nearness,,A:explicit-reference,PROMOTE,6ab2197ba3fe6246bdb501391d22b71d0338d2c7
REL-00405,CM-1-2-4-3-6,enables,CM-1-2-4-3-2,Monitor External Trading Compliance,Commercial & Marketing,B:structural-nearness,,B:structural-nearness,PROMOTE,6ab2197ba3fe6246bdb501391d22b71d0338d2c7
REL-00406,CM-1-2-4-3-6,governed-by,CM-1-2-4-3-1,Develop Compliance Policies & Procedures,Commercial & Marketing,D:hamid-verdict(2026-09-25),,D:hamid-verdict,PROMOTE,6ab2197ba3fe6246bdb501391d22b71d0338d2c7
REL-00407,CM-1-2-4-3-7,follows,CM-1-2-4-3-2,Monitor External Trading Compliance,Commercial & Marketing,A:explicit-reference | B:structural-nearness,C:two-way-absent(back-verbs=triggers),A:explicit-reference,PROMOTE,6ab2197ba3fe6246bdb501391d22b71d0338d2c7
REL-00408,CM-1-2-4-3-7,follows,CM-1-2-4-3-4,Monitor Internal Trade Controls,Commercial & Marketing,B:structural-nearness,C:two-way-absent(back-verbs=triggers),B:structural-nearness,PROMOTE,6ab2197ba3fe6246bdb501391d22b71d0338d2c7
REL-00409,CM-1-2-4-3-7,enables,CM-1-2-4-3-1,Develop Compliance Policies & Procedures,Commercial & Marketing,A:explicit-reference | B:structural-nearness,,A:explicit-reference,PROMOTE,6ab2197ba3fe6246bdb501391d22b71d0338d2c7
REL-00410,CM-1-2-4-4-1,uses-input,CM-1-2-3-1-4,Perform Vessel & Barge Actualization,Commercial & Marketing,A:explicit-reference | B:structural-nearness,C:two-way-absent(back-verbs=enables),A:explicit-reference,PROMOTE,6ab2197ba3fe6246bdb501391d22b71d0338d2c7
REL-00412,CM-1-2-4-4-2,follows,CM-1-2-4-4-1,Identify Potential Demurrage,Commercial & Marketing,A:explicit-reference | C:two-way(back=precedes) | B:structural-nearness,,A:explicit-reference,PROMOTE,6ab2197ba3fe6246bdb501391d22b71d0338d2c7
REL-00415,CM-1-2-4-4-3,uses-input,CM-1-2-1-2-9,Manage Carrier Contracts,Commercial & Marketing,B:structural-nearness,,B:structural-nearness,PROMOTE,6ab2197ba3fe6246bdb501391d22b71d0338d2c7
REL-00418,CM-1-2-4-4-4,informed-by,CM-1-2-3-1-4,Perform Vessel & Barge Actualization,Commercial & Marketing,A:explicit-reference | B:structural-nearness,,A:explicit-reference,PROMOTE,6ab2197ba3fe6246bdb501391d22b71d0338d2c7
REL-00424,CM-1-2-4-4-7,precedes,CM-1-2-4-2-4,Manage AR/AP & Actuals,Commercial & Marketing,A:explicit-reference,,A:explicit-reference,PROMOTE,6ab2197ba3fe6246bdb501391d22b71d0338d2c7
REL-00426,CM-1-2-4-4-8,precedes,CM-1-2-4-2-4,Manage AR/AP & Actuals,Commercial & Marketing,A:explicit-reference,,A:explicit-reference,PROMOTE,6ab2197ba3fe6246bdb501391d22b71d0338d2c7
REL-00427,CM-1-2-5-1-1,enables,CM-1-2-5-1-2,Review LP Model Integrity,Commercial & Marketing,A:explicit-reference | B:structural-nearness,C:two-way-absent(back-verbs=uses-input),A:explicit-reference,PROMOTE,6ab2197ba3fe6246bdb501391d22b71d0338d2c7
REL-00428,CM-1-2-5-1-1,enables,CM-1-2-5-1-3,Develop Term Slate,Commercial & Marketing,B:structural-nearness,,B:structural-nearness,PROMOTE,6ab2197ba3fe6246bdb501391d22b71d0338d2c7
REL-00429,CM-1-2-5-1-1,uses-input,CM-1-2-3-1-4,Perform Vessel & Barge Actualization,Commercial & Marketing,B:structural-nearness,,B:structural-nearness,PROMOTE,6ab2197ba3fe6246bdb501391d22b71d0338d2c7
REL-00431,CM-1-2-5-1-2,enables,CM-1-2-5-1-3,Develop Term Slate,Commercial & Marketing,B:structural-nearness,,B:structural-nearness,PROMOTE,6ab2197ba3fe6246bdb501391d22b71d0338d2c7
REL-00432,CM-1-2-5-1-2,informed-by,CM-1-1-4,Refinery Planning and Optimization,Commercial & Marketing,A:explicit-reference,,A:explicit-reference,PROMOTE,6ab2197ba3fe6246bdb501391d22b71d0338d2c7
REL-00434,CM-1-2-5-1-3,informed-by,CM-1-1-4-7-2,Evaluate Crude & Feedstock,Commercial & Marketing,A:explicit-reference,,A:explicit-reference,PROMOTE,6ab2197ba3fe6246bdb501391d22b71d0338d2c7
REL-00435,CM-1-2-5-1-3,precedes,CM-1-2-1-2-5,Create New Contract,Commercial & Marketing,,,,HOLD,6ab2197ba3fe6246bdb501391d22b71d0338d2c7
REL-00437,CM-1-2-5-1-4,enables,CM-1-2-5-2-1,Coordinate Feedstock Trading,Commercial & Marketing,B:structural-nearness,,B:structural-nearness,PROMOTE,6ab2197ba3fe6246bdb501391d22b71d0338d2c7
REL-00438,CM-1-2-5-1-4,informed-by,CM-1-2-5-1-3,Develop Term Slate,Commercial & Marketing,A:explicit-reference | B:structural-nearness,,A:explicit-reference,PROMOTE,6ab2197ba3fe6246bdb501391d22b71d0338d2c7
REL-00439,CM-1-2-5-2-1,follows,CM-1-2-5-2-2,Develop Feedstock Demand,Commercial & Marketing,C:two-way(back=precedes) | B:structural-nearness,,C:two-way,PROMOTE,6ab2197ba3fe6246bdb501391d22b71d0338d2c7
REL-00440,CM-1-2-5-2-1,enables,CM-1-2-1-3,Trade Capture,Commercial & Marketing,A:explicit-reference | B:structural-nearness,,A:explicit-reference,PROMOTE,6ab2197ba3fe6246bdb501391d22b71d0338d2c7
REL-00441,CM-1-2-5-2-1,precedes,CM-1-2-5-3-1,Manage Feedstock Transportation,Commercial & Marketing,A:explicit-reference | C:two-way(back=follows),,A:explicit-reference,PROMOTE,6ab2197ba3fe6246bdb501391d22b71d0338d2c7
REL-00442,CM-1-2-5-2-2,uses-input,CM-1-1-4,Refinery Planning and Optimization,Commercial & Marketing,A:explicit-reference,,A:explicit-reference,PROMOTE,6ab2197ba3fe6246bdb501391d22b71d0338d2c7
REL-00443,CM-1-2-5-2-2,uses-input,CM-1-2-5-4-2,Manage Feedstock Inventory,Commercial & Marketing,A:explicit-reference | B:structural-nearness,C:two-way-absent(back-verbs=enables),A:explicit-reference,PROMOTE,6ab2197ba3fe6246bdb501391d22b71d0338d2c7
REL-00444,CM-1-2-5-2-2,precedes,CM-1-2-5-2-1,Coordinate Feedstock Trading,Commercial & Marketing,A:explicit-reference | C:two-way(back=follows) | B:structural-nearness,,A:explicit-reference,PROMOTE,6ab2197ba3fe6246bdb501391d22b71d0338d2c7
REL-00445,CM-1-2-5-2-3,enables,CM-1-1-4,Refinery Planning and Optimization,Commercial & Marketing,A:explicit-reference,,A:explicit-reference,PROMOTE,6ab2197ba3fe6246bdb501391d22b71d0338d2c7
REL-00446,CM-1-2-5-2-3,uses-input,CM-1-2-5-2-2,Develop Feedstock Demand,Commercial & Marketing,A:explicit-reference | B:structural-nearness,,A:explicit-reference,PROMOTE,6ab2197ba3fe6246bdb501391d22b71d0338d2c7
REL-00447,CM-1-2-5-2-3,uses-input,CM-1-2-5-1-4,Develop Spot Slate,Commercial & Marketing,B:structural-nearness,C:two-way-absent(back-verbs=enables),B:structural-nearness,PROMOTE,6ab2197ba3fe6246bdb501391d22b71d0338d2c7
REL-00448,CM-1-2-5-3-1,follows,CM-1-2-5-2-1,Coordinate Feedstock Trading,Commercial & Marketing,C:two-way(back=precedes),,C:two-way,PROMOTE,6ab2197ba3fe6246bdb501391d22b71d0338d2c7
REL-00449,CM-1-2-5-3-1,precedes,CM-1-2-5-3-2,Schedule Feedstock Delivery,Commercial & Marketing,A:explicit-reference | C:two-way(back=follows) | B:structural-nearness,,A:explicit-reference,PROMOTE,6ab2197ba3fe6246bdb501391d22b71d0338d2c7
REL-00450,CM-1-2-5-3-1,uses-input,CM-1-2-1-2-9,Manage Carrier Contracts,Commercial & Marketing,A:explicit-reference | B:structural-nearness,,A:explicit-reference,PROMOTE,6ab2197ba3fe6246bdb501391d22b71d0338d2c7
REL-00451,CM-1-2-5-3-2,follows,CM-1-2-5-3-1,Manage Feedstock Transportation,Commercial & Marketing,A:explicit-reference | C:two-way(back=precedes) | B:structural-nearness,,A:explicit-reference,PROMOTE,6ab2197ba3fe6246bdb501391d22b71d0338d2c7
REL-00452,CM-1-2-5-3-2,precedes,CM-1-2-5-3-3,Plan Feedstock Arrival,Commercial & Marketing,A:explicit-reference | C:two-way(back=follows) | B:structural-nearness,,A:explicit-reference,PROMOTE,6ab2197ba3fe6246bdb501391d22b71d0338d2c7
REL-00453,CM-1-2-5-3-2,informed-by,CM-1-1-7-2,Production Scheduling,Commercial & Marketing,A:explicit-reference,,A:explicit-reference,PROMOTE,6ab2197ba3fe6246bdb501391d22b71d0338d2c7
REL-00454,CM-1-2-5-3-3,follows,CM-1-2-5-3-2,Schedule Feedstock Delivery,Commercial & Marketing,A:explicit-reference | C:two-way(back=precedes) | B:structural-nearness,,A:explicit-reference,PROMOTE,6ab2197ba3fe6246bdb501391d22b71d0338d2c7
REL-00455,CM-1-2-5-3-3,enables,CM-1-2-3-1-4,Perform Vessel & Barge Actualization,Commercial & Marketing,A:explicit-reference | B:structural-nearness,,A:explicit-reference,PROMOTE,6ab2197ba3fe6246bdb501391d22b71d0338d2c7
REL-00456,CM-1-2-5-3-3,informed-by,CM-1-2-5-4-2,Manage Feedstock Inventory,Commercial & Marketing,B:structural-nearness,,B:structural-nearness,PROMOTE,6ab2197ba3fe6246bdb501391d22b71d0338d2c7
REL-00457,CM-1-2-5-4-1,uses-input,CM-1-2-5-4-2,Manage Feedstock Inventory,Commercial & Marketing,B:structural-nearness,C:two-way-absent(back-verbs=enables),B:structural-nearness,PROMOTE,6ab2197ba3fe6246bdb501391d22b71d0338d2c7
REL-00458,CM-1-2-5-4-1,enables,CM-1-2-1,Trading Management,Commercial & Marketing,B:structural-nearness,,B:structural-nearness,PROMOTE,6ab2197ba3fe6246bdb501391d22b71d0338d2c7
REL-00459,CM-1-2-5-4-1,informed-by,CM-1-2-2-3,Market Risk Management,Commercial & Marketing,A:explicit-reference | B:structural-nearness,,A:explicit-reference,PROMOTE,6ab2197ba3fe6246bdb501391d22b71d0338d2c7
REL-00460,CM-1-2-5-4-2,enables,CM-1-2-5-2-2,Develop Feedstock Demand,Commercial & Marketing,A:explicit-reference | B:structural-nearness,C:two-way-absent(back-verbs=uses-input),A:explicit-reference,PROMOTE,6ab2197ba3fe6246bdb501391d22b71d0338d2c7
REL-00461,CM-1-2-5-4-2,enables,CM-1-2-5-4-1,Assess & Manage Inventory Risk,Commercial & Marketing,A:explicit-reference | B:structural-nearness,C:two-way-absent(back-verbs=uses-input),A:explicit-reference,PROMOTE,6ab2197ba3fe6246bdb501391d22b71d0338d2c7
REL-00462,CM-1-2-5-4-2,informed-by,CM-1-2-5-3,Crude/Feed Transportation Management,Commercial & Marketing,B:structural-nearness,,B:structural-nearness,PROMOTE,6ab2197ba3fe6246bdb501391d22b71d0338d2c7
REL-00463,CM-1-2-6-1-1,enables,CM-1-2-6-1-2,Evaluate Market Attractiveness,Commercial & Marketing,A:explicit-reference | B:structural-nearness,C:two-way-absent(back-verbs=uses-input),A:explicit-reference,PROMOTE,6ab2197ba3fe6246bdb501391d22b71d0338d2c7
REL-00464,CM-1-2-6-1-1,enables,CM-1-2-6-1-3,Assess Cost-to-Serve Performance,Commercial & Marketing,A:explicit-reference | B:structural-nearness,C:two-way-absent(back-verbs=uses-input),A:explicit-reference,PROMOTE,6ab2197ba3fe6246bdb501391d22b71d0338d2c7
REL-00465,CM-1-2-6-1-2,uses-input,CM-1-2-6-1-1,Segment Customers,Commercial & Marketing,B:structural-nearness,C:two-way-absent(back-verbs=enables),B:structural-nearness,PROMOTE,6ab2197ba3fe6246bdb501391d22b71d0338d2c7
REL-00467,CM-1-2-6-1-2,informed-by,CM-1-2-6-1-3,Assess Cost-to-Serve Performance,Commercial & Marketing,B:structural-nearness,,B:structural-nearness,PROMOTE,6ab2197ba3fe6246bdb501391d22b71d0338d2c7
REL-00468,CM-1-2-6-1-3,uses-input,CM-1-2-6-1-1,Segment Customers,Commercial & Marketing,B:structural-nearness,C:two-way-absent(back-verbs=enables),B:structural-nearness,PROMOTE,6ab2197ba3fe6246bdb501391d22b71d0338d2c7
REL-00470,CM-1-2-6-1-3,uses-input,CM-1-2-4-2,Accounting,Commercial & Marketing,A:explicit-reference | B:structural-nearness,,A:explicit-reference,PROMOTE,6ab2197ba3fe6246bdb501391d22b71d0338d2c7
REL-00473,CM-1-2-6-2-1,enables,CM-1-1-3-5-2,Coordinate Product Trading,Commercial & Marketing,A:explicit-reference,,A:explicit-reference,PROMOTE,6ab2197ba3fe6246bdb501391d22b71d0338d2c7
REL-00474,CM-1-2-6-2-2,uses-input,CM-1-2-6-2-1,Manage Refined Product Demand,Commercial & Marketing,A:explicit-reference | B:structural-nearness,,A:explicit-reference,PROMOTE,6ab2197ba3fe6246bdb501391d22b71d0338d2c7
REL-00475,CM-1-2-6-2-2,enables,CM-1-2-6-3,Supply Operations,Commercial & Marketing,A:explicit-reference | B:structural-nearness,,A:explicit-reference,PROMOTE,6ab2197ba3fe6246bdb501391d22b71d0338d2c7
REL-00476,CM-1-2-6-2-2,informed-by,CM-1-2-7-1-1,Manage Product Exchange Agreements,Commercial & Marketing,A:explicit-reference | B:structural-nearness,C:two-way-absent(back-verbs=enables),A:explicit-reference,PROMOTE,6ab2197ba3fe6246bdb501391d22b71d0338d2c7
REL-00478,CM-1-2-6-2-3,enables,CM-1-2-6-2-1,Manage Refined Product Demand,Commercial & Marketing,B:structural-nearness,C:two-way-absent(back-verbs=uses-input),B:structural-nearness,PROMOTE,6ab2197ba3fe6246bdb501391d22b71d0338d2c7
REL-00481,CM-1-2-6-3-1,uses-input,CM-1-2-6-2-2,Manage Refined Product Exchanges,Commercial & Marketing,B:structural-nearness,,B:structural-nearness,PROMOTE,6ab2197ba3fe6246bdb501391d22b71d0338d2c7
REL-00482,CM-1-2-6-3-1,uses-input,CM-1-1-3-5-2,Coordinate Product Trading,Commercial & Marketing,,,,HOLD,6ab2197ba3fe6246bdb501391d22b71d0338d2c7
REL-00483,CM-1-2-6-3-2,uses-input,CM-1-1-3-7-9,Manage Inventory Replenishment,Commercial & Marketing,A:explicit-reference,,A:explicit-reference,PROMOTE,6ab2197ba3fe6246bdb501391d22b71d0338d2c7
REL-00485,CM-1-2-6-3-2,enables,CM-1-1-3-5-2,Coordinate Product Trading,Commercial & Marketing,,,,HOLD,6ab2197ba3fe6246bdb501391d22b71d0338d2c7
REL-00487,CM-1-2-6-3-3,uses-input,CM-1-2-1-2-9,Manage Carrier Contracts,Commercial & Marketing,A:explicit-reference | B:structural-nearness,,A:explicit-reference,PROMOTE,6ab2197ba3fe6246bdb501391d22b71d0338d2c7
REL-00488,CM-1-2-6-3-3,precedes,CM-1-1-3-6,Physical Distribution Scheduling,Commercial & Marketing,A:explicit-reference,,A:explicit-reference,PROMOTE,6ab2197ba3fe6246bdb501391d22b71d0338d2c7
REL-00489,CM-1-2-7-1-1,enables,CM-1-2-6-2-2,Manage Refined Product Exchanges,Commercial & Marketing,A:explicit-reference | B:structural-nearness,C:two-way-absent(back-verbs=informed-by),A:explicit-reference,PROMOTE,6ab2197ba3fe6246bdb501391d22b71d0338d2c7
REL-00491,CM-1-2-7-1-1,precedes,CM-1-2-4-1-2,Settle Products,Commercial & Marketing,A:explicit-reference,,A:explicit-reference,PROMOTE,6ab2197ba3fe6246bdb501391d22b71d0338d2c7
REL-00492,CM-1-2-7-1-2,informed-by,CM-1-2-1-2-9,Manage Carrier Contracts,Commercial & Marketing,A:explicit-reference | B:structural-nearness,,A:explicit-reference,PROMOTE,6ab2197ba3fe6246bdb501391d22b71d0338d2c7
REL-00493,CM-1-2-7-1-2,enables,CM-1-1-3-8,Secondary Distribution Management,Commercial & Marketing,A:explicit-reference,,A:explicit-reference,PROMOTE,6ab2197ba3fe6246bdb501391d22b71d0338d2c7
REL-00494,CM-1-2-7-1-2,enables,CM-1-2-4-1,Settlements,Commercial & Marketing,B:structural-nearness,,B:structural-nearness,PROMOTE,6ab2197ba3fe6246bdb501391d22b71d0338d2c7
REL-00495,CM-1-2-7-1-3,precedes,CM-1-2-1-2-10,Manage Storage Contract,Commercial & Marketing,A:explicit-reference | C:two-way(back=follows),,A:explicit-reference,PROMOTE,6ab2197ba3fe6246bdb501391d22b71d0338d2c7
REL-00496,CM-1-2-7-1-3,precedes,CM-1-2-1-3-5,Capture Storage Deals,Commercial & Marketing,A:explicit-reference,,A:explicit-reference,PROMOTE,6ab2197ba3fe6246bdb501391d22b71d0338d2c7
REL-00497,CM-1-2-7-1-3,informed-by,CM-1-2-6-3,Supply Operations,Commercial & Marketing,B:structural-nearness,,B:structural-nearness,PROMOTE,6ab2197ba3fe6246bdb501391d22b71d0338d2c7
REL-00498,CM-1-2-7-2-1,governed-by,CM-1-2-7-2,Terminal Operations Management,Commercial & Marketing,,,,HOLD,6ab2197ba3fe6246bdb501391d22b71d0338d2c7
REL-00499,CM-1-2-7-2-1,enables,CM-1-2-7-2-3,"Manage Site Assets (Tank, Rack, Etc.)",Commercial & Marketing,B:structural-nearness,C:two-way-absent(back-verbs=informed-by),B:structural-nearness,PROMOTE,6ab2197ba3fe6246bdb501391d22b71d0338d2c7
REL-00500,CM-1-2-7-2-1,informed-by,CM-1-2-7-2-2,Manage Fleet (Own/Third Party),Commercial & Marketing,A:explicit-reference | B:structural-nearness,C:two-way-absent(back-verbs=informed-by),A:explicit-reference,PROMOTE,6ab2197ba3fe6246bdb501391d22b71d0338d2c7
REL-00501,CM-1-2-7-2-2,enables,CM-1-1-3-8,Secondary Distribution Management,Commercial & Marketing,A:explicit-reference,,A:explicit-reference,PROMOTE,6ab2197ba3fe6246bdb501391d22b71d0338d2c7
REL-00502,CM-1-2-7-2-2,governed-by,CM-1-2-7-2,Terminal Operations Management,Commercial & Marketing,,,,HOLD,6ab2197ba3fe6246bdb501391d22b71d0338d2c7
REL-00503,CM-1-2-7-2-2,informed-by,CM-1-2-7-2-1,"Manage Safety (Materials, Staff, Contractor)",Commercial & Marketing,B:structural-nearness,C:two-way-absent(back-verbs=informed-by),B:structural-nearness,PROMOTE,6ab2197ba3fe6246bdb501391d22b71d0338d2c7
REL-00504,CM-1-2-7-2-3,governed-by,CM-1-2-7-2,Terminal Operations Management,Commercial & Marketing,,,,HOLD,6ab2197ba3fe6246bdb501391d22b71d0338d2c7
REL-00505,CM-1-2-7-2-3,informed-by,CM-1-2-7-2-1,"Manage Safety (Materials, Staff, Contractor)",Commercial & Marketing,A:explicit-reference | B:structural-nearness,C:two-way-absent(back-verbs=enables),A:explicit-reference,PROMOTE,6ab2197ba3fe6246bdb501391d22b71d0338d2c7
REL-00506,CM-1-2-7-2-3,enables,CM-1-2-6-3,Supply Operations,Commercial & Marketing,B:structural-nearness,,B:structural-nearness,PROMOTE,6ab2197ba3fe6246bdb501391d22b71d0338d2c7
REL-00509,CM-1-3-1-1-1,governed-by,CM-1-3-1-1,Market Analysis,Commercial & Marketing,,,,HOLD,6ab2197ba3fe6246bdb501391d22b71d0338d2c7
REL-00513,CM-1-3-1-1-2,governed-by,CM-1-3-1-1,Market Analysis,Commercial & Marketing,,,,HOLD,6ab2197ba3fe6246bdb501391d22b71d0338d2c7
REL-00520,CM-1-3-1-2-1,governed-by,CM-1-3-1-2,Company Analysis,Commercial & Marketing,,,,HOLD,6ab2197ba3fe6246bdb501391d22b71d0338d2c7
REL-00524,CM-1-3-1-2-2,governed-by,CM-1-3-1-2,Company Analysis,Commercial & Marketing,,,,HOLD,6ab2197ba3fe6246bdb501391d22b71d0338d2c7
REL-00531,CM-1-3-1-3-1,governed-by,CM-1-3-1-3,Consumer Analysis,Commercial & Marketing,A:explicit-reference,,A:explicit-reference,PROMOTE,6ab2197ba3fe6246bdb501391d22b71d0338d2c7
REL-00535,CM-1-3-1-3-2,governed-by,CM-1-3-1-3,Consumer Analysis,Commercial & Marketing,,,,HOLD,6ab2197ba3fe6246bdb501391d22b71d0338d2c7
REL-00542,CM-1-3-1-4-1,governed-by,CM-1-3-1-4,Customer And Marketer Analysis,Commercial & Marketing,A:explicit-reference,,A:explicit-reference,PROMOTE,6ab2197ba3fe6246bdb501391d22b71d0338d2c7
REL-00546,CM-1-3-1-4-2,governed-by,CM-1-3-1-4,Customer And Marketer Analysis,Commercial & Marketing,,,,HOLD,6ab2197ba3fe6246bdb501391d22b71d0338d2c7
REL-00549,CM-1-3-1-4-3,uses-input,CM-1-2-6-1-3,Assess Cost-to-Serve Performance,Commercial & Marketing,A:explicit-reference,,A:explicit-reference,PROMOTE,6ab2197ba3fe6246bdb501391d22b71d0338d2c7
REL-00554,CM-1-3-1-5-1,governed-by,CM-1-3-1-5,Competitor Analysis,Commercial & Marketing,,,,HOLD,6ab2197ba3fe6246bdb501391d22b71d0338d2c7
REL-00558,CM-1-3-1-5-2,governed-by,CM-1-3-1-5,Competitor Analysis,Commercial & Marketing,,,,HOLD,6ab2197ba3fe6246bdb501391d22b71d0338d2c7
REL-00563,CM-1-3-1-6,uses-input,CM-1-3-1-1,Market Analysis,Commercial & Marketing,A:explicit-reference | B:structural-nearness,C:two-way-absent(back-verbs=enables),A:explicit-reference,PROMOTE,6ab2197ba3fe6246bdb501391d22b71d0338d2c7
REL-00564,CM-1-3-1-6,uses-input,CM-1-3-1-5,Competitor Analysis,Commercial & Marketing,B:structural-nearness,C:two-way-absent(back-verbs=enables),B:structural-nearness,PROMOTE,6ab2197ba3fe6246bdb501391d22b71d0338d2c7
REL-00565,CM-1-3-1-6,enables,CM-1-3-2-1,Brand Strategy,Commercial & Marketing,B:structural-nearness,C:two-way-absent(back-verbs=informed-by),B:structural-nearness,PROMOTE,6ab2197ba3fe6246bdb501391d22b71d0338d2c7
REL-00567,CM-1-3-10-1,informed-by,CM-1-3-7-4,Manage Credit & Risk,Commercial & Marketing,B:structural-nearness,,B:structural-nearness,PROMOTE,6ab2197ba3fe6246bdb501391d22b71d0338d2c7
REL-00575,CM-1-3-10-2,informed-by,CM-1-2-6-2-1,Manage Refined Product Demand,Commercial & Marketing,,,,HOLD,6ab2197ba3fe6246bdb501391d22b71d0338d2c7
REL-00580,CM-1-3-10-3,informed-by,CM-1-3-7-4,Manage Credit & Risk,Commercial & Marketing,B:structural-nearness,,B:structural-nearness,PROMOTE,6ab2197ba3fe6246bdb501391d22b71d0338d2c7
REL-00581,CM-1-3-10-3,follows,CM-1-3-7-3-2,Allocate & Release Order,Commercial & Marketing,,,,HOLD,6ab2197ba3fe6246bdb501391d22b71d0338d2c7
REL-00585,CM-1-3-10-4,informed-by,CM-1-3-7-4,Manage Credit & Risk,Commercial & Marketing,B:structural-nearness,,B:structural-nearness,PROMOTE,6ab2197ba3fe6246bdb501391d22b71d0338d2c7
REL-00586,CM-1-3-2-1-1,follows,CM-1-3-2-1-2,Establish Brand Objectives and hypothesis,Commercial & Marketing,C:two-way(back=precedes) | B:structural-nearness,,C:two-way,PROMOTE,6ab2197ba3fe6246bdb501391d22b71d0338d2c7
REL-00587,CM-1-3-2-1-1,precedes,CM-1-3-2-1-3,Develop & Test Brand Hypothesis,Commercial & Marketing,C:two-way(back=follows) | B:structural-nearness,,C:two-way,PROMOTE,6ab2197ba3fe6246bdb501391d22b71d0338d2c7
REL-00588,CM-1-3-2-1-1,governed-by,CM-1-3-2-1,Brand Strategy,Commercial & Marketing,A:explicit-reference,,A:explicit-reference,PROMOTE,6ab2197ba3fe6246bdb501391d22b71d0338d2c7
REL-00590,CM-1-3-2-1-2,precedes,CM-1-3-2-1-3,Develop & Test Brand Hypothesis,Commercial & Marketing,A:explicit-reference | B:structural-nearness,,A:explicit-reference,PROMOTE,6ab2197ba3fe6246bdb501391d22b71d0338d2c7
REL-00591,CM-1-3-2-1-2,governed-by,CM-1-3-2-1,Brand Strategy,Commercial & Marketing,,,,HOLD,6ab2197ba3fe6246bdb501391d22b71d0338d2c7
REL-00593,CM-1-3-2-1-3,precedes,CM-1-3-2-1-4,Develop / update Brand,Commercial & Marketing,A:explicit-reference | C:two-way(back=follows) | B:structural-nearness,,A:explicit-reference,PROMOTE,6ab2197ba3fe6246bdb501391d22b71d0338d2c7
REL-00594,CM-1-3-2-1-4,follows,CM-1-3-2-1-3,Develop & Test Brand Hypothesis,Commercial & Marketing,C:two-way(back=precedes) | B:structural-nearness,,C:two-way,PROMOTE,6ab2197ba3fe6246bdb501391d22b71d0338d2c7
REL-00595,CM-1-3-2-1-4,enables,CM-1-3-3-5,Marketing Communications Strategy,Commercial & Marketing,A:explicit-reference | B:structural-nearness,,A:explicit-reference,PROMOTE,6ab2197ba3fe6246bdb501391d22b71d0338d2c7
REL-00597,CM-1-3-2-2-1,follows,CM-1-3-2-2-2,Formulate and Evaluate Strategic Operating Alternatives (CVP),Commercial & Marketing,C:two-way(back=precedes) | B:structural-nearness,,C:two-way,PROMOTE,6ab2197ba3fe6246bdb501391d22b71d0338d2c7
REL-00598,CM-1-3-2-2-1,precedes,CM-1-3-2-2-4,Develop/Update Strategy (CVP),Commercial & Marketing,A:explicit-reference | C:two-way(back=follows) | B:structural-nearness,,A:explicit-reference,PROMOTE,6ab2197ba3fe6246bdb501391d22b71d0338d2c7
REL-00599,CM-1-3-2-2-2,follows,CM-1-3-2-2-3,Establish CVP principles and objectives,Commercial & Marketing,C:two-way(back=precedes) | B:structural-nearness,,C:two-way,PROMOTE,6ab2197ba3fe6246bdb501391d22b71d0338d2c7
REL-00600,CM-1-3-2-2-2,precedes,CM-1-3-2-2-1,Test Customer value proposition,Commercial & Marketing,C:two-way(back=follows) | B:structural-nearness,,C:two-way,PROMOTE,6ab2197ba3fe6246bdb501391d22b71d0338d2c7
REL-00601,CM-1-3-2-2-2,governed-by,CM-1-3-2-2,Customer And Marketer Value Proposition,Commercial & Marketing,A:explicit-reference,,A:explicit-reference,PROMOTE,6ab2197ba3fe6246bdb501391d22b71d0338d2c7
REL-00602,CM-1-3-2-2-3,precedes,CM-1-3-2-2-2,Formulate and Evaluate Strategic Operating Alternatives (CVP),Commercial & Marketing,A:explicit-reference | C:two-way(back=follows) | B:structural-nearness,,A:explicit-reference,PROMOTE,6ab2197ba3fe6246bdb501391d22b71d0338d2c7
REL-00603,CM-1-3-2-2-3,precedes,CM-1-3-2-2-1,Test Customer value proposition,Commercial & Marketing,B:structural-nearness,,B:structural-nearness,PROMOTE,6ab2197ba3fe6246bdb501391d22b71d0338d2c7
REL-00604,CM-1-3-2-2-3,governed-by,CM-1-3-2-2,Customer And Marketer Value Proposition,Commercial & Marketing,,,,HOLD,6ab2197ba3fe6246bdb501391d22b71d0338d2c7
REL-00605,CM-1-3-2-2-4,follows,CM-1-3-2-2-1,Test Customer value proposition,Commercial & Marketing,C:two-way(back=precedes) | B:structural-nearness,,C:two-way,PROMOTE,6ab2197ba3fe6246bdb501391d22b71d0338d2c7
REL-00606,CM-1-3-2-2-4,enables,CM-1-3-3-1,Customer Offer Definition,Commercial & Marketing,A:explicit-reference | B:structural-nearness,,A:explicit-reference,PROMOTE,6ab2197ba3fe6246bdb501391d22b71d0338d2c7
REL-00607,CM-1-3-2-2-4,enables,CM-1-3-6-1,Channel & Partner Management,Commercial & Marketing,A:explicit-reference | B:structural-nearness,,A:explicit-reference,PROMOTE,6ab2197ba3fe6246bdb501391d22b71d0338d2c7
REL-00612,CM-1-3-2-3-2,governed-by,CM-1-3-2-3,Consumer Value Proposition,Commercial & Marketing,,,,HOLD,6ab2197ba3fe6246bdb501391d22b71d0338d2c7
REL-00615,CM-1-3-2-3-3,governed-by,CM-1-3-2-3,Consumer Value Proposition,Commercial & Marketing,,,,HOLD,6ab2197ba3fe6246bdb501391d22b71d0338d2c7
REL-00617,CM-1-3-2-3-4,enables,CM-1-3-3-1,Customer Offer Definition,Commercial & Marketing,A:explicit-reference | B:structural-nearness,,A:explicit-reference,PROMOTE,6ab2197ba3fe6246bdb501391d22b71d0338d2c7
REL-00618,CM-1-3-2-3-4,enables,CM-1-3-2-5,Customer Experience Strategy,Commercial & Marketing,A:explicit-reference | B:structural-nearness,,A:explicit-reference,PROMOTE,6ab2197ba3fe6246bdb501391d22b71d0338d2c7
REL-00619,CM-1-3-2-4-1,precedes,CM-1-3-2-4-2,Establish operating Objectives and develop Channel Strategy Hypothesis,Commercial & Marketing,A:explicit-reference | C:two-way(back=follows) | B:structural-nearness,,A:explicit-reference,PROMOTE,6ab2197ba3fe6246bdb501391d22b71d0338d2c7
REL-00620,CM-1-3-2-4-1,governed-by,CM-1-3-2-4,Sales & Distribution Channel Strategy,Commercial & Marketing,A:explicit-reference,,A:explicit-reference,PROMOTE,6ab2197ba3fe6246bdb501391d22b71d0338d2c7
REL-00621,CM-1-3-2-4-1,uses-input,CM-1-2-6-1-3,Assess Cost-to-Serve Performance,Commercial & Marketing,A:explicit-reference,,A:explicit-reference,PROMOTE,6ab2197ba3fe6246bdb501391d22b71d0338d2c7
REL-00622,CM-1-3-2-4-2,follows,CM-1-3-2-4-1,Conduct Channel of trade diagnostics,Commercial & Marketing,A:explicit-reference | C:two-way(back=precedes) | B:structural-nearness,,A:explicit-reference,PROMOTE,6ab2197ba3fe6246bdb501391d22b71d0338d2c7
REL-00623,CM-1-3-2-4-2,governed-by,CM-1-3-2-4,Sales & Distribution Channel Strategy,Commercial & Marketing,A:explicit-reference,,A:explicit-reference,PROMOTE,6ab2197ba3fe6246bdb501391d22b71d0338d2c7
REL-00624,CM-1-3-2-5-1,precedes,CM-1-3-2-5-2,Define Customer Experience Guiding Principles,Commercial & Marketing,A:explicit-reference | C:two-way(back=follows) | B:structural-nearness,,A:explicit-reference,PROMOTE,6ab2197ba3fe6246bdb501391d22b71d0338d2c7
REL-00625,CM-1-3-2-5-1,governed-by,CM-1-3-2-5,Customer Experience Strategy,Commercial & Marketing,A:explicit-reference,,A:explicit-reference,PROMOTE,6ab2197ba3fe6246bdb501391d22b71d0338d2c7
REL-00626,CM-1-3-2-5-2,follows,CM-1-3-2-5-1,Identify Customer Experience Aspiration,Commercial & Marketing,A:explicit-reference | C:two-way(back=precedes) | B:structural-nearness,,A:explicit-reference,PROMOTE,6ab2197ba3fe6246bdb501391d22b71d0338d2c7
REL-00627,CM-1-3-2-5-2,precedes,CM-1-3-2-5-3,Establish Customer Experience Strategic Pillars,Commercial & Marketing,A:explicit-reference | C:two-way(back=follows) | B:structural-nearness,,A:explicit-reference,PROMOTE,6ab2197ba3fe6246bdb501391d22b71d0338d2c7
REL-00628,CM-1-3-2-5-3,follows,CM-1-3-2-5-2,Define Customer Experience Guiding Principles,Commercial & Marketing,C:two-way(back=precedes) | B:structural-nearness,,C:two-way,PROMOTE,6ab2197ba3fe6246bdb501391d22b71d0338d2c7
REL-00629,CM-1-3-2-5-3,governed-by,CM-1-3-2-5,Customer Experience Strategy,Commercial & Marketing,A:explicit-reference,,A:explicit-reference,PROMOTE,6ab2197ba3fe6246bdb501391d22b71d0338d2c7
REL-00630,CM-1-3-3-1-1,precedes,CM-1-3-3-1-2,Define Customer Offer,Commercial & Marketing,A:explicit-reference | C:two-way(back=follows) | B:structural-nearness,,A:explicit-reference,PROMOTE,6ab2197ba3fe6246bdb501391d22b71d0338d2c7
REL-00631,CM-1-3-3-1-1,governed-by,CM-1-3-3-1,Customer Offer Definition,Commercial & Marketing,,,,HOLD,6ab2197ba3fe6246bdb501391d22b71d0338d2c7
REL-00632,CM-1-3-3-1-2,follows,CM-1-3-3-1-1,Define Target Customer Groups,Commercial & Marketing,C:two-way(back=precedes) | B:structural-nearness,,C:two-way,PROMOTE,6ab2197ba3fe6246bdb501391d22b71d0338d2c7
REL-00633,CM-1-3-3-1-2,precedes,CM-1-3-3-1-3,Validate Customer Offer,Commercial & Marketing,A:explicit-reference | C:two-way(back=follows) | B:structural-nearness,,A:explicit-reference,PROMOTE,6ab2197ba3fe6246bdb501391d22b71d0338d2c7
REL-00634,CM-1-3-3-1-3,follows,CM-1-3-3-1-2,Define Customer Offer,Commercial & Marketing,C:two-way(back=precedes) | B:structural-nearness,,C:two-way,PROMOTE,6ab2197ba3fe6246bdb501391d22b71d0338d2c7
REL-00636,CM-1-3-3-1-4,follows,CM-1-3-3-1-3,Validate Customer Offer,Commercial & Marketing,C:two-way(back=precedes) | B:structural-nearness,,C:two-way,PROMOTE,6ab2197ba3fe6246bdb501391d22b71d0338d2c7
REL-00638,CM-1-3-3-2-1,precedes,CM-1-3-3-2-2,Develop Integrated Pricing Strategy,Commercial & Marketing,A:explicit-reference | C:two-way(back=follows) | B:structural-nearness,,A:explicit-reference,PROMOTE,6ab2197ba3fe6246bdb501391d22b71d0338d2c7
REL-00639,CM-1-3-3-2-1,governed-by,CM-1-3-3-2,Pricing Strategy Management,Commercial & Marketing,,,,HOLD,6ab2197ba3fe6246bdb501391d22b71d0338d2c7
REL-00640,CM-1-3-3-2-2,follows,CM-1-3-3-2-1,Define Strategic Pricing Approach,Commercial & Marketing,C:two-way(back=precedes) | B:structural-nearness,,C:two-way,PROMOTE,6ab2197ba3fe6246bdb501391d22b71d0338d2c7
REL-00642,CM-1-3-3-2-2,informed-by,CM-1-3-3-2-4,Conduct Pricing Pilots,Commercial & Marketing,A:explicit-reference | B:structural-nearness,C:two-way-absent(back-verbs=follows),A:explicit-reference,PROMOTE,6ab2197ba3fe6246bdb501391d22b71d0338d2c7
REL-00643,CM-1-3-3-2-2,informed-by,CM-1-3-3-2-3,Analyze Pricing Performance,Commercial & Marketing,B:structural-nearness,C:two-way-absent(back-verbs=enables),B:structural-nearness,PROMOTE,6ab2197ba3fe6246bdb501391d22b71d0338d2c7
REL-00644,CM-1-3-3-2-2,enables,CM-1-3-6-3,Sales Pricing Management,Commercial & Marketing,A:explicit-reference | B:structural-nearness,,A:explicit-reference,PROMOTE,6ab2197ba3fe6246bdb501391d22b71d0338d2c7
REL-00646,CM-1-3-3-2-3,informed-by,CM-1-3-6-3,Sales Pricing Management,Commercial & Marketing,A:explicit-reference | B:structural-nearness,C:two-way-absent(back-verbs=enables),A:explicit-reference,PROMOTE,6ab2197ba3fe6246bdb501391d22b71d0338d2c7
REL-00647,CM-1-3-3-2-3,informed-by,CM-1-3-3-2-4,Conduct Pricing Pilots,Commercial & Marketing,B:structural-nearness,,B:structural-nearness,PROMOTE,6ab2197ba3fe6246bdb501391d22b71d0338d2c7
REL-00648,CM-1-3-3-2-3,enables,CM-1-3-3-2-2,Develop Integrated Pricing Strategy,Commercial & Marketing,A:explicit-reference | B:structural-nearness,C:two-way-absent(back-verbs=informed-by),A:explicit-reference,PROMOTE,6ab2197ba3fe6246bdb501391d22b71d0338d2c7
REL-00649,CM-1-3-3-2-4,follows,CM-1-3-3-2-2,Develop Integrated Pricing Strategy,Commercial & Marketing,A:explicit-reference | B:structural-nearness,C:two-way-absent(back-verbs=informed-by),A:explicit-reference,PROMOTE,6ab2197ba3fe6246bdb501391d22b71d0338d2c7
REL-00650,CM-1-3-3-2-4,uses-input,CM-1-3-6-3,Sales Pricing Management,Commercial & Marketing,A:explicit-reference | B:structural-nearness,,A:explicit-reference,PROMOTE,6ab2197ba3fe6246bdb501391d22b71d0338d2c7
REL-00651,CM-1-3-3-2-5,follows,CM-1-3-3-2-2,Develop Integrated Pricing Strategy,Commercial & Marketing,C:two-way(back=precedes) | B:structural-nearness,,C:two-way,PROMOTE,6ab2197ba3fe6246bdb501391d22b71d0338d2c7
REL-00652,CM-1-3-3-2-5,precedes,CM-1-3-3-2-3,Analyze Pricing Performance,Commercial & Marketing,A:explicit-reference | C:two-way(back=follows) | B:structural-nearness,,A:explicit-reference,PROMOTE,6ab2197ba3fe6246bdb501391d22b71d0338d2c7
REL-00654,CM-1-3-3-3-1,follows,CM-1-3-3-3-2,Define Channel Portfolio,Commercial & Marketing,C:two-way(back=precedes) | B:structural-nearness,,C:two-way,PROMOTE,6ab2197ba3fe6246bdb501391d22b71d0338d2c7
REL-00655,CM-1-3-3-3-1,precedes,CM-1-3-3-3-4,"Develop Channel Structure, Size & Engagement Model",Commercial & Marketing,C:two-way(back=follows) | B:structural-nearness,,C:two-way,PROMOTE,6ab2197ba3fe6246bdb501391d22b71d0338d2c7
REL-00656,CM-1-3-3-3-1,governed-by,CM-1-3-3-3,Sales & Distribution Channel Design,Commercial & Marketing,,,,HOLD,6ab2197ba3fe6246bdb501391d22b71d0338d2c7
REL-00657,CM-1-3-3-3-2,follows,CM-1-3-3-3-3,Segment Channels,Commercial & Marketing,C:two-way(back=precedes) | B:structural-nearness,,C:two-way,PROMOTE,6ab2197ba3fe6246bdb501391d22b71d0338d2c7
REL-00658,CM-1-3-3-3-2,precedes,CM-1-3-3-3-1,Create Channel Offering & Value Proposition,Commercial & Marketing,C:two-way(back=follows) | B:structural-nearness,,C:two-way,PROMOTE,6ab2197ba3fe6246bdb501391d22b71d0338d2c7
REL-00659,CM-1-3-3-3-2,governed-by,CM-1-3-3-3,Sales & Distribution Channel Design,Commercial & Marketing,,,,HOLD,6ab2197ba3fe6246bdb501391d22b71d0338d2c7
REL-00660,CM-1-3-3-3-3,precedes,CM-1-3-3-3-2,Define Channel Portfolio,Commercial & Marketing,A:explicit-reference | C:two-way(back=follows) | B:structural-nearness,,A:explicit-reference,PROMOTE,6ab2197ba3fe6246bdb501391d22b71d0338d2c7
REL-00661,CM-1-3-3-3-3,governed-by,CM-1-3-3-3,Sales & Distribution Channel Design,Commercial & Marketing,,,,HOLD,6ab2197ba3fe6246bdb501391d22b71d0338d2c7
REL-00662,CM-1-3-3-3-3,uses-input,CM-1-2-6-1-3,Assess Cost-to-Serve Performance,Commercial & Marketing,A:explicit-reference,,A:explicit-reference,PROMOTE,6ab2197ba3fe6246bdb501391d22b71d0338d2c7
REL-00663,CM-1-3-3-3-4,follows,CM-1-3-3-3-1,Create Channel Offering & Value Proposition,Commercial & Marketing,C:two-way(back=precedes) | B:structural-nearness,,C:two-way,PROMOTE,6ab2197ba3fe6246bdb501391d22b71d0338d2c7
REL-00665,CM-1-3-3-3-4,enables,CM-1-3-6-1,Channel & Partner Management,Commercial & Marketing,A:explicit-reference | B:structural-nearness,,A:explicit-reference,PROMOTE,6ab2197ba3fe6246bdb501391d22b71d0338d2c7
REL-00666,CM-1-3-3-3-5,follows,CM-1-3-3-3-4,"Develop Channel Structure, Size & Engagement Model",Commercial & Marketing,C:two-way(back=precedes) | B:structural-nearness,,C:two-way,PROMOTE,6ab2197ba3fe6246bdb501391d22b71d0338d2c7
REL-00668,CM-1-3-3-4-1,follows,CM-1-3-3-4-3,Define Target Network Size,Commercial & Marketing,A:explicit-reference | C:two-way(back=precedes) | B:structural-nearness,,A:explicit-reference,PROMOTE,6ab2197ba3fe6246bdb501391d22b71d0338d2c7
REL-00670,CM-1-3-3-4-1,governed-by,CM-1-3-3-4,Network Design (Retail),Commercial & Marketing,,,,HOLD,6ab2197ba3fe6246bdb501391d22b71d0338d2c7
REL-00671,CM-1-3-3-4-2,precedes,CM-1-3-3-4-3,Define Target Network Size,Commercial & Marketing,C:two-way(back=follows) | B:structural-nearness,,C:two-way,PROMOTE,6ab2197ba3fe6246bdb501391d22b71d0338d2c7
REL-00672,CM-1-3-3-4-2,governed-by,CM-1-3-3-4,Network Design (Retail),Commercial & Marketing,,,,HOLD,6ab2197ba3fe6246bdb501391d22b71d0338d2c7
REL-00673,CM-1-3-3-4-3,follows,CM-1-3-3-4-2,Formulate And Evaluate Strategic Operating Alternatives (network Strategy),Commercial & Marketing,C:two-way(back=precedes) | B:structural-nearness,,C:two-way,PROMOTE,6ab2197ba3fe6246bdb501391d22b71d0338d2c7
REL-00674,CM-1-3-3-4-3,precedes,CM-1-3-3-4-1,Define Target Location,Commercial & Marketing,A:explicit-reference | C:two-way(back=follows) | B:structural-nearness,,A:explicit-reference,PROMOTE,6ab2197ba3fe6246bdb501391d22b71d0338d2c7
REL-00675,CM-1-3-3-4-3,governed-by,CM-1-3-3-4,Network Design (Retail),Commercial & Marketing,,,,HOLD,6ab2197ba3fe6246bdb501391d22b71d0338d2c7
REL-00676,CM-1-3-3-4-4,follows,CM-1-3-3-4-1,Define Target Location,Commercial & Marketing,C:two-way(back=precedes) | B:structural-nearness,,C:two-way,PROMOTE,6ab2197ba3fe6246bdb501391d22b71d0338d2c7
REL-00678,CM-1-3-3-5-1,governed-by,CM-1-3-3-5,Marketing Communications Strategy,Commercial & Marketing,,,,HOLD,6ab2197ba3fe6246bdb501391d22b71d0338d2c7
REL-00679,CM-1-3-3-5-1,enables,CM-1-3-5-2,Integrated Marketing Planning (Advertising),Commercial & Marketing,A:explicit-reference | B:structural-nearness,C:two-way-absent(back-verbs=informed-by),A:explicit-reference,PROMOTE,6ab2197ba3fe6246bdb501391d22b71d0338d2c7
REL-00680,CM-1-3-3-5-2,governed-by,CM-1-3-3-5,Marketing Communications Strategy,Commercial & Marketing,,,,HOLD,6ab2197ba3fe6246bdb501391d22b71d0338d2c7
REL-00681,CM-1-3-3-5-2,enables,CM-1-3-5-3,Marketing Communications Planning,Commercial & Marketing,B:structural-nearness,,B:structural-nearness,PROMOTE,6ab2197ba3fe6246bdb501391d22b71d0338d2c7
REL-00682,CM-1-3-3-5-3,governed-by,CM-1-3-3-5,Marketing Communications Strategy,Commercial & Marketing,,,,HOLD,6ab2197ba3fe6246bdb501391d22b71d0338d2c7
REL-00683,CM-1-3-3-5-3,enables,CM-1-3-5-2,Integrated Marketing Planning (Advertising),Commercial & Marketing,B:structural-nearness,,B:structural-nearness,PROMOTE,6ab2197ba3fe6246bdb501391d22b71d0338d2c7
REL-00684,CM-1-3-3-5-4,governed-by,CM-1-3-3-5,Marketing Communications Strategy,Commercial & Marketing,,,,HOLD,6ab2197ba3fe6246bdb501391d22b71d0338d2c7
REL-00685,CM-1-3-3-5-4,enables,CM-1-3-6-5,Marketing Plan Execution,Commercial & Marketing,A:explicit-reference | B:structural-nearness,,A:explicit-reference,PROMOTE,6ab2197ba3fe6246bdb501391d22b71d0338d2c7
REL-00686,CM-1-3-3-5-5,governed-by,CM-1-3-3-5,Marketing Communications Strategy,Commercial & Marketing,,,,HOLD,6ab2197ba3fe6246bdb501391d22b71d0338d2c7
REL-00687,CM-1-3-3-5-5,enables,CM-1-3-5-3,Marketing Communications Planning,Commercial & Marketing,B:structural-nearness,,B:structural-nearness,PROMOTE,6ab2197ba3fe6246bdb501391d22b71d0338d2c7
REL-00688,CM-1-3-3-5-7,governed-by,CM-1-3-3-5,Marketing Communications Strategy,Commercial & Marketing,,,,HOLD,6ab2197ba3fe6246bdb501391d22b71d0338d2c7
REL-00690,CM-1-3-3-6-1,follows,CM-1-3-3-6-3,Determine Channel Of Trade Mix,Commercial & Marketing,B:structural-nearness,C:two-way-absent(back-verbs=enables),B:structural-nearness,PROMOTE,6ab2197ba3fe6246bdb501391d22b71d0338d2c7
REL-00691,CM-1-3-3-6-1,precedes,CM-1-3-3-6-2,Develop Organizational Blueprint,Commercial & Marketing,A:explicit-reference | C:two-way(back=follows) | B:structural-nearness,,A:explicit-reference,PROMOTE,6ab2197ba3fe6246bdb501391d22b71d0338d2c7
REL-00692,CM-1-3-3-6-1,governed-by,CM-1-3-3-6,Operating Model Design,Commercial & Marketing,,,,HOLD,6ab2197ba3fe6246bdb501391d22b71d0338d2c7
REL-00693,CM-1-3-3-6-2,follows,CM-1-3-3-6-1,Develop Business Process Blueprint,Commercial & Marketing,A:explicit-reference | C:two-way(back=precedes) | B:structural-nearness,,A:explicit-reference,PROMOTE,6ab2197ba3fe6246bdb501391d22b71d0338d2c7
REL-00694,CM-1-3-3-6-2,precedes,CM-1-3-3-6-4,Define Procedural Framework & Guidelines,Commercial & Marketing,C:two-way(back=follows) | B:structural-nearness,,C:two-way,PROMOTE,6ab2197ba3fe6246bdb501391d22b71d0338d2c7
REL-00695,CM-1-3-3-6-2,governed-by,CM-1-3-3-6,Operating Model Design,Commercial & Marketing,,,,HOLD,6ab2197ba3fe6246bdb501391d22b71d0338d2c7
REL-00696,CM-1-3-3-6-3,uses-input,CM-1-3-2-4,Sales & Distribution Channel Strategy,Commercial & Marketing,A:explicit-reference | B:structural-nearness,,A:explicit-reference,PROMOTE,6ab2197ba3fe6246bdb501391d22b71d0338d2c7
REL-00697,CM-1-3-3-6-3,uses-input,CM-1-3-3-3,Sales & Distribution Channel Design,Commercial & Marketing,A:explicit-reference | B:structural-nearness,,A:explicit-reference,PROMOTE,6ab2197ba3fe6246bdb501391d22b71d0338d2c7
REL-00698,CM-1-3-3-6-3,enables,CM-1-3-3-6-1,Develop Business Process Blueprint,Commercial & Marketing,A:explicit-reference | B:structural-nearness,C:two-way-absent(back-verbs=follows),A:explicit-reference,PROMOTE,6ab2197ba3fe6246bdb501391d22b71d0338d2c7
REL-00699,CM-1-3-3-6-3,enables,CM-1-3-3-6-2,Develop Organizational Blueprint,Commercial & Marketing,B:structural-nearness,,B:structural-nearness,PROMOTE,6ab2197ba3fe6246bdb501391d22b71d0338d2c7
REL-00700,CM-1-3-3-6-3,governed-by,CM-1-3-3-6,Operating Model Design,Commercial & Marketing,,,,HOLD,6ab2197ba3fe6246bdb501391d22b71d0338d2c7
REL-00701,CM-1-3-3-6-4,follows,CM-1-3-3-6-2,Develop Organizational Blueprint,Commercial & Marketing,C:two-way(back=precedes) | B:structural-nearness,,C:two-way,PROMOTE,6ab2197ba3fe6246bdb501391d22b71d0338d2c7
REL-00703,CM-1-3-3-6-4,governed-by,CM-1-3-3-6,Operating Model Design,Commercial & Marketing,,,,HOLD,6ab2197ba3fe6246bdb501391d22b71d0338d2c7
REL-00704,CM-1-3-3-6-5,follows,CM-1-3-3-6-4,Define Procedural Framework & Guidelines,Commercial & Marketing,C:two-way(back=precedes) | B:structural-nearness,,C:two-way,PROMOTE,6ab2197ba3fe6246bdb501391d22b71d0338d2c7
REL-00706,CM-1-3-4-1-1,informed-by,CM-1-3-4-1-2,Market Sensing,Commercial & Marketing,A:explicit-reference | B:structural-nearness,C:two-way-absent(back-verbs=enables),A:explicit-reference,PROMOTE,6ab2197ba3fe6246bdb501391d22b71d0338d2c7
REL-00707,CM-1-3-4-1-1,precedes,CM-1-3-4-1-3,Develop R&D Implementation Plans,Commercial & Marketing,A:explicit-reference | C:two-way(back=follows) | B:structural-nearness,,A:explicit-reference,PROMOTE,6ab2197ba3fe6246bdb501391d22b71d0338d2c7
REL-00708,CM-1-3-4-1-1,governed-by,CM-1-3-4-1,Visioning And Implementation Planning,Commercial & Marketing,,,,HOLD,6ab2197ba3fe6246bdb501391d22b71d0338d2c7
REL-00709,CM-1-3-4-1-2,enables,CM-1-3-4-1-1,Identify Market Needs,Commercial & Marketing,B:structural-nearness,C:two-way-absent(back-verbs=informed-by),B:structural-nearness,PROMOTE,6ab2197ba3fe6246bdb501391d22b71d0338d2c7
REL-00710,CM-1-3-4-1-2,governed-by,CM-1-3-4-1,Visioning And Implementation Planning,Commercial & Marketing,,,,HOLD,6ab2197ba3fe6246bdb501391d22b71d0338d2c7
REL-00711,CM-1-3-4-1-3,follows,CM-1-3-4-1-1,Identify Market Needs,Commercial & Marketing,C:two-way(back=precedes) | B:structural-nearness,,C:two-way,PROMOTE,6ab2197ba3fe6246bdb501391d22b71d0338d2c7
REL-00712,CM-1-3-4-1-3,enables,CM-1-3-4-2,Concept & Feasibility Study,Commercial & Marketing,B:structural-nearness,,B:structural-nearness,PROMOTE,6ab2197ba3fe6246bdb501391d22b71d0338d2c7
REL-00713,CM-1-3-4-1-3,governed-by,CM-1-3-4-1,Visioning And Implementation Planning,Commercial & Marketing,,,,HOLD,6ab2197ba3fe6246bdb501391d22b71d0338d2c7
REL-00714,CM-1-3-4-2-1,precedes,CM-1-3-4-2-2,Conduct Research,Commercial & Marketing,A:explicit-reference | C:two-way(back=follows) | B:structural-nearness,,A:explicit-reference,PROMOTE,6ab2197ba3fe6246bdb501391d22b71d0338d2c7
REL-00715,CM-1-3-4-2-1,governed-by,CM-1-3-4-2,Concept & Feasibility Study,Commercial & Marketing,,,,HOLD,6ab2197ba3fe6246bdb501391d22b71d0338d2c7
REL-00716,CM-1-3-4-2-2,follows,CM-1-3-4-2-1,Ideation,Commercial & Marketing,C:two-way(back=precedes) | B:structural-nearness,,C:two-way,PROMOTE,6ab2197ba3fe6246bdb501391d22b71d0338d2c7
REL-00717,CM-1-3-4-2-2,governed-by,CM-1-3-4-2,Concept & Feasibility Study,Commercial & Marketing,,,,HOLD,6ab2197ba3fe6246bdb501391d22b71d0338d2c7
REL-00718,CM-1-3-4-2-3,governed-by,CM-1-3-4-2,Concept & Feasibility Study,Commercial & Marketing,,,,HOLD,6ab2197ba3fe6246bdb501391d22b71d0338d2c7
REL-00719,CM-1-3-4-2-3,assures,CM-1-3-4-2-2,Conduct Research,Commercial & Marketing,A:explicit-reference | B:structural-nearness,,A:explicit-reference,PROMOTE,6ab2197ba3fe6246bdb501391d22b71d0338d2c7
REL-00720,CM-1-3-4-3-1,precedes,CM-1-3-4-3-2,Conduct Product Development,Commercial & Marketing,A:explicit-reference | C:two-way(back=follows) | B:structural-nearness,,A:explicit-reference,PROMOTE,6ab2197ba3fe6246bdb501391d22b71d0338d2c7
REL-00721,CM-1-3-4-3-1,governed-by,CM-1-3-4-3,Product & Service Development,Commercial & Marketing,,,,HOLD,6ab2197ba3fe6246bdb501391d22b71d0338d2c7
REL-00722,CM-1-3-4-3-2,follows,CM-1-3-4-3-1,Manage Product/Service Development,Commercial & Marketing,A:explicit-reference | C:two-way(back=precedes) | B:structural-nearness,,A:explicit-reference,PROMOTE,6ab2197ba3fe6246bdb501391d22b71d0338d2c7
REL-00723,CM-1-3-4-3-2,governed-by,CM-1-3-4-3,Product & Service Development,Commercial & Marketing,,,,HOLD,6ab2197ba3fe6246bdb501391d22b71d0338d2c7
REL-00724,CM-1-3-4-3-3,governed-by,CM-1-3-4-3,Product & Service Development,Commercial & Marketing,,,,HOLD,6ab2197ba3fe6246bdb501391d22b71d0338d2c7
REL-00726,CM-1-3-4-4-1,governed-by,CM-1-3-4-4,Manage Licensing & IP,Commercial & Marketing,,,,HOLD,6ab2197ba3fe6246bdb501391d22b71d0338d2c7
REL-00727,CM-1-3-4-4-1,enables,CM-1-3-4-4-2,Register Intellectual Property,Commercial & Marketing,B:structural-nearness,C:two-way-absent(back-verbs=follows),B:structural-nearness,PROMOTE,6ab2197ba3fe6246bdb501391d22b71d0338d2c7
REL-00728,CM-1-3-4-4-1,enables,CM-1-3-4-4-4,Protect Intellectual Assets,Commercial & Marketing,B:structural-nearness,C:two-way-absent(back-verbs=follows),B:structural-nearness,PROMOTE,6ab2197ba3fe6246bdb501391d22b71d0338d2c7
REL-00729,CM-1-3-4-4-2,follows,CM-1-3-4-4-1,Set up Intellectual Asset Framework,Commercial & Marketing,B:structural-nearness,C:two-way-absent(back-verbs=enables),B:structural-nearness,PROMOTE,6ab2197ba3fe6246bdb501391d22b71d0338d2c7
REL-00730,CM-1-3-4-4-2,governed-by,CM-1-3-4-4,Manage Licensing & IP,Commercial & Marketing,,,,HOLD,6ab2197ba3fe6246bdb501391d22b71d0338d2c7
REL-00731,CM-1-3-4-4-3,enables,CM-1-3-4-4-5,Exploit Intellectual Assets,Commercial & Marketing,A:explicit-reference | B:structural-nearness,C:two-way-absent(back-verbs=follows),A:explicit-reference,PROMOTE,6ab2197ba3fe6246bdb501391d22b71d0338d2c7
REL-00732,CM-1-3-4-4-3,enables,CM-1-3-4-4-6,Manage Intellectual Asset Portfolios,Commercial & Marketing,A:explicit-reference | B:structural-nearness,C:two-way-absent(back-verbs=informed-by),A:explicit-reference,PROMOTE,6ab2197ba3fe6246bdb501391d22b71d0338d2c7
REL-00733,CM-1-3-4-4-3,governed-by,CM-1-3-4-4,Manage Licensing & IP,Commercial & Marketing,,,,HOLD,6ab2197ba3fe6246bdb501391d22b71d0338d2c7
REL-00734,CM-1-3-4-4-4,follows,CM-1-3-4-4-1,Set up Intellectual Asset Framework,Commercial & Marketing,B:structural-nearness,C:two-way-absent(back-verbs=enables),B:structural-nearness,PROMOTE,6ab2197ba3fe6246bdb501391d22b71d0338d2c7
REL-00735,CM-1-3-4-4-4,governed-by,CM-1-3-4-4,Manage Licensing & IP,Commercial & Marketing,,,,HOLD,6ab2197ba3fe6246bdb501391d22b71d0338d2c7
REL-00736,CM-1-3-4-4-5,follows,CM-1-3-4-4-3,Value Intellectual Assets,Commercial & Marketing,A:explicit-reference | B:structural-nearness,C:two-way-absent(back-verbs=enables),A:explicit-reference,PROMOTE,6ab2197ba3fe6246bdb501391d22b71d0338d2c7
REL-00737,CM-1-3-4-4-5,governed-by,CM-1-3-4-4,Manage Licensing & IP,Commercial & Marketing,,,,HOLD,6ab2197ba3fe6246bdb501391d22b71d0338d2c7
REL-00738,CM-1-3-4-4-5,informed-by,CM-1-3-2-1,Brand Strategy,Commercial & Marketing,A:explicit-reference | B:structural-nearness,,A:explicit-reference,PROMOTE,6ab2197ba3fe6246bdb501391d22b71d0338d2c7
REL-00739,CM-1-3-4-4-6,informed-by,CM-1-3-4-4-3,Value Intellectual Assets,Commercial & Marketing,A:explicit-reference | B:structural-nearness,C:two-way-absent(back-verbs=enables),A:explicit-reference,PROMOTE,6ab2197ba3fe6246bdb501391d22b71d0338d2c7
REL-00740,CM-1-3-4-4-6,governed-by,CM-1-3-4-4,Manage Licensing & IP,Commercial & Marketing,,,,HOLD,6ab2197ba3fe6246bdb501391d22b71d0338d2c7
REL-00741,CM-1-3-4-5-1,precedes,CM-1-3-4-5-2,Value Projects/Portfolios,Commercial & Marketing,A:explicit-reference | C:two-way(back=follows) | B:structural-nearness,,A:explicit-reference,PROMOTE,6ab2197ba3fe6246bdb501391d22b71d0338d2c7
REL-00742,CM-1-3-4-5-1,governed-by,CM-1-3-4-5,Lifecycle Management,Commercial & Marketing,,,,HOLD,6ab2197ba3fe6246bdb501391d22b71d0338d2c7
REL-00743,CM-1-3-4-5-2,follows,CM-1-3-4-5-1,Identify Technology Needs/Opportunities,Commercial & Marketing,C:two-way(back=precedes) | B:structural-nearness,,C:two-way,PROMOTE,6ab2197ba3fe6246bdb501391d22b71d0338d2c7
REL-00744,CM-1-3-4-5-2,precedes,CM-1-3-4-5-3,Assess Portfolios,Commercial & Marketing,A:explicit-reference | C:two-way(back=follows) | B:structural-nearness,,A:explicit-reference,PROMOTE,6ab2197ba3fe6246bdb501391d22b71d0338d2c7
REL-00745,CM-1-3-4-5-2,governed-by,CM-1-3-4-5,Lifecycle Management,Commercial & Marketing,,,,HOLD,6ab2197ba3fe6246bdb501391d22b71d0338d2c7
REL-00746,CM-1-3-4-5-3,follows,CM-1-3-4-5-2,Value Projects/Portfolios,Commercial & Marketing,C:two-way(back=precedes) | B:structural-nearness,,C:two-way,PROMOTE,6ab2197ba3fe6246bdb501391d22b71d0338d2c7
REL-00748,CM-1-3-4-5-3,governed-by,CM-1-3-4-5,Lifecycle Management,Commercial & Marketing,,,,HOLD,6ab2197ba3fe6246bdb501391d22b71d0338d2c7
REL-00749,CM-1-3-4-5-4,follows,CM-1-3-4-5-3,Assess Portfolios,Commercial & Marketing,C:two-way(back=precedes) | B:structural-nearness,,C:two-way,PROMOTE,6ab2197ba3fe6246bdb501391d22b71d0338d2c7
REL-00750,CM-1-3-4-5-4,enables,CM-1-3-4-3-3,Manage Product/Service Change,Commercial & Marketing,A:explicit-reference | B:structural-nearness,,A:explicit-reference,PROMOTE,6ab2197ba3fe6246bdb501391d22b71d0338d2c7
REL-00751,CM-1-3-4-5-4,governed-by,CM-1-3-4-5,Lifecycle Management,Commercial & Marketing,,,,HOLD,6ab2197ba3fe6246bdb501391d22b71d0338d2c7
REL-00752,CM-1-3-4-6-1,governed-by,CM-1-3-4-6,R&D Collaboration,Commercial & Marketing,,,,HOLD,6ab2197ba3fe6246bdb501391d22b71d0338d2c7
REL-00753,CM-1-3-4-6-1,enables,CM-1-3-4-3-2,Conduct Product Development,Commercial & Marketing,B:structural-nearness,,B:structural-nearness,PROMOTE,6ab2197ba3fe6246bdb501391d22b71d0338d2c7
REL-00754,CM-1-3-4-6-2,governed-by,CM-1-3-4-6,R&D Collaboration,Commercial & Marketing,,,,HOLD,6ab2197ba3fe6246bdb501391d22b71d0338d2c7
REL-00755,CM-1-3-4-6-2,enables,CM-1-3-4-2-2,Conduct Research,Commercial & Marketing,B:structural-nearness,,B:structural-nearness,PROMOTE,6ab2197ba3fe6246bdb501391d22b71d0338d2c7
REL-00756,CM-1-3-4-6-2,enables,CM-1-3-4-3-2,Conduct Product Development,Commercial & Marketing,B:structural-nearness,,B:structural-nearness,PROMOTE,6ab2197ba3fe6246bdb501391d22b71d0338d2c7
REL-00757,CM-1-3-4-6-3,governed-by,CM-1-3-4-6,R&D Collaboration,Commercial & Marketing,,,,HOLD,6ab2197ba3fe6246bdb501391d22b71d0338d2c7
REL-00758,CM-1-3-4-6-3,enables,CM-1-3-4-2-2,Conduct Research,Commercial & Marketing,B:structural-nearness,,B:structural-nearness,PROMOTE,6ab2197ba3fe6246bdb501391d22b71d0338d2c7
REL-00759,CM-1-3-4-6-3,uses-input,CM-1-3-4-5-1,Identify Technology Needs/Opportunities,Commercial & Marketing,A:explicit-reference | B:structural-nearness,,A:explicit-reference,PROMOTE,6ab2197ba3fe6246bdb501391d22b71d0338d2c7
REL-00760,CM-1-3-4-6-4,governed-by,CM-1-3-4-6,R&D Collaboration,Commercial & Marketing,,,,HOLD,6ab2197ba3fe6246bdb501391d22b71d0338d2c7
REL-00761,CM-1-3-4-6-4,informed-by,CM-1-3-3-1,Customer Offer Definition,Commercial & Marketing,A:explicit-reference | B:structural-nearness,,A:explicit-reference,PROMOTE,6ab2197ba3fe6246bdb501391d22b71d0338d2c7
REL-00762,CM-1-3-4-6-4,enables,CM-1-3-5-3,Marketing Communications Planning,Commercial & Marketing,B:structural-nearness,,B:structural-nearness,PROMOTE,6ab2197ba3fe6246bdb501391d22b71d0338d2c7
REL-00763,CM-1-3-5-1-1,precedes,CM-1-3-5-1-3,Perform Account Planning,Commercial & Marketing,A:explicit-reference | C:two-way(back=follows) | B:structural-nearness,,A:explicit-reference,PROMOTE,6ab2197ba3fe6246bdb501391d22b71d0338d2c7
REL-00766,CM-1-3-5-1-2,enables,CM-1-3-5-1-1,Determine & Allocate Sales Targets,Commercial & Marketing,B:structural-nearness,,B:structural-nearness,PROMOTE,6ab2197ba3fe6246bdb501391d22b71d0338d2c7
REL-00767,CM-1-3-5-1-2,enables,CM-1-3-5-1-3,Perform Account Planning,Commercial & Marketing,B:structural-nearness,,B:structural-nearness,PROMOTE,6ab2197ba3fe6246bdb501391d22b71d0338d2c7
REL-00769,CM-1-3-5-1-3,follows,CM-1-3-5-1-1,Determine & Allocate Sales Targets,Commercial & Marketing,C:two-way(back=precedes) | B:structural-nearness,,C:two-way,PROMOTE,6ab2197ba3fe6246bdb501391d22b71d0338d2c7
REL-00770,CM-1-3-5-1-3,enables,CM-1-3-6-2,Sales Execution,Commercial & Marketing,B:structural-nearness,,B:structural-nearness,PROMOTE,6ab2197ba3fe6246bdb501391d22b71d0338d2c7
REL-00771,CM-1-3-5-1-3,enables,CM-1-3-6-1,Channel & Partner Management,Commercial & Marketing,A:explicit-reference | B:structural-nearness,C:two-way-absent(back-verbs=uses-input),A:explicit-reference,PROMOTE,6ab2197ba3fe6246bdb501391d22b71d0338d2c7
REL-00772,CM-1-3-5-1-4,follows,CM-1-3-5-1-3,Perform Account Planning,Commercial & Marketing,B:structural-nearness,,B:structural-nearness,PROMOTE,6ab2197ba3fe6246bdb501391d22b71d0338d2c7
REL-00774,CM-1-3-5-1-4,informed-by,CM-1-3-5-5,Marketing Performance Analysis,Commercial & Marketing,A:explicit-reference | B:structural-nearness,,A:explicit-reference,PROMOTE,6ab2197ba3fe6246bdb501391d22b71d0338d2c7
REL-00775,CM-1-3-5-2,informed-by,CM-1-3-3-5-1,Define Media Strategy,Commercial & Marketing,A:explicit-reference | B:structural-nearness,C:two-way-absent(back-verbs=enables),A:explicit-reference,PROMOTE,6ab2197ba3fe6246bdb501391d22b71d0338d2c7
REL-00776,CM-1-3-5-2,informed-by,CM-1-3-5-3,Marketing Communications Planning,Commercial & Marketing,A:explicit-reference | B:structural-nearness,C:two-way-absent(back-verbs=enables),A:explicit-reference,PROMOTE,6ab2197ba3fe6246bdb501391d22b71d0338d2c7
REL-00777,CM-1-3-5-2,enables,CM-1-3-6-5,Marketing Plan Execution,Commercial & Marketing,A:explicit-reference | B:structural-nearness,,A:explicit-reference,PROMOTE,6ab2197ba3fe6246bdb501391d22b71d0338d2c7
REL-00778,CM-1-3-5-3-1,precedes,CM-1-3-5-3-2,Identify Target Groups,Commercial & Marketing,C:two-way(back=follows) | B:structural-nearness,,C:two-way,PROMOTE,6ab2197ba3fe6246bdb501391d22b71d0338d2c7
REL-00779,CM-1-3-5-3-1,governed-by,CM-1-3-5-3,Marketing Communications Planning,Commercial & Marketing,,,,HOLD,6ab2197ba3fe6246bdb501391d22b71d0338d2c7
REL-00780,CM-1-3-5-3-10,follows,CM-1-3-5-3-4,Develop / Update Campaigns,Commercial & Marketing,A:explicit-reference | C:two-way(back=precedes) | B:structural-nearness,,A:explicit-reference,PROMOTE,6ab2197ba3fe6246bdb501391d22b71d0338d2c7
REL-00781,CM-1-3-5-3-10,enables,CM-1-3-6-5,Marketing Plan Execution,Commercial & Marketing,A:explicit-reference | B:structural-nearness,,A:explicit-reference,PROMOTE,6ab2197ba3fe6246bdb501391d22b71d0338d2c7
REL-00782,CM-1-3-5-3-10,governed-by,CM-1-3-5-3,Marketing Communications Planning,Commercial & Marketing,,,,HOLD,6ab2197ba3fe6246bdb501391d22b71d0338d2c7
REL-00783,CM-1-3-5-3-2,follows,CM-1-3-5-3-1,Identify Marketing Needs,Commercial & Marketing,C:two-way(back=precedes) | B:structural-nearness,,C:two-way,PROMOTE,6ab2197ba3fe6246bdb501391d22b71d0338d2c7
REL-00784,CM-1-3-5-3-2,precedes,CM-1-3-5-3-3,Develop / Update Marketing Mix Model,Commercial & Marketing,C:two-way(back=follows) | B:structural-nearness,,C:two-way,PROMOTE,6ab2197ba3fe6246bdb501391d22b71d0338d2c7
REL-00785,CM-1-3-5-3-2,governed-by,CM-1-3-5-3,Marketing Communications Planning,Commercial & Marketing,,,,HOLD,6ab2197ba3fe6246bdb501391d22b71d0338d2c7
REL-00786,CM-1-3-5-3-3,follows,CM-1-3-5-3-2,Identify Target Groups,Commercial & Marketing,C:two-way(back=precedes) | B:structural-nearness,,C:two-way,PROMOTE,6ab2197ba3fe6246bdb501391d22b71d0338d2c7
REL-00787,CM-1-3-5-3-3,precedes,CM-1-3-5-3-5,Define Resource Allocation / Budgets,Commercial & Marketing,C:two-way(back=follows) | B:structural-nearness,,C:two-way,PROMOTE,6ab2197ba3fe6246bdb501391d22b71d0338d2c7
REL-00788,CM-1-3-5-3-3,governed-by,CM-1-3-5-3,Marketing Communications Planning,Commercial & Marketing,,,,HOLD,6ab2197ba3fe6246bdb501391d22b71d0338d2c7
REL-00789,CM-1-3-5-3-4,follows,CM-1-3-5-3-6,Define Communications Plan,Commercial & Marketing,C:two-way(back=precedes) | B:structural-nearness,,C:two-way,PROMOTE,6ab2197ba3fe6246bdb501391d22b71d0338d2c7
REL-00790,CM-1-3-5-3-4,precedes,CM-1-3-5-3-8,Implement Promotional Advertising,Commercial & Marketing,A:explicit-reference | C:two-way(back=follows) | B:structural-nearness,,A:explicit-reference,PROMOTE,6ab2197ba3fe6246bdb501391d22b71d0338d2c7
REL-00791,CM-1-3-5-3-4,precedes,CM-1-3-5-3-10,Implement Brand Advertising / Communications,Commercial & Marketing,C:two-way(back=follows) | B:structural-nearness,,C:two-way,PROMOTE,6ab2197ba3fe6246bdb501391d22b71d0338d2c7
REL-00792,CM-1-3-5-3-4,governed-by,CM-1-3-5-3,Marketing Communications Planning,Commercial & Marketing,,,,HOLD,6ab2197ba3fe6246bdb501391d22b71d0338d2c7
REL-00793,CM-1-3-5-3-5,follows,CM-1-3-5-3-3,Develop / Update Marketing Mix Model,Commercial & Marketing,C:two-way(back=precedes) | B:structural-nearness,,C:two-way,PROMOTE,6ab2197ba3fe6246bdb501391d22b71d0338d2c7
REL-00794,CM-1-3-5-3-5,precedes,CM-1-3-5-3-6,Define Communications Plan,Commercial & Marketing,C:two-way(back=follows) | B:structural-nearness,,C:two-way,PROMOTE,6ab2197ba3fe6246bdb501391d22b71d0338d2c7
REL-00795,CM-1-3-5-3-5,governed-by,CM-1-3-5-3,Marketing Communications Planning,Commercial & Marketing,,,,HOLD,6ab2197ba3fe6246bdb501391d22b71d0338d2c7
REL-00796,CM-1-3-5-3-6,follows,CM-1-3-5-3-5,Define Resource Allocation / Budgets,Commercial & Marketing,C:two-way(back=precedes) | B:structural-nearness,,C:two-way,PROMOTE,6ab2197ba3fe6246bdb501391d22b71d0338d2c7
REL-00797,CM-1-3-5-3-6,precedes,CM-1-3-5-3-4,Develop / Update Campaigns,Commercial & Marketing,A:explicit-reference | C:two-way(back=follows) | B:structural-nearness,,A:explicit-reference,PROMOTE,6ab2197ba3fe6246bdb501391d22b71d0338d2c7
REL-00798,CM-1-3-5-3-6,governed-by,CM-1-3-5-3,Marketing Communications Planning,Commercial & Marketing,,,,HOLD,6ab2197ba3fe6246bdb501391d22b71d0338d2c7
REL-00799,CM-1-3-5-3-7,governed-by,CM-1-3-5-3,Marketing Communications Planning,Commercial & Marketing,,,,HOLD,6ab2197ba3fe6246bdb501391d22b71d0338d2c7
REL-00801,CM-1-3-5-3-7,assures,CM-1-3-5-3-4,Develop / Update Campaigns,Commercial & Marketing,B:structural-nearness,,B:structural-nearness,PROMOTE,6ab2197ba3fe6246bdb501391d22b71d0338d2c7
REL-00802,CM-1-3-5-3-8,follows,CM-1-3-5-3-4,Develop / Update Campaigns,Commercial & Marketing,A:explicit-reference | C:two-way(back=precedes) | B:structural-nearness,,A:explicit-reference,PROMOTE,6ab2197ba3fe6246bdb501391d22b71d0338d2c7
REL-00803,CM-1-3-5-3-8,enables,CM-1-3-6-5,Marketing Plan Execution,Commercial & Marketing,A:explicit-reference | B:structural-nearness,,A:explicit-reference,PROMOTE,6ab2197ba3fe6246bdb501391d22b71d0338d2c7
REL-00804,CM-1-3-5-3-8,governed-by,CM-1-3-5-3,Marketing Communications Planning,Commercial & Marketing,,,,HOLD,6ab2197ba3fe6246bdb501391d22b71d0338d2c7
REL-00805,CM-1-3-5-3-9,follows,CM-1-3-5-3-4,Develop / Update Campaigns,Commercial & Marketing,B:structural-nearness,,B:structural-nearness,PROMOTE,6ab2197ba3fe6246bdb501391d22b71d0338d2c7
REL-00806,CM-1-3-5-3-9,governed-by,CM-1-3-5-3,Marketing Communications Planning,Commercial & Marketing,,,,HOLD,6ab2197ba3fe6246bdb501391d22b71d0338d2c7
REL-00807,CM-1-3-5-4-1,precedes,CM-1-3-5-4-2,Create Promotional Event Calendar,Commercial & Marketing,A:explicit-reference | C:two-way(back=follows) | B:structural-nearness,,A:explicit-reference,PROMOTE,6ab2197ba3fe6246bdb501391d22b71d0338d2c7
REL-00808,CM-1-3-5-4-1,governed-by,CM-1-3-5-4,Promotions Planning,Commercial & Marketing,,,,HOLD,6ab2197ba3fe6246bdb501391d22b71d0338d2c7
REL-00809,CM-1-3-5-4-2,follows,CM-1-3-5-4-1,Define Promotional Plan,Commercial & Marketing,A:explicit-reference | C:two-way(back=precedes) | B:structural-nearness,,A:explicit-reference,PROMOTE,6ab2197ba3fe6246bdb501391d22b71d0338d2c7
REL-00810,CM-1-3-5-4-2,governed-by,CM-1-3-5-4,Promotions Planning,Commercial & Marketing,,,,HOLD,6ab2197ba3fe6246bdb501391d22b71d0338d2c7
REL-00811,CM-1-3-5-4-2,enables,CM-1-3-5-1-2,Develop & Agree Demand Forecasting Process,Commercial & Marketing,A:explicit-reference | B:structural-nearness,,A:explicit-reference,PROMOTE,6ab2197ba3fe6246bdb501391d22b71d0338d2c7
REL-00812,CM-1-3-5-4-3,follows,CM-1-3-5-4-1,Define Promotional Plan,Commercial & Marketing,A:explicit-reference | B:structural-nearness,,A:explicit-reference,PROMOTE,6ab2197ba3fe6246bdb501391d22b71d0338d2c7
REL-00813,CM-1-3-5-4-3,governed-by,CM-1-3-5-4,Promotions Planning,Commercial & Marketing,,,,HOLD,6ab2197ba3fe6246bdb501391d22b71d0338d2c7
REL-00814,CM-1-3-5-4-4,follows,CM-1-3-5-4-1,Define Promotional Plan,Commercial & Marketing,B:structural-nearness,,B:structural-nearness,PROMOTE,6ab2197ba3fe6246bdb501391d22b71d0338d2c7
REL-00815,CM-1-3-5-4-4,governed-by,CM-1-3-5-4,Promotions Planning,Commercial & Marketing,,,,HOLD,6ab2197ba3fe6246bdb501391d22b71d0338d2c7
REL-00816,CM-1-3-5-4-4,enables,CM-1-3-6-5,Marketing Plan Execution,Commercial & Marketing,A:explicit-reference | B:structural-nearness,,A:explicit-reference,PROMOTE,6ab2197ba3fe6246bdb501391d22b71d0338d2c7
REL-00817,CM-1-3-5-5-1,governed-by,CM-1-3-5-5,Marketing Performance Analysis,Commercial & Marketing,,,,HOLD,6ab2197ba3fe6246bdb501391d22b71d0338d2c7
REL-00818,CM-1-3-5-5-1,enables,CM-1-3-5-3-5,Define Resource Allocation / Budgets,Commercial & Marketing,A:explicit-reference | B:structural-nearness,,A:explicit-reference,PROMOTE,6ab2197ba3fe6246bdb501391d22b71d0338d2c7
REL-00819,CM-1-3-5-5-2,governed-by,CM-1-3-5-5,Marketing Performance Analysis,Commercial & Marketing,,,,HOLD,6ab2197ba3fe6246bdb501391d22b71d0338d2c7
REL-00820,CM-1-3-5-5-2,enables,CM-1-3-5-3-3,Develop / Update Marketing Mix Model,Commercial & Marketing,A:explicit-reference | B:structural-nearness,,A:explicit-reference,PROMOTE,6ab2197ba3fe6246bdb501391d22b71d0338d2c7
REL-00821,CM-1-3-5-5-3,governed-by,CM-1-3-5-5,Marketing Performance Analysis,Commercial & Marketing,,,,HOLD,6ab2197ba3fe6246bdb501391d22b71d0338d2c7
REL-00823,CM-1-3-6-1-1,governed-by,CM-1-3-6-1,Channel & Partner Management,Commercial & Marketing,,,,HOLD,6ab2197ba3fe6246bdb501391d22b71d0338d2c7
REL-00824,CM-1-3-6-1-1,uses-input,CM-1-3-6-1-3,Report Franchise Performance,Commercial & Marketing,A:explicit-reference | B:structural-nearness,C:two-way-absent(back-verbs=enables),A:explicit-reference,PROMOTE,6ab2197ba3fe6246bdb501391d22b71d0338d2c7
REL-00825,CM-1-3-6-1-2,governed-by,CM-1-3-6-1,Channel & Partner Management,Commercial & Marketing,,,,HOLD,6ab2197ba3fe6246bdb501391d22b71d0338d2c7
REL-00826,CM-1-3-6-1-2,informed-by,CM-1-3-4-4-5,Exploit Intellectual Assets,Commercial & Marketing,A:explicit-reference | B:structural-nearness,,A:explicit-reference,PROMOTE,6ab2197ba3fe6246bdb501391d22b71d0338d2c7
REL-00827,CM-1-3-6-1-3,governed-by,CM-1-3-6-1,Channel & Partner Management,Commercial & Marketing,,,,HOLD,6ab2197ba3fe6246bdb501391d22b71d0338d2c7
REL-00828,CM-1-3-6-1-3,enables,CM-1-3-6-1-1,Manage Relationship with Franchise agreement,Commercial & Marketing,A:explicit-reference | B:structural-nearness,C:two-way-absent(back-verbs=uses-input),A:explicit-reference,PROMOTE,6ab2197ba3fe6246bdb501391d22b71d0338d2c7
REL-00830,CM-1-3-6-1-4,governed-by,CM-1-3-6-1,Channel & Partner Management,Commercial & Marketing,,,,HOLD,6ab2197ba3fe6246bdb501391d22b71d0338d2c7
REL-00832,CM-1-3-6-2-1,precedes,CM-1-3-6-2-3,Manage Opportunity,Commercial & Marketing,A:explicit-reference | C:two-way(back=follows) | B:structural-nearness,,A:explicit-reference,PROMOTE,6ab2197ba3fe6246bdb501391d22b71d0338d2c7
REL-00833,CM-1-3-6-2-1,governed-by,CM-1-3-6-2,Sales Execution,Commercial & Marketing,,,,HOLD,6ab2197ba3fe6246bdb501391d22b71d0338d2c7
REL-00834,CM-1-3-6-2-1,enables,CM-1-3-5-1-2,Develop & Agree Demand Forecasting Process,Commercial & Marketing,A:explicit-reference | B:structural-nearness,,A:explicit-reference,PROMOTE,6ab2197ba3fe6246bdb501391d22b71d0338d2c7
REL-00835,CM-1-3-6-2-2,governed-by,CM-1-3-6-2,Sales Execution,Commercial & Marketing,,,,HOLD,6ab2197ba3fe6246bdb501391d22b71d0338d2c7
REL-00836,CM-1-3-6-2-2,uses-input,CM-1-3-5-1-3,Perform Account Planning,Commercial & Marketing,A:explicit-reference | B:structural-nearness,,A:explicit-reference,PROMOTE,6ab2197ba3fe6246bdb501391d22b71d0338d2c7
REL-00837,CM-1-3-6-2-2,enables,CM-1-3-6-2-3,Manage Opportunity,Commercial & Marketing,B:structural-nearness,,B:structural-nearness,PROMOTE,6ab2197ba3fe6246bdb501391d22b71d0338d2c7
REL-00838,CM-1-3-6-2-3,follows,CM-1-3-6-2-1,Manage Sales Pipeline,Commercial & Marketing,C:two-way(back=precedes) | B:structural-nearness,,C:two-way,PROMOTE,6ab2197ba3fe6246bdb501391d22b71d0338d2c7
REL-00839,CM-1-3-6-2-3,precedes,CM-1-3-6-2-4,Develop Quote,Commercial & Marketing,A:explicit-reference | C:two-way(back=follows) | B:structural-nearness,,A:explicit-reference,PROMOTE,6ab2197ba3fe6246bdb501391d22b71d0338d2c7
REL-00840,CM-1-3-6-2-3,governed-by,CM-1-3-6-2,Sales Execution,Commercial & Marketing,,,,HOLD,6ab2197ba3fe6246bdb501391d22b71d0338d2c7
REL-00841,CM-1-3-6-2-4,follows,CM-1-3-6-2-3,Manage Opportunity,Commercial & Marketing,C:two-way(back=precedes) | B:structural-nearness,,C:two-way,PROMOTE,6ab2197ba3fe6246bdb501391d22b71d0338d2c7
REL-00842,CM-1-3-6-2-4,precedes,CM-1-3-6-2-5,Manage Contract & Order,Commercial & Marketing,C:two-way(back=follows) | B:structural-nearness,,C:two-way,PROMOTE,6ab2197ba3fe6246bdb501391d22b71d0338d2c7
REL-00844,CM-1-3-6-2-5,follows,CM-1-3-6-2-4,Develop Quote,Commercial & Marketing,C:two-way(back=precedes) | B:structural-nearness,,C:two-way,PROMOTE,6ab2197ba3fe6246bdb501391d22b71d0338d2c7
REL-00845,CM-1-3-6-2-5,precedes,CM-1-3-6-2-6,Serve to Customer (Non-Retail),Commercial & Marketing,C:two-way(back=follows) | B:structural-nearness,,C:two-way,PROMOTE,6ab2197ba3fe6246bdb501391d22b71d0338d2c7
REL-00846,CM-1-3-6-2-5,enables,CM-1-3-7-3,Capture And Manage Order Fulfillment,Commercial & Marketing,A:explicit-reference | B:structural-nearness,,A:explicit-reference,PROMOTE,6ab2197ba3fe6246bdb501391d22b71d0338d2c7
REL-00847,CM-1-3-6-2-6,follows,CM-1-3-6-2-5,Manage Contract & Order,Commercial & Marketing,C:two-way(back=precedes) | B:structural-nearness,,C:two-way,PROMOTE,6ab2197ba3fe6246bdb501391d22b71d0338d2c7
REL-00848,CM-1-3-6-2-6,governed-by,CM-1-3-6-2,Sales Execution,Commercial & Marketing,,,,HOLD,6ab2197ba3fe6246bdb501391d22b71d0338d2c7
REL-00849,CM-1-3-6-2-6,uses-input,CM-1-3-7-5,Manage Customer Requests and Inquiries,Commercial & Marketing,A:explicit-reference | B:structural-nearness,,A:explicit-reference,PROMOTE,6ab2197ba3fe6246bdb501391d22b71d0338d2c7
REL-00850,CM-1-3-6-2-7,governed-by,CM-1-3-6-2,Sales Execution,Commercial & Marketing,,,,HOLD,6ab2197ba3fe6246bdb501391d22b71d0338d2c7
REL-00851,CM-1-3-6-2-7,enables,CM-1-3-5-1-4,Analyze Gaps Between Forecast & Actual Margins,Commercial & Marketing,A:explicit-reference | B:structural-nearness,,A:explicit-reference,PROMOTE,6ab2197ba3fe6246bdb501391d22b71d0338d2c7
REL-00852,CM-1-3-6-2-7,enables,CM-1-3-5-5,Marketing Performance Analysis,Commercial & Marketing,A:explicit-reference | B:structural-nearness,,A:explicit-reference,PROMOTE,6ab2197ba3fe6246bdb501391d22b71d0338d2c7
REL-00853,CM-1-3-6-3-1,precedes,CM-1-3-6-3-2,Implement sales price,Commercial & Marketing,A:explicit-reference | C:two-way(back=follows) | B:structural-nearness,,A:explicit-reference,PROMOTE,6ab2197ba3fe6246bdb501391d22b71d0338d2c7
REL-00854,CM-1-3-6-3-1,governed-by,CM-1-3-6-3,Sales Pricing Management,Commercial & Marketing,,,,HOLD,6ab2197ba3fe6246bdb501391d22b71d0338d2c7
REL-00855,CM-1-3-6-3-2,follows,CM-1-3-6-3-1,Determine sales price,Commercial & Marketing,A:explicit-reference | C:two-way(back=precedes) | B:structural-nearness,,A:explicit-reference,PROMOTE,6ab2197ba3fe6246bdb501391d22b71d0338d2c7
REL-00856,CM-1-3-6-3-2,governed-by,CM-1-3-6-3,Sales Pricing Management,Commercial & Marketing,,,,HOLD,6ab2197ba3fe6246bdb501391d22b71d0338d2c7
REL-00857,CM-1-3-6-3-2,enables,CM-1-3-8-1,Manage Customer Invoicing and Billing,Commercial & Marketing,A:explicit-reference | B:structural-nearness,,A:explicit-reference,PROMOTE,6ab2197ba3fe6246bdb501391d22b71d0338d2c7
REL-00858,CM-1-3-6-4-1,governed-by,CM-1-3-3-2,Pricing Strategy Management,Commercial & Marketing,D:hamid-verdict(2026-09-25),,D:hamid-verdict,PROMOTE,6ab2197ba3fe6246bdb501391d22b71d0338d2c7
REL-00859,CM-1-3-6-4-1,precedes,CM-1-3-6-4-2,Implement Rebate,Commercial & Marketing,C:two-way(back=follows) | B:structural-nearness,,C:two-way,PROMOTE,6ab2197ba3fe6246bdb501391d22b71d0338d2c7
REL-00860,CM-1-3-6-4-2,follows,CM-1-3-6-4-1,Negotiate Rebate,Commercial & Marketing,C:two-way(back=precedes) | B:structural-nearness,,C:two-way,PROMOTE,6ab2197ba3fe6246bdb501391d22b71d0338d2c7
REL-00861,CM-1-3-6-4-2,precedes,CM-1-3-6-4-3,Settle Rebate,Commercial & Marketing,C:two-way(back=follows) | B:structural-nearness,,C:two-way,PROMOTE,6ab2197ba3fe6246bdb501391d22b71d0338d2c7
REL-00862,CM-1-3-6-4-2,uses-input,CM-1-3-7-1-2,Maintain Price & Discount Master Data,Commercial & Marketing,B:structural-nearness,C:two-way-absent(back-verbs=uses-input),B:structural-nearness,PROMOTE,6ab2197ba3fe6246bdb501391d22b71d0338d2c7
REL-00863,CM-1-3-6-4-3,follows,CM-1-3-6-4-2,Implement Rebate,Commercial & Marketing,C:two-way(back=precedes) | B:structural-nearness,,C:two-way,PROMOTE,6ab2197ba3fe6246bdb501391d22b71d0338d2c7
REL-00864,CM-1-3-6-4-3,uses-input,CM-1-3-8-2,"Manage Cash Application, A/R & Revenue Accounting",Commercial & Marketing,B:structural-nearness,,B:structural-nearness,PROMOTE,6ab2197ba3fe6246bdb501391d22b71d0338d2c7
REL-00866,CM-1-3-6-5-1,uses-input,CM-1-3-5-3,Marketing Communications Planning,Commercial & Marketing,B:structural-nearness,,B:structural-nearness,PROMOTE,6ab2197ba3fe6246bdb501391d22b71d0338d2c7
REL-00867,CM-1-3-6-5-1,enables,CM-1-3-5-5-2,Campaign ROI Analysis,Commercial & Marketing,B:structural-nearness,,B:structural-nearness,PROMOTE,6ab2197ba3fe6246bdb501391d22b71d0338d2c7
REL-00868,CM-1-3-6-5-2,uses-input,CM-1-3-5-3,Marketing Communications Planning,Commercial & Marketing,B:structural-nearness,,B:structural-nearness,PROMOTE,6ab2197ba3fe6246bdb501391d22b71d0338d2c7
REL-00869,CM-1-3-6-5-2,informed-by,CM-1-3-6-3-2,Implement sales price,Commercial & Marketing,B:structural-nearness,,B:structural-nearness,PROMOTE,6ab2197ba3fe6246bdb501391d22b71d0338d2c7
REL-00870,CM-1-3-6-5-3,uses-input,CM-1-3-5-3,Marketing Communications Planning,Commercial & Marketing,B:structural-nearness,,B:structural-nearness,PROMOTE,6ab2197ba3fe6246bdb501391d22b71d0338d2c7
REL-00871,CM-1-3-6-5-3,enables,CM-1-3-5-5-3,Customer Program Analysis,Commercial & Marketing,B:structural-nearness,,B:structural-nearness,PROMOTE,6ab2197ba3fe6246bdb501391d22b71d0338d2c7
REL-00873,CM-1-3-6-6-1,requires,CM-1-3-7-4-2,Establish Credit Limit & Risk Code,Commercial & Marketing,B:structural-nearness,C:two-way-absent(back-verbs=enables),B:structural-nearness,PROMOTE,6ab2197ba3fe6246bdb501391d22b71d0338d2c7
REL-00875,CM-1-3-6-6-10,follows,CM-1-3-6-6-13,Manage Card Production & Monthly Reissue,Commercial & Marketing,A:explicit-reference | C:two-way(back=precedes) | B:structural-nearness,,A:explicit-reference,PROMOTE,6ab2197ba3fe6246bdb501391d22b71d0338d2c7
REL-00876,CM-1-3-6-6-10,governed-by,CM-1-3-6-6-8,Ensure Card Design Compliance,Commercial & Marketing,A:explicit-reference,,A:explicit-reference,PROMOTE,6ab2197ba3fe6246bdb501391d22b71d0338d2c7
REL-00878,CM-1-3-6-6-11,uses-input,CM-1-3-6-6-14,Manage Credit Card Transactions,Commercial & Marketing,B:structural-nearness,,B:structural-nearness,PROMOTE,6ab2197ba3fe6246bdb501391d22b71d0338d2c7
REL-00879,CM-1-3-6-6-12,uses-input,CM-1-3-6-2-5,Manage Contract & Order,Commercial & Marketing,B:structural-nearness,,B:structural-nearness,PROMOTE,6ab2197ba3fe6246bdb501391d22b71d0338d2c7
REL-00881,CM-1-3-6-6-13,follows,CM-1-3-6-6-8,Ensure Card Design Compliance,Commercial & Marketing,A:explicit-reference | C:two-way(back=precedes) | B:structural-nearness,,A:explicit-reference,PROMOTE,6ab2197ba3fe6246bdb501391d22b71d0338d2c7
REL-00883,CM-1-3-6-6-13,precedes,CM-1-3-6-6-10,Perform Physical Card Handling,Commercial & Marketing,A:explicit-reference | C:two-way(back=follows) | B:structural-nearness,,A:explicit-reference,PROMOTE,6ab2197ba3fe6246bdb501391d22b71d0338d2c7
REL-00886,CM-1-3-6-6-15,enables,CM-1-3-5-5-3,Customer Program Analysis,Commercial & Marketing,A:explicit-reference | B:structural-nearness,,A:explicit-reference,PROMOTE,6ab2197ba3fe6246bdb501391d22b71d0338d2c7
REL-00887,CM-1-3-6-6-15,uses-input,CM-1-3-6-5-3,Manage Direct Marketing,Commercial & Marketing,B:structural-nearness,,B:structural-nearness,PROMOTE,6ab2197ba3fe6246bdb501391d22b71d0338d2c7
REL-00889,CM-1-3-6-6-2,enables,CM-1-3-8-1,Manage Customer Invoicing and Billing,Commercial & Marketing,A:explicit-reference | B:structural-nearness,,A:explicit-reference,PROMOTE,6ab2197ba3fe6246bdb501391d22b71d0338d2c7
REL-00891,CM-1-3-6-6-3,follows,CM-1-3-6-6-14,Manage Credit Card Transactions,Commercial & Marketing,B:structural-nearness,,B:structural-nearness,PROMOTE,6ab2197ba3fe6246bdb501391d22b71d0338d2c7
REL-00892,CM-1-3-6-6-4,triggers,CM-1-3-6-6-13,Manage Card Production & Monthly Reissue,Commercial & Marketing,B:structural-nearness,,B:structural-nearness,PROMOTE,6ab2197ba3fe6246bdb501391d22b71d0338d2c7
REL-00894,CM-1-3-6-6-5,constrained-by,CM-1-3-7-4-2,Establish Credit Limit & Risk Code,Commercial & Marketing,B:structural-nearness,,B:structural-nearness,PROMOTE,6ab2197ba3fe6246bdb501391d22b71d0338d2c7
REL-00895,CM-1-3-6-6-5,informed-by,CM-1-3-7-4-3,Monitor Credit Against Limit,Commercial & Marketing,B:structural-nearness,,B:structural-nearness,PROMOTE,6ab2197ba3fe6246bdb501391d22b71d0338d2c7
REL-00896,CM-1-3-6-6-6,informed-by,CM-1-3-7-4-3,Monitor Credit Against Limit,Commercial & Marketing,B:structural-nearness,C:two-way-absent(back-verbs=enables),B:structural-nearness,PROMOTE,6ab2197ba3fe6246bdb501391d22b71d0338d2c7
REL-00900,CM-1-3-6-6-7,enables,CM-1-3-6-6-3,Manage Reimbursement,Commercial & Marketing,B:structural-nearness,C:two-way-absent(back-verbs=uses-input),B:structural-nearness,PROMOTE,6ab2197ba3fe6246bdb501391d22b71d0338d2c7
REL-00901,CM-1-3-6-6-7,triggers,CM-1-3-6-6-11,Manage Fraudulent Transactions,Commercial & Marketing,A:explicit-reference | B:structural-nearness,C:two-way-absent(back-verbs=informed-by),A:explicit-reference,PROMOTE,6ab2197ba3fe6246bdb501391d22b71d0338d2c7
REL-00903,CM-1-3-6-6-8,precedes,CM-1-3-6-6-13,Manage Card Production & Monthly Reissue,Commercial & Marketing,A:explicit-reference | C:two-way(back=follows) | B:structural-nearness,,A:explicit-reference,PROMOTE,6ab2197ba3fe6246bdb501391d22b71d0338d2c7
REL-00904,CM-1-3-6-6-9,enables,CM-1-3-6-6-13,Manage Card Production & Monthly Reissue,Commercial & Marketing,A:explicit-reference | B:structural-nearness,C:two-way-absent(back-verbs=uses-input),A:explicit-reference,PROMOTE,6ab2197ba3fe6246bdb501391d22b71d0338d2c7
REL-00906,CM-1-3-6-7-1,enables,CM-1-3-6-1-3,Report Franchise Performance,Commercial & Marketing,B:structural-nearness,,B:structural-nearness,PROMOTE,6ab2197ba3fe6246bdb501391d22b71d0338d2c7
REL-00907,CM-1-3-6-7-1,governed-by,CM-1-3-4-4,Manage Licensing & IP,Commercial & Marketing,D:hamid-verdict(2026-09-25),,D:hamid-verdict,PROMOTE,6ab2197ba3fe6246bdb501391d22b71d0338d2c7
REL-00911,CM-1-3-6-8-1,informed-by,CM-1-3-6-1-3,Report Franchise Performance,Commercial & Marketing,B:structural-nearness,,B:structural-nearness,PROMOTE,6ab2197ba3fe6246bdb501391d22b71d0338d2c7
REL-00914,CM-1-3-7-1-1,enables,CM-1-3-8-1,Manage Customer Invoicing and Billing,Commercial & Marketing,B:structural-nearness,,B:structural-nearness,PROMOTE,6ab2197ba3fe6246bdb501391d22b71d0338d2c7
REL-00916,CM-1-3-7-1-2,uses-input,CM-1-3-6-3-2,Implement sales price,Commercial & Marketing,B:structural-nearness,,B:structural-nearness,PROMOTE,6ab2197ba3fe6246bdb501391d22b71d0338d2c7
REL-00917,CM-1-3-7-1-2,uses-input,CM-1-3-6-4-2,Implement Rebate,Commercial & Marketing,B:structural-nearness,C:two-way-absent(back-verbs=uses-input),B:structural-nearness,PROMOTE,6ab2197ba3fe6246bdb501391d22b71d0338d2c7
REL-00918,CM-1-3-7-1-2,enables,CM-1-3-8-1,Manage Customer Invoicing and Billing,Commercial & Marketing,A:explicit-reference | B:structural-nearness,C:two-way-absent(back-verbs=uses-input),A:explicit-reference,PROMOTE,6ab2197ba3fe6246bdb501391d22b71d0338d2c7
REL-00919,CM-1-3-7-1-3,enables,CM-1-3-7-3-1,Capture & Validate Order,Commercial & Marketing,B:structural-nearness,,B:structural-nearness,PROMOTE,6ab2197ba3fe6246bdb501391d22b71d0338d2c7
REL-00922,CM-1-3-7-1-4,enables,CM-1-3-8-4-4,Reconcile And Report Indirect Tax,Commercial & Marketing,B:structural-nearness,C:two-way-absent(back-verbs=uses-input),B:structural-nearness,PROMOTE,6ab2197ba3fe6246bdb501391d22b71d0338d2c7
REL-00924,CM-1-3-7-1-5,enables,CM-1-3-7-2-1,Establish Commercial Terms & Contracts,Commercial & Marketing,B:structural-nearness,,B:structural-nearness,PROMOTE,6ab2197ba3fe6246bdb501391d22b71d0338d2c7
REL-00926,CM-1-3-7-1-6,enables,CM-1-3-7-2-1,Establish Commercial Terms & Contracts,Commercial & Marketing,B:structural-nearness,C:two-way-absent(back-verbs=uses-input),B:structural-nearness,PROMOTE,6ab2197ba3fe6246bdb501391d22b71d0338d2c7
REL-00928,CM-1-3-7-2-1,enables,CM-1-3-6-2-5,Manage Contract & Order,Commercial & Marketing,A:explicit-reference | B:structural-nearness,,A:explicit-reference,PROMOTE,6ab2197ba3fe6246bdb501391d22b71d0338d2c7
REL-00929,CM-1-3-7-2-1,enables,CM-1-3-7-2-2,Issue Quotes & Renewals,Commercial & Marketing,B:structural-nearness,,B:structural-nearness,PROMOTE,6ab2197ba3fe6246bdb501391d22b71d0338d2c7
REL-00930,CM-1-3-7-2-2,follows,CM-1-3-6-2-4,Develop Quote,Commercial & Marketing,A:explicit-reference,,A:explicit-reference,PROMOTE,6ab2197ba3fe6246bdb501391d22b71d0338d2c7
REL-00931,CM-1-3-7-2-2,uses-input,CM-1-3-7-1-2,Maintain Price & Discount Master Data,Commercial & Marketing,B:structural-nearness,,B:structural-nearness,PROMOTE,6ab2197ba3fe6246bdb501391d22b71d0338d2c7
REL-00932,CM-1-3-7-2-2,enables,CM-1-3-7-3-1,Capture & Validate Order,Commercial & Marketing,A:explicit-reference | B:structural-nearness,,A:explicit-reference,PROMOTE,6ab2197ba3fe6246bdb501391d22b71d0338d2c7
REL-00933,CM-1-3-7-2-3,informed-by,CM-1-3-6-2-1,Manage Sales Pipeline,Commercial & Marketing,B:structural-nearness,,B:structural-nearness,PROMOTE,6ab2197ba3fe6246bdb501391d22b71d0338d2c7
REL-00934,CM-1-3-7-2-3,uses-input,CM-1-3-7-1-2,Maintain Price & Discount Master Data,Commercial & Marketing,B:structural-nearness,,B:structural-nearness,PROMOTE,6ab2197ba3fe6246bdb501391d22b71d0338d2c7
REL-00935,CM-1-3-7-2-3,uses-input,CM-1-3-8-2-6,Perform Revenue Accounting,Commercial & Marketing,A:explicit-reference | B:structural-nearness,,A:explicit-reference,PROMOTE,6ab2197ba3fe6246bdb501391d22b71d0338d2c7
REL-00936,CM-1-3-7-2-3,enables,CM-1-3-7-2-5,Analyze Customer Profitability,Commercial & Marketing,B:structural-nearness,C:two-way-absent(back-verbs=uses-input),B:structural-nearness,PROMOTE,6ab2197ba3fe6246bdb501391d22b71d0338d2c7
REL-00937,CM-1-3-7-2-4,governed-by,CM-1-3-7-4-1,Maintain Credit Policies,Commercial & Marketing,D:hamid-verdict(2026-09-25),,D:hamid-verdict,PROMOTE,6ab2197ba3fe6246bdb501391d22b71d0338d2c7
REL-00938,CM-1-3-7-2-4,enables,CM-1-3-7-2-1,Establish Commercial Terms & Contracts,Commercial & Marketing,B:structural-nearness,,B:structural-nearness,PROMOTE,6ab2197ba3fe6246bdb501391d22b71d0338d2c7
REL-00939,CM-1-3-7-2-4,enables,CM-1-3-8-1,Manage Customer Invoicing and Billing,Commercial & Marketing,B:structural-nearness,,B:structural-nearness,PROMOTE,6ab2197ba3fe6246bdb501391d22b71d0338d2c7
REL-00941,CM-1-3-7-2-5,uses-input,CM-1-2-6-1-3,Assess Cost-to-Serve Performance,Commercial & Marketing,A:explicit-reference,,A:explicit-reference,PROMOTE,6ab2197ba3fe6246bdb501391d22b71d0338d2c7
REL-00942,CM-1-3-7-2-5,enables,CM-1-3-3-2-3,Analyze Pricing Performance,Commercial & Marketing,B:structural-nearness,,B:structural-nearness,PROMOTE,6ab2197ba3fe6246bdb501391d22b71d0338d2c7
REL-00943,CM-1-3-7-2-6,uses-input,CM-1-3-7-1-2,Maintain Price & Discount Master Data,Commercial & Marketing,B:structural-nearness,,B:structural-nearness,PROMOTE,6ab2197ba3fe6246bdb501391d22b71d0338d2c7
REL-00944,CM-1-3-7-2-6,enables,CM-1-3-7-3-1,Capture & Validate Order,Commercial & Marketing,B:structural-nearness,C:two-way-absent(back-verbs=uses-input),B:structural-nearness,PROMOTE,6ab2197ba3fe6246bdb501391d22b71d0338d2c7
REL-00945,CM-1-3-7-2-6,enables,CM-1-3-7-5,Manage Customer Requests and Inquiries,Commercial & Marketing,A:explicit-reference | B:structural-nearness,C:two-way-absent(back-verbs=uses-input),A:explicit-reference,PROMOTE,6ab2197ba3fe6246bdb501391d22b71d0338d2c7
REL-00946,CM-1-3-7-3-1,uses-input,CM-1-3-7-2-6,Manage Customer Portal,Commercial & Marketing,B:structural-nearness,C:two-way-absent(back-verbs=enables),B:structural-nearness,PROMOTE,6ab2197ba3fe6246bdb501391d22b71d0338d2c7
REL-00948,CM-1-3-7-3-1,informed-by,CM-1-3-7-4-3,Monitor Credit Against Limit,Commercial & Marketing,B:structural-nearness,C:two-way-absent(back-verbs=enables),B:structural-nearness,PROMOTE,6ab2197ba3fe6246bdb501391d22b71d0338d2c7
REL-00949,CM-1-3-7-3-1,precedes,CM-1-3-7-3-2,Allocate & Release Order,Commercial & Marketing,A:explicit-reference | C:two-way(back=follows) | B:structural-nearness,,A:explicit-reference,PROMOTE,6ab2197ba3fe6246bdb501391d22b71d0338d2c7
REL-00950,CM-1-3-7-3-2,follows,CM-1-3-7-3-1,Capture & Validate Order,Commercial & Marketing,C:two-way(back=precedes) | B:structural-nearness,,C:two-way,PROMOTE,6ab2197ba3fe6246bdb501391d22b71d0338d2c7
REL-00951,CM-1-3-7-3-2,precedes,CM-1-3-7-3-4,Manage Fulfillment,Commercial & Marketing,C:two-way(back=follows) | B:structural-nearness,,C:two-way,PROMOTE,6ab2197ba3fe6246bdb501391d22b71d0338d2c7
REL-00952,CM-1-3-7-3-2,governed-by,CM-1-3-7-4,Manage Credit & Risk,Commercial & Marketing,A:explicit-reference,,A:explicit-reference,PROMOTE,6ab2197ba3fe6246bdb501391d22b71d0338d2c7
REL-00953,CM-1-3-7-3-3,follows,CM-1-3-7-3-1,Capture & Validate Order,Commercial & Marketing,B:structural-nearness,,B:structural-nearness,PROMOTE,6ab2197ba3fe6246bdb501391d22b71d0338d2c7
REL-00954,CM-1-3-7-3-3,uses-input,CM-1-3-7-3-4,Manage Fulfillment,Commercial & Marketing,B:structural-nearness,,B:structural-nearness,PROMOTE,6ab2197ba3fe6246bdb501391d22b71d0338d2c7
REL-00956,CM-1-3-7-3-4,follows,CM-1-3-7-3-2,Allocate & Release Order,Commercial & Marketing,C:two-way(back=precedes) | B:structural-nearness,,C:two-way,PROMOTE,6ab2197ba3fe6246bdb501391d22b71d0338d2c7
REL-00959,CM-1-3-7-3-5,uses-input,CM-1-3-7-3-4,Manage Fulfillment,Commercial & Marketing,B:structural-nearness,C:two-way-absent(back-verbs=enables),B:structural-nearness,PROMOTE,6ab2197ba3fe6246bdb501391d22b71d0338d2c7
REL-00960,CM-1-3-7-3-5,enables,CM-1-3-7-2-6,Manage Customer Portal,Commercial & Marketing,B:structural-nearness,,B:structural-nearness,PROMOTE,6ab2197ba3fe6246bdb501391d22b71d0338d2c7
REL-00961,CM-1-3-7-3-5,informed-by,CM-1-3-7-3-1,Capture & Validate Order,Commercial & Marketing,B:structural-nearness,,B:structural-nearness,PROMOTE,6ab2197ba3fe6246bdb501391d22b71d0338d2c7
REL-00963,CM-1-3-7-3-6,enables,CM-1-3-8-1-4,Create Credit Memo,Commercial & Marketing,B:structural-nearness,C:two-way-absent(back-verbs=uses-input),B:structural-nearness,PROMOTE,6ab2197ba3fe6246bdb501391d22b71d0338d2c7
REL-00964,CM-1-3-7-3-6,uses-input,CM-1-3-7-3-4,Manage Fulfillment,Commercial & Marketing,B:structural-nearness,,B:structural-nearness,PROMOTE,6ab2197ba3fe6246bdb501391d22b71d0338d2c7
REL-00965,CM-1-3-7-4-1,informed-by,CM-1-3-7-4-4,Analyze Portfolio Credit Risk,Commercial & Marketing,B:structural-nearness,C:two-way-absent(back-verbs=enables),B:structural-nearness,PROMOTE,6ab2197ba3fe6246bdb501391d22b71d0338d2c7
REL-00966,CM-1-3-7-4-1,enables,CM-1-3-7-4-2,Establish Credit Limit & Risk Code,Commercial & Marketing,A:explicit-reference | B:structural-nearness,C:two-way-absent(back-verbs=governed-by),A:explicit-reference,PROMOTE,6ab2197ba3fe6246bdb501391d22b71d0338d2c7
REL-00969,CM-1-3-7-4-2,governed-by,CM-1-3-7-4-1,Maintain Credit Policies,Commercial & Marketing,A:explicit-reference,C:two-way-absent(back-verbs=enables),A:explicit-reference,PROMOTE,6ab2197ba3fe6246bdb501391d22b71d0338d2c7
REL-00970,CM-1-3-7-4-2,enables,CM-1-3-7-4-3,Monitor Credit Against Limit,Commercial & Marketing,A:explicit-reference | B:structural-nearness,C:two-way-absent(back-verbs=uses-input),A:explicit-reference,PROMOTE,6ab2197ba3fe6246bdb501391d22b71d0338d2c7
REL-00972,CM-1-3-7-4-3,uses-input,CM-1-3-7-4-2,Establish Credit Limit & Risk Code,Commercial & Marketing,A:explicit-reference | B:structural-nearness,C:two-way-absent(back-verbs=enables),A:explicit-reference,PROMOTE,6ab2197ba3fe6246bdb501391d22b71d0338d2c7
REL-00973,CM-1-3-7-4-3,enables,CM-1-3-7-3-1,Capture & Validate Order,Commercial & Marketing,B:structural-nearness,C:two-way-absent(back-verbs=informed-by),B:structural-nearness,PROMOTE,6ab2197ba3fe6246bdb501391d22b71d0338d2c7
REL-00975,CM-1-3-7-4-3,informed-by,CM-1-3-8-2,"Manage Cash Application, A/R & Revenue Accounting",Commercial & Marketing,A:explicit-reference | B:structural-nearness,,A:explicit-reference,PROMOTE,6ab2197ba3fe6246bdb501391d22b71d0338d2c7
REL-00976,CM-1-3-7-4-4,uses-input,CM-1-3-7-4-3,Monitor Credit Against Limit,Commercial & Marketing,B:structural-nearness,,B:structural-nearness,PROMOTE,6ab2197ba3fe6246bdb501391d22b71d0338d2c7
REL-00977,CM-1-3-7-4-4,enables,CM-1-3-7-4-1,Maintain Credit Policies,Commercial & Marketing,B:structural-nearness,C:two-way-absent(back-verbs=informed-by),B:structural-nearness,PROMOTE,6ab2197ba3fe6246bdb501391d22b71d0338d2c7
REL-00979,CM-1-3-7-4-5,informed-by,CM-1-3-7-4-3,Monitor Credit Against Limit,Commercial & Marketing,B:structural-nearness,,B:structural-nearness,PROMOTE,6ab2197ba3fe6246bdb501391d22b71d0338d2c7
REL-00983,CM-1-3-7-4-6,enables,CM-1-3-7-4-2,Establish Credit Limit & Risk Code,Commercial & Marketing,A:explicit-reference | B:structural-nearness,C:two-way-absent(back-verbs=follows),A:explicit-reference,PROMOTE,6ab2197ba3fe6246bdb501391d22b71d0338d2c7
REL-00984,CM-1-3-7-4-6,governed-by,CM-1-3-7-4,Manage Credit & Risk,Commercial & Marketing,,,,HOLD,6ab2197ba3fe6246bdb501391d22b71d0338d2c7
REL-00985,CM-1-3-7-5-1,precedes,CM-1-3-7-5-3,Process Inquiries and Requests,Commercial & Marketing,A:explicit-reference | C:two-way(back=follows) | B:structural-nearness,,A:explicit-reference,PROMOTE,6ab2197ba3fe6246bdb501391d22b71d0338d2c7
REL-00986,CM-1-3-7-5-1,governed-by,CM-1-3-7-5,Manage Customer Requests and Inquiries,Commercial & Marketing,,,,HOLD,6ab2197ba3fe6246bdb501391d22b71d0338d2c7
REL-00987,CM-1-3-7-5-2,enables,CM-1-3-7-5-3,Process Inquiries and Requests,Commercial & Marketing,A:explicit-reference | B:structural-nearness,,A:explicit-reference,PROMOTE,6ab2197ba3fe6246bdb501391d22b71d0338d2c7
REL-00989,CM-1-3-7-5-2,governed-by,CM-1-3-7-5,Manage Customer Requests and Inquiries,Commercial & Marketing,,,,HOLD,6ab2197ba3fe6246bdb501391d22b71d0338d2c7
REL-00993,CM-1-3-7-5-4,follows,CM-1-3-7-5-3,Process Inquiries and Requests,Commercial & Marketing,B:structural-nearness,C:two-way-absent(back-verbs=enables),B:structural-nearness,PROMOTE,6ab2197ba3fe6246bdb501391d22b71d0338d2c7
REL-00996,CM-1-3-7-5-5,enables,CM-1-3-6-2-2,Manage Key Accounts,Commercial & Marketing,B:structural-nearness,,B:structural-nearness,PROMOTE,6ab2197ba3fe6246bdb501391d22b71d0338d2c7
REL-00997,CM-1-3-7-5-5,governed-by,CM-1-3-7-5,Manage Customer Requests and Inquiries,Commercial & Marketing,,,,HOLD,6ab2197ba3fe6246bdb501391d22b71d0338d2c7
REL-00998,CM-1-3-7-5-6,uses-input,CM-1-3-7-2-6,Manage Customer Portal,Commercial & Marketing,B:structural-nearness,,B:structural-nearness,PROMOTE,6ab2197ba3fe6246bdb501391d22b71d0338d2c7
REL-00999,CM-1-3-7-5-6,enables,CM-1-3-7-5-3,Process Inquiries and Requests,Commercial & Marketing,B:structural-nearness,,B:structural-nearness,PROMOTE,6ab2197ba3fe6246bdb501391d22b71d0338d2c7
REL-01000,CM-1-3-7-5-6,governed-by,CM-1-3-7-5,Manage Customer Requests and Inquiries,Commercial & Marketing,,,,HOLD,6ab2197ba3fe6246bdb501391d22b71d0338d2c7
REL-01001,CM-1-3-8-1-1,uses-input,CM-1-3-7-3-4,Manage Fulfillment,Commercial & Marketing,B:structural-nearness,C:two-way-absent(back-verbs=enables),B:structural-nearness,PROMOTE,6ab2197ba3fe6246bdb501391d22b71d0338d2c7
REL-01004,CM-1-3-8-1-2,uses-input,CM-1-3-7-3-4,Manage Fulfillment,Commercial & Marketing,B:structural-nearness,,B:structural-nearness,PROMOTE,6ab2197ba3fe6246bdb501391d22b71d0338d2c7
REL-01005,CM-1-3-8-1-2,governed-by,CM-1-3-7-2-1,Establish Commercial Terms & Contracts,Commercial & Marketing,D:hamid-verdict(2026-09-25),,D:hamid-verdict,PROMOTE,6ab2197ba3fe6246bdb501391d22b71d0338d2c7
REL-01006,CM-1-3-8-1-2,enables,CM-1-3-8-2-6,Perform Revenue Accounting,Commercial & Marketing,B:structural-nearness,C:two-way-absent(back-verbs=uses-input),B:structural-nearness,PROMOTE,6ab2197ba3fe6246bdb501391d22b71d0338d2c7
REL-01007,CM-1-3-8-1-3,uses-input,CM-1-3-7-1-4,Maintain Tax Master Data,Commercial & Marketing,A:explicit-reference | B:structural-nearness,,A:explicit-reference,PROMOTE,6ab2197ba3fe6246bdb501391d22b71d0338d2c7
REL-01009,CM-1-3-8-1-3,enables,CM-1-3-8-4-4,Reconcile And Report Indirect Tax,Commercial & Marketing,B:structural-nearness,,B:structural-nearness,PROMOTE,6ab2197ba3fe6246bdb501391d22b71d0338d2c7
REL-01010,CM-1-3-8-1-4,uses-input,CM-1-3-6-4-3,Settle Rebate,Commercial & Marketing,B:structural-nearness,,B:structural-nearness,PROMOTE,6ab2197ba3fe6246bdb501391d22b71d0338d2c7
REL-01013,CM-1-3-8-1-4,enables,CM-1-3-8-2,"Manage Cash Application, A/R & Revenue Accounting",Commercial & Marketing,B:structural-nearness,,B:structural-nearness,PROMOTE,6ab2197ba3fe6246bdb501391d22b71d0338d2c7
REL-01015,CM-1-3-8-1-5,uses-input,CM-1-3-7-5-3,Process Inquiries and Requests,Commercial & Marketing,B:structural-nearness,,B:structural-nearness,PROMOTE,6ab2197ba3fe6246bdb501391d22b71d0338d2c7
REL-01016,CM-1-3-8-1-5,enables,CM-1-3-8-2,"Manage Cash Application, A/R & Revenue Accounting",Commercial & Marketing,B:structural-nearness,,B:structural-nearness,PROMOTE,6ab2197ba3fe6246bdb501391d22b71d0338d2c7
REL-01018,CM-1-3-8-2-1,precedes,CM-1-3-8-2-3,Apply Receipts,Commercial & Marketing,A:explicit-reference | B:structural-nearness,,A:explicit-reference,PROMOTE,6ab2197ba3fe6246bdb501391d22b71d0338d2c7
REL-01019,CM-1-3-8-2-1,governed-by,CM-1-3-8-2,"Manage Cash Application, A/R & Revenue Accounting",Commercial & Marketing,,,,HOLD,6ab2197ba3fe6246bdb501391d22b71d0338d2c7
REL-01021,CM-1-3-8-2-2,precedes,CM-1-3-8-2-3,Apply Receipts,Commercial & Marketing,A:explicit-reference | C:two-way(back=follows) | B:structural-nearness,,A:explicit-reference,PROMOTE,6ab2197ba3fe6246bdb501391d22b71d0338d2c7
REL-01022,CM-1-3-8-2-2,uses-input,CM-1-3-7-2-6,Manage Customer Portal,Commercial & Marketing,B:structural-nearness,,B:structural-nearness,PROMOTE,6ab2197ba3fe6246bdb501391d22b71d0338d2c7
REL-01023,CM-1-3-8-2-3,follows,CM-1-3-8-2-2,Receive Remittance Advice,Commercial & Marketing,C:two-way(back=precedes) | B:structural-nearness,,C:two-way,PROMOTE,6ab2197ba3fe6246bdb501391d22b71d0338d2c7
REL-01026,CM-1-3-8-2-4,follows,CM-1-3-8-2-3,Apply Receipts,Commercial & Marketing,B:structural-nearness,C:two-way-absent(back-verbs=enables),B:structural-nearness,PROMOTE,6ab2197ba3fe6246bdb501391d22b71d0338d2c7
REL-01027,CM-1-3-8-2-4,uses-input,CM-1-3-7-5-3,Process Inquiries and Requests,Commercial & Marketing,B:structural-nearness,,B:structural-nearness,PROMOTE,6ab2197ba3fe6246bdb501391d22b71d0338d2c7
REL-01029,CM-1-3-8-2-5,uses-input,CM-1-3-6-6-14,Manage Credit Card Transactions,Commercial & Marketing,B:structural-nearness,C:two-way-absent(back-verbs=uses-input),B:structural-nearness,PROMOTE,6ab2197ba3fe6246bdb501391d22b71d0338d2c7
REL-01030,CM-1-3-8-2-5,uses-input,CM-1-3-8-2-3,Apply Receipts,Commercial & Marketing,B:structural-nearness,,B:structural-nearness,PROMOTE,6ab2197ba3fe6246bdb501391d22b71d0338d2c7
REL-01036,CM-1-3-8-3-1,uses-input,CM-1-3-7-5-3,Process Inquiries and Requests,Commercial & Marketing,B:structural-nearness,C:two-way-absent(back-verbs=enables),B:structural-nearness,PROMOTE,6ab2197ba3fe6246bdb501391d22b71d0338d2c7
REL-01037,CM-1-3-8-3-1,enables,CM-1-3-8-1-4,Create Credit Memo,Commercial & Marketing,B:structural-nearness,C:two-way-absent(back-verbs=uses-input),B:structural-nearness,PROMOTE,6ab2197ba3fe6246bdb501391d22b71d0338d2c7
REL-01040,CM-1-3-8-3-2,uses-input,CM-1-3-8-2-3,Apply Receipts,Commercial & Marketing,B:structural-nearness,C:two-way-absent(back-verbs=enables),B:structural-nearness,PROMOTE,6ab2197ba3fe6246bdb501391d22b71d0338d2c7
REL-01041,CM-1-3-8-3-2,informed-by,CM-1-3-7-4-3,Monitor Credit Against Limit,Commercial & Marketing,B:structural-nearness,,B:structural-nearness,PROMOTE,6ab2197ba3fe6246bdb501391d22b71d0338d2c7
REL-01044,CM-1-3-8-3-3,uses-input,CM-1-3-7-4-4,Analyze Portfolio Credit Risk,Commercial & Marketing,A:explicit-reference | B:structural-nearness,C:two-way-absent(back-verbs=enables),A:explicit-reference,PROMOTE,6ab2197ba3fe6246bdb501391d22b71d0338d2c7
REL-01049,CM-1-3-8-3-4,enables,CM-1-3-7-4-1,Maintain Credit Policies,Commercial & Marketing,B:structural-nearness,,B:structural-nearness,PROMOTE,6ab2197ba3fe6246bdb501391d22b71d0338d2c7
REL-01050,CM-1-3-8-4-1,uses-input,CM-1-3-8-2-6,Perform Revenue Accounting,Commercial & Marketing,B:structural-nearness,C:two-way-absent(back-verbs=enables),B:structural-nearness,PROMOTE,6ab2197ba3fe6246bdb501391d22b71d0338d2c7
REL-01057,CM-1-3-8-4-3,uses-input,CM-1-3-6-4-3,Settle Rebate,Commercial & Marketing,B:structural-nearness,C:two-way-absent(back-verbs=enables),B:structural-nearness,PROMOTE,6ab2197ba3fe6246bdb501391d22b71d0338d2c7
REL-01058,CM-1-3-8-4-3,uses-input,CM-1-3-6-6-15,Manage Brand Loyalty Programs,Commercial & Marketing,B:structural-nearness,,B:structural-nearness,PROMOTE,6ab2197ba3fe6246bdb501391d22b71d0338d2c7
REL-01059,CM-1-3-8-4-3,enables,CM-1-3-8-2-6,Perform Revenue Accounting,Commercial & Marketing,A:explicit-reference | B:structural-nearness,C:two-way-absent(back-verbs=uses-input),A:explicit-reference,PROMOTE,6ab2197ba3fe6246bdb501391d22b71d0338d2c7
REL-01062,CM-1-3-8-4-4,uses-input,CM-1-3-7-1-4,Maintain Tax Master Data,Commercial & Marketing,A:explicit-reference | B:structural-nearness,C:two-way-absent(back-verbs=enables),A:explicit-reference,PROMOTE,6ab2197ba3fe6246bdb501391d22b71d0338d2c7
REL-01064,CM-1-3-8-4-5,enables,CM-1-3-7-1-4,Maintain Tax Master Data,Commercial & Marketing,A:explicit-reference | B:structural-nearness,,A:explicit-reference,PROMOTE,6ab2197ba3fe6246bdb501391d22b71d0338d2c7
REL-01065,CM-1-3-8-4-5,uses-input,CM-1-3-8-4-4,Reconcile And Report Indirect Tax,Commercial & Marketing,B:structural-nearness,C:two-way-absent(back-verbs=uses-input),B:structural-nearness,PROMOTE,6ab2197ba3fe6246bdb501391d22b71d0338d2c7
REL-01066,CM-1-3-8-4-5,governed-by,CM-1-3-8-4,"Manage Accounting, Regulatory Reporting and Compliance",Commercial & Marketing,,,,HOLD,6ab2197ba3fe6246bdb501391d22b71d0338d2c7
REL-01067,CM-1-3-8-4-6,governed-by,CM-1-3-8-4,"Manage Accounting, Regulatory Reporting and Compliance",Commercial & Marketing,,,,HOLD,6ab2197ba3fe6246bdb501391d22b71d0338d2c7
REL-01069,CM-1-3-8-4-6,uses-input,CM-1-3-7-3-4,Manage Fulfillment,Commercial & Marketing,B:structural-nearness,,B:structural-nearness,PROMOTE,6ab2197ba3fe6246bdb501391d22b71d0338d2c7
REL-01071,CM-1-3-8-4-7,uses-input,CM-1-3-6-1-3,Report Franchise Performance,Commercial & Marketing,B:structural-nearness,,B:structural-nearness,PROMOTE,6ab2197ba3fe6246bdb501391d22b71d0338d2c7
REL-01075,CM-1-3-9-1-1,governed-by,CM-1-3-9-1,Service & Support Enablement,Commercial & Marketing,,,,HOLD,6ab2197ba3fe6246bdb501391d22b71d0338d2c7
REL-01076,CM-1-3-9-1-2,uses-input,CM-1-3-9-1-1,Define Operating Model,Commercial & Marketing,A:explicit-reference | B:structural-nearness,C:two-way-absent(back-verbs=enables),A:explicit-reference,PROMOTE,6ab2197ba3fe6246bdb501391d22b71d0338d2c7
REL-01077,CM-1-3-9-1-2,uses-input,CM-1-3-7-5,Manage Customer Requests and Inquiries,Commercial & Marketing,B:structural-nearness,,B:structural-nearness,PROMOTE,6ab2197ba3fe6246bdb501391d22b71d0338d2c7
REL-01080,CM-1-3-9-1-3,governed-by,CM-1-3-9-1,Service & Support Enablement,Commercial & Marketing,,,,HOLD,6ab2197ba3fe6246bdb501391d22b71d0338d2c7
REL-01081,CM-1-3-9-1-4,governed-by,CM-1-3-9-1,Service & Support Enablement,Commercial & Marketing,,,,HOLD,6ab2197ba3fe6246bdb501391d22b71d0338d2c7
REL-01083,CM-1-3-9-1-5,uses-input,CM-1-3-9-1-1,Define Operating Model,Commercial & Marketing,B:structural-nearness,,B:structural-nearness,PROMOTE,6ab2197ba3fe6246bdb501391d22b71d0338d2c7
REL-01084,CM-1-3-9-1-5,governed-by,CM-1-3-9-1,Service & Support Enablement,Commercial & Marketing,,,,HOLD,6ab2197ba3fe6246bdb501391d22b71d0338d2c7
REL-01085,CM-1-3-9-1-6,enables,CM-1-3-7-5-3,Process Inquiries and Requests,Commercial & Marketing,B:structural-nearness,,B:structural-nearness,PROMOTE,6ab2197ba3fe6246bdb501391d22b71d0338d2c7
REL-01089,CM-1-3-9-2-2,follows,CM-1-3-7-5-3,Process Inquiries and Requests,Commercial & Marketing,,,,HOLD,6ab2197ba3fe6246bdb501391d22b71d0338d2c7
REL-01093,CM-1-3-9-2-3,enables,CM-1-3-7-5-3,Process Inquiries and Requests,Commercial & Marketing,B:structural-nearness,,B:structural-nearness,PROMOTE,6ab2197ba3fe6246bdb501391d22b71d0338d2c7
REL-01094,CM-1-3-9-3-1,enables,CM-1-3-9-1-5,Manage Technology,Commercial & Marketing,B:structural-nearness,,B:structural-nearness,PROMOTE,6ab2197ba3fe6246bdb501391d22b71d0338d2c7
REL-01095,CM-1-3-9-3-1,enables,CM-1-3-9-1-6,Manage Contact Center,Commercial & Marketing,B:structural-nearness,,B:structural-nearness,PROMOTE,6ab2197ba3fe6246bdb501391d22b71d0338d2c7
REL-01096,CM-1-3-9-3-2,enables,CM-1-3-9-1-3,Manage Service Employees,Commercial & Marketing,B:structural-nearness,,B:structural-nearness,PROMOTE,6ab2197ba3fe6246bdb501391d22b71d0338d2c7
REL-01099,CM-1-3-9-3-3,enables,CM-1-3-9-1-1,Define Operating Model,Commercial & Marketing,B:structural-nearness,,B:structural-nearness,PROMOTE,6ab2197ba3fe6246bdb501391d22b71d0338d2c7
REL-01101,CM-1-3-6-8,informed-by,CM-1-3-6-1-3,Report Franchise Performance,Commercial & Marketing,B:structural-nearness,,B:structural-nearness,PROMOTE,6ab2197ba3fe6246bdb501391d22b71d0338d2c7
REL-01102,CM-1-3-6-8,enables,CM-1-1-4-6-2,Plan Budgets,Commercial & Marketing,,,,HOLD,6ab2197ba3fe6246bdb501391d22b71d0338d2c7
REL-01103,CM-1-3-6-8,enables,CM-1-1-4-6-3,Coordinate Site Business Risk Management,Commercial & Marketing,,,,HOLD,6ab2197ba3fe6246bdb501391d22b71d0338d2c7
REL-01104,CM-1-2-5-4,enables,CM-1-2-5-2-2,Develop Feedstock Demand,Commercial & Marketing,B:structural-nearness,,B:structural-nearness,PROMOTE,6ab2197ba3fe6246bdb501391d22b71d0338d2c7
REL-01105,CM-1-2-5-4,informed-by,CM-1-2-5-3,Crude/Feed Transportation Management,Commercial & Marketing,B:structural-nearness,,B:structural-nearness,PROMOTE,6ab2197ba3fe6246bdb501391d22b71d0338d2c7
REL-01106,CM-1-2-5-4,assures,CM-1-2-5-2,Crude/Feed Demand Management,Commercial & Marketing,B:structural-nearness,,B:structural-nearness,PROMOTE,6ab2197ba3fe6246bdb501391d22b71d0338d2c7
REL-01108,CM-1-3-2-4,enables,CM-1-3-3-3,Sales & Distribution Channel Design,Commercial & Marketing,A:explicit-reference | B:structural-nearness,C:two-way-absent(back-verbs=informed-by),A:explicit-reference,PROMOTE,6ab2197ba3fe6246bdb501391d22b71d0338d2c7
REL-01109,CM-1-3-2-4,enables,CM-1-3-6-1,Channel & Partner Management,Commercial & Marketing,A:explicit-reference | B:structural-nearness,,A:explicit-reference,PROMOTE,6ab2197ba3fe6246bdb501391d22b71d0338d2c7
REL-01110,CM-1-3-6-3,informed-by,CM-1-3-3-2,Pricing Strategy Management,Commercial & Marketing,A:explicit-reference | B:structural-nearness,C:two-way-absent(back-verbs=enables),A:explicit-reference,PROMOTE,6ab2197ba3fe6246bdb501391d22b71d0338d2c7
REL-01111,CM-1-3-6-3,enables,CM-1-3-6-2,Sales Execution,Commercial & Marketing,B:structural-nearness,C:two-way-absent(back-verbs=uses-input),B:structural-nearness,PROMOTE,6ab2197ba3fe6246bdb501391d22b71d0338d2c7
REL-01112,CM-1-3-6-3,enables,CM-1-3-3-2-3,Analyze Pricing Performance,Commercial & Marketing,B:structural-nearness,C:two-way-absent(back-verbs=informed-by),B:structural-nearness,PROMOTE,6ab2197ba3fe6246bdb501391d22b71d0338d2c7
REL-01113,CM-1-3-6-7,governed-by,CM-1-3-4-4,Manage Licensing & IP,Commercial & Marketing,A:explicit-reference,,A:explicit-reference,PROMOTE,6ab2197ba3fe6246bdb501391d22b71d0338d2c7
REL-01114,CM-1-3-6-7,uses-input,CM-1-3-6-1-2,Manage Relationship with License Brand Providers,Commercial & Marketing,A:explicit-reference | B:structural-nearness,,A:explicit-reference,PROMOTE,6ab2197ba3fe6246bdb501391d22b71d0338d2c7
REL-01115,CM-1-3-6-7,enables,CM-1-3-6-6-8,Ensure Card Design Compliance,Commercial & Marketing,B:structural-nearness,C:two-way-absent(back-verbs=governed-by),B:structural-nearness,PROMOTE,6ab2197ba3fe6246bdb501391d22b71d0338d2c7
REL-01116,CM-1-1-3-5,informed-by,CM-1-1-2,Regional Optimization,Commercial & Marketing,A:explicit-reference | B:structural-nearness,,A:explicit-reference,PROMOTE,6ab2197ba3fe6246bdb501391d22b71d0338d2c7
REL-01117,CM-1-1-3-5,precedes,CM-1-1-3-6,Physical Distribution Scheduling,Commercial & Marketing,A:explicit-reference | C:two-way(back=follows) | B:structural-nearness,,A:explicit-reference,PROMOTE,6ab2197ba3fe6246bdb501391d22b71d0338d2c7
REL-01119,CM-1-1-7-1,follows,CM-1-1-7-2,Production Scheduling,Refining,A:explicit-reference | C:two-way(back=precedes) | B:structural-nearness,,A:explicit-reference,PROMOTE,6ab2197ba3fe6246bdb501391d22b71d0338d2c7
REL-01120,CM-1-1-7-1,enables,CM-1-1-5,Regional Backcasting,Refining,,,,HOLD,6ab2197ba3fe6246bdb501391d22b71d0338d2c7
REL-01121,CM-1-1-7-3,informed-by,CM-1-1-7-2,Production Scheduling,Refining,B:structural-nearness,,B:structural-nearness,PROMOTE,6ab2197ba3fe6246bdb501391d22b71d0338d2c7
REL-01122,CM-1-1-7-3,enables,CM-1-1-7-1,Daily Execution Planning,Refining,B:structural-nearness,,B:structural-nearness,PROMOTE,6ab2197ba3fe6246bdb501391d22b71d0338d2c7
REL-01123,CM-1-2-5-2,informed-by,CM-1-1-4,Refinery Planning and Optimization,Commercial & Marketing,A:explicit-reference,,A:explicit-reference,PROMOTE,6ab2197ba3fe6246bdb501391d22b71d0338d2c7
REL-01124,CM-1-2-5-2,enables,CM-1-2-1,Trading Management,Commercial & Marketing,B:structural-nearness,,B:structural-nearness,PROMOTE,6ab2197ba3fe6246bdb501391d22b71d0338d2c7
REL-01125,CM-1-2-5-2,uses-input,CM-1-2-5-1,Crude/Feed Quality Management,Commercial & Marketing,B:structural-nearness,,B:structural-nearness,PROMOTE,6ab2197ba3fe6246bdb501391d22b71d0338d2c7
REL-01126,CM-1-2-5-3,follows,CM-1-2-5-2-1,Coordinate Feedstock Trading,Commercial & Marketing,,,,HOLD,6ab2197ba3fe6246bdb501391d22b71d0338d2c7
REL-01127,CM-1-2-5-3,uses-input,CM-1-2-1-2-9,Manage Carrier Contracts,Commercial & Marketing,A:explicit-reference | B:structural-nearness,,A:explicit-reference,PROMOTE,6ab2197ba3fe6246bdb501391d22b71d0338d2c7
REL-01129,CM-1-2-6-1,enables,CM-1-1-2,Regional Optimization,Commercial & Marketing,A:explicit-reference,,A:explicit-reference,PROMOTE,6ab2197ba3fe6246bdb501391d22b71d0338d2c7
REL-01130,CM-1-2-6-1,informed-by,CM-1-2-6-1-3,Assess Cost-to-Serve Performance,Commercial & Marketing,A:explicit-reference,C:two-way-absent(back-verbs=enables),A:explicit-reference,PROMOTE,6ab2197ba3fe6246bdb501391d22b71d0338d2c7
REL-01131,CM-1-2-6-1,enables,CM-1-2-6-2,Refined Product Demand Management,Commercial & Marketing,B:structural-nearness,,B:structural-nearness,PROMOTE,6ab2197ba3fe6246bdb501391d22b71d0338d2c7
REL-01133,CM-1-2-6-2,enables,CM-1-2-6-3,Supply Operations,Commercial & Marketing,B:structural-nearness,C:two-way-absent(back-verbs=uses-input),B:structural-nearness,PROMOTE,6ab2197ba3fe6246bdb501391d22b71d0338d2c7
REL-01134,CM-1-2-6-2,enables,CM-1-1-3-5-2,Coordinate Product Trading,Commercial & Marketing,,,,HOLD,6ab2197ba3fe6246bdb501391d22b71d0338d2c7
REL-01135,CM-1-2-6-3,uses-input,CM-1-2-6-2,Refined Product Demand Management,Commercial & Marketing,B:structural-nearness,C:two-way-absent(back-verbs=enables),B:structural-nearness,PROMOTE,6ab2197ba3fe6246bdb501391d22b71d0338d2c7
REL-01136,CM-1-2-6-3,uses-input,CM-1-1-3-7-9,Manage Inventory Replenishment,Commercial & Marketing,A:explicit-reference,,A:explicit-reference,PROMOTE,6ab2197ba3fe6246bdb501391d22b71d0338d2c7
REL-01137,CM-1-2-6-3,precedes,CM-1-1-3-6,Physical Distribution Scheduling,Commercial & Marketing,A:explicit-reference,,A:explicit-reference,PROMOTE,6ab2197ba3fe6246bdb501391d22b71d0338d2c7
REL-01138,CM-1-2-7-1,enables,CM-1-2-6-2-2,Manage Refined Product Exchanges,Commercial & Marketing,A:explicit-reference | B:structural-nearness,,A:explicit-reference,PROMOTE,6ab2197ba3fe6246bdb501391d22b71d0338d2c7
REL-01139,CM-1-2-7-1,enables,CM-1-2-6-3,Supply Operations,Commercial & Marketing,B:structural-nearness,,B:structural-nearness,PROMOTE,6ab2197ba3fe6246bdb501391d22b71d0338d2c7
REL-01140,CM-1-2-7-1,informed-by,CM-1-2-1-2,Contract Management,Commercial & Marketing,A:explicit-reference | B:structural-nearness,,A:explicit-reference,PROMOTE,6ab2197ba3fe6246bdb501391d22b71d0338d2c7
REL-01141,CM-1-2-7-2,enables,CM-1-1-3-8,Secondary Distribution Management,Commercial & Marketing,A:explicit-reference,,A:explicit-reference,PROMOTE,6ab2197ba3fe6246bdb501391d22b71d0338d2c7
REL-01142,CM-1-2-7-2,enables,CM-1-2-6-3,Supply Operations,Commercial & Marketing,B:structural-nearness,,B:structural-nearness,PROMOTE,6ab2197ba3fe6246bdb501391d22b71d0338d2c7
REL-01143,CM-1-2-7-2,governed-by,CM-1-2-4-3-1,Develop Compliance Policies & Procedures,Commercial & Marketing,B:structural-nearness (not evidence for governed-by),,,HOLD,6ab2197ba3fe6246bdb501391d22b71d0338d2c7
REL-01144,CM-1-3-2-5,informed-by,CM-1-3-1-3,Consumer Analysis,Commercial & Marketing,A:explicit-reference | B:structural-nearness,,A:explicit-reference,PROMOTE,6ab2197ba3fe6246bdb501391d22b71d0338d2c7
REL-01145,CM-1-3-2-5,informed-by,CM-1-3-1-4,Customer And Marketer Analysis,Commercial & Marketing,B:structural-nearness,,B:structural-nearness,PROMOTE,6ab2197ba3fe6246bdb501391d22b71d0338d2c7
REL-01146,CM-1-3-2-5,enables,CM-1-3-9-1,Service & Support Enablement,Commercial & Marketing,B:structural-nearness,,B:structural-nearness,PROMOTE,6ab2197ba3fe6246bdb501391d22b71d0338d2c7
REL-01148,CM-1-3-4-1,enables,CM-1-3-4-2,Concept & Feasibility Study,Commercial & Marketing,A:explicit-reference | B:structural-nearness,C:two-way-absent(back-verbs=informed-by),A:explicit-reference,PROMOTE,6ab2197ba3fe6246bdb501391d22b71d0338d2c7
REL-01149,CM-1-3-4-1,enables,CM-1-3-4-3,Product & Service Development,Commercial & Marketing,A:explicit-reference | B:structural-nearness,,A:explicit-reference,PROMOTE,6ab2197ba3fe6246bdb501391d22b71d0338d2c7
REL-01150,CM-1-3-4-2,informed-by,CM-1-3-4-1,Visioning And Implementation Planning,Commercial & Marketing,B:structural-nearness,C:two-way-absent(back-verbs=enables),B:structural-nearness,PROMOTE,6ab2197ba3fe6246bdb501391d22b71d0338d2c7
REL-01151,CM-1-3-4-2,enables,CM-1-3-4-3,Product & Service Development,Commercial & Marketing,A:explicit-reference | B:structural-nearness,C:two-way-absent(back-verbs=informed-by),A:explicit-reference,PROMOTE,6ab2197ba3fe6246bdb501391d22b71d0338d2c7
REL-01152,CM-1-3-4-3,informed-by,CM-1-3-4-2,Concept & Feasibility Study,Commercial & Marketing,B:structural-nearness,C:two-way-absent(back-verbs=enables),B:structural-nearness,PROMOTE,6ab2197ba3fe6246bdb501391d22b71d0338d2c7
REL-01153,CM-1-3-4-3,enables,CM-1-3-3-1,Customer Offer Definition,Commercial & Marketing,A:explicit-reference | B:structural-nearness,,A:explicit-reference,PROMOTE,6ab2197ba3fe6246bdb501391d22b71d0338d2c7
REL-01154,CM-1-3-4-3,enables,CM-1-3-4-5,Lifecycle Management,Commercial & Marketing,A:explicit-reference | B:structural-nearness,C:two-way-absent(back-verbs=informed-by),A:explicit-reference,PROMOTE,6ab2197ba3fe6246bdb501391d22b71d0338d2c7
REL-01156,CM-1-3-5-5,enables,CM-1-3-5-3,Marketing Communications Planning,Commercial & Marketing,B:structural-nearness,,B:structural-nearness,PROMOTE,6ab2197ba3fe6246bdb501391d22b71d0338d2c7
REL-01158,CM-1-3-6-4,governed-by,CM-1-3-3-2,Pricing Strategy Management,Commercial & Marketing,A:explicit-reference,,A:explicit-reference,PROMOTE,6ab2197ba3fe6246bdb501391d22b71d0338d2c7
REL-01159,CM-1-3-6-4,informed-by,CM-1-3-3-2-3,Analyze Pricing Performance,Commercial & Marketing,B:structural-nearness,,B:structural-nearness,PROMOTE,6ab2197ba3fe6246bdb501391d22b71d0338d2c7
REL-01160,CM-1-3-6-5,uses-input,CM-1-3-5-3,Marketing Communications Planning,Commercial & Marketing,B:structural-nearness,C:two-way-absent(back-verbs=enables),B:structural-nearness,PROMOTE,6ab2197ba3fe6246bdb501391d22b71d0338d2c7
REL-01161,CM-1-3-6-5,enables,CM-1-3-5-5,Marketing Performance Analysis,Commercial & Marketing,B:structural-nearness,,B:structural-nearness,PROMOTE,6ab2197ba3fe6246bdb501391d22b71d0338d2c7
REL-01162,CM-1-3-9-2,uses-input,CM-1-3-7-5,Manage Customer Requests and Inquiries,Commercial & Marketing,A:explicit-reference | B:structural-nearness,,A:explicit-reference,PROMOTE,6ab2197ba3fe6246bdb501391d22b71d0338d2c7
REL-01164,CM-1-3-9-2,uses-input,CM-1-3-9-1,Service & Support Enablement,Commercial & Marketing,A:explicit-reference | B:structural-nearness,C:two-way-absent(back-verbs=enables),A:explicit-reference,PROMOTE,6ab2197ba3fe6246bdb501391d22b71d0338d2c7
REL-01165,CM-1-3-9-3,uses-input,CM-1-3-9-2,Service & Support Delivery,Commercial & Marketing,A:explicit-reference | B:structural-nearness,,A:explicit-reference,PROMOTE,6ab2197ba3fe6246bdb501391d22b71d0338d2c7
REL-01167,CM-1-3-9-3,enables,CM-1-3-9-1-1,Define Operating Model,Commercial & Marketing,B:structural-nearness,,B:structural-nearness,PROMOTE,6ab2197ba3fe6246bdb501391d22b71d0338d2c7
REL-01168,CM-1-1-3-6,follows,CM-1-1-3-5,Product Scheduling,Commercial & Marketing,A:explicit-reference | C:two-way(back=precedes) | B:structural-nearness,,A:explicit-reference,PROMOTE,6ab2197ba3fe6246bdb501391d22b71d0338d2c7
REL-01169,CM-1-1-3-6,enables,CM-1-1-6,Distribution Backcasting,Commercial & Marketing,B:structural-nearness,,B:structural-nearness,PROMOTE,6ab2197ba3fe6246bdb501391d22b71d0338d2c7
REL-01170,CM-1-1-3-8,informed-by,CM-1-1-3-7-3,Develop Finished Product Inventory Policy,Commercial & Marketing,B:structural-nearness,,B:structural-nearness,PROMOTE,6ab2197ba3fe6246bdb501391d22b71d0338d2c7
REL-01171,CM-1-1-3-8,enables,CM-1-1-6,Distribution Backcasting,Commercial & Marketing,A:explicit-reference | B:structural-nearness,,A:explicit-reference,PROMOTE,6ab2197ba3fe6246bdb501391d22b71d0338d2c7
REL-01173,CM-1-2-5-1,informed-by,CM-1-1-4-7-2,Evaluate Crude & Feedstock,Commercial & Marketing,A:explicit-reference,,A:explicit-reference,PROMOTE,6ab2197ba3fe6246bdb501391d22b71d0338d2c7
REL-01174,CM-1-2-5-1,enables,CM-1-2-5-2-1,Coordinate Feedstock Trading,Commercial & Marketing,B:structural-nearness,,B:structural-nearness,PROMOTE,6ab2197ba3fe6246bdb501391d22b71d0338d2c7
REL-01176,CM-1-3-1-1,enables,CM-1-3-2-1,Brand Strategy,Commercial & Marketing,B:structural-nearness,,B:structural-nearness,PROMOTE,6ab2197ba3fe6246bdb501391d22b71d0338d2c7
REL-01179,CM-1-3-1-2,enables,CM-1-3-2-1,Brand Strategy,Commercial & Marketing,B:structural-nearness,,B:structural-nearness,PROMOTE,6ab2197ba3fe6246bdb501391d22b71d0338d2c7
REL-01180,CM-1-3-1-2,uses-input,CM-1-2-4-2,Accounting,Commercial & Marketing,A:explicit-reference,,A:explicit-reference,PROMOTE,6ab2197ba3fe6246bdb501391d22b71d0338d2c7
REL-01181,CM-1-3-1-3,enables,CM-1-3-2-3,Consumer Value Proposition,Commercial & Marketing,A:explicit-reference | B:structural-nearness,C:two-way-absent(back-verbs=informed-by),A:explicit-reference,PROMOTE,6ab2197ba3fe6246bdb501391d22b71d0338d2c7
REL-01183,CM-1-3-1-3,informed-by,CM-1-3-1-1,Market Analysis,Commercial & Marketing,B:structural-nearness,,B:structural-nearness,PROMOTE,6ab2197ba3fe6246bdb501391d22b71d0338d2c7
REL-01184,CM-1-3-1-4,enables,CM-1-3-2-2,Customer And Marketer Value Proposition,Commercial & Marketing,B:structural-nearness,C:two-way-absent(back-verbs=informed-by),B:structural-nearness,PROMOTE,6ab2197ba3fe6246bdb501391d22b71d0338d2c7
REL-01186,CM-1-3-1-4,informed-by,CM-1-3-1-1,Market Analysis,Commercial & Marketing,B:structural-nearness,,B:structural-nearness,PROMOTE,6ab2197ba3fe6246bdb501391d22b71d0338d2c7
REL-01187,CM-1-3-1-5,enables,CM-1-3-2-1,Brand Strategy,Commercial & Marketing,B:structural-nearness,,B:structural-nearness,PROMOTE,6ab2197ba3fe6246bdb501391d22b71d0338d2c7
REL-01189,CM-1-3-1-5,informed-by,CM-1-3-1-1,Market Analysis,Commercial & Marketing,A:explicit-reference | B:structural-nearness,,A:explicit-reference,PROMOTE,6ab2197ba3fe6246bdb501391d22b71d0338d2c7
REL-01191,CM-1-3-2-1,enables,CM-1-3-3-5,Marketing Communications Strategy,Commercial & Marketing,A:explicit-reference | B:structural-nearness,C:two-way-absent(back-verbs=informed-by),A:explicit-reference,PROMOTE,6ab2197ba3fe6246bdb501391d22b71d0338d2c7
REL-01192,CM-1-3-2-1,enables,CM-1-3-2-4,Sales & Distribution Channel Strategy,Commercial & Marketing,B:structural-nearness,,B:structural-nearness,PROMOTE,6ab2197ba3fe6246bdb501391d22b71d0338d2c7
REL-01193,CM-1-3-2-2,informed-by,CM-1-3-1-4,Customer And Marketer Analysis,Commercial & Marketing,A:explicit-reference | B:structural-nearness,C:two-way-absent(back-verbs=enables),A:explicit-reference,PROMOTE,6ab2197ba3fe6246bdb501391d22b71d0338d2c7
REL-01194,CM-1-3-2-2,enables,CM-1-3-3-1,Customer Offer Definition,Commercial & Marketing,A:explicit-reference | B:structural-nearness,C:two-way-absent(back-verbs=informed-by),A:explicit-reference,PROMOTE,6ab2197ba3fe6246bdb501391d22b71d0338d2c7
REL-01195,CM-1-3-2-2,enables,CM-1-3-2-4,Sales & Distribution Channel Strategy,Commercial & Marketing,B:structural-nearness,,B:structural-nearness,PROMOTE,6ab2197ba3fe6246bdb501391d22b71d0338d2c7
REL-01196,CM-1-3-2-3,informed-by,CM-1-3-1-3,Consumer Analysis,Commercial & Marketing,A:explicit-reference | B:structural-nearness,C:two-way-absent(back-verbs=enables),A:explicit-reference,PROMOTE,6ab2197ba3fe6246bdb501391d22b71d0338d2c7
REL-01197,CM-1-3-2-3,enables,CM-1-3-3-1,Customer Offer Definition,Commercial & Marketing,A:explicit-reference | B:structural-nearness,C:two-way-absent(back-verbs=informed-by),A:explicit-reference,PROMOTE,6ab2197ba3fe6246bdb501391d22b71d0338d2c7
REL-01198,CM-1-3-2-3,enables,CM-1-3-2-5,Customer Experience Strategy,Commercial & Marketing,A:explicit-reference | B:structural-nearness,,A:explicit-reference,PROMOTE,6ab2197ba3fe6246bdb501391d22b71d0338d2c7
REL-01199,CM-1-3-3-1,informed-by,CM-1-3-2-2,Customer And Marketer Value Proposition,Commercial & Marketing,A:explicit-reference | B:structural-nearness,C:two-way-absent(back-verbs=enables),A:explicit-reference,PROMOTE,6ab2197ba3fe6246bdb501391d22b71d0338d2c7
REL-01200,CM-1-3-3-1,informed-by,CM-1-3-2-3,Consumer Value Proposition,Commercial & Marketing,B:structural-nearness,C:two-way-absent(back-verbs=enables),B:structural-nearness,PROMOTE,6ab2197ba3fe6246bdb501391d22b71d0338d2c7
REL-01201,CM-1-3-3-1,enables,CM-1-3-6-2,Sales Execution,Commercial & Marketing,B:structural-nearness,,B:structural-nearness,PROMOTE,6ab2197ba3fe6246bdb501391d22b71d0338d2c7
REL-01202,CM-1-3-3-4,informed-by,CM-1-3-3-3,Sales & Distribution Channel Design,Commercial & Marketing,A:explicit-reference | B:structural-nearness,C:two-way-absent(back-verbs=enables),A:explicit-reference,PROMOTE,6ab2197ba3fe6246bdb501391d22b71d0338d2c7
REL-01203,CM-1-3-3-4,informed-by,CM-1-3-2-3,Consumer Value Proposition,Commercial & Marketing,B:structural-nearness,,B:structural-nearness,PROMOTE,6ab2197ba3fe6246bdb501391d22b71d0338d2c7
REL-01204,CM-1-3-3-4,enables,CM-1-3-6-1,Channel & Partner Management,Commercial & Marketing,B:structural-nearness,,B:structural-nearness,PROMOTE,6ab2197ba3fe6246bdb501391d22b71d0338d2c7
REL-01205,CM-1-3-4-5,informed-by,CM-1-3-4-3,Product & Service Development,Commercial & Marketing,A:explicit-reference | B:structural-nearness,C:two-way-absent(back-verbs=enables),A:explicit-reference,PROMOTE,6ab2197ba3fe6246bdb501391d22b71d0338d2c7
REL-01206,CM-1-3-4-5,enables,CM-1-3-4-3-3,Manage Product/Service Change,Commercial & Marketing,A:explicit-reference | B:structural-nearness,,A:explicit-reference,PROMOTE,6ab2197ba3fe6246bdb501391d22b71d0338d2c7
REL-01208,CM-1-3-4-6,informed-by,CM-1-3-4-1,Visioning And Implementation Planning,Commercial & Marketing,B:structural-nearness,,B:structural-nearness,PROMOTE,6ab2197ba3fe6246bdb501391d22b71d0338d2c7
REL-01209,CM-1-3-4-6,enables,CM-1-3-4-2,Concept & Feasibility Study,Commercial & Marketing,B:structural-nearness,,B:structural-nearness,PROMOTE,6ab2197ba3fe6246bdb501391d22b71d0338d2c7
REL-01210,CM-1-3-4-6,enables,CM-1-3-4-3,Product & Service Development,Commercial & Marketing,A:explicit-reference | B:structural-nearness,,A:explicit-reference,PROMOTE,6ab2197ba3fe6246bdb501391d22b71d0338d2c7
REL-01211,CM-1-3-5-1,informed-by,CM-1-3-2-4,Sales & Distribution Channel Strategy,Commercial & Marketing,A:explicit-reference | B:structural-nearness,,A:explicit-reference,PROMOTE,6ab2197ba3fe6246bdb501391d22b71d0338d2c7
REL-01213,CM-1-3-5-1,enables,CM-1-3-6-2,Sales Execution,Commercial & Marketing,A:explicit-reference | B:structural-nearness,C:two-way-absent(back-verbs=informed-by),A:explicit-reference,PROMOTE,6ab2197ba3fe6246bdb501391d22b71d0338d2c7
REL-01214,CM-1-3-5-4,informed-by,CM-1-3-3-1,Customer Offer Definition,Commercial & Marketing,B:structural-nearness,,B:structural-nearness,PROMOTE,6ab2197ba3fe6246bdb501391d22b71d0338d2c7
REL-01215,CM-1-3-5-4,enables,CM-1-3-6-5,Marketing Plan Execution,Commercial & Marketing,A:explicit-reference | B:structural-nearness,,A:explicit-reference,PROMOTE,6ab2197ba3fe6246bdb501391d22b71d0338d2c7
REL-01216,CM-1-3-5-4,enables,CM-1-3-5-1-2,Develop & Agree Demand Forecasting Process,Commercial & Marketing,A:explicit-reference | B:structural-nearness,,A:explicit-reference,PROMOTE,6ab2197ba3fe6246bdb501391d22b71d0338d2c7
REL-01217,CM-1-3-6-1,informed-by,CM-1-3-3-3,Sales & Distribution Channel Design,Commercial & Marketing,A:explicit-reference | B:structural-nearness,C:two-way-absent(back-verbs=enables),A:explicit-reference,PROMOTE,6ab2197ba3fe6246bdb501391d22b71d0338d2c7
REL-01218,CM-1-3-6-1,uses-input,CM-1-3-5-1-3,Perform Account Planning,Commercial & Marketing,B:structural-nearness,C:two-way-absent(back-verbs=enables),B:structural-nearness,PROMOTE,6ab2197ba3fe6246bdb501391d22b71d0338d2c7
REL-01219,CM-1-3-6-1,enables,CM-1-3-6-2,Sales Execution,Commercial & Marketing,B:structural-nearness,,B:structural-nearness,PROMOTE,6ab2197ba3fe6246bdb501391d22b71d0338d2c7
REL-01220,CM-1-3-8-3,uses-input,CM-1-3-8-2,"Manage Cash Application, A/R & Revenue Accounting",Commercial & Marketing,A:explicit-reference | B:structural-nearness,C:two-way-absent(back-verbs=enables),A:explicit-reference,PROMOTE,6ab2197ba3fe6246bdb501391d22b71d0338d2c7
REL-01221,CM-1-3-8-3,uses-input,CM-1-3-7-4-3,Monitor Credit Against Limit,Commercial & Marketing,B:structural-nearness,,B:structural-nearness,PROMOTE,6ab2197ba3fe6246bdb501391d22b71d0338d2c7
REL-01223,CM-1-1-1-1,precedes,CM-1-1-2,Regional Optimization,Commercial & Marketing,A:explicit-reference,,A:explicit-reference,PROMOTE,6ab2197ba3fe6246bdb501391d22b71d0338d2c7
REL-01224,CM-1-1-1-1,enables,CM-1-1-4-7-1,Capture Product Demand Requirements,Commercial & Marketing,,C:two-way-absent(back-verbs=informed-by),,HOLD,6ab2197ba3fe6246bdb501391d22b71d0338d2c7
REL-01225,CM-1-1-1-1,enables,CM-1-2-1-1-2,Receive Demand Forecast,Commercial & Marketing,A:explicit-reference,C:two-way-absent(back-verbs=informed-by),A:explicit-reference,PROMOTE,6ab2197ba3fe6246bdb501391d22b71d0338d2c7
REL-01226,CM-1-2-2-2,follows,CM-1-2-1-3,Trade Capture,Commercial & Marketing,A:explicit-reference | C:two-way(back=precedes),,A:explicit-reference,PROMOTE,6ab2197ba3fe6246bdb501391d22b71d0338d2c7
REL-01227,CM-1-2-2-2,precedes,CM-1-2-4-1,Settlements,Commercial & Marketing,A:explicit-reference,C:two-way-absent(back-verbs=informed-by),A:explicit-reference,PROMOTE,6ab2197ba3fe6246bdb501391d22b71d0338d2c7
REL-01228,CM-1-2-2-2,governed-by,CM-1-2-4-3,Regulatory & Compliance,Commercial & Marketing,D:hamid-verdict(2026-09-25),,D:hamid-verdict,PROMOTE,6ab2197ba3fe6246bdb501391d22b71d0338d2c7
REL-01230,CM-1-3-3-2,enables,CM-1-3-6-3,Sales Pricing Management,Commercial & Marketing,A:explicit-reference | B:structural-nearness,C:two-way-absent(back-verbs=informed-by),A:explicit-reference,PROMOTE,6ab2197ba3fe6246bdb501391d22b71d0338d2c7
REL-01231,CM-1-3-3-2,enables,CM-1-3-3-1,Customer Offer Definition,Commercial & Marketing,B:structural-nearness,,B:structural-nearness,PROMOTE,6ab2197ba3fe6246bdb501391d22b71d0338d2c7
REL-01232,CM-1-3-3-3,informed-by,CM-1-3-2-4,Sales & Distribution Channel Strategy,Commercial & Marketing,A:explicit-reference | B:structural-nearness,C:two-way-absent(back-verbs=enables),A:explicit-reference,PROMOTE,6ab2197ba3fe6246bdb501391d22b71d0338d2c7
REL-01233,CM-1-3-3-3,enables,CM-1-3-6-1,Channel & Partner Management,Commercial & Marketing,A:explicit-reference | B:structural-nearness,C:two-way-absent(back-verbs=informed-by),A:explicit-reference,PROMOTE,6ab2197ba3fe6246bdb501391d22b71d0338d2c7
REL-01234,CM-1-3-3-3,enables,CM-1-3-3-4,Network Design (Retail),Commercial & Marketing,A:explicit-reference | B:structural-nearness,C:two-way-absent(back-verbs=informed-by),A:explicit-reference,PROMOTE,6ab2197ba3fe6246bdb501391d22b71d0338d2c7
REL-01235,CM-1-3-3-6,informed-by,CM-1-3-3-3,Sales & Distribution Channel Design,Commercial & Marketing,A:explicit-reference | B:structural-nearness,,A:explicit-reference,PROMOTE,6ab2197ba3fe6246bdb501391d22b71d0338d2c7
REL-01237,CM-1-3-3-6,enables,CM-1-3-6-5,Marketing Plan Execution,Commercial & Marketing,B:structural-nearness,,B:structural-nearness,PROMOTE,6ab2197ba3fe6246bdb501391d22b71d0338d2c7
REL-01238,CM-1-3-8-1,uses-input,CM-1-3-7-3-4,Manage Fulfillment,Commercial & Marketing,B:structural-nearness,,B:structural-nearness,PROMOTE,6ab2197ba3fe6246bdb501391d22b71d0338d2c7
REL-01239,CM-1-3-8-1,uses-input,CM-1-3-7-1-2,Maintain Price & Discount Master Data,Commercial & Marketing,B:structural-nearness,C:two-way-absent(back-verbs=enables),B:structural-nearness,PROMOTE,6ab2197ba3fe6246bdb501391d22b71d0338d2c7
REL-01240,CM-1-3-8-1,enables,CM-1-3-8-2,"Manage Cash Application, A/R & Revenue Accounting",Commercial & Marketing,A:explicit-reference | B:structural-nearness,C:two-way-absent(back-verbs=uses-input),A:explicit-reference,PROMOTE,6ab2197ba3fe6246bdb501391d22b71d0338d2c7
REL-01241,CM-1-1-7-2,follows,CM-1-1-4,Refinery Planning and Optimization,Refining,A:explicit-reference,,A:explicit-reference,PROMOTE,6ab2197ba3fe6246bdb501391d22b71d0338d2c7
REL-01242,CM-1-1-7-2,precedes,CM-1-1-7-1,Daily Execution Planning,Refining,A:explicit-reference | C:two-way(back=follows) | B:structural-nearness,,A:explicit-reference,PROMOTE,6ab2197ba3fe6246bdb501391d22b71d0338d2c7
REL-01244,CM-1-2-1-1,informed-by,CM-1-1-4,Refinery Planning and Optimization,Commercial & Marketing,A:explicit-reference,,A:explicit-reference,PROMOTE,6ab2197ba3fe6246bdb501391d22b71d0338d2c7
REL-01245,CM-1-2-1-1,enables,CM-1-2-1-4,Trading Strategy Management,Commercial & Marketing,B:structural-nearness,,B:structural-nearness,PROMOTE,6ab2197ba3fe6246bdb501391d22b71d0338d2c7
REL-01246,CM-1-3-4-4,uses-input,CM-1-3-4-3,Product & Service Development,Commercial & Marketing,A:explicit-reference | B:structural-nearness,,A:explicit-reference,PROMOTE,6ab2197ba3fe6246bdb501391d22b71d0338d2c7
REL-01247,CM-1-3-4-4,informed-by,CM-1-3-2-1,Brand Strategy,Commercial & Marketing,A:explicit-reference | B:structural-nearness,,A:explicit-reference,PROMOTE,6ab2197ba3fe6246bdb501391d22b71d0338d2c7
REL-01248,CM-1-3-4-4,enables,CM-1-3-4-6,R&D Collaboration,Commercial & Marketing,B:structural-nearness,,B:structural-nearness,PROMOTE,6ab2197ba3fe6246bdb501391d22b71d0338d2c7
REL-01249,CM-1-3-7-1,enables,CM-1-3-7-3,Capture And Manage Order Fulfillment,Commercial & Marketing,B:structural-nearness,C:two-way-absent(back-verbs=uses-input),B:structural-nearness,PROMOTE,6ab2197ba3fe6246bdb501391d22b71d0338d2c7
REL-01250,CM-1-3-7-1,enables,CM-1-3-8-1,Manage Customer Invoicing and Billing,Commercial & Marketing,B:structural-nearness,,B:structural-nearness,PROMOTE,6ab2197ba3fe6246bdb501391d22b71d0338d2c7
REL-01251,CM-1-3-7-1,uses-input,CM-1-3-6-3-2,Implement sales price,Commercial & Marketing,B:structural-nearness,,B:structural-nearness,PROMOTE,6ab2197ba3fe6246bdb501391d22b71d0338d2c7
REL-01252,CM-1-3-7-2,uses-input,CM-1-3-7-1-2,Maintain Price & Discount Master Data,Commercial & Marketing,B:structural-nearness,,B:structural-nearness,PROMOTE,6ab2197ba3fe6246bdb501391d22b71d0338d2c7
REL-01254,CM-1-3-7-2,enables,CM-1-3-7-3,Capture And Manage Order Fulfillment,Commercial & Marketing,A:explicit-reference | B:structural-nearness,,A:explicit-reference,PROMOTE,6ab2197ba3fe6246bdb501391d22b71d0338d2c7
REL-01256,CM-1-3-7-3,governed-by,CM-1-3-7-4,Manage Credit & Risk,Commercial & Marketing,D:hamid-verdict(2026-09-25),C:two-way-absent(back-verbs=enables),D:hamid-verdict,PROMOTE,6ab2197ba3fe6246bdb501391d22b71d0338d2c7
REL-01257,CM-1-3-7-3,enables,CM-1-3-8-1,Manage Customer Invoicing and Billing,Commercial & Marketing,A:explicit-reference | B:structural-nearness,,A:explicit-reference,PROMOTE,6ab2197ba3fe6246bdb501391d22b71d0338d2c7
REL-01258,CM-1-3-7-4,governed-by,CM-1-3-7-4-1,Maintain Credit Policies,Commercial & Marketing,,,,HOLD,6ab2197ba3fe6246bdb501391d22b71d0338d2c7
REL-01259,CM-1-3-7-4,enables,CM-1-3-7-3,Capture And Manage Order Fulfillment,Commercial & Marketing,B:structural-nearness,C:two-way-absent(back-verbs=governed-by),B:structural-nearness,PROMOTE,6ab2197ba3fe6246bdb501391d22b71d0338d2c7
REL-01261,CM-1-3-7-5,uses-input,CM-1-3-7-2-6,Manage Customer Portal,Commercial & Marketing,B:structural-nearness,C:two-way-absent(back-verbs=enables),B:structural-nearness,PROMOTE,6ab2197ba3fe6246bdb501391d22b71d0338d2c7
REL-01264,CM-1-3-8-2,uses-input,CM-1-3-8-1,Manage Customer Invoicing and Billing,Commercial & Marketing,A:explicit-reference | B:structural-nearness,C:two-way-absent(back-verbs=enables),A:explicit-reference,PROMOTE,6ab2197ba3fe6246bdb501391d22b71d0338d2c7
REL-01267,CM-1-3-9-1,enables,CM-1-3-7-5,Manage Customer Requests and Inquiries,Commercial & Marketing,A:explicit-reference | B:structural-nearness,,A:explicit-reference,PROMOTE,6ab2197ba3fe6246bdb501391d22b71d0338d2c7
REL-01268,CM-1-3-9-1,enables,CM-1-3-9-2,Service & Support Delivery,Commercial & Marketing,A:explicit-reference | B:structural-nearness,C:two-way-absent(back-verbs=uses-input),A:explicit-reference,PROMOTE,6ab2197ba3fe6246bdb501391d22b71d0338d2c7
REL-01269,CM-1-2-4-3,assures,CM-1-2-1,Trading Management,Commercial & Marketing,B:structural-nearness,,B:structural-nearness,PROMOTE,6ab2197ba3fe6246bdb501391d22b71d0338d2c7
REL-01270,CM-1-2-4-3,assures,CM-1-2-4-1,Settlements,Commercial & Marketing,B:structural-nearness,,B:structural-nearness,PROMOTE,6ab2197ba3fe6246bdb501391d22b71d0338d2c7
REL-01271,CM-1-2-4-3,informed-by,CM-1-2-4-3-1,Develop Compliance Policies & Procedures,Commercial & Marketing,,C:two-way-absent(back-verbs=governed-by),,HOLD,6ab2197ba3fe6246bdb501391d22b71d0338d2c7
REL-01272,CM-1-3-3-5,informed-by,CM-1-3-2-1,Brand Strategy,Commercial & Marketing,A:explicit-reference | B:structural-nearness,C:two-way-absent(back-verbs=enables),A:explicit-reference,PROMOTE,6ab2197ba3fe6246bdb501391d22b71d0338d2c7
REL-01273,CM-1-3-3-5,enables,CM-1-3-5-3,Marketing Communications Planning,Commercial & Marketing,B:structural-nearness,C:two-way-absent(back-verbs=informed-by),B:structural-nearness,PROMOTE,6ab2197ba3fe6246bdb501391d22b71d0338d2c7
REL-01274,CM-1-3-3-5,enables,CM-1-3-5-2,Integrated Marketing Planning (Advertising),Commercial & Marketing,A:explicit-reference | B:structural-nearness,,A:explicit-reference,PROMOTE,6ab2197ba3fe6246bdb501391d22b71d0338d2c7
REL-01276,CM-1-3-6-2,uses-input,CM-1-3-6-3,Sales Pricing Management,Commercial & Marketing,A:explicit-reference | B:structural-nearness,C:two-way-absent(back-verbs=enables),A:explicit-reference,PROMOTE,6ab2197ba3fe6246bdb501391d22b71d0338d2c7
REL-01278,CM-1-3-8-4,uses-input,CM-1-3-8-1,Manage Customer Invoicing and Billing,Commercial & Marketing,A:explicit-reference | B:structural-nearness,,A:explicit-reference,PROMOTE,6ab2197ba3fe6246bdb501391d22b71d0338d2c7
REL-01279,CM-1-3-8-4,uses-input,CM-1-3-8-2,"Manage Cash Application, A/R & Revenue Accounting",Commercial & Marketing,B:structural-nearness,,B:structural-nearness,PROMOTE,6ab2197ba3fe6246bdb501391d22b71d0338d2c7
REL-01281,CM-1-1-4-7,enables,CM-1-1-4,Refinery Planning and Optimization,Refining,,,,HOLD,6ab2197ba3fe6246bdb501391d22b71d0338d2c7
REL-01285,CM-1-1-4-7,precedes,CM-1-1-7,Refinery Production Planning and Scheduling,Refining,,,,HOLD,6ab2197ba3fe6246bdb501391d22b71d0338d2c7
REL-01286,CM-1-2-2-1,governed-by,CM-1-2-4-3,Regulatory & Compliance,Commercial & Marketing,B:structural-nearness (not evidence for governed-by),,,HOLD,6ab2197ba3fe6246bdb501391d22b71d0338d2c7
REL-01287,CM-1-2-2-1,enables,CM-1-2-1-3,Trade Capture,Commercial & Marketing,B:structural-nearness,,B:structural-nearness,PROMOTE,6ab2197ba3fe6246bdb501391d22b71d0338d2c7
REL-01288,CM-1-2-2-1,enables,CM-1-2-1-2,Contract Management,Commercial & Marketing,B:structural-nearness,C:two-way-absent(back-verbs=governed-by),B:structural-nearness,PROMOTE,6ab2197ba3fe6246bdb501391d22b71d0338d2c7
REL-01289,CM-1-2-3-1,follows,CM-1-2-1-3,Trade Capture,Commercial & Marketing,A:explicit-reference,,A:explicit-reference,PROMOTE,6ab2197ba3fe6246bdb501391d22b71d0338d2c7
REL-01290,CM-1-2-3-1,informed-by,CM-1-2-2-2,Confirmations Management,Commercial & Marketing,A:explicit-reference | B:structural-nearness,,A:explicit-reference,PROMOTE,6ab2197ba3fe6246bdb501391d22b71d0338d2c7
REL-01291,CM-1-2-3-1,precedes,CM-1-2-4-1,Settlements,Commercial & Marketing,A:explicit-reference,,A:explicit-reference,PROMOTE,6ab2197ba3fe6246bdb501391d22b71d0338d2c7
REL-01292,CM-1-2-4-4,uses-input,CM-1-2-3-1-4,Perform Vessel & Barge Actualization,Commercial & Marketing,A:explicit-reference | B:structural-nearness,,A:explicit-reference,PROMOTE,6ab2197ba3fe6246bdb501391d22b71d0338d2c7
REL-01293,CM-1-2-4-4,uses-input,CM-1-2-1-2-9,Manage Carrier Contracts,Commercial & Marketing,B:structural-nearness,,B:structural-nearness,PROMOTE,6ab2197ba3fe6246bdb501391d22b71d0338d2c7
REL-01294,CM-1-2-4-4,precedes,CM-1-2-4-2-4,Manage AR/AP & Actuals,Commercial & Marketing,A:explicit-reference,,A:explicit-reference,PROMOTE,6ab2197ba3fe6246bdb501391d22b71d0338d2c7
REL-01295,CM-1-3-5-3,informed-by,CM-1-3-3-5,Marketing Communications Strategy,Commercial & Marketing,A:explicit-reference | B:structural-nearness,C:two-way-absent(back-verbs=enables),A:explicit-reference,PROMOTE,6ab2197ba3fe6246bdb501391d22b71d0338d2c7
REL-01296,CM-1-3-5-3,enables,CM-1-3-5-2,Integrated Marketing Planning (Advertising),Commercial & Marketing,B:structural-nearness,C:two-way-absent(back-verbs=informed-by),B:structural-nearness,PROMOTE,6ab2197ba3fe6246bdb501391d22b71d0338d2c7
REL-01297,CM-1-3-5-3,enables,CM-1-3-6-5,Marketing Plan Execution,Commercial & Marketing,A:explicit-reference | B:structural-nearness,C:two-way-absent(back-verbs=uses-input),A:explicit-reference,PROMOTE,6ab2197ba3fe6246bdb501391d22b71d0338d2c7
REL-01298,CM-1-2-1-2,enables,CM-1-2-1-3,Trade Capture,Commercial & Marketing,A:explicit-reference | B:structural-nearness,,A:explicit-reference,PROMOTE,6ab2197ba3fe6246bdb501391d22b71d0338d2c7
REL-01299,CM-1-2-1-2,enables,CM-1-2-2-2,Confirmations Management,Commercial & Marketing,A:explicit-reference | B:structural-nearness,,A:explicit-reference,PROMOTE,6ab2197ba3fe6246bdb501391d22b71d0338d2c7
REL-01300,CM-1-2-1-2,governed-by,CM-1-2-2-1,Credit Risk Management,Commercial & Marketing,A:explicit-reference,C:two-way-absent(back-verbs=enables),A:explicit-reference,PROMOTE,6ab2197ba3fe6246bdb501391d22b71d0338d2c7
REL-01301,CM-1-2-1-3,follows,CM-1-2-1-4,Trading Strategy Management,Commercial & Marketing,A:explicit-reference | B:structural-nearness,,A:explicit-reference,PROMOTE,6ab2197ba3fe6246bdb501391d22b71d0338d2c7
REL-01302,CM-1-2-1-3,precedes,CM-1-2-2-2,Confirmations Management,Commercial & Marketing,A:explicit-reference | C:two-way(back=follows),,A:explicit-reference,PROMOTE,6ab2197ba3fe6246bdb501391d22b71d0338d2c7
REL-01303,CM-1-2-1-3,enables,CM-1-2-2-3,Market Risk Management,Commercial & Marketing,A:explicit-reference | B:structural-nearness,C:two-way-absent(back-verbs=enables),A:explicit-reference,PROMOTE,6ab2197ba3fe6246bdb501391d22b71d0338d2c7
REL-01304,CM-1-1-3-7,enables,CM-1-1-2,Regional Optimization,Commercial & Marketing,B:structural-nearness,,B:structural-nearness,PROMOTE,6ab2197ba3fe6246bdb501391d22b71d0338d2c7
REL-01305,CM-1-1-3-7,enables,CM-1-1-4-7-6,Capture Inventory,Commercial & Marketing,,C:two-way-absent(back-verbs=constrained-by),,HOLD,6ab2197ba3fe6246bdb501391d22b71d0338d2c7
REL-01306,CM-1-1-3-7,informed-by,CM-1-1-2-13,Plan Finished Goods Inventory,Commercial & Marketing,A:explicit-reference | B:structural-nearness,C:two-way-absent(back-verbs=constrained-by),A:explicit-reference,PROMOTE,6ab2197ba3fe6246bdb501391d22b71d0338d2c7
REL-01307,CM-1-2-4-2,follows,CM-1-2-4-1,Settlements,Commercial & Marketing,A:explicit-reference | B:structural-nearness,,A:explicit-reference,PROMOTE,6ab2197ba3fe6246bdb501391d22b71d0338d2c7
REL-01308,CM-1-2-4-2,uses-input,CM-1-2-2-3-5,Perform End-of-Month (EOM) Process,Commercial & Marketing,B:structural-nearness,,B:structural-nearness,PROMOTE,6ab2197ba3fe6246bdb501391d22b71d0338d2c7
REL-01310,CM-1-2-2-3,governed-by,CM-1-2-4-3,Regulatory & Compliance,Commercial & Marketing,A:explicit-reference,,A:explicit-reference,PROMOTE,6ab2197ba3fe6246bdb501391d22b71d0338d2c7
REL-01311,CM-1-2-2-3,enables,CM-1-2-1-4,Trading Strategy Management,Commercial & Marketing,A:explicit-reference | B:structural-nearness,C:two-way-absent(back-verbs=governed-by),A:explicit-reference,PROMOTE,6ab2197ba3fe6246bdb501391d22b71d0338d2c7
REL-01312,CM-1-2-2-3,enables,CM-1-2-1-3,Trade Capture,Commercial & Marketing,B:structural-nearness,C:two-way-absent(back-verbs=enables),B:structural-nearness,PROMOTE,6ab2197ba3fe6246bdb501391d22b71d0338d2c7
REL-01313,CM-1-3-6-6,governed-by,CM-1-3-7-4,Manage Credit & Risk,Commercial & Marketing,D:hamid-verdict(2026-09-25),,D:hamid-verdict,PROMOTE,6ab2197ba3fe6246bdb501391d22b71d0338d2c7
REL-01314,CM-1-3-6-6,uses-input,CM-1-3-8-1,Manage Customer Invoicing and Billing,Commercial & Marketing,B:structural-nearness,,B:structural-nearness,PROMOTE,6ab2197ba3fe6246bdb501391d22b71d0338d2c7
REL-01315,CM-1-3-6-6,enables,CM-1-3-5-5-3,Customer Program Analysis,Commercial & Marketing,B:structural-nearness,C:two-way-absent(back-verbs=informed-by),B:structural-nearness,PROMOTE,6ab2197ba3fe6246bdb501391d22b71d0338d2c7
REL-01317,CM-1-2-4-1,informed-by,CM-1-2-2-2,Confirmations Management,Commercial & Marketing,B:structural-nearness,C:two-way-absent(back-verbs=precedes),B:structural-nearness,PROMOTE,6ab2197ba3fe6246bdb501391d22b71d0338d2c7
REL-01318,CM-1-2-4-1,enables,CM-1-2-4-2-4,Manage AR/AP & Actuals,Commercial & Marketing,B:structural-nearness,C:two-way-absent(back-verbs=follows),B:structural-nearness,PROMOTE,6ab2197ba3fe6246bdb501391d22b71d0338d2c7
