row_id,baseline_sha,source_slug,source_label,branch_domain,verb,raw_target,disposition,candidate_slugs,candidate_labels,evidence,confidence,emission_decision,reason,review_trigger,decision_reference
REL-00001,d7310c9acd37c893d7d6926645c715f425eb9dc8,CM-1-1-1-1-1,Prepare Master Data To Create Demand Forecast,Commercial & Marketing,precedes,Develop Statistical Baseline,SoleCandidate,CM-1-1-1-1-2,Develop Statistical Baseline,"unique exact preferred-label match (candidate filter only, per PR #120)",CandidateOnly,HOLD: context-confirmation pass,label filter leaves one candidate: CM-1-1-1-1-2; resolution requires context evidence,,Q12
REL-00002,d7310c9acd37c893d7d6926645c715f425eb9dc8,CM-1-1-1-1-1,Prepare Master Data To Create Demand Forecast,Commercial & Marketing,enables,Produce Demand Forecast (CM-1-1-1-1),ResolvedToConcept,CM-1-1-1-1,Produce Demand Forecast,stable identifier CM-1-1-1-1 carried in mention text,StableIdentifier,emit automatically after subject/target existence checks,target carries its slug; resolves to Produce Demand Forecast,,Q11+Q12
REL-00003,d7310c9acd37c893d7d6926645c715f425eb9dc8,CM-1-1-1-1-2,Develop Statistical Baseline,Commercial & Marketing,follows,Prepare Master Data To Create Demand Forecast,SoleCandidate,CM-1-1-1-1-1,Prepare Master Data To Create Demand Forecast,"unique exact preferred-label match (candidate filter only, per PR #120)",CandidateOnly,HOLD: context-confirmation pass,label filter leaves one candidate: CM-1-1-1-1-1; resolution requires context evidence,,Q12
REL-00004,d7310c9acd37c893d7d6926645c715f425eb9dc8,CM-1-1-1-1-2,Develop Statistical Baseline,Commercial & Marketing,precedes,Adjust Forecast Incorporating Customer Input and Market Intelligence,SoleCandidate,CM-1-1-1-1-3,Adjust Forecast Incorporating Customer Input and Market Intelligence,"unique exact preferred-label match (candidate filter only, per PR #120)",CandidateOnly,HOLD: context-confirmation pass,label filter leaves one candidate: CM-1-1-1-1-3; resolution requires context evidence,,Q12
REL-00005,d7310c9acd37c893d7d6926645c715f425eb9dc8,CM-1-1-1-1-3,Adjust Forecast Incorporating Customer Input and Market Intelligence,Commercial & Marketing,follows,Develop Statistical Baseline,SoleCandidate,CM-1-1-1-1-2,Develop Statistical Baseline,"unique exact preferred-label match (candidate filter only, per PR #120)",CandidateOnly,HOLD: context-confirmation pass,label filter leaves one candidate: CM-1-1-1-1-2; resolution requires context evidence,,Q12
REL-00006,d7310c9acd37c893d7d6926645c715f425eb9dc8,CM-1-1-1-1-3,Adjust Forecast Incorporating Customer Input and Market Intelligence,Commercial & Marketing,precedes,Publish Forecast and Generate Component Level Forecast Plan,SoleCandidate,CM-1-1-1-1-4,Publish Forecast and Generate Component Level Forecast Plan,"unique exact preferred-label match (candidate filter only, per PR #120)",CandidateOnly,HOLD: context-confirmation pass,label filter leaves one candidate: CM-1-1-1-1-4; resolution requires context evidence,,Q12
REL-00007,d7310c9acd37c893d7d6926645c715f425eb9dc8,CM-1-1-1-1-4,Publish Forecast and Generate Component Level Forecast Plan,Commercial & Marketing,follows,Adjust Forecast Incorporating Customer Input and Market Intelligence,SoleCandidate,CM-1-1-1-1-3,Adjust Forecast Incorporating Customer Input and Market Intelligence,"unique exact preferred-label match (candidate filter only, per PR #120)",CandidateOnly,HOLD: context-confirmation pass,label filter leaves one candidate: CM-1-1-1-1-3; resolution requires context evidence,,Q12
REL-00008,d7310c9acd37c893d7d6926645c715f425eb9dc8,CM-1-1-1-1-4,Publish Forecast and Generate Component Level Forecast Plan,Commercial & Marketing,precedes,Regional Optimization,SoleCandidate,CM-1-1-2,Regional Optimization,"unique exact preferred-label match (candidate filter only, per PR #120)",CandidateOnly,HOLD: context-confirmation pass,label filter leaves one candidate: CM-1-1-2; resolution requires context evidence,,Q12
REL-00009,d7310c9acd37c893d7d6926645c715f425eb9dc8,CM-1-1-1-1-4,Publish Forecast and Generate Component Level Forecast Plan,Commercial & Marketing,enables,Capture Product Demand Requirements,SoleCandidate,CM-1-1-4-7-1,Capture Product Demand Requirements,"unique exact preferred-label match (candidate filter only, per PR #120)",CandidateOnly,HOLD: context-confirmation pass,label filter leaves one candidate: CM-1-1-4-7-1; resolution requires context evidence,,Q12
REL-00010,d7310c9acd37c893d7d6926645c715f425eb9dc8,CM-1-1-1-1-4,Publish Forecast and Generate Component Level Forecast Plan,Commercial & Marketing,enables,Receive Demand Forecast,SoleCandidate,CM-1-2-1-1-2,Receive Demand Forecast,"unique exact preferred-label match (candidate filter only, per PR #120)",CandidateOnly,HOLD: context-confirmation pass,label filter leaves one candidate: CM-1-2-1-1-2; resolution requires context evidence,,Q12
REL-00011,d7310c9acd37c893d7d6926645c715f425eb9dc8,CM-1-1-1-1-5,Monitor Demand Forecasting Performance and Reporting,Commercial & Marketing,follows,Publish Forecast and Generate Component Level Forecast Plan,SoleCandidate,CM-1-1-1-1-4,Publish Forecast and Generate Component Level Forecast Plan,"unique exact preferred-label match (candidate filter only, per PR #120)",CandidateOnly,HOLD: context-confirmation pass,label filter leaves one candidate: CM-1-1-1-1-4; resolution requires context evidence,,Q12
REL-00012,d7310c9acd37c893d7d6926645c715f425eb9dc8,CM-1-1-1-1-5,Monitor Demand Forecasting Performance and Reporting,Commercial & Marketing,uses-input,Adjust Forecast Incorporating Customer Input and Market Intelligence,SoleCandidate,CM-1-1-1-1-3,Adjust Forecast Incorporating Customer Input and Market Intelligence,"unique exact preferred-label match (candidate filter only, per PR #120)",CandidateOnly,HOLD: context-confirmation pass,label filter leaves one candidate: CM-1-1-1-1-3; resolution requires context evidence,,Q12
REL-00013,d7310c9acd37c893d7d6926645c715f425eb9dc8,CM-1-1-1-1-5,Monitor Demand Forecasting Performance and Reporting,Commercial & Marketing,enables,Produce Demand Forecast (CM-1-1-1-1),ResolvedToConcept,CM-1-1-1-1,Produce Demand Forecast,stable identifier CM-1-1-1-1 carried in mention text,StableIdentifier,emit automatically after subject/target existence checks,target carries its slug; resolves to Produce Demand Forecast,,Q11+Q12
REL-00014,d7310c9acd37c893d7d6926645c715f425eb9dc8,CM-1-1-2-10,Allocate Crude and Feedstock,Commercial & Marketing,informed-by,Refinery Planning and Optimization,SoleCandidate,CM-1-1-4,Refinery Planning and Optimization,"unique exact preferred-label match (candidate filter only, per PR #120)",CandidateOnly,HOLD: context-confirmation pass,label filter leaves one candidate: CM-1-1-4; resolution requires context evidence,changed-label review (18-row),Q12; changed-label batch 2026-09-25
REL-00015,d7310c9acd37c893d7d6926645c715f425eb9dc8,CM-1-1-2-10,Allocate Crude and Feedstock,Commercial & Marketing,constrained-by,Inventory Management (CM-1-1-3-7),ResolvedToConcept,CM-1-1-3-7,Inventory Management,stable identifier CM-1-1-3-7 carried in mention text,StableIdentifier,emit automatically after subject/target existence checks,target carries its slug; resolves to Inventory Management,,Q11+Q12
REL-00016,d7310c9acd37c893d7d6926645c715f425eb9dc8,CM-1-1-2-10,Allocate Crude and Feedstock,Commercial & Marketing,precedes,Refinery Production Planning and Scheduling,SoleCandidate,CM-1-1-7,Refinery Production Planning and Scheduling,"unique exact preferred-label match (candidate filter only, per PR #120)",CandidateOnly,HOLD: context-confirmation pass,label filter leaves one candidate: CM-1-1-7; resolution requires context evidence,changed-label review (18-row),Q12; changed-label batch 2026-09-25
REL-00017,d7310c9acd37c893d7d6926645c715f425eb9dc8,CM-1-1-2-11,Allocate Finished Products,Commercial & Marketing,informed-by,Produce Demand Forecast (CM-1-1-1-1),ResolvedToConcept,CM-1-1-1-1,Produce Demand Forecast,stable identifier CM-1-1-1-1 carried in mention text,StableIdentifier,emit automatically after subject/target existence checks,target carries its slug; resolves to Produce Demand Forecast,,Q11+Q12
REL-00018,d7310c9acd37c893d7d6926645c715f425eb9dc8,CM-1-1-2-11,Allocate Finished Products,Commercial & Marketing,constrained-by,Inventory Management (CM-1-1-3-7),ResolvedToConcept,CM-1-1-3-7,Inventory Management,stable identifier CM-1-1-3-7 carried in mention text,StableIdentifier,emit automatically after subject/target existence checks,target carries its slug; resolves to Inventory Management,,Q11+Q12
REL-00019,d7310c9acd37c893d7d6926645c715f425eb9dc8,CM-1-1-2-11,Allocate Finished Products,Commercial & Marketing,enables,Order Management,SoleCandidate,CM-1-3-7,Order Management,"unique exact preferred-label match (candidate filter only, per PR #120)",CandidateOnly,HOLD: context-confirmation pass,label filter leaves one candidate: CM-1-3-7; resolution requires context evidence,,Q12
REL-00020,d7310c9acd37c893d7d6926645c715f425eb9dc8,CM-1-1-2-11,Allocate Finished Products,Commercial & Marketing,enables,Terminal Loading,SoleCandidate,CM-1-3-10,Terminal Loading,"unique exact preferred-label match (candidate filter only, per PR #120)",CandidateOnly,HOLD: context-confirmation pass,label filter leaves one candidate: CM-1-3-10; resolution requires context evidence,,Q12
REL-00021,d7310c9acd37c893d7d6926645c715f425eb9dc8,CM-1-1-2-12,Maintain Supply Planning Master Data,Commercial & Marketing,enables,Regional Optimization,SoleCandidate,CM-1-1-2,Regional Optimization,"unique exact preferred-label match (candidate filter only, per PR #120)",CandidateOnly,HOLD: context-confirmation pass,label filter leaves one candidate: CM-1-1-2; resolution requires context evidence,,Q12
REL-00022,d7310c9acd37c893d7d6926645c715f425eb9dc8,CM-1-1-2-12,Maintain Supply Planning Master Data,Commercial & Marketing,governed-by,Data Governance,ExternalGovernanceReference,,,Q11: cross-cutting enterprise domain,Deferred,retain via approved future property; no process triple,"Data Governance is an enterprise governance domain, never a proc: node under Commercial",implementation design of governance-reference property,Q11
REL-00023,d7310c9acd37c893d7d6926645c715f425eb9dc8,CM-1-1-2-12,Maintain Supply Planning Master Data,Commercial & Marketing,informed-by,Refinery Planning and Optimization,SoleCandidate,CM-1-1-4,Refinery Planning and Optimization,"unique exact preferred-label match (candidate filter only, per PR #120)",CandidateOnly,HOLD: context-confirmation pass,label filter leaves one candidate: CM-1-1-4; resolution requires context evidence,changed-label review (18-row),Q12; changed-label batch 2026-09-25
REL-00024,d7310c9acd37c893d7d6926645c715f425eb9dc8,CM-1-1-2-13,Plan Finished Goods Inventory,Commercial & Marketing,constrained-by,Inventory Management (CM-1-1-3-7),ResolvedToConcept,CM-1-1-3-7,Inventory Management,stable identifier CM-1-1-3-7 carried in mention text,StableIdentifier,emit automatically after subject/target existence checks,target carries its slug; resolves to Inventory Management,,Q11+Q12
REL-00025,d7310c9acd37c893d7d6926645c715f425eb9dc8,CM-1-1-2-13,Plan Finished Goods Inventory,Commercial & Marketing,informed-by,Produce Demand Forecast (CM-1-1-1-1),ResolvedToConcept,CM-1-1-1-1,Produce Demand Forecast,stable identifier CM-1-1-1-1 carried in mention text,StableIdentifier,emit automatically after subject/target existence checks,target carries its slug; resolves to Produce Demand Forecast,,Q11+Q12
REL-00026,d7310c9acd37c893d7d6926645c715f425eb9dc8,CM-1-1-2-13,Plan Finished Goods Inventory,Commercial & Marketing,informed-by,Refinery Planning and Optimization,SoleCandidate,CM-1-1-4,Refinery Planning and Optimization,"unique exact preferred-label match (candidate filter only, per PR #120)",CandidateOnly,HOLD: context-confirmation pass,label filter leaves one candidate: CM-1-1-4; resolution requires context evidence,changed-label review (18-row),Q12; changed-label batch 2026-09-25
REL-00027,d7310c9acd37c893d7d6926645c715f425eb9dc8,CM-1-1-2-13,Plan Finished Goods Inventory,Commercial & Marketing,enables,Allocate Finished Products (CM-1-1-2-11),ResolvedToConcept,CM-1-1-2-11,Allocate Finished Products,stable identifier CM-1-1-2-11 carried in mention text,StableIdentifier,emit automatically after subject/target existence checks,target carries its slug; resolves to Allocate Finished Products,,Q11+Q12
REL-00028,d7310c9acd37c893d7d6926645c715f425eb9dc8,CM-1-1-2-9-1,Publish Local Refinery Targets for Regional to Local Transition,Commercial & Marketing,informs,Refinery Planning and Optimization (CM-1-1-4),ResolvedToConcept,CM-1-1-4,Refinery Planning and Optimization,stable identifier CM-1-1-4 carried in mention text,StableIdentifier,emit automatically after subject/target existence checks,target carries its slug; resolves to Refinery Planning and Optimization,,Q11+Q12
REL-00029,d7310c9acd37c893d7d6926645c715f425eb9dc8,CM-1-1-3-5-1,Develop Short-Term Network Plan,Commercial & Marketing,informed-by,Regional Optimization,SoleCandidate,CM-1-1-2,Regional Optimization,"unique exact preferred-label match (candidate filter only, per PR #120)",CandidateOnly,HOLD: context-confirmation pass,label filter leaves one candidate: CM-1-1-2; resolution requires context evidence,,Q12
REL-00030,d7310c9acd37c893d7d6926645c715f425eb9dc8,CM-1-1-3-5-1,Develop Short-Term Network Plan,Commercial & Marketing,uses-input,Manage Inventory Replenishment,SoleCandidate,CM-1-1-3-7-9,Manage Inventory Replenishment,"unique exact preferred-label match (candidate filter only, per PR #120)",CandidateOnly,HOLD: context-confirmation pass,label filter leaves one candidate: CM-1-1-3-7-9; resolution requires context evidence,,Q12
REL-00031,d7310c9acd37c893d7d6926645c715f425eb9dc8,CM-1-1-3-5-1,Develop Short-Term Network Plan,Commercial & Marketing,precedes,Plan & Execute Nominations,SoleCandidate,CM-1-1-3-6-1,Plan & Execute Nominations,"unique exact preferred-label match (candidate filter only, per PR #120)",CandidateOnly,HOLD: context-confirmation pass,label filter leaves one candidate: CM-1-1-3-6-1; resolution requires context evidence,,Q12
REL-00032,d7310c9acd37c893d7d6926645c715f425eb9dc8,CM-1-1-3-5-2,Coordinate Product Trading,Commercial & Marketing,enables,Develop Short-Term Network Plan,SoleCandidate,CM-1-1-3-5-1,Develop Short-Term Network Plan,"unique exact preferred-label match (candidate filter only, per PR #120)",CandidateOnly,HOLD: context-confirmation pass,label filter leaves one candidate: CM-1-1-3-5-1; resolution requires context evidence,,Q12
REL-00033,d7310c9acd37c893d7d6926645c715f425eb9dc8,CM-1-1-3-6-1,Plan & Execute Nominations,Commercial & Marketing,follows,Develop Short-Term Network Plan,SoleCandidate,CM-1-1-3-5-1,Develop Short-Term Network Plan,"unique exact preferred-label match (candidate filter only, per PR #120)",CandidateOnly,HOLD: context-confirmation pass,label filter leaves one candidate: CM-1-1-3-5-1; resolution requires context evidence,,Q12
REL-00034,d7310c9acd37c893d7d6926645c715f425eb9dc8,CM-1-1-3-6-1,Plan & Execute Nominations,Commercial & Marketing,precedes,Administer Scheduled Shipment Loading (CM-1-1-3-6-2),ResolvedToConcept,CM-1-1-3-6-2,Administer Scheduled Shipment Loading,stable identifier CM-1-1-3-6-2 carried in mention text,StableIdentifier,emit automatically after subject/target existence checks,target carries its slug; resolves to Administer Scheduled Shipment Loading,,Q11+Q12
REL-00035,d7310c9acd37c893d7d6926645c715f425eb9dc8,CM-1-1-3-6-2,Administer Scheduled Shipment Loading,Commercial & Marketing,follows,Plan & Execute Nominations,SoleCandidate,CM-1-1-3-6-1,Plan & Execute Nominations,"unique exact preferred-label match (candidate filter only, per PR #120)",CandidateOnly,HOLD: context-confirmation pass,label filter leaves one candidate: CM-1-1-3-6-1; resolution requires context evidence,,Q12
REL-00036,d7310c9acd37c893d7d6926645c715f425eb9dc8,CM-1-1-3-6-2,Administer Scheduled Shipment Loading,Commercial & Marketing,precedes,Track Movements and Inventory Management,SoleCandidate,CM-1-1-3-6-3,Track Movements and Inventory Management,"unique exact preferred-label match (candidate filter only, per PR #120)",CandidateOnly,HOLD: context-confirmation pass,label filter leaves one candidate: CM-1-1-3-6-3; resolution requires context evidence,,Q12
REL-00037,d7310c9acd37c893d7d6926645c715f425eb9dc8,CM-1-1-3-6-3,Track Movements and Inventory Management,Commercial & Marketing,follows,Administer Scheduled Shipment Loading (CM-1-1-3-6-2),ResolvedToConcept,CM-1-1-3-6-2,Administer Scheduled Shipment Loading,stable identifier CM-1-1-3-6-2 carried in mention text,StableIdentifier,emit automatically after subject/target existence checks,target carries its slug; resolves to Administer Scheduled Shipment Loading,,Q11+Q12
REL-00038,d7310c9acd37c893d7d6926645c715f425eb9dc8,CM-1-1-3-6-3,Track Movements and Inventory Management,Commercial & Marketing,enables,Monitor and Control Inventory Positions (CM-1-1-3-7-12),ResolvedToConcept,CM-1-1-3-7-12,Monitor and Control Inventory Positions,stable identifier CM-1-1-3-7-12 carried in mention text,StableIdentifier,emit automatically after subject/target existence checks,target carries its slug; resolves to Monitor and Control Inventory Positions,,Q11+Q12
REL-00039,d7310c9acd37c893d7d6926645c715f425eb9dc8,CM-1-1-3-6-3,Track Movements and Inventory Management,Commercial & Marketing,precedes,Discharge & Reconcile Load,SoleCandidate,CM-1-1-3-6-4,Discharge & Reconcile Load,"unique exact preferred-label match (candidate filter only, per PR #120)",CandidateOnly,HOLD: context-confirmation pass,label filter leaves one candidate: CM-1-1-3-6-4; resolution requires context evidence,,Q12
REL-00040,d7310c9acd37c893d7d6926645c715f425eb9dc8,CM-1-1-3-6-4,Discharge & Reconcile Load,Commercial & Marketing,follows,Track Movements and Inventory Management,SoleCandidate,CM-1-1-3-6-3,Track Movements and Inventory Management,"unique exact preferred-label match (candidate filter only, per PR #120)",CandidateOnly,HOLD: context-confirmation pass,label filter leaves one candidate: CM-1-1-3-6-3; resolution requires context evidence,,Q12
REL-00041,d7310c9acd37c893d7d6926645c715f425eb9dc8,CM-1-1-3-6-4,Discharge & Reconcile Load,Commercial & Marketing,enables,Perform Inventory Reconciliation,SoleCandidate,CM-1-1-3-7-5,Perform Inventory Reconciliation,"unique exact preferred-label match (candidate filter only, per PR #120)",CandidateOnly,HOLD: context-confirmation pass,label filter leaves one candidate: CM-1-1-3-7-5; resolution requires context evidence,,Q12
REL-00042,d7310c9acd37c893d7d6926645c715f425eb9dc8,CM-1-1-3-7-1,Develop Crude/Feedstock Inventory Policy,Commercial & Marketing,informed-by,Refinery Planning and Optimization,SoleCandidate,CM-1-1-4,Refinery Planning and Optimization,"unique exact preferred-label match (candidate filter only, per PR #120)",CandidateOnly,HOLD: context-confirmation pass,label filter leaves one candidate: CM-1-1-4; resolution requires context evidence,changed-label review (18-row),Q12; changed-label batch 2026-09-25
REL-00043,d7310c9acd37c893d7d6926645c715f425eb9dc8,CM-1-1-3-7-1,Develop Crude/Feedstock Inventory Policy,Commercial & Marketing,enables,Monitor and Control Inventory Positions (CM-1-1-3-7-12),ResolvedToConcept,CM-1-1-3-7-12,Monitor and Control Inventory Positions,stable identifier CM-1-1-3-7-12 carried in mention text,StableIdentifier,emit automatically after subject/target existence checks,target carries its slug; resolves to Monitor and Control Inventory Positions,,Q11+Q12
REL-00044,d7310c9acd37c893d7d6926645c715f425eb9dc8,CM-1-1-3-7-10,Manage Lot/Batch Inventory,Commercial & Marketing,enables,Perform Inventory Reconciliation,SoleCandidate,CM-1-1-3-7-5,Perform Inventory Reconciliation,"unique exact preferred-label match (candidate filter only, per PR #120)",CandidateOnly,HOLD: context-confirmation pass,label filter leaves one candidate: CM-1-1-3-7-5; resolution requires context evidence,,Q12
REL-00045,d7310c9acd37c893d7d6926645c715f425eb9dc8,CM-1-1-3-7-10,Manage Lot/Batch Inventory,Commercial & Marketing,informed-by,Develop Finished Product Inventory Policy,SoleCandidate,CM-1-1-3-7-3,Develop Finished Product Inventory Policy,"unique exact preferred-label match (candidate filter only, per PR #120)",CandidateOnly,HOLD: context-confirmation pass,label filter leaves one candidate: CM-1-1-3-7-3; resolution requires context evidence,,Q12
REL-00046,d7310c9acd37c893d7d6926645c715f425eb9dc8,CM-1-1-3-7-11,Manage Third Party Storage,Commercial & Marketing,enables,Perform Inventory Reconciliation,SoleCandidate,CM-1-1-3-7-5,Perform Inventory Reconciliation,"unique exact preferred-label match (candidate filter only, per PR #120)",CandidateOnly,HOLD: context-confirmation pass,label filter leaves one candidate: CM-1-1-3-7-5; resolution requires context evidence,,Q12
REL-00047,d7310c9acd37c893d7d6926645c715f425eb9dc8,CM-1-1-3-7-11,Manage Third Party Storage,Commercial & Marketing,uses-input,Measure Inventory,SoleCandidate,CM-1-1-3-7-4,Measure Inventory,"unique exact preferred-label match (candidate filter only, per PR #120)",CandidateOnly,HOLD: context-confirmation pass,label filter leaves one candidate: CM-1-1-3-7-4; resolution requires context evidence,,Q12
REL-00048,d7310c9acd37c893d7d6926645c715f425eb9dc8,CM-1-1-3-7-12,Monitor and Control Inventory Positions,Commercial & Marketing,uses-input,Measure Inventory,SoleCandidate,CM-1-1-3-7-4,Measure Inventory,"unique exact preferred-label match (candidate filter only, per PR #120)",CandidateOnly,HOLD: context-confirmation pass,label filter leaves one candidate: CM-1-1-3-7-4; resolution requires context evidence,,Q12
REL-00049,d7310c9acd37c893d7d6926645c715f425eb9dc8,CM-1-1-3-7-12,Monitor and Control Inventory Positions,Commercial & Marketing,triggers,Manage Inventory Replenishment,SoleCandidate,CM-1-1-3-7-9,Manage Inventory Replenishment,"unique exact preferred-label match (candidate filter only, per PR #120)",CandidateOnly,HOLD: context-confirmation pass,label filter leaves one candidate: CM-1-1-3-7-9; resolution requires context evidence,,Q12
REL-00050,d7310c9acd37c893d7d6926645c715f425eb9dc8,CM-1-1-3-7-12,Monitor and Control Inventory Positions,Commercial & Marketing,governed-by,Develop Finished Product Inventory Policy,SoleCandidate,CM-1-1-3-7-3,Develop Finished Product Inventory Policy,"unique exact preferred-label match (candidate filter only, per PR #120)",CandidateOnly,APPROVED as core:governedBy — Hamid 2026-09-25,Inventory monitoring operates against policy-set min/max/safety-stock/operating-limit rules (set-versus-apply).,governed-by review (16-row),Q12; review batch 2026-09-25
REL-00051,d7310c9acd37c893d7d6926645c715f425eb9dc8,CM-1-1-3-7-2,Develop Intermediates Inventory Policy,Commercial & Marketing,informed-by,Refinery Planning and Optimization,SoleCandidate,CM-1-1-4,Refinery Planning and Optimization,"unique exact preferred-label match (candidate filter only, per PR #120)",CandidateOnly,HOLD: context-confirmation pass,label filter leaves one candidate: CM-1-1-4; resolution requires context evidence,changed-label review (18-row),Q12; changed-label batch 2026-09-25
REL-00052,d7310c9acd37c893d7d6926645c715f425eb9dc8,CM-1-1-3-7-2,Develop Intermediates Inventory Policy,Commercial & Marketing,enables,Monitor and Control Inventory Positions (CM-1-1-3-7-12),ResolvedToConcept,CM-1-1-3-7-12,Monitor and Control Inventory Positions,stable identifier CM-1-1-3-7-12 carried in mention text,StableIdentifier,emit automatically after subject/target existence checks,target carries its slug; resolves to Monitor and Control Inventory Positions,,Q11+Q12
REL-00053,d7310c9acd37c893d7d6926645c715f425eb9dc8,CM-1-1-3-7-3,Develop Finished Product Inventory Policy,Commercial & Marketing,enables,Plan Finished Goods Inventory,SoleCandidate,CM-1-1-2-13,Plan Finished Goods Inventory,"unique exact preferred-label match (candidate filter only, per PR #120)",CandidateOnly,HOLD: context-confirmation pass,label filter leaves one candidate: CM-1-1-2-13; resolution requires context evidence,,Q12
REL-00054,d7310c9acd37c893d7d6926645c715f425eb9dc8,CM-1-1-3-7-3,Develop Finished Product Inventory Policy,Commercial & Marketing,enables,Manage Inventory Replenishment,SoleCandidate,CM-1-1-3-7-9,Manage Inventory Replenishment,"unique exact preferred-label match (candidate filter only, per PR #120)",CandidateOnly,HOLD: context-confirmation pass,label filter leaves one candidate: CM-1-1-3-7-9; resolution requires context evidence,,Q12
REL-00055,d7310c9acd37c893d7d6926645c715f425eb9dc8,CM-1-1-3-7-3,Develop Finished Product Inventory Policy,Commercial & Marketing,informed-by,Produce Demand Forecast (CM-1-1-1-1),ResolvedToConcept,CM-1-1-1-1,Produce Demand Forecast,stable identifier CM-1-1-1-1 carried in mention text,StableIdentifier,emit automatically after subject/target existence checks,target carries its slug; resolves to Produce Demand Forecast,,Q11+Q12
REL-00056,d7310c9acd37c893d7d6926645c715f425eb9dc8,CM-1-1-3-7-4,Measure Inventory,Commercial & Marketing,precedes,Perform Inventory Reconciliation,SoleCandidate,CM-1-1-3-7-5,Perform Inventory Reconciliation,"unique exact preferred-label match (candidate filter only, per PR #120)",CandidateOnly,HOLD: context-confirmation pass,label filter leaves one candidate: CM-1-1-3-7-5; resolution requires context evidence,,Q12
REL-00057,d7310c9acd37c893d7d6926645c715f425eb9dc8,CM-1-1-3-7-4,Measure Inventory,Commercial & Marketing,enables,Monitor and Control Inventory Positions (CM-1-1-3-7-12),ResolvedToConcept,CM-1-1-3-7-12,Monitor and Control Inventory Positions,stable identifier CM-1-1-3-7-12 carried in mention text,StableIdentifier,emit automatically after subject/target existence checks,target carries its slug; resolves to Monitor and Control Inventory Positions,,Q11+Q12
REL-00058,d7310c9acd37c893d7d6926645c715f425eb9dc8,CM-1-1-3-7-5,Perform Inventory Reconciliation,Commercial & Marketing,follows,Measure Inventory,SoleCandidate,CM-1-1-3-7-4,Measure Inventory,"unique exact preferred-label match (candidate filter only, per PR #120)",CandidateOnly,HOLD: context-confirmation pass,label filter leaves one candidate: CM-1-1-3-7-4; resolution requires context evidence,,Q12
REL-00059,d7310c9acd37c893d7d6926645c715f425eb9dc8,CM-1-1-3-7-5,Perform Inventory Reconciliation,Commercial & Marketing,enables,Distribution Backcasting,SoleCandidate,CM-1-1-6,Distribution Backcasting,"unique exact preferred-label match (candidate filter only, per PR #120)",CandidateOnly,APPROVED as core:enables — Hamid 2026-09-25,Reconciled inventory is a validated basis for backcasting variance analysis.,enables sample review (32-row),Q12; review batch 2026-09-25
REL-00060,d7310c9acd37c893d7d6926645c715f425eb9dc8,CM-1-1-3-7-5,Perform Inventory Reconciliation,Commercial & Marketing,enables,Monitor and Control Inventory Positions (CM-1-1-3-7-12),ResolvedToConcept,CM-1-1-3-7-12,Monitor and Control Inventory Positions,stable identifier CM-1-1-3-7-12 carried in mention text,StableIdentifier,emit automatically after subject/target existence checks,target carries its slug; resolves to Monitor and Control Inventory Positions,,Q11+Q12
REL-00061,d7310c9acd37c893d7d6926645c715f425eb9dc8,CM-1-1-3-7-6,Manage Consignment Inventory,Commercial & Marketing,enables,Perform Inventory Reconciliation,SoleCandidate,CM-1-1-3-7-5,Perform Inventory Reconciliation,"unique exact preferred-label match (candidate filter only, per PR #120)",CandidateOnly,HOLD: context-confirmation pass,label filter leaves one candidate: CM-1-1-3-7-5; resolution requires context evidence,,Q12
REL-00062,d7310c9acd37c893d7d6926645c715f425eb9dc8,CM-1-1-3-7-6,Manage Consignment Inventory,Commercial & Marketing,informed-by,Develop Finished Product Inventory Policy,SoleCandidate,CM-1-1-3-7-3,Develop Finished Product Inventory Policy,"unique exact preferred-label match (candidate filter only, per PR #120)",CandidateOnly,HOLD: context-confirmation pass,label filter leaves one candidate: CM-1-1-3-7-3; resolution requires context evidence,,Q12
REL-00063,d7310c9acd37c893d7d6926645c715f425eb9dc8,CM-1-1-3-7-7,Manage Commingled Inventory,Commercial & Marketing,enables,Perform Inventory Reconciliation,SoleCandidate,CM-1-1-3-7-5,Perform Inventory Reconciliation,"unique exact preferred-label match (candidate filter only, per PR #120)",CandidateOnly,HOLD: context-confirmation pass,label filter leaves one candidate: CM-1-1-3-7-5; resolution requires context evidence,,Q12
REL-00064,d7310c9acd37c893d7d6926645c715f425eb9dc8,CM-1-1-3-7-7,Manage Commingled Inventory,Commercial & Marketing,uses-input,Measure Inventory,SoleCandidate,CM-1-1-3-7-4,Measure Inventory,"unique exact preferred-label match (candidate filter only, per PR #120)",CandidateOnly,HOLD: context-confirmation pass,label filter leaves one candidate: CM-1-1-3-7-4; resolution requires context evidence,,Q12
REL-00065,d7310c9acd37c893d7d6926645c715f425eb9dc8,CM-1-1-3-7-8,Manage Inventory Re-brands,Commercial & Marketing,enables,Monitor and Control Inventory Positions (CM-1-1-3-7-12),ResolvedToConcept,CM-1-1-3-7-12,Monitor and Control Inventory Positions,stable identifier CM-1-1-3-7-12 carried in mention text,StableIdentifier,emit automatically after subject/target existence checks,target carries its slug; resolves to Monitor and Control Inventory Positions,,Q11+Q12
REL-00066,d7310c9acd37c893d7d6926645c715f425eb9dc8,CM-1-1-3-7-8,Manage Inventory Re-brands,Commercial & Marketing,uses-input,Measure Inventory,SoleCandidate,CM-1-1-3-7-4,Measure Inventory,"unique exact preferred-label match (candidate filter only, per PR #120)",CandidateOnly,HOLD: context-confirmation pass,label filter leaves one candidate: CM-1-1-3-7-4; resolution requires context evidence,,Q12
REL-00067,d7310c9acd37c893d7d6926645c715f425eb9dc8,CM-1-1-3-7-9,Manage Inventory Replenishment,Commercial & Marketing,governed-by,Develop Finished Product Inventory Policy,SoleCandidate,CM-1-1-3-7-3,Develop Finished Product Inventory Policy,"unique exact preferred-label match (candidate filter only, per PR #120)",CandidateOnly,APPROVED as core:governedBy — Hamid 2026-09-25,Replenishment explicitly operates within approved inventory policies and projected stock against policy levels.,governed-by review (16-row),Q12; review batch 2026-09-25
REL-00068,d7310c9acd37c893d7d6926645c715f425eb9dc8,CM-1-1-3-7-9,Manage Inventory Replenishment,Commercial & Marketing,precedes,Physical Distribution Scheduling,SoleCandidate,CM-1-1-3-6,Physical Distribution Scheduling,"unique exact preferred-label match (candidate filter only, per PR #120)",CandidateOnly,HOLD: context-confirmation pass,label filter leaves one candidate: CM-1-1-3-6; resolution requires context evidence,,Q12
REL-00069,d7310c9acd37c893d7d6926645c715f425eb9dc8,CM-1-1-3-7-9,Manage Inventory Replenishment,Commercial & Marketing,informed-by,Plan Finished Goods Inventory,SoleCandidate,CM-1-1-2-13,Plan Finished Goods Inventory,"unique exact preferred-label match (candidate filter only, per PR #120)",CandidateOnly,HOLD: context-confirmation pass,label filter leaves one candidate: CM-1-1-2-13; resolution requires context evidence,,Q12
REL-00070,d7310c9acd37c893d7d6926645c715f425eb9dc8,CM-1-1-3-8-1,Generate Orders,Commercial & Marketing,precedes,Schedule Secondary Distribution,SoleCandidate,CM-1-1-3-8-2,Schedule Secondary Distribution,"unique exact preferred-label match (candidate filter only, per PR #120)",CandidateOnly,HOLD: context-confirmation pass,label filter leaves one candidate: CM-1-1-3-8-2; resolution requires context evidence,,Q12
REL-00071,d7310c9acd37c893d7d6926645c715f425eb9dc8,CM-1-1-3-8-1,Generate Orders,Commercial & Marketing,informed-by,Produce Demand Forecast (CM-1-1-1-1),ResolvedToConcept,CM-1-1-1-1,Produce Demand Forecast,stable identifier CM-1-1-1-1 carried in mention text,StableIdentifier,emit automatically after subject/target existence checks,target carries its slug; resolves to Produce Demand Forecast,,Q11+Q12
REL-00072,d7310c9acd37c893d7d6926645c715f425eb9dc8,CM-1-1-3-8-2,Schedule Secondary Distribution,Commercial & Marketing,follows,Generate Orders,SoleCandidate,CM-1-1-3-8-1,Generate Orders,"unique exact preferred-label match (candidate filter only, per PR #120)",CandidateOnly,HOLD: context-confirmation pass,label filter leaves one candidate: CM-1-1-3-8-1; resolution requires context evidence,,Q12
REL-00073,d7310c9acd37c893d7d6926645c715f425eb9dc8,CM-1-1-3-8-2,Schedule Secondary Distribution,Commercial & Marketing,precedes,Monitor Secondary Distribution Performance,SoleCandidate,CM-1-1-3-8-4,Monitor Secondary Distribution Performance,"unique exact preferred-label match (candidate filter only, per PR #120)",CandidateOnly,HOLD: context-confirmation pass,label filter leaves one candidate: CM-1-1-3-8-4; resolution requires context evidence,,Q12
REL-00074,d7310c9acd37c893d7d6926645c715f425eb9dc8,CM-1-1-3-8-3,Maintain Secondary Distribution Scheduling Basis,Commercial & Marketing,enables,Schedule Secondary Distribution,SoleCandidate,CM-1-1-3-8-2,Schedule Secondary Distribution,"unique exact preferred-label match (candidate filter only, per PR #120)",CandidateOnly,HOLD: context-confirmation pass,label filter leaves one candidate: CM-1-1-3-8-2; resolution requires context evidence,,Q12
REL-00075,d7310c9acd37c893d7d6926645c715f425eb9dc8,CM-1-1-3-8-3,Maintain Secondary Distribution Scheduling Basis,Commercial & Marketing,enables,Generate Orders,SoleCandidate,CM-1-1-3-8-1,Generate Orders,"unique exact preferred-label match (candidate filter only, per PR #120)",CandidateOnly,HOLD: context-confirmation pass,label filter leaves one candidate: CM-1-1-3-8-1; resolution requires context evidence,,Q12
REL-00076,d7310c9acd37c893d7d6926645c715f425eb9dc8,CM-1-1-3-8-4,Monitor Secondary Distribution Performance,Commercial & Marketing,follows,Schedule Secondary Distribution,SoleCandidate,CM-1-1-3-8-2,Schedule Secondary Distribution,"unique exact preferred-label match (candidate filter only, per PR #120)",CandidateOnly,HOLD: context-confirmation pass,label filter leaves one candidate: CM-1-1-3-8-2; resolution requires context evidence,,Q12
REL-00077,d7310c9acd37c893d7d6926645c715f425eb9dc8,CM-1-1-3-8-4,Monitor Secondary Distribution Performance,Commercial & Marketing,enables,Distribution Backcasting,SoleCandidate,CM-1-1-6,Distribution Backcasting,"unique exact preferred-label match (candidate filter only, per PR #120)",CandidateOnly,HOLD: context-confirmation pass,label filter leaves one candidate: CM-1-1-6; resolution requires context evidence,,Q12
REL-00078,d7310c9acd37c893d7d6926645c715f425eb9dc8,CM-1-1-4-6-2,Plan Budgets,Finance,governed-by,Financial Planning and Performance Management,SoleCandidate,L2-financial-planning-and-performance-management,Financial Planning and Performance Management,"unique exact preferred-label match (candidate filter only, per PR #120)",CandidateOnly,HOLD: context-confirmation pass,label filter leaves one candidate: L2-financial-planning-and-performance-management; resolution requires context evidence,,Q12
REL-00079,d7310c9acd37c893d7d6926645c715f425eb9dc8,CM-1-1-4-6-3,Coordinate Site Business Risk Management,Refining,governed-by,Refinery Performance and Risk Coordination,SoleCandidate,L2-refinery-performance-and-risk-coordination,Refinery Performance and Risk Coordination,"unique exact preferred-label match (candidate filter only, per PR #120)",CandidateOnly,HOLD: context-confirmation pass,label filter leaves one candidate: L2-refinery-performance-and-risk-coordination; resolution requires context evidence,,Q12
REL-00080,d7310c9acd37c893d7d6926645c715f425eb9dc8,CM-1-1-4-7-1,Capture Product Demand Requirements,Refining,enables,Refinery Optimization,SoleCandidate,CM-1-1-4-7,Refinery Optimization,"unique exact preferred-label match (candidate filter only, per PR #120)",CandidateOnly,HOLD: context-confirmation pass,label filter leaves one candidate: CM-1-1-4-7; resolution requires context evidence,,Q12
REL-00081,d7310c9acd37c893d7d6926645c715f425eb9dc8,CM-1-1-4-7-1,Capture Product Demand Requirements,Refining,informed-by,Produce Demand Forecast (CM-1-1-1-1),ResolvedToConcept,CM-1-1-1-1,Produce Demand Forecast,stable identifier CM-1-1-1-1 carried in mention text,StableIdentifier,emit automatically after subject/target existence checks,target carries its slug; resolves to Produce Demand Forecast,,Q11+Q12
REL-00082,d7310c9acd37c893d7d6926645c715f425eb9dc8,CM-1-1-4-7-1,Capture Product Demand Requirements,Refining,informed-by,Refined Product Demand Management,SoleCandidate,CM-1-2-6-2,Refined Product Demand Management,"unique exact preferred-label match (candidate filter only, per PR #120)",CandidateOnly,HOLD: context-confirmation pass,label filter leaves one candidate: CM-1-2-6-2; resolution requires context evidence,,Q12
REL-00083,d7310c9acd37c893d7d6926645c715f425eb9dc8,CM-1-1-4-7-1,Capture Product Demand Requirements,Refining,precedes,Perform Scenario Analysis,SoleCandidate,CM-1-1-4-7-8,Perform Scenario Analysis,"unique exact preferred-label match (candidate filter only, per PR #120)",CandidateOnly,HOLD: context-confirmation pass,label filter leaves one candidate: CM-1-1-4-7-8; resolution requires context evidence,,Q12
REL-00084,d7310c9acd37c893d7d6926645c715f425eb9dc8,CM-1-1-4-7-2,Evaluate Crude & Feedstock,Refining,enables,Refinery Optimization,SoleCandidate,CM-1-1-4-7,Refinery Optimization,"unique exact preferred-label match (candidate filter only, per PR #120)",CandidateOnly,HOLD: context-confirmation pass,label filter leaves one candidate: CM-1-1-4-7; resolution requires context evidence,,Q12
REL-00085,d7310c9acd37c893d7d6926645c715f425eb9dc8,CM-1-1-4-7-2,Evaluate Crude & Feedstock,Refining,uses-input,Capture Crude Availability,SoleCandidate,CM-1-1-4-7-3,Capture Crude Availability,"unique exact preferred-label match (candidate filter only, per PR #120)",CandidateOnly,HOLD: context-confirmation pass,label filter leaves one candidate: CM-1-1-4-7-3; resolution requires context evidence,,Q12
REL-00086,d7310c9acd37c893d7d6926645c715f425eb9dc8,CM-1-1-4-7-2,Evaluate Crude & Feedstock,Refining,uses-input,Capture Product/Crude/Feedstock Price,SoleCandidate,CM-1-1-4-7-4,Capture Product/Crude/Feedstock Price,"unique exact preferred-label match (candidate filter only, per PR #120)",CandidateOnly,HOLD: context-confirmation pass,label filter leaves one candidate: CM-1-1-4-7-4; resolution requires context evidence,,Q12
REL-00087,d7310c9acd37c893d7d6926645c715f425eb9dc8,CM-1-1-4-7-2,Evaluate Crude & Feedstock,Refining,constrained-by,Capture Refinery Level Constraints,SoleCandidate,CM-1-1-4-7-5,Capture Refinery Level Constraints,"unique exact preferred-label match (candidate filter only, per PR #120)",CandidateOnly,HOLD: context-confirmation pass,label filter leaves one candidate: CM-1-1-4-7-5; resolution requires context evidence,,Q12
REL-00088,d7310c9acd37c893d7d6926645c715f425eb9dc8,CM-1-1-4-7-3,Capture Crude Availability,Refining,enables,Refinery Optimization,SoleCandidate,CM-1-1-4-7,Refinery Optimization,"unique exact preferred-label match (candidate filter only, per PR #120)",CandidateOnly,HOLD: context-confirmation pass,label filter leaves one candidate: CM-1-1-4-7; resolution requires context evidence,,Q12
REL-00089,d7310c9acd37c893d7d6926645c715f425eb9dc8,CM-1-1-4-7-3,Capture Crude Availability,Refining,enables,Evaluate Crude & Feedstock,SoleCandidate,CM-1-1-4-7-2,Evaluate Crude & Feedstock,"unique exact preferred-label match (candidate filter only, per PR #120)",CandidateOnly,HOLD: context-confirmation pass,label filter leaves one candidate: CM-1-1-4-7-2; resolution requires context evidence,,Q12
REL-00090,d7310c9acd37c893d7d6926645c715f425eb9dc8,CM-1-1-4-7-3,Capture Crude Availability,Refining,informed-by,Supply And Trading,SoleCandidate,CM-1-2,Supply And Trading,"unique exact preferred-label match (candidate filter only, per PR #120)",CandidateOnly,HOLD: context-confirmation pass,label filter leaves one candidate: CM-1-2; resolution requires context evidence,,Q12
REL-00091,d7310c9acd37c893d7d6926645c715f425eb9dc8,CM-1-1-4-7-3,Capture Crude Availability,Refining,constrained-by,Capture Refinery Level Constraints,SoleCandidate,CM-1-1-4-7-5,Capture Refinery Level Constraints,"unique exact preferred-label match (candidate filter only, per PR #120)",CandidateOnly,HOLD: context-confirmation pass,label filter leaves one candidate: CM-1-1-4-7-5; resolution requires context evidence,,Q12
REL-00092,d7310c9acd37c893d7d6926645c715f425eb9dc8,CM-1-1-4-7-4,Capture Product/Crude/Feedstock Price,Refining,enables,Refinery Optimization,SoleCandidate,CM-1-1-4-7,Refinery Optimization,"unique exact preferred-label match (candidate filter only, per PR #120)",CandidateOnly,HOLD: context-confirmation pass,label filter leaves one candidate: CM-1-1-4-7; resolution requires context evidence,,Q12
REL-00093,d7310c9acd37c893d7d6926645c715f425eb9dc8,CM-1-1-4-7-4,Capture Product/Crude/Feedstock Price,Refining,enables,Evaluate Crude & Feedstock,SoleCandidate,CM-1-1-4-7-2,Evaluate Crude & Feedstock,"unique exact preferred-label match (candidate filter only, per PR #120)",CandidateOnly,HOLD: context-confirmation pass,label filter leaves one candidate: CM-1-1-4-7-2; resolution requires context evidence,,Q12
REL-00094,d7310c9acd37c893d7d6926645c715f425eb9dc8,CM-1-1-4-7-4,Capture Product/Crude/Feedstock Price,Refining,informed-by,Supply And Trading,SoleCandidate,CM-1-2,Supply And Trading,"unique exact preferred-label match (candidate filter only, per PR #120)",CandidateOnly,HOLD: context-confirmation pass,label filter leaves one candidate: CM-1-2; resolution requires context evidence,,Q12
REL-00095,d7310c9acd37c893d7d6926645c715f425eb9dc8,CM-1-1-4-7-4,Capture Product/Crude/Feedstock Price,Refining,produces,contemporaneous assumption basis for Regional Backcasting,StructuredFlowValue,,,Q11/Q5: produced information value (intake:primaryOutput-style produces: verb),Deferred,retain as governed structured flow value; no process triple,"information flowing into Regional Backcasting, not an activity; governed structured flow value per Q5",consumer needing InformationObject identity (Q5 revisit trigger),Q11
REL-00096,d7310c9acd37c893d7d6926645c715f425eb9dc8,CM-1-1-4-7-5,Capture Refinery Level Constraints,Refining,enables,Refinery Optimization,SoleCandidate,CM-1-1-4-7,Refinery Optimization,"unique exact preferred-label match (candidate filter only, per PR #120)",CandidateOnly,HOLD: context-confirmation pass,label filter leaves one candidate: CM-1-1-4-7; resolution requires context evidence,,Q12
REL-00097,d7310c9acd37c893d7d6926645c715f425eb9dc8,CM-1-1-4-7-5,Capture Refinery Level Constraints,Refining,constrained-by,Refining,SoleCandidate,L1-refining,Refining,"unique exact preferred-label match (candidate filter only, per PR #120)",CandidateOnly,HOLD: context-confirmation pass,label filter leaves one candidate: L1-refining; resolution requires context evidence,,Q12
REL-00098,d7310c9acd37c893d7d6926645c715f425eb9dc8,CM-1-1-4-7-5,Capture Refinery Level Constraints,Refining,informed-by,EHS & Gov Reporting,SoleCandidate,L1-ehs-gov-reporting,EHS & Gov Reporting,"unique exact preferred-label match (candidate filter only, per PR #120)",CandidateOnly,HOLD: context-confirmation pass,label filter leaves one candidate: L1-ehs-gov-reporting; resolution requires context evidence,,Q12
REL-00099,d7310c9acd37c893d7d6926645c715f425eb9dc8,CM-1-1-4-7-5,Capture Refinery Level Constraints,Refining,constrains,Perform Scenario Analysis,SoleCandidate,CM-1-1-4-7-8,Perform Scenario Analysis,"unique exact preferred-label match (candidate filter only, per PR #120)",CandidateOnly,HOLD: context-confirmation pass,label filter leaves one candidate: CM-1-1-4-7-8; resolution requires context evidence,,Q12
REL-00100,d7310c9acd37c893d7d6926645c715f425eb9dc8,CM-1-1-4-7-6,Capture Inventory,Refining,enables,Refinery Optimization,SoleCandidate,CM-1-1-4-7,Refinery Optimization,"unique exact preferred-label match (candidate filter only, per PR #120)",CandidateOnly,HOLD: context-confirmation pass,label filter leaves one candidate: CM-1-1-4-7; resolution requires context evidence,,Q12
REL-00101,d7310c9acd37c893d7d6926645c715f425eb9dc8,CM-1-1-4-7-6,Capture Inventory,Refining,uses-input,Plan Finished Goods Inventory,SoleCandidate,CM-1-1-2-13,Plan Finished Goods Inventory,"unique exact preferred-label match (candidate filter only, per PR #120)",CandidateOnly,HOLD: context-confirmation pass,label filter leaves one candidate: CM-1-1-2-13; resolution requires context evidence,,Q12
REL-00102,d7310c9acd37c893d7d6926645c715f425eb9dc8,CM-1-1-4-7-6,Capture Inventory,Refining,informed-by,Measure Inventory,SoleCandidate,CM-1-1-3-7-4,Measure Inventory,"unique exact preferred-label match (candidate filter only, per PR #120)",CandidateOnly,HOLD: context-confirmation pass,label filter leaves one candidate: CM-1-1-3-7-4; resolution requires context evidence,,Q12
REL-00103,d7310c9acd37c893d7d6926645c715f425eb9dc8,CM-1-1-4-7-6,Capture Inventory,Refining,constrained-by,Inventory Management (CM-1-1-3-7),ResolvedToConcept,CM-1-1-3-7,Inventory Management,stable identifier CM-1-1-3-7 carried in mention text,StableIdentifier,emit automatically after subject/target existence checks,target carries its slug; resolves to Inventory Management,,Q11+Q12
REL-00104,d7310c9acd37c893d7d6926645c715f425eb9dc8,CM-1-1-4-7-7,Capture Monthly Operating Plan,Refining,produces,Monthly Operating Plan,StructuredFlowValue,,,Q11: plan-of-record artifact (produces: verb),Deferred,retain as governed structured flow value; no process triple,"plan artifact, not a process, per the R1 plan-vs-artifact distinction",consumer needing plan-artifact identity,Q11
REL-00105,d7310c9acd37c893d7d6926645c715f425eb9dc8,CM-1-1-4-7-7,Capture Monthly Operating Plan,Refining,informed-by,Perform Scenario Analysis,SoleCandidate,CM-1-1-4-7-8,Perform Scenario Analysis,"unique exact preferred-label match (candidate filter only, per PR #120)",CandidateOnly,HOLD: context-confirmation pass,label filter leaves one candidate: CM-1-1-4-7-8; resolution requires context evidence,,Q12
REL-00106,d7310c9acd37c893d7d6926645c715f425eb9dc8,CM-1-1-4-7-7,Capture Monthly Operating Plan,Refining,governed-by,Refinery Planning and Optimization,SoleCandidate,CM-1-1-4,Refinery Planning and Optimization,"unique exact preferred-label match (candidate filter only, per PR #120)",CandidateOnly,HOLD: context-confirmation pass,label filter leaves one candidate: CM-1-1-4; resolution requires context evidence,changed-label review (18-row),Q12; changed-label batch 2026-09-25
REL-00107,d7310c9acd37c893d7d6926645c715f425eb9dc8,CM-1-1-4-7-7,Capture Monthly Operating Plan,Refining,precedes,Refining,SoleCandidate,L1-refining,Refining,"unique exact preferred-label match (candidate filter only, per PR #120)",CandidateOnly,HOLD: context-confirmation pass,label filter leaves one candidate: L1-refining; resolution requires context evidence,,Q12
REL-00108,d7310c9acd37c893d7d6926645c715f425eb9dc8,CM-1-1-4-7-7,Capture Monthly Operating Plan,Refining,enables,Regional Backcasting,SoleCandidate,CM-1-1-5,Regional Backcasting,"unique exact preferred-label match (candidate filter only, per PR #120)",CandidateOnly,HOLD: context-confirmation pass,label filter leaves one candidate: CM-1-1-5; resolution requires context evidence,,Q12
REL-00109,d7310c9acd37c893d7d6926645c715f425eb9dc8,CM-1-1-4-7-8,Perform Scenario Analysis,Refining,enables,Refinery Optimization,SoleCandidate,CM-1-1-4-7,Refinery Optimization,"unique exact preferred-label match (candidate filter only, per PR #120)",CandidateOnly,HOLD: context-confirmation pass,label filter leaves one candidate: CM-1-1-4-7; resolution requires context evidence,,Q12
REL-00110,d7310c9acd37c893d7d6926645c715f425eb9dc8,CM-1-1-4-7-8,Perform Scenario Analysis,Refining,uses-input,Capture Product Demand Requirements,SoleCandidate,CM-1-1-4-7-1,Capture Product Demand Requirements,"unique exact preferred-label match (candidate filter only, per PR #120)",CandidateOnly,HOLD: context-confirmation pass,label filter leaves one candidate: CM-1-1-4-7-1; resolution requires context evidence,,Q12
REL-00111,d7310c9acd37c893d7d6926645c715f425eb9dc8,CM-1-1-4-7-8,Perform Scenario Analysis,Refining,uses-input,Capture Refinery Level Constraints,SoleCandidate,CM-1-1-4-7-5,Capture Refinery Level Constraints,"unique exact preferred-label match (candidate filter only, per PR #120)",CandidateOnly,HOLD: context-confirmation pass,label filter leaves one candidate: CM-1-1-4-7-5; resolution requires context evidence,,Q12
REL-00112,d7310c9acd37c893d7d6926645c715f425eb9dc8,CM-1-1-4-7-8,Perform Scenario Analysis,Refining,precedes,Refinery Planning and Optimization,SoleCandidate,CM-1-1-4,Refinery Planning and Optimization,"unique exact preferred-label match (candidate filter only, per PR #120)",CandidateOnly,HOLD: context-confirmation pass,label filter leaves one candidate: CM-1-1-4; resolution requires context evidence,changed-label review (18-row),Q12; changed-label batch 2026-09-25
REL-00113,d7310c9acd37c893d7d6926645c715f425eb9dc8,CM-1-1-7-1-1,Update Refinery Execution Instructions,Refining,enables,Daily Execution Planning,SoleCandidate,CM-1-1-7-1,Daily Execution Planning,"unique exact preferred-label match (candidate filter only, per PR #120)",CandidateOnly,HOLD: context-confirmation pass,label filter leaves one candidate: CM-1-1-7-1; resolution requires context evidence,,Q12
REL-00114,d7310c9acd37c893d7d6926645c715f425eb9dc8,CM-1-1-7-1-1,Update Refinery Execution Instructions,Refining,informed-by,Manage Production Schedule Exceptions,SoleCandidate,CM-1-1-7-2-4,Manage Production Schedule Exceptions,"unique exact preferred-label match (candidate filter only, per PR #120)",CandidateOnly,HOLD: context-confirmation pass,label filter leaves one candidate: CM-1-1-7-2-4; resolution requires context evidence,,Q12
REL-00115,d7310c9acd37c893d7d6926645c715f425eb9dc8,CM-1-1-7-1-2,Schedule Resources,Refining,enables,Daily Execution Planning,SoleCandidate,CM-1-1-7-1,Daily Execution Planning,"unique exact preferred-label match (candidate filter only, per PR #120)",CandidateOnly,HOLD: context-confirmation pass,label filter leaves one candidate: CM-1-1-7-1; resolution requires context evidence,,Q12
REL-00116,d7310c9acd37c893d7d6926645c715f425eb9dc8,CM-1-1-7-1-2,Schedule Resources,Refining,informed-by,"Manage The Interface to Planning, Operations, Engineering & Maintenance",SoleCandidate,CM-1-1-7-2-6,"Manage The Interface to Planning, Operations, Engineering & Maintenance","unique exact preferred-label match (candidate filter only, per PR #120)",CandidateOnly,HOLD: context-confirmation pass,label filter leaves one candidate: CM-1-1-7-2-6; resolution requires context evidence,,Q12
REL-00117,d7310c9acd37c893d7d6926645c715f425eb9dc8,CM-1-1-7-1-3,Perform Production Accounting,Refining,uses-input,Measure Inventory,SoleCandidate,CM-1-1-3-7-4,Measure Inventory,"unique exact preferred-label match (candidate filter only, per PR #120)",CandidateOnly,HOLD: context-confirmation pass,label filter leaves one candidate: CM-1-1-3-7-4; resolution requires context evidence,,Q12
REL-00118,d7310c9acd37c893d7d6926645c715f425eb9dc8,CM-1-1-7-1-3,Perform Production Accounting,Refining,enables,Perform Inventory Reconciliation,SoleCandidate,CM-1-1-3-7-5,Perform Inventory Reconciliation,"unique exact preferred-label match (candidate filter only, per PR #120)",CandidateOnly,HOLD: context-confirmation pass,label filter leaves one candidate: CM-1-1-3-7-5; resolution requires context evidence,,Q12
REL-00119,d7310c9acd37c893d7d6926645c715f425eb9dc8,CM-1-1-7-1-3,Perform Production Accounting,Refining,enables,Regional Backcasting,SoleCandidate,CM-1-1-5,Regional Backcasting,"unique exact preferred-label match (candidate filter only, per PR #120)",CandidateOnly,HOLD: context-confirmation pass,label filter leaves one candidate: CM-1-1-5; resolution requires context evidence,,Q12
REL-00120,d7310c9acd37c893d7d6926645c715f425eb9dc8,CM-1-1-7-2-1,Maintain Production Scheduling Master Data,Refining,enables,Create Production Scheduling and Sequencing Plan,SoleCandidate,CM-1-1-7-2-3,Create Production Scheduling and Sequencing Plan,"unique exact preferred-label match (candidate filter only, per PR #120)",CandidateOnly,HOLD: context-confirmation pass,label filter leaves one candidate: CM-1-1-7-2-3; resolution requires context evidence,,Q12
REL-00121,d7310c9acd37c893d7d6926645c715f425eb9dc8,CM-1-1-7-2-1,Maintain Production Scheduling Master Data,Refining,enables,Review Production Wheel and Run Length,SoleCandidate,CM-1-1-7-2-2,Review Production Wheel and Run Length,"unique exact preferred-label match (candidate filter only, per PR #120)",CandidateOnly,HOLD: context-confirmation pass,label filter leaves one candidate: CM-1-1-7-2-2; resolution requires context evidence,,Q12
REL-00122,d7310c9acd37c893d7d6926645c715f425eb9dc8,CM-1-1-7-2-2,Review Production Wheel and Run Length,Refining,enables,Create Production Scheduling and Sequencing Plan,SoleCandidate,CM-1-1-7-2-3,Create Production Scheduling and Sequencing Plan,"unique exact preferred-label match (candidate filter only, per PR #120)",CandidateOnly,HOLD: context-confirmation pass,label filter leaves one candidate: CM-1-1-7-2-3; resolution requires context evidence,,Q12
REL-00123,d7310c9acd37c893d7d6926645c715f425eb9dc8,CM-1-1-7-2-2,Review Production Wheel and Run Length,Refining,informed-by,Produce Demand Forecast (CM-1-1-1-1),ResolvedToConcept,CM-1-1-1-1,Produce Demand Forecast,stable identifier CM-1-1-1-1 carried in mention text,StableIdentifier,emit automatically after subject/target existence checks,target carries its slug; resolves to Produce Demand Forecast,,Q11+Q12
REL-00124,d7310c9acd37c893d7d6926645c715f425eb9dc8,CM-1-1-7-2-3,Create Production Scheduling and Sequencing Plan,Refining,uses-input,Maintain Production Scheduling Master Data,SoleCandidate,CM-1-1-7-2-1,Maintain Production Scheduling Master Data,"unique exact preferred-label match (candidate filter only, per PR #120)",CandidateOnly,HOLD: context-confirmation pass,label filter leaves one candidate: CM-1-1-7-2-1; resolution requires context evidence,,Q12
REL-00125,d7310c9acd37c893d7d6926645c715f425eb9dc8,CM-1-1-7-2-3,Create Production Scheduling and Sequencing Plan,Refining,follows,Review Production Wheel and Run Length,SoleCandidate,CM-1-1-7-2-2,Review Production Wheel and Run Length,"unique exact preferred-label match (candidate filter only, per PR #120)",CandidateOnly,HOLD: context-confirmation pass,label filter leaves one candidate: CM-1-1-7-2-2; resolution requires context evidence,,Q12
REL-00126,d7310c9acd37c893d7d6926645c715f425eb9dc8,CM-1-1-7-2-3,Create Production Scheduling and Sequencing Plan,Refining,precedes,Daily Execution Planning,SoleCandidate,CM-1-1-7-1,Daily Execution Planning,"unique exact preferred-label match (candidate filter only, per PR #120)",CandidateOnly,HOLD: context-confirmation pass,label filter leaves one candidate: CM-1-1-7-1; resolution requires context evidence,,Q12
REL-00127,d7310c9acd37c893d7d6926645c715f425eb9dc8,CM-1-1-7-2-4,Manage Production Schedule Exceptions,Refining,triggers,Create Production Scheduling and Sequencing Plan,SoleCandidate,CM-1-1-7-2-3,Create Production Scheduling and Sequencing Plan,"unique exact preferred-label match (candidate filter only, per PR #120)",CandidateOnly,HOLD: context-confirmation pass,label filter leaves one candidate: CM-1-1-7-2-3; resolution requires context evidence,,Q12
REL-00128,d7310c9acd37c893d7d6926645c715f425eb9dc8,CM-1-1-7-2-4,Manage Production Schedule Exceptions,Refining,informed-by,Daily Execution Planning,SoleCandidate,CM-1-1-7-1,Daily Execution Planning,"unique exact preferred-label match (candidate filter only, per PR #120)",CandidateOnly,HOLD: context-confirmation pass,label filter leaves one candidate: CM-1-1-7-1; resolution requires context evidence,,Q12
REL-00129,d7310c9acd37c893d7d6926645c715f425eb9dc8,CM-1-1-7-2-4,Manage Production Schedule Exceptions,Refining,enables,Measure Production Scheduling Performance,SoleCandidate,CM-1-1-7-2-5,Measure Production Scheduling Performance,"unique exact preferred-label match (candidate filter only, per PR #120)",CandidateOnly,APPROVED as core:enables — Hamid 2026-09-25,Exception records/causes are explicitly analyzed by scheduling performance measurement.,enables sample review (32-row),Q12; review batch 2026-09-25
REL-00130,d7310c9acd37c893d7d6926645c715f425eb9dc8,CM-1-1-7-2-5,Measure Production Scheduling Performance,Refining,uses-input,Perform Production Accounting,SoleCandidate,CM-1-1-7-1-3,Perform Production Accounting,"unique exact preferred-label match (candidate filter only, per PR #120)",CandidateOnly,HOLD: context-confirmation pass,label filter leaves one candidate: CM-1-1-7-1-3; resolution requires context evidence,,Q12
REL-00131,d7310c9acd37c893d7d6926645c715f425eb9dc8,CM-1-1-7-2-5,Measure Production Scheduling Performance,Refining,follows,Manage Production Schedule Exceptions,SoleCandidate,CM-1-1-7-2-4,Manage Production Schedule Exceptions,"unique exact preferred-label match (candidate filter only, per PR #120)",CandidateOnly,HOLD: context-confirmation pass,label filter leaves one candidate: CM-1-1-7-2-4; resolution requires context evidence,,Q12
REL-00132,d7310c9acd37c893d7d6926645c715f425eb9dc8,CM-1-1-7-2-5,Measure Production Scheduling Performance,Refining,enables,Production Scheduling,SoleCandidate,CM-1-1-7-2,Production Scheduling,"unique exact preferred-label match (candidate filter only, per PR #120)",CandidateOnly,HOLD: context-confirmation pass,label filter leaves one candidate: CM-1-1-7-2; resolution requires context evidence,,Q12
REL-00133,d7310c9acd37c893d7d6926645c715f425eb9dc8,CM-1-1-7-2-6,"Manage The Interface to Planning, Operations, Engineering & Maintenance",Refining,enables,Create Production Scheduling and Sequencing Plan,SoleCandidate,CM-1-1-7-2-3,Create Production Scheduling and Sequencing Plan,"unique exact preferred-label match (candidate filter only, per PR #120)",CandidateOnly,APPROVED as core:enables — Hamid 2026-09-25,Feasibility/outage/executability inputs are needed for a feasible dated schedule.,enables sample review (32-row),Q12; review batch 2026-09-25
REL-00134,d7310c9acd37c893d7d6926645c715f425eb9dc8,CM-1-1-7-2-6,"Manage The Interface to Planning, Operations, Engineering & Maintenance",Refining,informed-by,Refinery Planning and Optimization,SoleCandidate,CM-1-1-4,Refinery Planning and Optimization,"unique exact preferred-label match (candidate filter only, per PR #120)",CandidateOnly,HOLD: context-confirmation pass,label filter leaves one candidate: CM-1-1-4; resolution requires context evidence,changed-label review (18-row),Q12; changed-label batch 2026-09-25
REL-00135,d7310c9acd37c893d7d6926645c715f425eb9dc8,CM-1-1-7-3-1,Optimize Internal vs. External Energy Sources,Refining,enables,Optimize Plant Energy Balance,SoleCandidate,CM-1-1-7-3-2,Optimize Plant Energy Balance,"unique exact preferred-label match (candidate filter only, per PR #120)",CandidateOnly,HOLD: context-confirmation pass,label filter leaves one candidate: CM-1-1-7-3-2; resolution requires context evidence,,Q12
REL-00136,d7310c9acd37c893d7d6926645c715f425eb9dc8,CM-1-1-7-3-1,Optimize Internal vs. External Energy Sources,Refining,informed-by,Manage and Support Emissions Trading (CM-1-1-7-3-3),ResolvedToConcept,CM-1-1-7-3-3,Manage and Support Emissions Trading,stable identifier CM-1-1-7-3-3 carried in mention text,StableIdentifier,emit automatically after subject/target existence checks,target carries its slug; resolves to Manage and Support Emissions Trading,,Q11+Q12
REL-00137,d7310c9acd37c893d7d6926645c715f425eb9dc8,CM-1-1-7-3-2,Optimize Plant Energy Balance,Refining,follows,Optimize Internal vs. External Energy Sources,SoleCandidate,CM-1-1-7-3-1,Optimize Internal vs. External Energy Sources,"unique exact preferred-label match (candidate filter only, per PR #120)",CandidateOnly,HOLD: context-confirmation pass,label filter leaves one candidate: CM-1-1-7-3-1; resolution requires context evidence,,Q12
REL-00138,d7310c9acd37c893d7d6926645c715f425eb9dc8,CM-1-1-7-3-2,Optimize Plant Energy Balance,Refining,enables,Daily Execution Planning,SoleCandidate,CM-1-1-7-1,Daily Execution Planning,"unique exact preferred-label match (candidate filter only, per PR #120)",CandidateOnly,HOLD: context-confirmation pass,label filter leaves one candidate: CM-1-1-7-1; resolution requires context evidence,,Q12
REL-00139,d7310c9acd37c893d7d6926645c715f425eb9dc8,CM-1-1-7-3-3,Manage and Support Emissions Trading,Refining,informed-by,Production Scheduling,SoleCandidate,CM-1-1-7-2,Production Scheduling,"unique exact preferred-label match (candidate filter only, per PR #120)",CandidateOnly,HOLD: context-confirmation pass,label filter leaves one candidate: CM-1-1-7-2; resolution requires context evidence,,Q12
REL-00140,d7310c9acd37c893d7d6926645c715f425eb9dc8,CM-1-1-7-3-3,Manage and Support Emissions Trading,Refining,enables,Optimize Internal vs. External Energy Sources,SoleCandidate,CM-1-1-7-3-1,Optimize Internal vs. External Energy Sources,"unique exact preferred-label match (candidate filter only, per PR #120)",CandidateOnly,HOLD: context-confirmation pass,label filter leaves one candidate: CM-1-1-7-3-1; resolution requires context evidence,,Q12
REL-00141,d7310c9acd37c893d7d6926645c715f425eb9dc8,CM-1-2-1-1-1,Receive Production Forecast,Commercial & Marketing,informed-by,Refinery Planning and Optimization,SoleCandidate,CM-1-1-4,Refinery Planning and Optimization,"unique exact preferred-label match (candidate filter only, per PR #120)",CandidateOnly,HOLD: context-confirmation pass,label filter leaves one candidate: CM-1-1-4; resolution requires context evidence,changed-label review (18-row),Q12; changed-label batch 2026-09-25
REL-00142,d7310c9acd37c893d7d6926645c715f425eb9dc8,CM-1-2-1-1-1,Receive Production Forecast,Commercial & Marketing,informed-by,Production Scheduling,SoleCandidate,CM-1-1-7-2,Production Scheduling,"unique exact preferred-label match (candidate filter only, per PR #120)",CandidateOnly,HOLD: context-confirmation pass,label filter leaves one candidate: CM-1-1-7-2; resolution requires context evidence,,Q12
REL-00143,d7310c9acd37c893d7d6926645c715f425eb9dc8,CM-1-2-1-1-1,Receive Production Forecast,Commercial & Marketing,enables,Perform Asset Optimization,SoleCandidate,CM-1-2-1-1-4,Perform Asset Optimization,"unique exact preferred-label match (candidate filter only, per PR #120)",CandidateOnly,HOLD: context-confirmation pass,label filter leaves one candidate: CM-1-2-1-1-4; resolution requires context evidence,,Q12
REL-00144,d7310c9acd37c893d7d6926645c715f425eb9dc8,CM-1-2-1-1-2,Receive Demand Forecast,Commercial & Marketing,informed-by,Produce Demand Forecast (CM-1-1-1-1),ResolvedToConcept,CM-1-1-1-1,Produce Demand Forecast,stable identifier CM-1-1-1-1 carried in mention text,StableIdentifier,emit automatically after subject/target existence checks,target carries its slug; resolves to Produce Demand Forecast,,Q11+Q12
REL-00145,d7310c9acd37c893d7d6926645c715f425eb9dc8,CM-1-2-1-1-2,Receive Demand Forecast,Commercial & Marketing,uses-input,Publish Forecast and Generate Component Level Forecast Plan,SoleCandidate,CM-1-1-1-1-4,Publish Forecast and Generate Component Level Forecast Plan,"unique exact preferred-label match (candidate filter only, per PR #120)",CandidateOnly,HOLD: context-confirmation pass,label filter leaves one candidate: CM-1-1-1-1-4; resolution requires context evidence,,Q12
REL-00146,d7310c9acd37c893d7d6926645c715f425eb9dc8,CM-1-2-1-1-2,Receive Demand Forecast,Commercial & Marketing,enables,Perform Asset Optimization,SoleCandidate,CM-1-2-1-1-4,Perform Asset Optimization,"unique exact preferred-label match (candidate filter only, per PR #120)",CandidateOnly,HOLD: context-confirmation pass,label filter leaves one candidate: CM-1-2-1-1-4; resolution requires context evidence,,Q12
REL-00147,d7310c9acd37c893d7d6926645c715f425eb9dc8,CM-1-2-1-1-3,Forecast Renewables,Commercial & Marketing,uses-input,Receive Production Forecast,SoleCandidate,CM-1-2-1-1-1,Receive Production Forecast,"unique exact preferred-label match (candidate filter only, per PR #120)",CandidateOnly,HOLD: context-confirmation pass,label filter leaves one candidate: CM-1-2-1-1-1; resolution requires context evidence,,Q12
REL-00148,d7310c9acd37c893d7d6926645c715f425eb9dc8,CM-1-2-1-1-3,Forecast Renewables,Commercial & Marketing,enables,Perform Asset Optimization,SoleCandidate,CM-1-2-1-1-4,Perform Asset Optimization,"unique exact preferred-label match (candidate filter only, per PR #120)",CandidateOnly,HOLD: context-confirmation pass,label filter leaves one candidate: CM-1-2-1-1-4; resolution requires context evidence,,Q12
REL-00149,d7310c9acd37c893d7d6926645c715f425eb9dc8,CM-1-2-1-1-3,Forecast Renewables,Commercial & Marketing,precedes,Perform RINs/REC Actualization,SoleCandidate,CM-1-2-3-1-7,Perform RINs/REC Actualization,"unique exact preferred-label match (candidate filter only, per PR #120)",CandidateOnly,HOLD: context-confirmation pass,label filter leaves one candidate: CM-1-2-3-1-7; resolution requires context evidence,,Q12
REL-00150,d7310c9acd37c893d7d6926645c715f425eb9dc8,CM-1-2-1-1-4,Perform Asset Optimization,Commercial & Marketing,uses-input,Receive Production Forecast,SoleCandidate,CM-1-2-1-1-1,Receive Production Forecast,"unique exact preferred-label match (candidate filter only, per PR #120)",CandidateOnly,HOLD: context-confirmation pass,label filter leaves one candidate: CM-1-2-1-1-1; resolution requires context evidence,,Q12
REL-00151,d7310c9acd37c893d7d6926645c715f425eb9dc8,CM-1-2-1-1-4,Perform Asset Optimization,Commercial & Marketing,uses-input,Receive Demand Forecast,SoleCandidate,CM-1-2-1-1-2,Receive Demand Forecast,"unique exact preferred-label match (candidate filter only, per PR #120)",CandidateOnly,HOLD: context-confirmation pass,label filter leaves one candidate: CM-1-2-1-1-2; resolution requires context evidence,,Q12
REL-00152,d7310c9acd37c893d7d6926645c715f425eb9dc8,CM-1-2-1-1-4,Perform Asset Optimization,Commercial & Marketing,enables,Trading Strategy Management,SoleCandidate,CM-1-2-1-4,Trading Strategy Management,"unique exact preferred-label match (candidate filter only, per PR #120)",CandidateOnly,HOLD: context-confirmation pass,label filter leaves one candidate: CM-1-2-1-4; resolution requires context evidence,,Q12
REL-00153,d7310c9acd37c893d7d6926645c715f425eb9dc8,CM-1-2-1-1-5,Forecast Revenue,Commercial & Marketing,uses-input,Perform Asset Optimization,SoleCandidate,CM-1-2-1-1-4,Perform Asset Optimization,"unique exact preferred-label match (candidate filter only, per PR #120)",CandidateOnly,HOLD: context-confirmation pass,label filter leaves one candidate: CM-1-2-1-1-4; resolution requires context evidence,,Q12
REL-00154,d7310c9acd37c893d7d6926645c715f425eb9dc8,CM-1-2-1-1-5,Forecast Revenue,Commercial & Marketing,enables,Trading Strategy Management,SoleCandidate,CM-1-2-1-4,Trading Strategy Management,"unique exact preferred-label match (candidate filter only, per PR #120)",CandidateOnly,HOLD: context-confirmation pass,label filter leaves one candidate: CM-1-2-1-4; resolution requires context evidence,,Q12
REL-00155,d7310c9acd37c893d7d6926645c715f425eb9dc8,CM-1-2-1-1-6,Receive Power Generation Forecast,Commercial & Marketing,informed-by,Energy & Utility Management,SoleCandidate,CM-1-1-7-3,Energy & Utility Management,"unique exact preferred-label match (candidate filter only, per PR #120)",CandidateOnly,HOLD: context-confirmation pass,label filter leaves one candidate: CM-1-1-7-3; resolution requires context evidence,,Q12
REL-00156,d7310c9acd37c893d7d6926645c715f425eb9dc8,CM-1-2-1-1-6,Receive Power Generation Forecast,Commercial & Marketing,enables,Perform Asset Optimization,SoleCandidate,CM-1-2-1-1-4,Perform Asset Optimization,"unique exact preferred-label match (candidate filter only, per PR #120)",CandidateOnly,HOLD: context-confirmation pass,label filter leaves one candidate: CM-1-2-1-1-4; resolution requires context evidence,,Q12
REL-00157,d7310c9acd37c893d7d6926645c715f425eb9dc8,CM-1-2-1-2-1,Create New Counterparty,Commercial & Marketing,precedes,Create New Contract,SoleCandidate,CM-1-2-1-2-5,Create New Contract,"unique exact preferred-label match (candidate filter only, per PR #120)",CandidateOnly,HOLD: context-confirmation pass,label filter leaves one candidate: CM-1-2-1-2-5; resolution requires context evidence,,Q12
REL-00158,d7310c9acd37c893d7d6926645c715f425eb9dc8,CM-1-2-1-2-1,Create New Counterparty,Commercial & Marketing,requires,Perform Counterparty Credit Reviews,SoleCandidate,CM-1-2-2-1-1,Perform Counterparty Credit Reviews,"unique exact preferred-label match (candidate filter only, per PR #120)",CandidateOnly,HOLD: context-confirmation pass,label filter leaves one candidate: CM-1-2-2-1-1; resolution requires context evidence,,Q12
REL-00159,d7310c9acd37c893d7d6926645c715f425eb9dc8,CM-1-2-1-2-10,Manage Storage Contract,Commercial & Marketing,follows,Negotiate Storage / Throughput Agreements,SoleCandidate,CM-1-2-7-1-3,Negotiate Storage / Throughput Agreements,"unique exact preferred-label match (candidate filter only, per PR #120)",CandidateOnly,HOLD: context-confirmation pass,label filter leaves one candidate: CM-1-2-7-1-3; resolution requires context evidence,,Q12
REL-00160,d7310c9acd37c893d7d6926645c715f425eb9dc8,CM-1-2-1-2-10,Manage Storage Contract,Commercial & Marketing,enables,Capture Storage Deals,SoleCandidate,CM-1-2-1-3-5,Capture Storage Deals,"unique exact preferred-label match (candidate filter only, per PR #120)",CandidateOnly,HOLD: context-confirmation pass,label filter leaves one candidate: CM-1-2-1-3-5; resolution requires context evidence,,Q12
REL-00161,d7310c9acd37c893d7d6926645c715f425eb9dc8,CM-1-2-1-2-10,Manage Storage Contract,Commercial & Marketing,enables,Manage Third Party Storage,SoleCandidate,CM-1-1-3-7-11,Manage Third Party Storage,"unique exact preferred-label match (candidate filter only, per PR #120)",CandidateOnly,HOLD: context-confirmation pass,label filter leaves one candidate: CM-1-1-3-7-11; resolution requires context evidence,,Q12
REL-00162,d7310c9acd37c893d7d6926645c715f425eb9dc8,CM-1-2-1-2-11,Monitor Contracts,Commercial & Marketing,follows,Manage Existing Contract,SoleCandidate,CM-1-2-1-2-6,Manage Existing Contract,"unique exact preferred-label match (candidate filter only, per PR #120)",CandidateOnly,HOLD: context-confirmation pass,label filter leaves one candidate: CM-1-2-1-2-6; resolution requires context evidence,,Q12
REL-00163,d7310c9acd37c893d7d6926645c715f425eb9dc8,CM-1-2-1-2-11,Monitor Contracts,Commercial & Marketing,triggers,Manage Existing Contract,SoleCandidate,CM-1-2-1-2-6,Manage Existing Contract,"unique exact preferred-label match (candidate filter only, per PR #120)",CandidateOnly,HOLD: context-confirmation pass,label filter leaves one candidate: CM-1-2-1-2-6; resolution requires context evidence,,Q12
REL-00164,d7310c9acd37c893d7d6926645c715f425eb9dc8,CM-1-2-1-2-11,Monitor Contracts,Commercial & Marketing,enables,Trading Strategy Management,SoleCandidate,CM-1-2-1-4,Trading Strategy Management,"unique exact preferred-label match (candidate filter only, per PR #120)",CandidateOnly,HOLD: context-confirmation pass,label filter leaves one candidate: CM-1-2-1-4; resolution requires context evidence,,Q12
REL-00165,d7310c9acd37c893d7d6926645c715f425eb9dc8,CM-1-2-1-2-2,Manage Existing Counterparty,Commercial & Marketing,follows,Create New Counterparty,SoleCandidate,CM-1-2-1-2-1,Create New Counterparty,"unique exact preferred-label match (candidate filter only, per PR #120)",CandidateOnly,HOLD: context-confirmation pass,label filter leaves one candidate: CM-1-2-1-2-1; resolution requires context evidence,,Q12
REL-00166,d7310c9acd37c893d7d6926645c715f425eb9dc8,CM-1-2-1-2-2,Manage Existing Counterparty,Commercial & Marketing,enables,Trade Capture,SoleCandidate,CM-1-2-1-3,Trade Capture,"unique exact preferred-label match (candidate filter only, per PR #120)",CandidateOnly,HOLD: context-confirmation pass,label filter leaves one candidate: CM-1-2-1-3; resolution requires context evidence,,Q12
REL-00167,d7310c9acd37c893d7d6926645c715f425eb9dc8,CM-1-2-1-2-3,Terminate/Novate Counterparty,Commercial & Marketing,follows,Manage Existing Counterparty,SoleCandidate,CM-1-2-1-2-2,Manage Existing Counterparty,"unique exact preferred-label match (candidate filter only, per PR #120)",CandidateOnly,HOLD: context-confirmation pass,label filter leaves one candidate: CM-1-2-1-2-2; resolution requires context evidence,,Q12
REL-00168,d7310c9acd37c893d7d6926645c715f425eb9dc8,CM-1-2-1-2-3,Terminate/Novate Counterparty,Commercial & Marketing,requires,Manage Collateral,SoleCandidate,CM-1-2-2-1-3,Manage Collateral,"unique exact preferred-label match (candidate filter only, per PR #120)",CandidateOnly,HOLD: context-confirmation pass,label filter leaves one candidate: CM-1-2-2-1-3; resolution requires context evidence,,Q12
REL-00169,d7310c9acd37c893d7d6926645c715f425eb9dc8,CM-1-2-1-2-4,Manage M&A Activity,Commercial & Marketing,triggers,Terminate/Novate Counterparty,SoleCandidate,CM-1-2-1-2-3,Terminate/Novate Counterparty,"unique exact preferred-label match (candidate filter only, per PR #120)",CandidateOnly,HOLD: context-confirmation pass,label filter leaves one candidate: CM-1-2-1-2-3; resolution requires context evidence,,Q12
REL-00170,d7310c9acd37c893d7d6926645c715f425eb9dc8,CM-1-2-1-2-4,Manage M&A Activity,Commercial & Marketing,triggers,Terminate/Novate Contract,SoleCandidate,CM-1-2-1-2-7,Terminate/Novate Contract,"unique exact preferred-label match (candidate filter only, per PR #120)",CandidateOnly,HOLD: context-confirmation pass,label filter leaves one candidate: CM-1-2-1-2-7; resolution requires context evidence,,Q12
REL-00171,d7310c9acd37c893d7d6926645c715f425eb9dc8,CM-1-2-1-2-5,Create New Contract,Commercial & Marketing,follows,Create New Counterparty,SoleCandidate,CM-1-2-1-2-1,Create New Counterparty,"unique exact preferred-label match (candidate filter only, per PR #120)",CandidateOnly,HOLD: context-confirmation pass,label filter leaves one candidate: CM-1-2-1-2-1; resolution requires context evidence,,Q12
REL-00172,d7310c9acd37c893d7d6926645c715f425eb9dc8,CM-1-2-1-2-5,Create New Contract,Commercial & Marketing,enables,Trade Capture,SoleCandidate,CM-1-2-1-3,Trade Capture,"unique exact preferred-label match (candidate filter only, per PR #120)",CandidateOnly,HOLD: context-confirmation pass,label filter leaves one candidate: CM-1-2-1-3; resolution requires context evidence,,Q12
REL-00173,d7310c9acd37c893d7d6926645c715f425eb9dc8,CM-1-2-1-2-6,Manage Existing Contract,Commercial & Marketing,follows,Create New Contract,SoleCandidate,CM-1-2-1-2-5,Create New Contract,"unique exact preferred-label match (candidate filter only, per PR #120)",CandidateOnly,HOLD: context-confirmation pass,label filter leaves one candidate: CM-1-2-1-2-5; resolution requires context evidence,,Q12
REL-00174,d7310c9acd37c893d7d6926645c715f425eb9dc8,CM-1-2-1-2-6,Manage Existing Contract,Commercial & Marketing,enables,Monitor Contracts,SoleCandidate,CM-1-2-1-2-11,Monitor Contracts,"unique exact preferred-label match (candidate filter only, per PR #120)",CandidateOnly,HOLD: context-confirmation pass,label filter leaves one candidate: CM-1-2-1-2-11; resolution requires context evidence,,Q12
REL-00175,d7310c9acd37c893d7d6926645c715f425eb9dc8,CM-1-2-1-2-7,Terminate/Novate Contract,Commercial & Marketing,follows,Manage Existing Contract,SoleCandidate,CM-1-2-1-2-6,Manage Existing Contract,"unique exact preferred-label match (candidate filter only, per PR #120)",CandidateOnly,HOLD: context-confirmation pass,label filter leaves one candidate: CM-1-2-1-2-6; resolution requires context evidence,,Q12
REL-00176,d7310c9acd37c893d7d6926645c715f425eb9dc8,CM-1-2-1-2-7,Terminate/Novate Contract,Commercial & Marketing,enables,Settlements,SoleCandidate,CM-1-2-4-1,Settlements,"unique exact preferred-label match (candidate filter only, per PR #120)",CandidateOnly,HOLD: context-confirmation pass,label filter leaves one candidate: CM-1-2-4-1; resolution requires context evidence,,Q12
REL-00177,d7310c9acd37c893d7d6926645c715f425eb9dc8,CM-1-2-1-2-8,Manage Lease Contract,Commercial & Marketing,enables,Perform Lease Actualization,SoleCandidate,CM-1-2-3-1-6,Perform Lease Actualization,"unique exact preferred-label match (candidate filter only, per PR #120)",CandidateOnly,HOLD: context-confirmation pass,label filter leaves one candidate: CM-1-2-3-1-6; resolution requires context evidence,,Q12
REL-00178,d7310c9acd37c893d7d6926645c715f425eb9dc8,CM-1-2-1-2-8,Manage Lease Contract,Commercial & Marketing,enables,Settle First Purchaser/Leases,SoleCandidate,CM-1-2-4-1-6,Settle First Purchaser/Leases,"unique exact preferred-label match (candidate filter only, per PR #120)",CandidateOnly,HOLD: context-confirmation pass,label filter leaves one candidate: CM-1-2-4-1-6; resolution requires context evidence,,Q12
REL-00179,d7310c9acd37c893d7d6926645c715f425eb9dc8,CM-1-2-1-2-9,Manage Carrier Contracts,Commercial & Marketing,enables,Capture Transportation Deals,SoleCandidate,CM-1-2-1-3-9,Capture Transportation Deals,"unique exact preferred-label match (candidate filter only, per PR #120)",CandidateOnly,HOLD: context-confirmation pass,label filter leaves one candidate: CM-1-2-1-3-9; resolution requires context evidence,,Q12
REL-00180,d7310c9acd37c893d7d6926645c715f425eb9dc8,CM-1-2-1-2-9,Manage Carrier Contracts,Commercial & Marketing,enables,Plan & Execute Nominations,SoleCandidate,CM-1-1-3-6-1,Plan & Execute Nominations,"unique exact preferred-label match (candidate filter only, per PR #120)",CandidateOnly,HOLD: context-confirmation pass,label filter leaves one candidate: CM-1-1-3-6-1; resolution requires context evidence,,Q12
REL-00181,d7310c9acd37c893d7d6926645c715f425eb9dc8,CM-1-2-1-3-1,Manage Pre-Trade Analysis,Commercial & Marketing,uses-input,Perform Asset Optimization,SoleCandidate,CM-1-2-1-1-4,Perform Asset Optimization,"unique exact preferred-label match (candidate filter only, per PR #120)",CandidateOnly,HOLD: context-confirmation pass,label filter leaves one candidate: CM-1-2-1-1-4; resolution requires context evidence,,Q12
REL-00182,d7310c9acd37c893d7d6926645c715f425eb9dc8,CM-1-2-1-3-1,Manage Pre-Trade Analysis,Commercial & Marketing,precedes,Obtain Trade Approval,SoleCandidate,CM-1-2-1-3-2,Obtain Trade Approval,"unique exact preferred-label match (candidate filter only, per PR #120)",CandidateOnly,HOLD: context-confirmation pass,label filter leaves one candidate: CM-1-2-1-3-2; resolution requires context evidence,,Q12
REL-00183,d7310c9acd37c893d7d6926645c715f425eb9dc8,CM-1-2-1-3-10,Report Trades to SDR,Commercial & Marketing,follows,Capture Financial (OTC) Trades,SoleCandidate,CM-1-2-1-3-7,Capture Financial (OTC) Trades,"unique exact preferred-label match (candidate filter only, per PR #120)",CandidateOnly,HOLD: context-confirmation pass,label filter leaves one candidate: CM-1-2-1-3-7; resolution requires context evidence,,Q12
REL-00184,d7310c9acd37c893d7d6926645c715f425eb9dc8,CM-1-2-1-3-10,Report Trades to SDR,Commercial & Marketing,precedes,Report Confirmation To SDR,SoleCandidate,CM-1-2-2-2-4,Report Confirmation To SDR,"unique exact preferred-label match (candidate filter only, per PR #120)",CandidateOnly,HOLD: context-confirmation pass,label filter leaves one candidate: CM-1-2-2-2-4; resolution requires context evidence,,Q12
REL-00185,d7310c9acd37c893d7d6926645c715f425eb9dc8,CM-1-2-1-3-10,Report Trades to SDR,Commercial & Marketing,governed-by,Regulatory & Compliance,SoleCandidate,CM-1-2-4-3,Regulatory & Compliance,"unique exact preferred-label match (candidate filter only, per PR #120)",CandidateOnly,HOLD: context-confirmation pass,label filter leaves one candidate: CM-1-2-4-3; resolution requires context evidence,,Q12
REL-00186,d7310c9acd37c893d7d6926645c715f425eb9dc8,CM-1-2-1-3-11,Capture Transmission Deals,Commercial & Marketing,follows,Obtain Trade Approval,SoleCandidate,CM-1-2-1-3-2,Obtain Trade Approval,"unique exact preferred-label match (candidate filter only, per PR #120)",CandidateOnly,HOLD: context-confirmation pass,label filter leaves one candidate: CM-1-2-1-3-2; resolution requires context evidence,,Q12
REL-00187,d7310c9acd37c893d7d6926645c715f425eb9dc8,CM-1-2-1-3-11,Capture Transmission Deals,Commercial & Marketing,informed-by,Receive Power Generation Forecast,SoleCandidate,CM-1-2-1-1-6,Receive Power Generation Forecast,"unique exact preferred-label match (candidate filter only, per PR #120)",CandidateOnly,HOLD: context-confirmation pass,label filter leaves one candidate: CM-1-2-1-1-6; resolution requires context evidence,,Q12
REL-00188,d7310c9acd37c893d7d6926645c715f425eb9dc8,CM-1-2-1-3-11,Capture Transmission Deals,Commercial & Marketing,precedes,Settle Power,SoleCandidate,CM-1-2-4-1-15,Settle Power,"unique exact preferred-label match (candidate filter only, per PR #120)",CandidateOnly,HOLD: context-confirmation pass,label filter leaves one candidate: CM-1-2-4-1-15; resolution requires context evidence,,Q12
REL-00189,d7310c9acd37c893d7d6926645c715f425eb9dc8,CM-1-2-1-3-2,Obtain Trade Approval,Commercial & Marketing,follows,Manage Pre-Trade Analysis,SoleCandidate,CM-1-2-1-3-1,Manage Pre-Trade Analysis,"unique exact preferred-label match (candidate filter only, per PR #120)",CandidateOnly,HOLD: context-confirmation pass,label filter leaves one candidate: CM-1-2-1-3-1; resolution requires context evidence,,Q12
REL-00190,d7310c9acd37c893d7d6926645c715f425eb9dc8,CM-1-2-1-3-2,Obtain Trade Approval,Commercial & Marketing,governed-by,Market Risk Management,SoleCandidate,CM-1-2-2-3,Market Risk Management,"unique exact preferred-label match (candidate filter only, per PR #120)",CandidateOnly,APPROVED as core:governedBy — Hamid 2026-09-25,"Trade approval applies delegated authority, risk limits, escalation thresholds owned by Market Risk Management.",governed-by review (16-row),Q12; review batch 2026-09-25
REL-00191,d7310c9acd37c893d7d6926645c715f425eb9dc8,CM-1-2-1-3-2,Obtain Trade Approval,Commercial & Marketing,precedes,Capture Physical Trades,SoleCandidate,CM-1-2-1-3-3,Capture Physical Trades,"unique exact preferred-label match (candidate filter only, per PR #120)",CandidateOnly,HOLD: context-confirmation pass,label filter leaves one candidate: CM-1-2-1-3-3; resolution requires context evidence,,Q12
REL-00192,d7310c9acd37c893d7d6926645c715f425eb9dc8,CM-1-2-1-3-3,Capture Physical Trades,Commercial & Marketing,follows,Obtain Trade Approval,SoleCandidate,CM-1-2-1-3-2,Obtain Trade Approval,"unique exact preferred-label match (candidate filter only, per PR #120)",CandidateOnly,HOLD: context-confirmation pass,label filter leaves one candidate: CM-1-2-1-3-2; resolution requires context evidence,,Q12
REL-00193,d7310c9acd37c893d7d6926645c715f425eb9dc8,CM-1-2-1-3-3,Capture Physical Trades,Commercial & Marketing,precedes,Confirmations Management,SoleCandidate,CM-1-2-2-2,Confirmations Management,"unique exact preferred-label match (candidate filter only, per PR #120)",CandidateOnly,HOLD: context-confirmation pass,label filter leaves one candidate: CM-1-2-2-2; resolution requires context evidence,,Q12
REL-00194,d7310c9acd37c893d7d6926645c715f425eb9dc8,CM-1-2-1-3-3,Capture Physical Trades,Commercial & Marketing,enables,Actualizations,AmbiguousDeferred,CM-1-2-3 | CM-1-2-3-1,Actualizations | Actualizations,exact label matches multiple concepts; no single contextual target,Deferred,no triple; retain candidates + review trigger,label collision across 2 concepts; source context does not isolate one,label remediation or domain-owner clarification,Q12
REL-00195,d7310c9acd37c893d7d6926645c715f425eb9dc8,CM-1-2-1-3-4,Capture Exchange Trades,Commercial & Marketing,follows,Obtain Trade Approval,SoleCandidate,CM-1-2-1-3-2,Obtain Trade Approval,"unique exact preferred-label match (candidate filter only, per PR #120)",CandidateOnly,HOLD: context-confirmation pass,label filter leaves one candidate: CM-1-2-1-3-2; resolution requires context evidence,,Q12
REL-00196,d7310c9acd37c893d7d6926645c715f425eb9dc8,CM-1-2-1-3-4,Capture Exchange Trades,Commercial & Marketing,enables,Perform Margining,SoleCandidate,CM-1-2-2-1-5,Perform Margining,"unique exact preferred-label match (candidate filter only, per PR #120)",CandidateOnly,HOLD: context-confirmation pass,label filter leaves one candidate: CM-1-2-2-1-5; resolution requires context evidence,,Q12
REL-00197,d7310c9acd37c893d7d6926645c715f425eb9dc8,CM-1-2-1-3-4,Capture Exchange Trades,Commercial & Marketing,precedes,Settle Exchange Trades,SoleCandidate,CM-1-2-4-1-3,Settle Exchange Trades,"unique exact preferred-label match (candidate filter only, per PR #120)",CandidateOnly,HOLD: context-confirmation pass,label filter leaves one candidate: CM-1-2-4-1-3; resolution requires context evidence,,Q12
REL-00198,d7310c9acd37c893d7d6926645c715f425eb9dc8,CM-1-2-1-3-5,Capture Storage Deals,Commercial & Marketing,follows,Obtain Trade Approval,SoleCandidate,CM-1-2-1-3-2,Obtain Trade Approval,"unique exact preferred-label match (candidate filter only, per PR #120)",CandidateOnly,HOLD: context-confirmation pass,label filter leaves one candidate: CM-1-2-1-3-2; resolution requires context evidence,,Q12
REL-00199,d7310c9acd37c893d7d6926645c715f425eb9dc8,CM-1-2-1-3-5,Capture Storage Deals,Commercial & Marketing,enables,Manage Third Party Storage,SoleCandidate,CM-1-1-3-7-11,Manage Third Party Storage,"unique exact preferred-label match (candidate filter only, per PR #120)",CandidateOnly,HOLD: context-confirmation pass,label filter leaves one candidate: CM-1-1-3-7-11; resolution requires context evidence,,Q12
REL-00200,d7310c9acd37c893d7d6926645c715f425eb9dc8,CM-1-2-1-3-5,Capture Storage Deals,Commercial & Marketing,precedes,Settle Terminal/Storage,SoleCandidate,CM-1-2-4-1-14,Settle Terminal/Storage,"unique exact preferred-label match (candidate filter only, per PR #120)",CandidateOnly,HOLD: context-confirmation pass,label filter leaves one candidate: CM-1-2-4-1-14; resolution requires context evidence,,Q12
REL-00201,d7310c9acd37c893d7d6926645c715f425eb9dc8,CM-1-2-1-3-6,Capture Environmental/Renewable Deals,Commercial & Marketing,follows,Obtain Trade Approval,SoleCandidate,CM-1-2-1-3-2,Obtain Trade Approval,"unique exact preferred-label match (candidate filter only, per PR #120)",CandidateOnly,HOLD: context-confirmation pass,label filter leaves one candidate: CM-1-2-1-3-2; resolution requires context evidence,,Q12
REL-00202,d7310c9acd37c893d7d6926645c715f425eb9dc8,CM-1-2-1-3-6,Capture Environmental/Renewable Deals,Commercial & Marketing,informed-by,Forecast Renewables,SoleCandidate,CM-1-2-1-1-3,Forecast Renewables,"unique exact preferred-label match (candidate filter only, per PR #120)",CandidateOnly,HOLD: context-confirmation pass,label filter leaves one candidate: CM-1-2-1-1-3; resolution requires context evidence,,Q12
REL-00203,d7310c9acd37c893d7d6926645c715f425eb9dc8,CM-1-2-1-3-6,Capture Environmental/Renewable Deals,Commercial & Marketing,precedes,Perform RINs/REC Actualization,SoleCandidate,CM-1-2-3-1-7,Perform RINs/REC Actualization,"unique exact preferred-label match (candidate filter only, per PR #120)",CandidateOnly,HOLD: context-confirmation pass,label filter leaves one candidate: CM-1-2-3-1-7; resolution requires context evidence,,Q12
REL-00204,d7310c9acd37c893d7d6926645c715f425eb9dc8,CM-1-2-1-3-7,Capture Financial (OTC) Trades,Commercial & Marketing,follows,Obtain Trade Approval,SoleCandidate,CM-1-2-1-3-2,Obtain Trade Approval,"unique exact preferred-label match (candidate filter only, per PR #120)",CandidateOnly,HOLD: context-confirmation pass,label filter leaves one candidate: CM-1-2-1-3-2; resolution requires context evidence,,Q12
REL-00205,d7310c9acd37c893d7d6926645c715f425eb9dc8,CM-1-2-1-3-7,Capture Financial (OTC) Trades,Commercial & Marketing,precedes,Report Trades to SDR,SoleCandidate,CM-1-2-1-3-10,Report Trades to SDR,"unique exact preferred-label match (candidate filter only, per PR #120)",CandidateOnly,HOLD: context-confirmation pass,label filter leaves one candidate: CM-1-2-1-3-10; resolution requires context evidence,,Q12
REL-00206,d7310c9acd37c893d7d6926645c715f425eb9dc8,CM-1-2-1-3-7,Capture Financial (OTC) Trades,Commercial & Marketing,precedes,Confirmations Management,SoleCandidate,CM-1-2-2-2,Confirmations Management,"unique exact preferred-label match (candidate filter only, per PR #120)",CandidateOnly,HOLD: context-confirmation pass,label filter leaves one candidate: CM-1-2-2-2; resolution requires context evidence,,Q12
REL-00207,d7310c9acd37c893d7d6926645c715f425eb9dc8,CM-1-2-1-3-8,Capture Structured Deals,Commercial & Marketing,follows,Obtain Trade Approval,SoleCandidate,CM-1-2-1-3-2,Obtain Trade Approval,"unique exact preferred-label match (candidate filter only, per PR #120)",CandidateOnly,HOLD: context-confirmation pass,label filter leaves one candidate: CM-1-2-1-3-2; resolution requires context evidence,,Q12
REL-00208,d7310c9acd37c893d7d6926645c715f425eb9dc8,CM-1-2-1-3-8,Capture Structured Deals,Commercial & Marketing,requires,Manage Commodity Valuations,SoleCandidate,CM-1-2-2-3-15,Manage Commodity Valuations,"unique exact preferred-label match (candidate filter only, per PR #120)",CandidateOnly,HOLD: context-confirmation pass,label filter leaves one candidate: CM-1-2-2-3-15; resolution requires context evidence,,Q12
REL-00209,d7310c9acd37c893d7d6926645c715f425eb9dc8,CM-1-2-1-3-8,Capture Structured Deals,Commercial & Marketing,precedes,Confirmations Management,SoleCandidate,CM-1-2-2-2,Confirmations Management,"unique exact preferred-label match (candidate filter only, per PR #120)",CandidateOnly,HOLD: context-confirmation pass,label filter leaves one candidate: CM-1-2-2-2; resolution requires context evidence,,Q12
REL-00210,d7310c9acd37c893d7d6926645c715f425eb9dc8,CM-1-2-1-3-9,Capture Transportation Deals,Commercial & Marketing,follows,Obtain Trade Approval,SoleCandidate,CM-1-2-1-3-2,Obtain Trade Approval,"unique exact preferred-label match (candidate filter only, per PR #120)",CandidateOnly,HOLD: context-confirmation pass,label filter leaves one candidate: CM-1-2-1-3-2; resolution requires context evidence,,Q12
REL-00211,d7310c9acd37c893d7d6926645c715f425eb9dc8,CM-1-2-1-3-9,Capture Transportation Deals,Commercial & Marketing,enables,Plan & Execute Nominations,SoleCandidate,CM-1-1-3-6-1,Plan & Execute Nominations,"unique exact preferred-label match (candidate filter only, per PR #120)",CandidateOnly,HOLD: context-confirmation pass,label filter leaves one candidate: CM-1-1-3-6-1; resolution requires context evidence,,Q12
REL-00212,d7310c9acd37c893d7d6926645c715f425eb9dc8,CM-1-2-1-3-9,Capture Transportation Deals,Commercial & Marketing,precedes,Settle Pipelines,SoleCandidate,CM-1-2-4-1-12,Settle Pipelines,"unique exact preferred-label match (candidate filter only, per PR #120)",CandidateOnly,HOLD: context-confirmation pass,label filter leaves one candidate: CM-1-2-4-1-12; resolution requires context evidence,,Q12
REL-00213,d7310c9acd37c893d7d6926645c715f425eb9dc8,CM-1-2-1-4,Trading Strategy Management,Commercial & Marketing,uses-input,Forecast Revenue,SoleCandidate,CM-1-2-1-1-5,Forecast Revenue,"unique exact preferred-label match (candidate filter only, per PR #120)",CandidateOnly,HOLD: context-confirmation pass,label filter leaves one candidate: CM-1-2-1-1-5; resolution requires context evidence,,Q12
REL-00214,d7310c9acd37c893d7d6926645c715f425eb9dc8,CM-1-2-1-4,Trading Strategy Management,Commercial & Marketing,uses-input,Perform Asset Optimization,SoleCandidate,CM-1-2-1-1-4,Perform Asset Optimization,"unique exact preferred-label match (candidate filter only, per PR #120)",CandidateOnly,HOLD: context-confirmation pass,label filter leaves one candidate: CM-1-2-1-1-4; resolution requires context evidence,,Q12
REL-00215,d7310c9acd37c893d7d6926645c715f425eb9dc8,CM-1-2-1-4,Trading Strategy Management,Commercial & Marketing,governed-by,Market Risk Management,SoleCandidate,CM-1-2-2-3,Market Risk Management,"unique exact preferred-label match (candidate filter only, per PR #120)",CandidateOnly,HOLD: context-confirmation pass,label filter leaves one candidate: CM-1-2-2-3; resolution requires context evidence,,Q12
REL-00216,d7310c9acd37c893d7d6926645c715f425eb9dc8,CM-1-2-2-1-1,Perform Counterparty Credit Reviews,Commercial & Marketing,enables,Manage Credit Limits,SoleCandidate,CM-1-2-2-1-2,Manage Credit Limits,"unique exact preferred-label match (candidate filter only, per PR #120)",CandidateOnly,HOLD: context-confirmation pass,label filter leaves one candidate: CM-1-2-2-1-2; resolution requires context evidence,,Q12
REL-00217,d7310c9acd37c893d7d6926645c715f425eb9dc8,CM-1-2-2-1-1,Perform Counterparty Credit Reviews,Commercial & Marketing,enables,Create New Counterparty,SoleCandidate,CM-1-2-1-2-1,Create New Counterparty,"unique exact preferred-label match (candidate filter only, per PR #120)",CandidateOnly,HOLD: context-confirmation pass,label filter leaves one candidate: CM-1-2-1-2-1; resolution requires context evidence,,Q12
REL-00218,d7310c9acd37c893d7d6926645c715f425eb9dc8,CM-1-2-2-1-1,Perform Counterparty Credit Reviews,Commercial & Marketing,informed-by,Monitor & Analyze Credit,SoleCandidate,CM-1-2-2-1-7,Monitor & Analyze Credit,"unique exact preferred-label match (candidate filter only, per PR #120)",CandidateOnly,HOLD: context-confirmation pass,label filter leaves one candidate: CM-1-2-2-1-7; resolution requires context evidence,,Q12
REL-00219,d7310c9acd37c893d7d6926645c715f425eb9dc8,CM-1-2-2-1-2,Manage Credit Limits,Commercial & Marketing,follows,Perform Counterparty Credit Reviews,SoleCandidate,CM-1-2-2-1-1,Perform Counterparty Credit Reviews,"unique exact preferred-label match (candidate filter only, per PR #120)",CandidateOnly,HOLD: context-confirmation pass,label filter leaves one candidate: CM-1-2-2-1-1; resolution requires context evidence,,Q12
REL-00220,d7310c9acd37c893d7d6926645c715f425eb9dc8,CM-1-2-2-1-2,Manage Credit Limits,Commercial & Marketing,enables,Manage Pre-Trade Analysis,SoleCandidate,CM-1-2-1-3-1,Manage Pre-Trade Analysis,"unique exact preferred-label match (candidate filter only, per PR #120)",CandidateOnly,HOLD: context-confirmation pass,label filter leaves one candidate: CM-1-2-1-3-1; resolution requires context evidence,,Q12
REL-00221,d7310c9acd37c893d7d6926645c715f425eb9dc8,CM-1-2-2-1-2,Manage Credit Limits,Commercial & Marketing,enables,Monitor & Analyze Credit,SoleCandidate,CM-1-2-2-1-7,Monitor & Analyze Credit,"unique exact preferred-label match (candidate filter only, per PR #120)",CandidateOnly,HOLD: context-confirmation pass,label filter leaves one candidate: CM-1-2-2-1-7; resolution requires context evidence,,Q12
REL-00222,d7310c9acd37c893d7d6926645c715f425eb9dc8,CM-1-2-2-1-3,Manage Collateral,Commercial & Marketing,uses-input,Calculate Credit Exposure,SoleCandidate,CM-1-2-2-1-4,Calculate Credit Exposure,"unique exact preferred-label match (candidate filter only, per PR #120)",CandidateOnly,HOLD: context-confirmation pass,label filter leaves one candidate: CM-1-2-2-1-4; resolution requires context evidence,,Q12
REL-00223,d7310c9acd37c893d7d6926645c715f425eb9dc8,CM-1-2-2-1-3,Manage Collateral,Commercial & Marketing,enables,Terminate/Novate Counterparty,SoleCandidate,CM-1-2-1-2-3,Terminate/Novate Counterparty,"unique exact preferred-label match (candidate filter only, per PR #120)",CandidateOnly,HOLD: context-confirmation pass,label filter leaves one candidate: CM-1-2-1-2-3; resolution requires context evidence,,Q12
REL-00224,d7310c9acd37c893d7d6926645c715f425eb9dc8,CM-1-2-2-1-3,Manage Collateral,Commercial & Marketing,informed-by,Contract Management,SoleCandidate,CM-1-2-1-2,Contract Management,"unique exact preferred-label match (candidate filter only, per PR #120)",CandidateOnly,HOLD: context-confirmation pass,label filter leaves one candidate: CM-1-2-1-2; resolution requires context evidence,,Q12
REL-00225,d7310c9acd37c893d7d6926645c715f425eb9dc8,CM-1-2-2-1-4,Calculate Credit Exposure,Commercial & Marketing,uses-input,Manage Commodity Valuations,SoleCandidate,CM-1-2-2-3-15,Manage Commodity Valuations,"unique exact preferred-label match (candidate filter only, per PR #120)",CandidateOnly,HOLD: context-confirmation pass,label filter leaves one candidate: CM-1-2-2-3-15; resolution requires context evidence,,Q12
REL-00226,d7310c9acd37c893d7d6926645c715f425eb9dc8,CM-1-2-2-1-4,Calculate Credit Exposure,Commercial & Marketing,enables,Manage Credit Limits,SoleCandidate,CM-1-2-2-1-2,Manage Credit Limits,"unique exact preferred-label match (candidate filter only, per PR #120)",CandidateOnly,HOLD: context-confirmation pass,label filter leaves one candidate: CM-1-2-2-1-2; resolution requires context evidence,,Q12
REL-00227,d7310c9acd37c893d7d6926645c715f425eb9dc8,CM-1-2-2-1-4,Calculate Credit Exposure,Commercial & Marketing,enables,Manage Collateral,SoleCandidate,CM-1-2-2-1-3,Manage Collateral,"unique exact preferred-label match (candidate filter only, per PR #120)",CandidateOnly,HOLD: context-confirmation pass,label filter leaves one candidate: CM-1-2-2-1-3; resolution requires context evidence,,Q12
REL-00228,d7310c9acd37c893d7d6926645c715f425eb9dc8,CM-1-2-2-1-5,Perform Margining,Commercial & Marketing,follows,Capture Exchange Trades,SoleCandidate,CM-1-2-1-3-4,Capture Exchange Trades,"unique exact preferred-label match (candidate filter only, per PR #120)",CandidateOnly,HOLD: context-confirmation pass,label filter leaves one candidate: CM-1-2-1-3-4; resolution requires context evidence,,Q12
REL-00229,d7310c9acd37c893d7d6926645c715f425eb9dc8,CM-1-2-2-1-5,Perform Margining,Commercial & Marketing,uses-input,Calculate Credit Exposure,SoleCandidate,CM-1-2-2-1-4,Calculate Credit Exposure,"unique exact preferred-label match (candidate filter only, per PR #120)",CandidateOnly,HOLD: context-confirmation pass,label filter leaves one candidate: CM-1-2-2-1-4; resolution requires context evidence,,Q12
REL-00230,d7310c9acd37c893d7d6926645c715f425eb9dc8,CM-1-2-2-1-5,Perform Margining,Commercial & Marketing,precedes,Settle Broker,SoleCandidate,CM-1-2-4-1-16,Settle Broker,"unique exact preferred-label match (candidate filter only, per PR #120)",CandidateOnly,HOLD: context-confirmation pass,label filter leaves one candidate: CM-1-2-4-1-16; resolution requires context evidence,,Q12
REL-00231,d7310c9acd37c893d7d6926645c715f425eb9dc8,CM-1-2-2-1-6,Perform Advanced Credit Risk Analytics,Commercial & Marketing,uses-input,Calculate Credit Exposure,SoleCandidate,CM-1-2-2-1-4,Calculate Credit Exposure,"unique exact preferred-label match (candidate filter only, per PR #120)",CandidateOnly,HOLD: context-confirmation pass,label filter leaves one candidate: CM-1-2-2-1-4; resolution requires context evidence,,Q12
REL-00232,d7310c9acd37c893d7d6926645c715f425eb9dc8,CM-1-2-2-1-6,Perform Advanced Credit Risk Analytics,Commercial & Marketing,enables,Manage Credit Limits,SoleCandidate,CM-1-2-2-1-2,Manage Credit Limits,"unique exact preferred-label match (candidate filter only, per PR #120)",CandidateOnly,HOLD: context-confirmation pass,label filter leaves one candidate: CM-1-2-2-1-2; resolution requires context evidence,,Q12
REL-00233,d7310c9acd37c893d7d6926645c715f425eb9dc8,CM-1-2-2-1-6,Perform Advanced Credit Risk Analytics,Commercial & Marketing,enables,Manage Credit Risk Reporting,SoleCandidate,CM-1-2-2-1-8,Manage Credit Risk Reporting,"unique exact preferred-label match (candidate filter only, per PR #120)",CandidateOnly,HOLD: context-confirmation pass,label filter leaves one candidate: CM-1-2-2-1-8; resolution requires context evidence,,Q12
REL-00234,d7310c9acd37c893d7d6926645c715f425eb9dc8,CM-1-2-2-1-7,Monitor & Analyze Credit,Commercial & Marketing,uses-input,Calculate Credit Exposure,SoleCandidate,CM-1-2-2-1-4,Calculate Credit Exposure,"unique exact preferred-label match (candidate filter only, per PR #120)",CandidateOnly,HOLD: context-confirmation pass,label filter leaves one candidate: CM-1-2-2-1-4; resolution requires context evidence,,Q12
REL-00235,d7310c9acd37c893d7d6926645c715f425eb9dc8,CM-1-2-2-1-7,Monitor & Analyze Credit,Commercial & Marketing,triggers,Perform Counterparty Credit Reviews,SoleCandidate,CM-1-2-2-1-1,Perform Counterparty Credit Reviews,"unique exact preferred-label match (candidate filter only, per PR #120)",CandidateOnly,HOLD: context-confirmation pass,label filter leaves one candidate: CM-1-2-2-1-1; resolution requires context evidence,,Q12
REL-00236,d7310c9acd37c893d7d6926645c715f425eb9dc8,CM-1-2-2-1-7,Monitor & Analyze Credit,Commercial & Marketing,triggers,Manage Credit Limits,SoleCandidate,CM-1-2-2-1-2,Manage Credit Limits,"unique exact preferred-label match (candidate filter only, per PR #120)",CandidateOnly,HOLD: context-confirmation pass,label filter leaves one candidate: CM-1-2-2-1-2; resolution requires context evidence,,Q12
REL-00237,d7310c9acd37c893d7d6926645c715f425eb9dc8,CM-1-2-2-1-8,Manage Credit Risk Reporting,Commercial & Marketing,uses-input,Monitor & Analyze Credit,SoleCandidate,CM-1-2-2-1-7,Monitor & Analyze Credit,"unique exact preferred-label match (candidate filter only, per PR #120)",CandidateOnly,HOLD: context-confirmation pass,label filter leaves one candidate: CM-1-2-2-1-7; resolution requires context evidence,,Q12
REL-00238,d7310c9acd37c893d7d6926645c715f425eb9dc8,CM-1-2-2-1-8,Manage Credit Risk Reporting,Commercial & Marketing,uses-input,Perform Advanced Credit Risk Analytics,SoleCandidate,CM-1-2-2-1-6,Perform Advanced Credit Risk Analytics,"unique exact preferred-label match (candidate filter only, per PR #120)",CandidateOnly,HOLD: context-confirmation pass,label filter leaves one candidate: CM-1-2-2-1-6; resolution requires context evidence,,Q12
REL-00239,d7310c9acd37c893d7d6926645c715f425eb9dc8,CM-1-2-2-1-8,Manage Credit Risk Reporting,Commercial & Marketing,enables,Trading Strategy Management,SoleCandidate,CM-1-2-1-4,Trading Strategy Management,"unique exact preferred-label match (candidate filter only, per PR #120)",CandidateOnly,HOLD: context-confirmation pass,label filter leaves one candidate: CM-1-2-1-4; resolution requires context evidence,,Q12
REL-00240,d7310c9acd37c893d7d6926645c715f425eb9dc8,CM-1-2-2-2-1,Generate Confirms,Commercial & Marketing,follows,Trade Capture,SoleCandidate,CM-1-2-1-3,Trade Capture,"unique exact preferred-label match (candidate filter only, per PR #120)",CandidateOnly,HOLD: context-confirmation pass,label filter leaves one candidate: CM-1-2-1-3; resolution requires context evidence,,Q12
REL-00241,d7310c9acd37c893d7d6926645c715f425eb9dc8,CM-1-2-2-2-1,Generate Confirms,Commercial & Marketing,precedes,Manage Confirm Disputes,SoleCandidate,CM-1-2-2-2-5,Manage Confirm Disputes,"unique exact preferred-label match (candidate filter only, per PR #120)",CandidateOnly,HOLD: context-confirmation pass,label filter leaves one candidate: CM-1-2-2-2-5; resolution requires context evidence,,Q12
REL-00242,d7310c9acd37c893d7d6926645c715f425eb9dc8,CM-1-2-2-2-1,Generate Confirms,Commercial & Marketing,uses-input,Manage Confirmation Documentation,SoleCandidate,CM-1-2-2-2-2,Manage Confirmation Documentation,"unique exact preferred-label match (candidate filter only, per PR #120)",CandidateOnly,HOLD: context-confirmation pass,label filter leaves one candidate: CM-1-2-2-2-2; resolution requires context evidence,,Q12
REL-00243,d7310c9acd37c893d7d6926645c715f425eb9dc8,CM-1-2-2-2-2,Manage Confirmation Documentation,Commercial & Marketing,enables,Generate Confirms,SoleCandidate,CM-1-2-2-2-1,Generate Confirms,"unique exact preferred-label match (candidate filter only, per PR #120)",CandidateOnly,APPROVED as core:enables — Hamid 2026-09-25,Templates and controlled wording are direct prerequisites for confirmation generation.,enables sample review (32-row),Q12; review batch 2026-09-25
REL-00244,d7310c9acd37c893d7d6926645c715f425eb9dc8,CM-1-2-2-2-2,Manage Confirmation Documentation,Commercial & Marketing,informed-by,Contract Management,SoleCandidate,CM-1-2-1-2,Contract Management,"unique exact preferred-label match (candidate filter only, per PR #120)",CandidateOnly,HOLD: context-confirmation pass,label filter leaves one candidate: CM-1-2-1-2; resolution requires context evidence,,Q12
REL-00245,d7310c9acd37c893d7d6926645c715f425eb9dc8,CM-1-2-2-2-3,Manage Trade Modifications,Commercial & Marketing,follows,Generate Confirms,SoleCandidate,CM-1-2-2-2-1,Generate Confirms,"unique exact preferred-label match (candidate filter only, per PR #120)",CandidateOnly,HOLD: context-confirmation pass,label filter leaves one candidate: CM-1-2-2-2-1; resolution requires context evidence,,Q12
REL-00246,d7310c9acd37c893d7d6926645c715f425eb9dc8,CM-1-2-2-2-3,Manage Trade Modifications,Commercial & Marketing,triggers,Report Confirmation To SDR,SoleCandidate,CM-1-2-2-2-4,Report Confirmation To SDR,"unique exact preferred-label match (candidate filter only, per PR #120)",CandidateOnly,HOLD: context-confirmation pass,label filter leaves one candidate: CM-1-2-2-2-4; resolution requires context evidence,,Q12
REL-00247,d7310c9acd37c893d7d6926645c715f425eb9dc8,CM-1-2-2-2-3,Manage Trade Modifications,Commercial & Marketing,requires,Trade Capture,SoleCandidate,CM-1-2-1-3,Trade Capture,"unique exact preferred-label match (candidate filter only, per PR #120)",CandidateOnly,HOLD: context-confirmation pass,label filter leaves one candidate: CM-1-2-1-3; resolution requires context evidence,,Q12
REL-00248,d7310c9acd37c893d7d6926645c715f425eb9dc8,CM-1-2-2-2-4,Report Confirmation To SDR,Commercial & Marketing,informed-by,Report Trades to SDR,SoleCandidate,CM-1-2-1-3-10,Report Trades to SDR,"unique exact preferred-label match (candidate filter only, per PR #120)",CandidateOnly,HOLD: context-confirmation pass,label filter leaves one candidate: CM-1-2-1-3-10; resolution requires context evidence,,Q12
REL-00249,d7310c9acd37c893d7d6926645c715f425eb9dc8,CM-1-2-2-2-4,Report Confirmation To SDR,Commercial & Marketing,informed-by,Manage Trade Modifications,SoleCandidate,CM-1-2-2-2-3,Manage Trade Modifications,"unique exact preferred-label match (candidate filter only, per PR #120)",CandidateOnly,HOLD: context-confirmation pass,label filter leaves one candidate: CM-1-2-2-2-3; resolution requires context evidence,,Q12
REL-00250,d7310c9acd37c893d7d6926645c715f425eb9dc8,CM-1-2-2-2-4,Report Confirmation To SDR,Commercial & Marketing,governed-by,Regulatory & Compliance,SoleCandidate,CM-1-2-4-3,Regulatory & Compliance,"unique exact preferred-label match (candidate filter only, per PR #120)",CandidateOnly,HOLD: context-confirmation pass,label filter leaves one candidate: CM-1-2-4-3; resolution requires context evidence,,Q12
REL-00251,d7310c9acd37c893d7d6926645c715f425eb9dc8,CM-1-2-2-2-5,Manage Confirm Disputes,Commercial & Marketing,follows,Generate Confirms,SoleCandidate,CM-1-2-2-2-1,Generate Confirms,"unique exact preferred-label match (candidate filter only, per PR #120)",CandidateOnly,HOLD: context-confirmation pass,label filter leaves one candidate: CM-1-2-2-2-1; resolution requires context evidence,,Q12
REL-00252,d7310c9acd37c893d7d6926645c715f425eb9dc8,CM-1-2-2-2-5,Manage Confirm Disputes,Commercial & Marketing,triggers,Manage Trade Modifications,SoleCandidate,CM-1-2-2-2-3,Manage Trade Modifications,"unique exact preferred-label match (candidate filter only, per PR #120)",CandidateOnly,HOLD: context-confirmation pass,label filter leaves one candidate: CM-1-2-2-2-3; resolution requires context evidence,,Q12
REL-00253,d7310c9acd37c893d7d6926645c715f425eb9dc8,CM-1-2-2-2-5,Manage Confirm Disputes,Commercial & Marketing,enables,Settlements,SoleCandidate,CM-1-2-4-1,Settlements,"unique exact preferred-label match (candidate filter only, per PR #120)",CandidateOnly,HOLD: context-confirmation pass,label filter leaves one candidate: CM-1-2-4-1; resolution requires context evidence,,Q12
REL-00254,d7310c9acd37c893d7d6926645c715f425eb9dc8,CM-1-2-2-3-1,Establish And Maintain Book Structure,Commercial & Marketing,enables,Trade Capture,SoleCandidate,CM-1-2-1-3,Trade Capture,"unique exact preferred-label match (candidate filter only, per PR #120)",CandidateOnly,HOLD: context-confirmation pass,label filter leaves one candidate: CM-1-2-1-3; resolution requires context evidence,,Q12
REL-00255,d7310c9acd37c893d7d6926645c715f425eb9dc8,CM-1-2-2-3-1,Establish And Maintain Book Structure,Commercial & Marketing,enables,Perform Position & P&L Analysis (CM-1-2-2-3-9),ResolvedToConcept,CM-1-2-2-3-9,Perform Position & P&L Analysis,stable identifier CM-1-2-2-3-9 carried in mention text,StableIdentifier,emit automatically after subject/target existence checks,target carries its slug; resolves to Perform Position & P&L Analysis,,Q11+Q12
REL-00256,d7310c9acd37c893d7d6926645c715f425eb9dc8,CM-1-2-2-3-10,Monitor Risk Policy Compliance,Commercial & Marketing,uses-input,Establish & Maintain Delegation Of Authority (DOA),SoleCandidate,CM-1-2-2-3-2,Establish & Maintain Delegation Of Authority (DOA),"unique exact preferred-label match (candidate filter only, per PR #120)",CandidateOnly,HOLD: context-confirmation pass,label filter leaves one candidate: CM-1-2-2-3-2; resolution requires context evidence,,Q12
REL-00257,d7310c9acd37c893d7d6926645c715f425eb9dc8,CM-1-2-2-3-10,Monitor Risk Policy Compliance,Commercial & Marketing,enables,Manage Risk Reporting,SoleCandidate,CM-1-2-2-3-13,Manage Risk Reporting,"unique exact preferred-label match (candidate filter only, per PR #120)",CandidateOnly,HOLD: context-confirmation pass,label filter leaves one candidate: CM-1-2-2-3-13; resolution requires context evidence,,Q12
REL-00258,d7310c9acd37c893d7d6926645c715f425eb9dc8,CM-1-2-2-3-11,Manage And Run Risk Scenarios,Commercial & Marketing,uses-input,Measure Risk,SoleCandidate,CM-1-2-2-3-7,Measure Risk,"unique exact preferred-label match (candidate filter only, per PR #120)",CandidateOnly,HOLD: context-confirmation pass,label filter leaves one candidate: CM-1-2-2-3-7; resolution requires context evidence,,Q12
REL-00259,d7310c9acd37c893d7d6926645c715f425eb9dc8,CM-1-2-2-3-11,Manage And Run Risk Scenarios,Commercial & Marketing,enables,Manage Risk Limits,SoleCandidate,CM-1-2-2-3-6,Manage Risk Limits,"unique exact preferred-label match (candidate filter only, per PR #120)",CandidateOnly,HOLD: context-confirmation pass,label filter leaves one candidate: CM-1-2-2-3-6; resolution requires context evidence,,Q12
REL-00260,d7310c9acd37c893d7d6926645c715f425eb9dc8,CM-1-2-2-3-11,Manage And Run Risk Scenarios,Commercial & Marketing,enables,Manage Risk Reporting,SoleCandidate,CM-1-2-2-3-13,Manage Risk Reporting,"unique exact preferred-label match (candidate filter only, per PR #120)",CandidateOnly,HOLD: context-confirmation pass,label filter leaves one candidate: CM-1-2-2-3-13; resolution requires context evidence,,Q12
REL-00261,d7310c9acd37c893d7d6926645c715f425eb9dc8,CM-1-2-2-3-12,Conduct Advanced Risk Analytics,Commercial & Marketing,uses-input,Measure Risk,SoleCandidate,CM-1-2-2-3-7,Measure Risk,"unique exact preferred-label match (candidate filter only, per PR #120)",CandidateOnly,HOLD: context-confirmation pass,label filter leaves one candidate: CM-1-2-2-3-7; resolution requires context evidence,,Q12
REL-00262,d7310c9acd37c893d7d6926645c715f425eb9dc8,CM-1-2-2-3-12,Conduct Advanced Risk Analytics,Commercial & Marketing,enables,Manage Risk Limits,SoleCandidate,CM-1-2-2-3-6,Manage Risk Limits,"unique exact preferred-label match (candidate filter only, per PR #120)",CandidateOnly,HOLD: context-confirmation pass,label filter leaves one candidate: CM-1-2-2-3-6; resolution requires context evidence,,Q12
REL-00263,d7310c9acd37c893d7d6926645c715f425eb9dc8,CM-1-2-2-3-12,Conduct Advanced Risk Analytics,Commercial & Marketing,enables,Manage Risk Reporting,SoleCandidate,CM-1-2-2-3-13,Manage Risk Reporting,"unique exact preferred-label match (candidate filter only, per PR #120)",CandidateOnly,HOLD: context-confirmation pass,label filter leaves one candidate: CM-1-2-2-3-13; resolution requires context evidence,,Q12
REL-00264,d7310c9acd37c893d7d6926645c715f425eb9dc8,CM-1-2-2-3-13,Manage Risk Reporting,Commercial & Marketing,uses-input,Monitor Risk,SoleCandidate,CM-1-2-2-3-8,Monitor Risk,"unique exact preferred-label match (candidate filter only, per PR #120)",CandidateOnly,HOLD: context-confirmation pass,label filter leaves one candidate: CM-1-2-2-3-8; resolution requires context evidence,,Q12
REL-00265,d7310c9acd37c893d7d6926645c715f425eb9dc8,CM-1-2-2-3-13,Manage Risk Reporting,Commercial & Marketing,uses-input,Perform Position & P&L Analysis (CM-1-2-2-3-9),ResolvedToConcept,CM-1-2-2-3-9,Perform Position & P&L Analysis,stable identifier CM-1-2-2-3-9 carried in mention text,StableIdentifier,emit automatically after subject/target existence checks,target carries its slug; resolves to Perform Position & P&L Analysis,,Q11+Q12
REL-00266,d7310c9acd37c893d7d6926645c715f425eb9dc8,CM-1-2-2-3-13,Manage Risk Reporting,Commercial & Marketing,enables,Trading Strategy Management,SoleCandidate,CM-1-2-1-4,Trading Strategy Management,"unique exact preferred-label match (candidate filter only, per PR #120)",CandidateOnly,HOLD: context-confirmation pass,label filter leaves one candidate: CM-1-2-1-4; resolution requires context evidence,,Q12
REL-00267,d7310c9acd37c893d7d6926645c715f425eb9dc8,CM-1-2-2-3-14,Manage Volatilities And Correlations,Commercial & Marketing,enables,Manage Commodity Valuations,SoleCandidate,CM-1-2-2-3-15,Manage Commodity Valuations,"unique exact preferred-label match (candidate filter only, per PR #120)",CandidateOnly,HOLD: context-confirmation pass,label filter leaves one candidate: CM-1-2-2-3-15; resolution requires context evidence,,Q12
REL-00268,d7310c9acd37c893d7d6926645c715f425eb9dc8,CM-1-2-2-3-14,Manage Volatilities And Correlations,Commercial & Marketing,enables,Measure Risk,SoleCandidate,CM-1-2-2-3-7,Measure Risk,"unique exact preferred-label match (candidate filter only, per PR #120)",CandidateOnly,HOLD: context-confirmation pass,label filter leaves one candidate: CM-1-2-2-3-7; resolution requires context evidence,,Q12
REL-00269,d7310c9acd37c893d7d6926645c715f425eb9dc8,CM-1-2-2-3-15,Manage Commodity Valuations,Commercial & Marketing,uses-input,Setup And Manage Curves,SoleCandidate,CM-1-2-2-3-3,Setup And Manage Curves,"unique exact preferred-label match (candidate filter only, per PR #120)",CandidateOnly,HOLD: context-confirmation pass,label filter leaves one candidate: CM-1-2-2-3-3; resolution requires context evidence,,Q12
REL-00270,d7310c9acd37c893d7d6926645c715f425eb9dc8,CM-1-2-2-3-15,Manage Commodity Valuations,Commercial & Marketing,uses-input,Manage Volatilities And Correlations,SoleCandidate,CM-1-2-2-3-14,Manage Volatilities And Correlations,"unique exact preferred-label match (candidate filter only, per PR #120)",CandidateOnly,HOLD: context-confirmation pass,label filter leaves one candidate: CM-1-2-2-3-14; resolution requires context evidence,,Q12
REL-00271,d7310c9acd37c893d7d6926645c715f425eb9dc8,CM-1-2-2-3-15,Manage Commodity Valuations,Commercial & Marketing,enables,Perform Position & P&L Analysis (CM-1-2-2-3-9),ResolvedToConcept,CM-1-2-2-3-9,Perform Position & P&L Analysis,stable identifier CM-1-2-2-3-9 carried in mention text,StableIdentifier,emit automatically after subject/target existence checks,target carries its slug; resolves to Perform Position & P&L Analysis,,Q11+Q12
REL-00272,d7310c9acd37c893d7d6926645c715f425eb9dc8,CM-1-2-2-3-2,Establish & Maintain Delegation Of Authority (DOA),Commercial & Marketing,enables,Obtain Trade Approval,SoleCandidate,CM-1-2-1-3-2,Obtain Trade Approval,"unique exact preferred-label match (candidate filter only, per PR #120)",CandidateOnly,HOLD: context-confirmation pass,label filter leaves one candidate: CM-1-2-1-3-2; resolution requires context evidence,,Q12
REL-00273,d7310c9acd37c893d7d6926645c715f425eb9dc8,CM-1-2-2-3-2,Establish & Maintain Delegation Of Authority (DOA),Commercial & Marketing,enables,Trading Strategy Management,SoleCandidate,CM-1-2-1-4,Trading Strategy Management,"unique exact preferred-label match (candidate filter only, per PR #120)",CandidateOnly,HOLD: context-confirmation pass,label filter leaves one candidate: CM-1-2-1-4; resolution requires context evidence,,Q12
REL-00274,d7310c9acd37c893d7d6926645c715f425eb9dc8,CM-1-2-2-3-2,Establish & Maintain Delegation Of Authority (DOA),Commercial & Marketing,governed-by,Regulatory & Compliance,SoleCandidate,CM-1-2-4-3,Regulatory & Compliance,"unique exact preferred-label match (candidate filter only, per PR #120)",CandidateOnly,HOLD — source review — Hamid 2026-09-25,Trading Regulatory & Compliance does not evidence ownership of the delegation-of-authority framework; target appears overbroad. Do not reinterpret.,governed-by review (16-row),Q12; review batch 2026-09-25
REL-00275,d7310c9acd37c893d7d6926645c715f425eb9dc8,CM-1-2-2-3-3,Setup And Manage Curves,Commercial & Marketing,enables,Manage Commodity Valuations,SoleCandidate,CM-1-2-2-3-15,Manage Commodity Valuations,"unique exact preferred-label match (candidate filter only, per PR #120)",CandidateOnly,HOLD: context-confirmation pass,label filter leaves one candidate: CM-1-2-2-3-15; resolution requires context evidence,,Q12
REL-00276,d7310c9acd37c893d7d6926645c715f425eb9dc8,CM-1-2-2-3-3,Setup And Manage Curves,Commercial & Marketing,enables,Calculate Credit Exposure,SoleCandidate,CM-1-2-2-1-4,Calculate Credit Exposure,"unique exact preferred-label match (candidate filter only, per PR #120)",CandidateOnly,HOLD: context-confirmation pass,label filter leaves one candidate: CM-1-2-2-1-4; resolution requires context evidence,,Q12
REL-00277,d7310c9acd37c893d7d6926645c715f425eb9dc8,CM-1-2-2-3-3,Setup And Manage Curves,Commercial & Marketing,enables,Measure Risk,SoleCandidate,CM-1-2-2-3-7,Measure Risk,"unique exact preferred-label match (candidate filter only, per PR #120)",CandidateOnly,HOLD: context-confirmation pass,label filter leaves one candidate: CM-1-2-2-3-7; resolution requires context evidence,,Q12
REL-00278,d7310c9acd37c893d7d6926645c715f425eb9dc8,CM-1-2-2-3-4,Perform End-of-day (EOD) Process,Commercial & Marketing,uses-input,Setup And Manage Curves,SoleCandidate,CM-1-2-2-3-3,Setup And Manage Curves,"unique exact preferred-label match (candidate filter only, per PR #120)",CandidateOnly,HOLD: context-confirmation pass,label filter leaves one candidate: CM-1-2-2-3-3; resolution requires context evidence,,Q12
REL-00279,d7310c9acd37c893d7d6926645c715f425eb9dc8,CM-1-2-2-3-4,Perform End-of-day (EOD) Process,Commercial & Marketing,uses-input,Manage Commodity Valuations,SoleCandidate,CM-1-2-2-3-15,Manage Commodity Valuations,"unique exact preferred-label match (candidate filter only, per PR #120)",CandidateOnly,HOLD: context-confirmation pass,label filter leaves one candidate: CM-1-2-2-3-15; resolution requires context evidence,,Q12
REL-00280,d7310c9acd37c893d7d6926645c715f425eb9dc8,CM-1-2-2-3-4,Perform End-of-day (EOD) Process,Commercial & Marketing,precedes,Perform End-of-Month (EOM) Process,SoleCandidate,CM-1-2-2-3-5,Perform End-of-Month (EOM) Process,"unique exact preferred-label match (candidate filter only, per PR #120)",CandidateOnly,HOLD: context-confirmation pass,label filter leaves one candidate: CM-1-2-2-3-5; resolution requires context evidence,,Q12
REL-00281,d7310c9acd37c893d7d6926645c715f425eb9dc8,CM-1-2-2-3-5,Perform End-of-Month (EOM) Process,Commercial & Marketing,follows,Perform End-of-day (EOD) Process,SoleCandidate,CM-1-2-2-3-4,Perform End-of-day (EOD) Process,"unique exact preferred-label match (candidate filter only, per PR #120)",CandidateOnly,HOLD: context-confirmation pass,label filter leaves one candidate: CM-1-2-2-3-4; resolution requires context evidence,,Q12
REL-00282,d7310c9acd37c893d7d6926645c715f425eb9dc8,CM-1-2-2-3-5,Perform End-of-Month (EOM) Process,Commercial & Marketing,enables,Reconcile Economic PNL to Accounting PNL (CM-1-2-4-2-6),ResolvedToConcept,CM-1-2-4-2-6,Reconcile Economic PNL to Accounting PNL,stable identifier CM-1-2-4-2-6 carried in mention text,StableIdentifier,emit automatically after subject/target existence checks,target carries its slug; resolves to Reconcile Economic PNL to Accounting PNL,,Q11+Q12
REL-00283,d7310c9acd37c893d7d6926645c715f425eb9dc8,CM-1-2-2-3-5,Perform End-of-Month (EOM) Process,Commercial & Marketing,enables,Manage Risk Reporting,SoleCandidate,CM-1-2-2-3-13,Manage Risk Reporting,"unique exact preferred-label match (candidate filter only, per PR #120)",CandidateOnly,HOLD: context-confirmation pass,label filter leaves one candidate: CM-1-2-2-3-13; resolution requires context evidence,,Q12
REL-00284,d7310c9acd37c893d7d6926645c715f425eb9dc8,CM-1-2-2-3-6,Manage Risk Limits,Commercial & Marketing,enables,Monitor Risk,SoleCandidate,CM-1-2-2-3-8,Monitor Risk,"unique exact preferred-label match (candidate filter only, per PR #120)",CandidateOnly,HOLD: context-confirmation pass,label filter leaves one candidate: CM-1-2-2-3-8; resolution requires context evidence,,Q12
REL-00285,d7310c9acd37c893d7d6926645c715f425eb9dc8,CM-1-2-2-3-6,Manage Risk Limits,Commercial & Marketing,enables,Trading Strategy Management,SoleCandidate,CM-1-2-1-4,Trading Strategy Management,"unique exact preferred-label match (candidate filter only, per PR #120)",CandidateOnly,HOLD: context-confirmation pass,label filter leaves one candidate: CM-1-2-1-4; resolution requires context evidence,,Q12
REL-00286,d7310c9acd37c893d7d6926645c715f425eb9dc8,CM-1-2-2-3-6,Manage Risk Limits,Commercial & Marketing,informed-by,Measure Risk,SoleCandidate,CM-1-2-2-3-7,Measure Risk,"unique exact preferred-label match (candidate filter only, per PR #120)",CandidateOnly,HOLD: context-confirmation pass,label filter leaves one candidate: CM-1-2-2-3-7; resolution requires context evidence,,Q12
REL-00287,d7310c9acd37c893d7d6926645c715f425eb9dc8,CM-1-2-2-3-7,Measure Risk,Commercial & Marketing,uses-input,Setup And Manage Curves,SoleCandidate,CM-1-2-2-3-3,Setup And Manage Curves,"unique exact preferred-label match (candidate filter only, per PR #120)",CandidateOnly,HOLD: context-confirmation pass,label filter leaves one candidate: CM-1-2-2-3-3; resolution requires context evidence,,Q12
REL-00288,d7310c9acd37c893d7d6926645c715f425eb9dc8,CM-1-2-2-3-7,Measure Risk,Commercial & Marketing,uses-input,Manage Volatilities And Correlations,SoleCandidate,CM-1-2-2-3-14,Manage Volatilities And Correlations,"unique exact preferred-label match (candidate filter only, per PR #120)",CandidateOnly,HOLD: context-confirmation pass,label filter leaves one candidate: CM-1-2-2-3-14; resolution requires context evidence,,Q12
REL-00289,d7310c9acd37c893d7d6926645c715f425eb9dc8,CM-1-2-2-3-7,Measure Risk,Commercial & Marketing,enables,Monitor Risk,SoleCandidate,CM-1-2-2-3-8,Monitor Risk,"unique exact preferred-label match (candidate filter only, per PR #120)",CandidateOnly,HOLD: context-confirmation pass,label filter leaves one candidate: CM-1-2-2-3-8; resolution requires context evidence,,Q12
REL-00290,d7310c9acd37c893d7d6926645c715f425eb9dc8,CM-1-2-2-3-8,Monitor Risk,Commercial & Marketing,uses-input,Measure Risk,SoleCandidate,CM-1-2-2-3-7,Measure Risk,"unique exact preferred-label match (candidate filter only, per PR #120)",CandidateOnly,HOLD: context-confirmation pass,label filter leaves one candidate: CM-1-2-2-3-7; resolution requires context evidence,,Q12
REL-00291,d7310c9acd37c893d7d6926645c715f425eb9dc8,CM-1-2-2-3-8,Monitor Risk,Commercial & Marketing,triggers,Manage Risk Limits,SoleCandidate,CM-1-2-2-3-6,Manage Risk Limits,"unique exact preferred-label match (candidate filter only, per PR #120)",CandidateOnly,HOLD: context-confirmation pass,label filter leaves one candidate: CM-1-2-2-3-6; resolution requires context evidence,,Q12
REL-00292,d7310c9acd37c893d7d6926645c715f425eb9dc8,CM-1-2-2-3-8,Monitor Risk,Commercial & Marketing,enables,Manage Risk Reporting,SoleCandidate,CM-1-2-2-3-13,Manage Risk Reporting,"unique exact preferred-label match (candidate filter only, per PR #120)",CandidateOnly,HOLD: context-confirmation pass,label filter leaves one candidate: CM-1-2-2-3-13; resolution requires context evidence,,Q12
REL-00293,d7310c9acd37c893d7d6926645c715f425eb9dc8,CM-1-2-2-3-9,Perform Position & P&L Analysis,Commercial & Marketing,uses-input,Manage Commodity Valuations,SoleCandidate,CM-1-2-2-3-15,Manage Commodity Valuations,"unique exact preferred-label match (candidate filter only, per PR #120)",CandidateOnly,HOLD: context-confirmation pass,label filter leaves one candidate: CM-1-2-2-3-15; resolution requires context evidence,,Q12
REL-00294,d7310c9acd37c893d7d6926645c715f425eb9dc8,CM-1-2-2-3-9,Perform Position & P&L Analysis,Commercial & Marketing,enables,Reconcile Economic PNL to Accounting PNL (CM-1-2-4-2-6),ResolvedToConcept,CM-1-2-4-2-6,Reconcile Economic PNL to Accounting PNL,stable identifier CM-1-2-4-2-6 carried in mention text,StableIdentifier,emit automatically after subject/target existence checks,target carries its slug; resolves to Reconcile Economic PNL to Accounting PNL,,Q11+Q12
REL-00295,d7310c9acd37c893d7d6926645c715f425eb9dc8,CM-1-2-2-3-9,Perform Position & P&L Analysis,Commercial & Marketing,enables,Manage Risk Reporting,SoleCandidate,CM-1-2-2-3-13,Manage Risk Reporting,"unique exact preferred-label match (candidate filter only, per PR #120)",CandidateOnly,HOLD: context-confirmation pass,label filter leaves one candidate: CM-1-2-2-3-13; resolution requires context evidence,,Q12
REL-00296,d7310c9acd37c893d7d6926645c715f425eb9dc8,CM-1-2-3-1-1,Perform Pipeline Actualization,Commercial & Marketing,precedes,Settle Pipelines,SoleCandidate,CM-1-2-4-1-12,Settle Pipelines,"unique exact preferred-label match (candidate filter only, per PR #120)",CandidateOnly,HOLD: context-confirmation pass,label filter leaves one candidate: CM-1-2-4-1-12; resolution requires context evidence,,Q12
REL-00297,d7310c9acd37c893d7d6926645c715f425eb9dc8,CM-1-2-3-1-1,Perform Pipeline Actualization,Commercial & Marketing,follows,Capture Physical Trades,SoleCandidate,CM-1-2-1-3-3,Capture Physical Trades,"unique exact preferred-label match (candidate filter only, per PR #120)",CandidateOnly,HOLD: context-confirmation pass,label filter leaves one candidate: CM-1-2-1-3-3; resolution requires context evidence,,Q12
REL-00298,d7310c9acd37c893d7d6926645c715f425eb9dc8,CM-1-2-3-1-2,Perform Truck Actualization,Commercial & Marketing,precedes,Settle Trucks,SoleCandidate,CM-1-2-4-1-4,Settle Trucks,"unique exact preferred-label match (candidate filter only, per PR #120)",CandidateOnly,HOLD: context-confirmation pass,label filter leaves one candidate: CM-1-2-4-1-4; resolution requires context evidence,,Q12
REL-00299,d7310c9acd37c893d7d6926645c715f425eb9dc8,CM-1-2-3-1-2,Perform Truck Actualization,Commercial & Marketing,follows,Capture Physical Trades,SoleCandidate,CM-1-2-1-3-3,Capture Physical Trades,"unique exact preferred-label match (candidate filter only, per PR #120)",CandidateOnly,HOLD: context-confirmation pass,label filter leaves one candidate: CM-1-2-1-3-3; resolution requires context evidence,,Q12
REL-00300,d7310c9acd37c893d7d6926645c715f425eb9dc8,CM-1-2-3-1-3,Perform Railcar Actualization,Commercial & Marketing,precedes,Settle Rail,SoleCandidate,CM-1-2-4-1-13,Settle Rail,"unique exact preferred-label match (candidate filter only, per PR #120)",CandidateOnly,HOLD: context-confirmation pass,label filter leaves one candidate: CM-1-2-4-1-13; resolution requires context evidence,,Q12
REL-00301,d7310c9acd37c893d7d6926645c715f425eb9dc8,CM-1-2-3-1-3,Perform Railcar Actualization,Commercial & Marketing,follows,Capture Physical Trades,SoleCandidate,CM-1-2-1-3-3,Capture Physical Trades,"unique exact preferred-label match (candidate filter only, per PR #120)",CandidateOnly,HOLD: context-confirmation pass,label filter leaves one candidate: CM-1-2-1-3-3; resolution requires context evidence,,Q12
REL-00302,d7310c9acd37c893d7d6926645c715f425eb9dc8,CM-1-2-3-1-4,Perform Vessel & Barge Actualization,Commercial & Marketing,precedes,Settle Vessels & Barge,SoleCandidate,CM-1-2-4-1-5,Settle Vessels & Barge,"unique exact preferred-label match (candidate filter only, per PR #120)",CandidateOnly,HOLD: context-confirmation pass,label filter leaves one candidate: CM-1-2-4-1-5; resolution requires context evidence,,Q12
REL-00303,d7310c9acd37c893d7d6926645c715f425eb9dc8,CM-1-2-3-1-4,Perform Vessel & Barge Actualization,Commercial & Marketing,follows,Capture Physical Trades,SoleCandidate,CM-1-2-1-3-3,Capture Physical Trades,"unique exact preferred-label match (candidate filter only, per PR #120)",CandidateOnly,HOLD: context-confirmation pass,label filter leaves one candidate: CM-1-2-1-3-3; resolution requires context evidence,,Q12
REL-00304,d7310c9acd37c893d7d6926645c715f425eb9dc8,CM-1-2-3-1-4,Perform Vessel & Barge Actualization,Commercial & Marketing,enables,Identify Potential Demurrage,SoleCandidate,CM-1-2-4-4-1,Identify Potential Demurrage,"unique exact preferred-label match (candidate filter only, per PR #120)",CandidateOnly,APPROVED as core:enables — Hamid 2026-09-25,Actualized movement evidence is used to identify demurrage/despatch/detention.,enables sample review (32-row),Q12; review batch 2026-09-25
REL-00305,d7310c9acd37c893d7d6926645c715f425eb9dc8,CM-1-2-3-1-5,Perform Terminal/Storage Actualization,Commercial & Marketing,precedes,Settle Terminal/Storage,SoleCandidate,CM-1-2-4-1-14,Settle Terminal/Storage,"unique exact preferred-label match (candidate filter only, per PR #120)",CandidateOnly,HOLD: context-confirmation pass,label filter leaves one candidate: CM-1-2-4-1-14; resolution requires context evidence,,Q12
REL-00306,d7310c9acd37c893d7d6926645c715f425eb9dc8,CM-1-2-3-1-5,Perform Terminal/Storage Actualization,Commercial & Marketing,follows,Capture Storage Deals,SoleCandidate,CM-1-2-1-3-5,Capture Storage Deals,"unique exact preferred-label match (candidate filter only, per PR #120)",CandidateOnly,HOLD: context-confirmation pass,label filter leaves one candidate: CM-1-2-1-3-5; resolution requires context evidence,,Q12
REL-00307,d7310c9acd37c893d7d6926645c715f425eb9dc8,CM-1-2-3-1-6,Perform Lease Actualization,Commercial & Marketing,follows,Manage Lease Contract,SoleCandidate,CM-1-2-1-2-8,Manage Lease Contract,"unique exact preferred-label match (candidate filter only, per PR #120)",CandidateOnly,HOLD: context-confirmation pass,label filter leaves one candidate: CM-1-2-1-2-8; resolution requires context evidence,,Q12
REL-00308,d7310c9acd37c893d7d6926645c715f425eb9dc8,CM-1-2-3-1-6,Perform Lease Actualization,Commercial & Marketing,precedes,Settle First Purchaser/Leases,SoleCandidate,CM-1-2-4-1-6,Settle First Purchaser/Leases,"unique exact preferred-label match (candidate filter only, per PR #120)",CandidateOnly,HOLD: context-confirmation pass,label filter leaves one candidate: CM-1-2-4-1-6; resolution requires context evidence,,Q12
REL-00309,d7310c9acd37c893d7d6926645c715f425eb9dc8,CM-1-2-3-1-7,Perform RINs/REC Actualization,Commercial & Marketing,follows,Capture Environmental/Renewable Deals,SoleCandidate,CM-1-2-1-3-6,Capture Environmental/Renewable Deals,"unique exact preferred-label match (candidate filter only, per PR #120)",CandidateOnly,HOLD: context-confirmation pass,label filter leaves one candidate: CM-1-2-1-3-6; resolution requires context evidence,,Q12
REL-00310,d7310c9acd37c893d7d6926645c715f425eb9dc8,CM-1-2-3-1-7,Perform RINs/REC Actualization,Commercial & Marketing,informed-by,Forecast Renewables,SoleCandidate,CM-1-2-1-1-3,Forecast Renewables,"unique exact preferred-label match (candidate filter only, per PR #120)",CandidateOnly,HOLD: context-confirmation pass,label filter leaves one candidate: CM-1-2-1-1-3; resolution requires context evidence,,Q12
REL-00311,d7310c9acd37c893d7d6926645c715f425eb9dc8,CM-1-2-3-1-7,Perform RINs/REC Actualization,Commercial & Marketing,precedes,Settle Environmental Instruments (CM-1-2-4-1-8),ResolvedToConcept,CM-1-2-4-1-8,Settle Environmental Instruments,stable identifier CM-1-2-4-1-8 carried in mention text,StableIdentifier,emit automatically after subject/target existence checks,target carries its slug; resolves to Settle Environmental Instruments,,Q11+Q12
REL-00312,d7310c9acd37c893d7d6926645c715f425eb9dc8,CM-1-2-3-1-8,Manage Actualization Disputes,Commercial & Marketing,follows,Actualizations,AmbiguousDeferred,CM-1-2-3 | CM-1-2-3-1,Actualizations | Actualizations,exact label matches multiple concepts; no single contextual target,Deferred,no triple; retain candidates + review trigger,label collision across 2 concepts; source context does not isolate one,label remediation or domain-owner clarification,Q12
REL-00313,d7310c9acd37c893d7d6926645c715f425eb9dc8,CM-1-2-3-1-8,Manage Actualization Disputes,Commercial & Marketing,informed-by,Manage Confirm Disputes,SoleCandidate,CM-1-2-2-2-5,Manage Confirm Disputes,"unique exact preferred-label match (candidate filter only, per PR #120)",CandidateOnly,HOLD: context-confirmation pass,label filter leaves one candidate: CM-1-2-2-2-5; resolution requires context evidence,,Q12
REL-00314,d7310c9acd37c893d7d6926645c715f425eb9dc8,CM-1-2-4-1-1,Settle Crude Oil,Commercial & Marketing,follows,Perform Pipeline Actualization,SoleCandidate,CM-1-2-3-1-1,Perform Pipeline Actualization,"unique exact preferred-label match (candidate filter only, per PR #120)",CandidateOnly,HOLD: context-confirmation pass,label filter leaves one candidate: CM-1-2-3-1-1; resolution requires context evidence,,Q12
REL-00315,d7310c9acd37c893d7d6926645c715f425eb9dc8,CM-1-2-4-1-1,Settle Crude Oil,Commercial & Marketing,follows,Perform Vessel & Barge Actualization,SoleCandidate,CM-1-2-3-1-4,Perform Vessel & Barge Actualization,"unique exact preferred-label match (candidate filter only, per PR #120)",CandidateOnly,HOLD: context-confirmation pass,label filter leaves one candidate: CM-1-2-3-1-4; resolution requires context evidence,,Q12
REL-00316,d7310c9acd37c893d7d6926645c715f425eb9dc8,CM-1-2-4-1-1,Settle Crude Oil,Commercial & Marketing,precedes,Manage AR/AP & Actuals,SoleCandidate,CM-1-2-4-2-4,Manage AR/AP & Actuals,"unique exact preferred-label match (candidate filter only, per PR #120)",CandidateOnly,HOLD: context-confirmation pass,label filter leaves one candidate: CM-1-2-4-2-4; resolution requires context evidence,,Q12
REL-00317,d7310c9acd37c893d7d6926645c715f425eb9dc8,CM-1-2-4-1-10,Settle Natural Gas,Commercial & Marketing,follows,Capture Physical Trades,SoleCandidate,CM-1-2-1-3-3,Capture Physical Trades,"unique exact preferred-label match (candidate filter only, per PR #120)",CandidateOnly,HOLD: context-confirmation pass,label filter leaves one candidate: CM-1-2-1-3-3; resolution requires context evidence,,Q12
REL-00318,d7310c9acd37c893d7d6926645c715f425eb9dc8,CM-1-2-4-1-10,Settle Natural Gas,Commercial & Marketing,precedes,Manage AR/AP & Actuals,SoleCandidate,CM-1-2-4-2-4,Manage AR/AP & Actuals,"unique exact preferred-label match (candidate filter only, per PR #120)",CandidateOnly,HOLD: context-confirmation pass,label filter leaves one candidate: CM-1-2-4-2-4; resolution requires context evidence,,Q12
REL-00319,d7310c9acd37c893d7d6926645c715f425eb9dc8,CM-1-2-4-1-11,Settle Financial OTC Trades,Commercial & Marketing,follows,Capture Financial (OTC) Trades,SoleCandidate,CM-1-2-1-3-7,Capture Financial (OTC) Trades,"unique exact preferred-label match (candidate filter only, per PR #120)",CandidateOnly,HOLD: context-confirmation pass,label filter leaves one candidate: CM-1-2-1-3-7; resolution requires context evidence,,Q12
REL-00320,d7310c9acd37c893d7d6926645c715f425eb9dc8,CM-1-2-4-1-11,Settle Financial OTC Trades,Commercial & Marketing,informed-by,Confirmations Management,SoleCandidate,CM-1-2-2-2,Confirmations Management,"unique exact preferred-label match (candidate filter only, per PR #120)",CandidateOnly,HOLD: context-confirmation pass,label filter leaves one candidate: CM-1-2-2-2; resolution requires context evidence,,Q12
REL-00321,d7310c9acd37c893d7d6926645c715f425eb9dc8,CM-1-2-4-1-11,Settle Financial OTC Trades,Commercial & Marketing,precedes,Manage AR/AP & Actuals,SoleCandidate,CM-1-2-4-2-4,Manage AR/AP & Actuals,"unique exact preferred-label match (candidate filter only, per PR #120)",CandidateOnly,HOLD: context-confirmation pass,label filter leaves one candidate: CM-1-2-4-2-4; resolution requires context evidence,,Q12
REL-00322,d7310c9acd37c893d7d6926645c715f425eb9dc8,CM-1-2-4-1-12,Settle Pipelines,Commercial & Marketing,follows,Perform Pipeline Actualization,SoleCandidate,CM-1-2-3-1-1,Perform Pipeline Actualization,"unique exact preferred-label match (candidate filter only, per PR #120)",CandidateOnly,HOLD: context-confirmation pass,label filter leaves one candidate: CM-1-2-3-1-1; resolution requires context evidence,,Q12
REL-00323,d7310c9acd37c893d7d6926645c715f425eb9dc8,CM-1-2-4-1-12,Settle Pipelines,Commercial & Marketing,precedes,Manage AR/AP & Actuals,SoleCandidate,CM-1-2-4-2-4,Manage AR/AP & Actuals,"unique exact preferred-label match (candidate filter only, per PR #120)",CandidateOnly,HOLD: context-confirmation pass,label filter leaves one candidate: CM-1-2-4-2-4; resolution requires context evidence,,Q12
REL-00324,d7310c9acd37c893d7d6926645c715f425eb9dc8,CM-1-2-4-1-13,Settle Rail,Commercial & Marketing,follows,Perform Railcar Actualization,SoleCandidate,CM-1-2-3-1-3,Perform Railcar Actualization,"unique exact preferred-label match (candidate filter only, per PR #120)",CandidateOnly,HOLD: context-confirmation pass,label filter leaves one candidate: CM-1-2-3-1-3; resolution requires context evidence,,Q12
REL-00325,d7310c9acd37c893d7d6926645c715f425eb9dc8,CM-1-2-4-1-13,Settle Rail,Commercial & Marketing,precedes,Manage AR/AP & Actuals,SoleCandidate,CM-1-2-4-2-4,Manage AR/AP & Actuals,"unique exact preferred-label match (candidate filter only, per PR #120)",CandidateOnly,HOLD: context-confirmation pass,label filter leaves one candidate: CM-1-2-4-2-4; resolution requires context evidence,,Q12
REL-00326,d7310c9acd37c893d7d6926645c715f425eb9dc8,CM-1-2-4-1-14,Settle Terminal/Storage,Commercial & Marketing,follows,Perform Terminal/Storage Actualization,SoleCandidate,CM-1-2-3-1-5,Perform Terminal/Storage Actualization,"unique exact preferred-label match (candidate filter only, per PR #120)",CandidateOnly,HOLD: context-confirmation pass,label filter leaves one candidate: CM-1-2-3-1-5; resolution requires context evidence,,Q12
REL-00327,d7310c9acd37c893d7d6926645c715f425eb9dc8,CM-1-2-4-1-14,Settle Terminal/Storage,Commercial & Marketing,precedes,Manage AR/AP & Actuals,SoleCandidate,CM-1-2-4-2-4,Manage AR/AP & Actuals,"unique exact preferred-label match (candidate filter only, per PR #120)",CandidateOnly,HOLD: context-confirmation pass,label filter leaves one candidate: CM-1-2-4-2-4; resolution requires context evidence,,Q12
REL-00328,d7310c9acd37c893d7d6926645c715f425eb9dc8,CM-1-2-4-1-15,Settle Power,Commercial & Marketing,follows,Capture Physical Trades,SoleCandidate,CM-1-2-1-3-3,Capture Physical Trades,"unique exact preferred-label match (candidate filter only, per PR #120)",CandidateOnly,HOLD: context-confirmation pass,label filter leaves one candidate: CM-1-2-1-3-3; resolution requires context evidence,,Q12
REL-00329,d7310c9acd37c893d7d6926645c715f425eb9dc8,CM-1-2-4-1-15,Settle Power,Commercial & Marketing,precedes,Manage AR/AP & Actuals,SoleCandidate,CM-1-2-4-2-4,Manage AR/AP & Actuals,"unique exact preferred-label match (candidate filter only, per PR #120)",CandidateOnly,HOLD: context-confirmation pass,label filter leaves one candidate: CM-1-2-4-2-4; resolution requires context evidence,,Q12
REL-00330,d7310c9acd37c893d7d6926645c715f425eb9dc8,CM-1-2-4-1-16,Settle Broker,Commercial & Marketing,follows,Settle Exchange Trades,SoleCandidate,CM-1-2-4-1-3,Settle Exchange Trades,"unique exact preferred-label match (candidate filter only, per PR #120)",CandidateOnly,HOLD: context-confirmation pass,label filter leaves one candidate: CM-1-2-4-1-3; resolution requires context evidence,,Q12
REL-00331,d7310c9acd37c893d7d6926645c715f425eb9dc8,CM-1-2-4-1-16,Settle Broker,Commercial & Marketing,informed-by,Perform Margining,SoleCandidate,CM-1-2-2-1-5,Perform Margining,"unique exact preferred-label match (candidate filter only, per PR #120)",CandidateOnly,HOLD: context-confirmation pass,label filter leaves one candidate: CM-1-2-2-1-5; resolution requires context evidence,,Q12
REL-00332,d7310c9acd37c893d7d6926645c715f425eb9dc8,CM-1-2-4-1-16,Settle Broker,Commercial & Marketing,precedes,Manage AR/AP & Actuals,SoleCandidate,CM-1-2-4-2-4,Manage AR/AP & Actuals,"unique exact preferred-label match (candidate filter only, per PR #120)",CandidateOnly,HOLD: context-confirmation pass,label filter leaves one candidate: CM-1-2-4-2-4; resolution requires context evidence,,Q12
REL-00333,d7310c9acd37c893d7d6926645c715f425eb9dc8,CM-1-2-4-1-17,Manage Settlement Disputes,Commercial & Marketing,follows,Settlements,SoleCandidate,CM-1-2-4-1,Settlements,"unique exact preferred-label match (candidate filter only, per PR #120)",CandidateOnly,HOLD: context-confirmation pass,label filter leaves one candidate: CM-1-2-4-1; resolution requires context evidence,,Q12
REL-00334,d7310c9acd37c893d7d6926645c715f425eb9dc8,CM-1-2-4-1-17,Manage Settlement Disputes,Commercial & Marketing,informed-by,Manage Actualization Disputes,SoleCandidate,CM-1-2-3-1-8,Manage Actualization Disputes,"unique exact preferred-label match (candidate filter only, per PR #120)",CandidateOnly,HOLD: context-confirmation pass,label filter leaves one candidate: CM-1-2-3-1-8; resolution requires context evidence,,Q12
REL-00335,d7310c9acd37c893d7d6926645c715f425eb9dc8,CM-1-2-4-1-17,Manage Settlement Disputes,Commercial & Marketing,informed-by,Manage Confirm Disputes,SoleCandidate,CM-1-2-2-2-5,Manage Confirm Disputes,"unique exact preferred-label match (candidate filter only, per PR #120)",CandidateOnly,HOLD: context-confirmation pass,label filter leaves one candidate: CM-1-2-2-2-5; resolution requires context evidence,,Q12
REL-00336,d7310c9acd37c893d7d6926645c715f425eb9dc8,CM-1-2-4-1-18,Settle Intermediates,Commercial & Marketing,follows,Actualizations,AmbiguousDeferred,CM-1-2-3 | CM-1-2-3-1,Actualizations | Actualizations,exact label matches multiple concepts; no single contextual target,Deferred,no triple; retain candidates + review trigger,label collision across 2 concepts; source context does not isolate one,label remediation or domain-owner clarification,Q12
REL-00337,d7310c9acd37c893d7d6926645c715f425eb9dc8,CM-1-2-4-1-18,Settle Intermediates,Commercial & Marketing,precedes,Manage AR/AP & Actuals,SoleCandidate,CM-1-2-4-2-4,Manage AR/AP & Actuals,"unique exact preferred-label match (candidate filter only, per PR #120)",CandidateOnly,HOLD: context-confirmation pass,label filter leaves one candidate: CM-1-2-4-2-4; resolution requires context evidence,,Q12
REL-00338,d7310c9acd37c893d7d6926645c715f425eb9dc8,CM-1-2-4-1-19,Settle Other Commodities,Commercial & Marketing,follows,Actualizations,AmbiguousDeferred,CM-1-2-3 | CM-1-2-3-1,Actualizations | Actualizations,exact label matches multiple concepts; no single contextual target,Deferred,no triple; retain candidates + review trigger,label collision across 2 concepts; source context does not isolate one,label remediation or domain-owner clarification,Q12
REL-00339,d7310c9acd37c893d7d6926645c715f425eb9dc8,CM-1-2-4-1-19,Settle Other Commodities,Commercial & Marketing,precedes,Manage AR/AP & Actuals,SoleCandidate,CM-1-2-4-2-4,Manage AR/AP & Actuals,"unique exact preferred-label match (candidate filter only, per PR #120)",CandidateOnly,HOLD: context-confirmation pass,label filter leaves one candidate: CM-1-2-4-2-4; resolution requires context evidence,,Q12
REL-00340,d7310c9acd37c893d7d6926645c715f425eb9dc8,CM-1-2-4-1-2,Settle Products,Commercial & Marketing,follows,Actualizations,AmbiguousDeferred,CM-1-2-3 | CM-1-2-3-1,Actualizations | Actualizations,exact label matches multiple concepts; no single contextual target,Deferred,no triple; retain candidates + review trigger,label collision across 2 concepts; source context does not isolate one,label remediation or domain-owner clarification,Q12
REL-00341,d7310c9acd37c893d7d6926645c715f425eb9dc8,CM-1-2-4-1-2,Settle Products,Commercial & Marketing,precedes,Manage AR/AP & Actuals,SoleCandidate,CM-1-2-4-2-4,Manage AR/AP & Actuals,"unique exact preferred-label match (candidate filter only, per PR #120)",CandidateOnly,HOLD: context-confirmation pass,label filter leaves one candidate: CM-1-2-4-2-4; resolution requires context evidence,,Q12
REL-00342,d7310c9acd37c893d7d6926645c715f425eb9dc8,CM-1-2-4-1-3,Settle Exchange Trades,Commercial & Marketing,follows,Capture Exchange Trades,SoleCandidate,CM-1-2-1-3-4,Capture Exchange Trades,"unique exact preferred-label match (candidate filter only, per PR #120)",CandidateOnly,HOLD: context-confirmation pass,label filter leaves one candidate: CM-1-2-1-3-4; resolution requires context evidence,,Q12
REL-00343,d7310c9acd37c893d7d6926645c715f425eb9dc8,CM-1-2-4-1-3,Settle Exchange Trades,Commercial & Marketing,informed-by,Perform Margining,SoleCandidate,CM-1-2-2-1-5,Perform Margining,"unique exact preferred-label match (candidate filter only, per PR #120)",CandidateOnly,HOLD: context-confirmation pass,label filter leaves one candidate: CM-1-2-2-1-5; resolution requires context evidence,,Q12
REL-00344,d7310c9acd37c893d7d6926645c715f425eb9dc8,CM-1-2-4-1-3,Settle Exchange Trades,Commercial & Marketing,precedes,Settle Broker,SoleCandidate,CM-1-2-4-1-16,Settle Broker,"unique exact preferred-label match (candidate filter only, per PR #120)",CandidateOnly,HOLD: context-confirmation pass,label filter leaves one candidate: CM-1-2-4-1-16; resolution requires context evidence,,Q12
REL-00345,d7310c9acd37c893d7d6926645c715f425eb9dc8,CM-1-2-4-1-4,Settle Trucks,Commercial & Marketing,follows,Perform Truck Actualization,SoleCandidate,CM-1-2-3-1-2,Perform Truck Actualization,"unique exact preferred-label match (candidate filter only, per PR #120)",CandidateOnly,HOLD: context-confirmation pass,label filter leaves one candidate: CM-1-2-3-1-2; resolution requires context evidence,,Q12
REL-00346,d7310c9acd37c893d7d6926645c715f425eb9dc8,CM-1-2-4-1-4,Settle Trucks,Commercial & Marketing,precedes,Manage AR/AP & Actuals,SoleCandidate,CM-1-2-4-2-4,Manage AR/AP & Actuals,"unique exact preferred-label match (candidate filter only, per PR #120)",CandidateOnly,HOLD: context-confirmation pass,label filter leaves one candidate: CM-1-2-4-2-4; resolution requires context evidence,,Q12
REL-00347,d7310c9acd37c893d7d6926645c715f425eb9dc8,CM-1-2-4-1-5,Settle Vessels & Barge,Commercial & Marketing,follows,Perform Vessel & Barge Actualization,SoleCandidate,CM-1-2-3-1-4,Perform Vessel & Barge Actualization,"unique exact preferred-label match (candidate filter only, per PR #120)",CandidateOnly,HOLD: context-confirmation pass,label filter leaves one candidate: CM-1-2-3-1-4; resolution requires context evidence,,Q12
REL-00348,d7310c9acd37c893d7d6926645c715f425eb9dc8,CM-1-2-4-1-5,Settle Vessels & Barge,Commercial & Marketing,precedes,Manage AR/AP & Actuals,SoleCandidate,CM-1-2-4-2-4,Manage AR/AP & Actuals,"unique exact preferred-label match (candidate filter only, per PR #120)",CandidateOnly,HOLD: context-confirmation pass,label filter leaves one candidate: CM-1-2-4-2-4; resolution requires context evidence,,Q12
REL-00349,d7310c9acd37c893d7d6926645c715f425eb9dc8,CM-1-2-4-1-6,Settle First Purchaser/Leases,Commercial & Marketing,follows,Perform Lease Actualization,SoleCandidate,CM-1-2-3-1-6,Perform Lease Actualization,"unique exact preferred-label match (candidate filter only, per PR #120)",CandidateOnly,HOLD: context-confirmation pass,label filter leaves one candidate: CM-1-2-3-1-6; resolution requires context evidence,,Q12
REL-00350,d7310c9acd37c893d7d6926645c715f425eb9dc8,CM-1-2-4-1-6,Settle First Purchaser/Leases,Commercial & Marketing,precedes,Manage Marketing Interests & Royalty Payments,SoleCandidate,CM-1-2-4-2-3,Manage Marketing Interests & Royalty Payments,"unique exact preferred-label match (candidate filter only, per PR #120)",CandidateOnly,HOLD: context-confirmation pass,label filter leaves one candidate: CM-1-2-4-2-3; resolution requires context evidence,,Q12
REL-00351,d7310c9acd37c893d7d6926645c715f425eb9dc8,CM-1-2-4-1-7,Settle ISO/Power Pools,Commercial & Marketing,follows,Capture Transmission Deals,SoleCandidate,CM-1-2-1-3-11,Capture Transmission Deals,"unique exact preferred-label match (candidate filter only, per PR #120)",CandidateOnly,HOLD: context-confirmation pass,label filter leaves one candidate: CM-1-2-1-3-11; resolution requires context evidence,,Q12
REL-00352,d7310c9acd37c893d7d6926645c715f425eb9dc8,CM-1-2-4-1-7,Settle ISO/Power Pools,Commercial & Marketing,precedes,Manage AR/AP & Actuals,SoleCandidate,CM-1-2-4-2-4,Manage AR/AP & Actuals,"unique exact preferred-label match (candidate filter only, per PR #120)",CandidateOnly,HOLD: context-confirmation pass,label filter leaves one candidate: CM-1-2-4-2-4; resolution requires context evidence,,Q12
REL-00353,d7310c9acd37c893d7d6926645c715f425eb9dc8,CM-1-2-4-1-8,Settle Environmental Instruments,Commercial & Marketing,follows,Perform RINs/REC Actualization,SoleCandidate,CM-1-2-3-1-7,Perform RINs/REC Actualization,"unique exact preferred-label match (candidate filter only, per PR #120)",CandidateOnly,HOLD: context-confirmation pass,label filter leaves one candidate: CM-1-2-3-1-7; resolution requires context evidence,,Q12
REL-00354,d7310c9acd37c893d7d6926645c715f425eb9dc8,CM-1-2-4-1-8,Settle Environmental Instruments,Commercial & Marketing,precedes,Manage AR/AP & Actuals,SoleCandidate,CM-1-2-4-2-4,Manage AR/AP & Actuals,"unique exact preferred-label match (candidate filter only, per PR #120)",CandidateOnly,HOLD: context-confirmation pass,label filter leaves one candidate: CM-1-2-4-2-4; resolution requires context evidence,,Q12
REL-00355,d7310c9acd37c893d7d6926645c715f425eb9dc8,CM-1-2-4-1-9,Manage Settlement Documents,Commercial & Marketing,assures,Settlements,SoleCandidate,CM-1-2-4-1,Settlements,"unique exact preferred-label match (candidate filter only, per PR #120)",CandidateOnly,HOLD: context-confirmation pass,label filter leaves one candidate: CM-1-2-4-1; resolution requires context evidence,,Q12
REL-00356,d7310c9acd37c893d7d6926645c715f425eb9dc8,CM-1-2-4-1-9,Manage Settlement Documents,Commercial & Marketing,informed-by,Manage Confirmation Documentation,SoleCandidate,CM-1-2-2-2-2,Manage Confirmation Documentation,"unique exact preferred-label match (candidate filter only, per PR #120)",CandidateOnly,HOLD: context-confirmation pass,label filter leaves one candidate: CM-1-2-2-2-2; resolution requires context evidence,,Q12
REL-00357,d7310c9acd37c893d7d6926645c715f425eb9dc8,CM-1-2-4-2-1,Manage Accounting Treatments,Commercial & Marketing,informed-by,Trade Capture,SoleCandidate,CM-1-2-1-3,Trade Capture,"unique exact preferred-label match (candidate filter only, per PR #120)",CandidateOnly,HOLD: context-confirmation pass,label filter leaves one candidate: CM-1-2-1-3; resolution requires context evidence,,Q12
REL-00358,d7310c9acd37c893d7d6926645c715f425eb9dc8,CM-1-2-4-2-1,Manage Accounting Treatments,Commercial & Marketing,enables,Manage Trading Sub-Ledger,SoleCandidate,CM-1-2-4-2-5,Manage Trading Sub-Ledger,"unique exact preferred-label match (candidate filter only, per PR #120)",CandidateOnly,HOLD: context-confirmation pass,label filter leaves one candidate: CM-1-2-4-2-5; resolution requires context evidence,,Q12
REL-00359,d7310c9acd37c893d7d6926645c715f425eb9dc8,CM-1-2-4-2-1,Manage Accounting Treatments,Commercial & Marketing,governed-by,Maintain Trading Accounting Procedures and Guidance (CM-1-2-4-2-12),ResolvedToConcept,CM-1-2-4-2-12,Maintain Trading Accounting Procedures and Guidance,stable identifier CM-1-2-4-2-12 carried in mention text,StableIdentifier,emit automatically after subject/target existence checks,target carries its slug; resolves to Maintain Trading Accounting Procedures and Guidance,,Q11+Q12
REL-00360,d7310c9acd37c893d7d6926645c715f425eb9dc8,CM-1-2-4-2-10,Manage Accruals,Commercial & Marketing,uses-input,Actualizations,AmbiguousDeferred,CM-1-2-3 | CM-1-2-3-1,Actualizations | Actualizations,exact label matches multiple concepts; no single contextual target,Deferred,no triple; retain candidates + review trigger,label collision across 2 concepts; source context does not isolate one,label remediation or domain-owner clarification,Q12
REL-00361,d7310c9acd37c893d7d6926645c715f425eb9dc8,CM-1-2-4-2-10,Manage Accruals,Commercial & Marketing,uses-input,Settlements,SoleCandidate,CM-1-2-4-1,Settlements,"unique exact preferred-label match (candidate filter only, per PR #120)",CandidateOnly,HOLD: context-confirmation pass,label filter leaves one candidate: CM-1-2-4-1; resolution requires context evidence,,Q12
REL-00362,d7310c9acd37c893d7d6926645c715f425eb9dc8,CM-1-2-4-2-10,Manage Accruals,Commercial & Marketing,enables,Manage Trading Sub-Ledger,SoleCandidate,CM-1-2-4-2-5,Manage Trading Sub-Ledger,"unique exact preferred-label match (candidate filter only, per PR #120)",CandidateOnly,HOLD: context-confirmation pass,label filter leaves one candidate: CM-1-2-4-2-5; resolution requires context evidence,,Q12
REL-00363,d7310c9acd37c893d7d6926645c715f425eb9dc8,CM-1-2-4-2-11,Manage Taxes,Commercial & Marketing,uses-input,Actualizations,AmbiguousDeferred,CM-1-2-3 | CM-1-2-3-1,Actualizations | Actualizations,exact label matches multiple concepts; no single contextual target,Deferred,no triple; retain candidates + review trigger,label collision across 2 concepts; source context does not isolate one,label remediation or domain-owner clarification,Q12
REL-00364,d7310c9acd37c893d7d6926645c715f425eb9dc8,CM-1-2-4-2-11,Manage Taxes,Commercial & Marketing,enables,Manage Trading Sub-Ledger,SoleCandidate,CM-1-2-4-2-5,Manage Trading Sub-Ledger,"unique exact preferred-label match (candidate filter only, per PR #120)",CandidateOnly,HOLD: context-confirmation pass,label filter leaves one candidate: CM-1-2-4-2-5; resolution requires context evidence,,Q12
REL-00365,d7310c9acd37c893d7d6926645c715f425eb9dc8,CM-1-2-4-2-11,Manage Taxes,Commercial & Marketing,informed-by,Maintain Trading Accounting Procedures and Guidance (CM-1-2-4-2-12),ResolvedToConcept,CM-1-2-4-2-12,Maintain Trading Accounting Procedures and Guidance,stable identifier CM-1-2-4-2-12 carried in mention text,StableIdentifier,emit automatically after subject/target existence checks,target carries its slug; resolves to Maintain Trading Accounting Procedures and Guidance,,Q11+Q12
REL-00366,d7310c9acd37c893d7d6926645c715f425eb9dc8,CM-1-2-4-2-12,Maintain Trading Accounting Procedures and Guidance,Commercial & Marketing,governed-by,Accounting,SoleCandidate,CM-1-2-4-2,Accounting,"unique exact preferred-label match (candidate filter only, per PR #120)",CandidateOnly,HOLD: context-confirmation pass,label filter leaves one candidate: CM-1-2-4-2; resolution requires context evidence,,Q12
REL-00367,d7310c9acd37c893d7d6926645c715f425eb9dc8,CM-1-2-4-2-12,Maintain Trading Accounting Procedures and Guidance,Commercial & Marketing,enables,Manage Accounting Treatments,SoleCandidate,CM-1-2-4-2-1,Manage Accounting Treatments,"unique exact preferred-label match (candidate filter only, per PR #120)",CandidateOnly,HOLD: context-confirmation pass,label filter leaves one candidate: CM-1-2-4-2-1; resolution requires context evidence,,Q12
REL-00368,d7310c9acd37c893d7d6926645c715f425eb9dc8,CM-1-2-4-2-12,Maintain Trading Accounting Procedures and Guidance,Commercial & Marketing,informed-by,Trade Capture,SoleCandidate,CM-1-2-1-3,Trade Capture,"unique exact preferred-label match (candidate filter only, per PR #120)",CandidateOnly,HOLD: context-confirmation pass,label filter leaves one candidate: CM-1-2-1-3; resolution requires context evidence,,Q12
REL-00369,d7310c9acd37c893d7d6926645c715f425eb9dc8,CM-1-2-4-2-2,Manage Production & Inventory Accounting,Commercial & Marketing,uses-input,Perform Production Accounting,SoleCandidate,CM-1-1-7-1-3,Perform Production Accounting,"unique exact preferred-label match (candidate filter only, per PR #120)",CandidateOnly,HOLD: context-confirmation pass,label filter leaves one candidate: CM-1-1-7-1-3; resolution requires context evidence,,Q12
REL-00370,d7310c9acd37c893d7d6926645c715f425eb9dc8,CM-1-2-4-2-2,Manage Production & Inventory Accounting,Commercial & Marketing,uses-input,Perform Inventory Reconciliation,SoleCandidate,CM-1-1-3-7-5,Perform Inventory Reconciliation,"unique exact preferred-label match (candidate filter only, per PR #120)",CandidateOnly,HOLD: context-confirmation pass,label filter leaves one candidate: CM-1-1-3-7-5; resolution requires context evidence,,Q12
REL-00371,d7310c9acd37c893d7d6926645c715f425eb9dc8,CM-1-2-4-2-2,Manage Production & Inventory Accounting,Commercial & Marketing,enables,Manage Trading Sub-Ledger,SoleCandidate,CM-1-2-4-2-5,Manage Trading Sub-Ledger,"unique exact preferred-label match (candidate filter only, per PR #120)",CandidateOnly,HOLD: context-confirmation pass,label filter leaves one candidate: CM-1-2-4-2-5; resolution requires context evidence,,Q12
REL-00372,d7310c9acd37c893d7d6926645c715f425eb9dc8,CM-1-2-4-2-3,Manage Marketing Interests & Royalty Payments,Commercial & Marketing,follows,Settle First Purchaser/Leases,SoleCandidate,CM-1-2-4-1-6,Settle First Purchaser/Leases,"unique exact preferred-label match (candidate filter only, per PR #120)",CandidateOnly,HOLD: context-confirmation pass,label filter leaves one candidate: CM-1-2-4-1-6; resolution requires context evidence,,Q12
REL-00373,d7310c9acd37c893d7d6926645c715f425eb9dc8,CM-1-2-4-2-3,Manage Marketing Interests & Royalty Payments,Commercial & Marketing,uses-input,Manage Lease Contract,SoleCandidate,CM-1-2-1-2-8,Manage Lease Contract,"unique exact preferred-label match (candidate filter only, per PR #120)",CandidateOnly,HOLD: context-confirmation pass,label filter leaves one candidate: CM-1-2-1-2-8; resolution requires context evidence,,Q12
REL-00374,d7310c9acd37c893d7d6926645c715f425eb9dc8,CM-1-2-4-2-4,Manage AR/AP & Actuals,Commercial & Marketing,follows,Settlements,SoleCandidate,CM-1-2-4-1,Settlements,"unique exact preferred-label match (candidate filter only, per PR #120)",CandidateOnly,HOLD: context-confirmation pass,label filter leaves one candidate: CM-1-2-4-1; resolution requires context evidence,,Q12
REL-00375,d7310c9acd37c893d7d6926645c715f425eb9dc8,CM-1-2-4-2-4,Manage AR/AP & Actuals,Commercial & Marketing,enables,Manage Cash Application,SoleCandidate,CM-1-2-4-2-9,Manage Cash Application,"unique exact preferred-label match (candidate filter only, per PR #120)",CandidateOnly,HOLD: context-confirmation pass,label filter leaves one candidate: CM-1-2-4-2-9; resolution requires context evidence,,Q12
REL-00376,d7310c9acd37c893d7d6926645c715f425eb9dc8,CM-1-2-4-2-4,Manage AR/AP & Actuals,Commercial & Marketing,enables,Manage Trading Sub-Ledger,SoleCandidate,CM-1-2-4-2-5,Manage Trading Sub-Ledger,"unique exact preferred-label match (candidate filter only, per PR #120)",CandidateOnly,HOLD: context-confirmation pass,label filter leaves one candidate: CM-1-2-4-2-5; resolution requires context evidence,,Q12
REL-00377,d7310c9acd37c893d7d6926645c715f425eb9dc8,CM-1-2-4-2-5,Manage Trading Sub-Ledger,Commercial & Marketing,uses-input,Manage AR/AP & Actuals,SoleCandidate,CM-1-2-4-2-4,Manage AR/AP & Actuals,"unique exact preferred-label match (candidate filter only, per PR #120)",CandidateOnly,HOLD: context-confirmation pass,label filter leaves one candidate: CM-1-2-4-2-4; resolution requires context evidence,,Q12
REL-00378,d7310c9acd37c893d7d6926645c715f425eb9dc8,CM-1-2-4-2-5,Manage Trading Sub-Ledger,Commercial & Marketing,uses-input,Manage Accounting Treatments,SoleCandidate,CM-1-2-4-2-1,Manage Accounting Treatments,"unique exact preferred-label match (candidate filter only, per PR #120)",CandidateOnly,HOLD: context-confirmation pass,label filter leaves one candidate: CM-1-2-4-2-1; resolution requires context evidence,,Q12
REL-00379,d7310c9acd37c893d7d6926645c715f425eb9dc8,CM-1-2-4-2-5,Manage Trading Sub-Ledger,Commercial & Marketing,enables,Reconcile Economic PNL to Accounting PNL (CM-1-2-4-2-6),ResolvedToConcept,CM-1-2-4-2-6,Reconcile Economic PNL to Accounting PNL,stable identifier CM-1-2-4-2-6 carried in mention text,StableIdentifier,emit automatically after subject/target existence checks,target carries its slug; resolves to Reconcile Economic PNL to Accounting PNL,,Q11+Q12
REL-00380,d7310c9acd37c893d7d6926645c715f425eb9dc8,CM-1-2-4-2-6,Reconcile Economic PNL to Accounting PNL,Commercial & Marketing,uses-input,Perform End-of-Month (EOM) Process,SoleCandidate,CM-1-2-2-3-5,Perform End-of-Month (EOM) Process,"unique exact preferred-label match (candidate filter only, per PR #120)",CandidateOnly,HOLD: context-confirmation pass,label filter leaves one candidate: CM-1-2-2-3-5; resolution requires context evidence,,Q12
REL-00381,d7310c9acd37c893d7d6926645c715f425eb9dc8,CM-1-2-4-2-6,Reconcile Economic PNL to Accounting PNL,Commercial & Marketing,uses-input,Manage Trading Sub-Ledger,SoleCandidate,CM-1-2-4-2-5,Manage Trading Sub-Ledger,"unique exact preferred-label match (candidate filter only, per PR #120)",CandidateOnly,HOLD: context-confirmation pass,label filter leaves one candidate: CM-1-2-4-2-5; resolution requires context evidence,,Q12
REL-00382,d7310c9acd37c893d7d6926645c715f425eb9dc8,CM-1-2-4-2-6,Reconcile Economic PNL to Accounting PNL,Commercial & Marketing,informed-by,Manage Accounting Treatments,SoleCandidate,CM-1-2-4-2-1,Manage Accounting Treatments,"unique exact preferred-label match (candidate filter only, per PR #120)",CandidateOnly,HOLD: context-confirmation pass,label filter leaves one candidate: CM-1-2-4-2-1; resolution requires context evidence,,Q12
REL-00383,d7310c9acd37c893d7d6926645c715f425eb9dc8,CM-1-2-4-2-7,Manage Financial Information Documentation and Reporting,Commercial & Marketing,uses-input,Reconcile Economic PNL to Accounting PNL (CM-1-2-4-2-6),ResolvedToConcept,CM-1-2-4-2-6,Reconcile Economic PNL to Accounting PNL,stable identifier CM-1-2-4-2-6 carried in mention text,StableIdentifier,emit automatically after subject/target existence checks,target carries its slug; resolves to Reconcile Economic PNL to Accounting PNL,,Q11+Q12
REL-00384,d7310c9acd37c893d7d6926645c715f425eb9dc8,CM-1-2-4-2-7,Manage Financial Information Documentation and Reporting,Commercial & Marketing,uses-input,Manage Trading Sub-Ledger,SoleCandidate,CM-1-2-4-2-5,Manage Trading Sub-Ledger,"unique exact preferred-label match (candidate filter only, per PR #120)",CandidateOnly,HOLD: context-confirmation pass,label filter leaves one candidate: CM-1-2-4-2-5; resolution requires context evidence,,Q12
REL-00385,d7310c9acd37c893d7d6926645c715f425eb9dc8,CM-1-2-4-2-7,Manage Financial Information Documentation and Reporting,Commercial & Marketing,assures,Accounting,SoleCandidate,CM-1-2-4-2,Accounting,"unique exact preferred-label match (candidate filter only, per PR #120)",CandidateOnly,HOLD: context-confirmation pass,label filter leaves one candidate: CM-1-2-4-2; resolution requires context evidence,,Q12
REL-00386,d7310c9acd37c893d7d6926645c715f425eb9dc8,CM-1-2-4-2-8,Manage Financial System/GL,Commercial & Marketing,enables,Manage Trading Sub-Ledger,SoleCandidate,CM-1-2-4-2-5,Manage Trading Sub-Ledger,"unique exact preferred-label match (candidate filter only, per PR #120)",CandidateOnly,HOLD: context-confirmation pass,label filter leaves one candidate: CM-1-2-4-2-5; resolution requires context evidence,,Q12
REL-00387,d7310c9acd37c893d7d6926645c715f425eb9dc8,CM-1-2-4-2-8,Manage Financial System/GL,Commercial & Marketing,enables,Manage AR/AP & Actuals,SoleCandidate,CM-1-2-4-2-4,Manage AR/AP & Actuals,"unique exact preferred-label match (candidate filter only, per PR #120)",CandidateOnly,HOLD: context-confirmation pass,label filter leaves one candidate: CM-1-2-4-2-4; resolution requires context evidence,,Q12
REL-00388,d7310c9acd37c893d7d6926645c715f425eb9dc8,CM-1-2-4-2-8,Manage Financial System/GL,Commercial & Marketing,informed-by,Manage Trading Books & Strategies Structure,ResolvedToConcept,CM-1-2-2-3-1,Establish And Maintain Book Structure,Q11 correction (2026-09-22): batch 12 split this into Establish And Maintain Book Structure,ContextualResolved,emit process-dependency triple,phrase maps to CM-1-2-2-3-1 per the approved batch 12 split; labels aren't identity,,Q11
REL-00389,d7310c9acd37c893d7d6926645c715f425eb9dc8,CM-1-2-4-2-9,Manage Cash Application,Commercial & Marketing,follows,Manage AR/AP & Actuals,SoleCandidate,CM-1-2-4-2-4,Manage AR/AP & Actuals,"unique exact preferred-label match (candidate filter only, per PR #120)",CandidateOnly,HOLD: context-confirmation pass,label filter leaves one candidate: CM-1-2-4-2-4; resolution requires context evidence,,Q12
REL-00390,d7310c9acd37c893d7d6926645c715f425eb9dc8,CM-1-2-4-2-9,Manage Cash Application,Commercial & Marketing,uses-input,Settlements,SoleCandidate,CM-1-2-4-1,Settlements,"unique exact preferred-label match (candidate filter only, per PR #120)",CandidateOnly,HOLD: context-confirmation pass,label filter leaves one candidate: CM-1-2-4-1; resolution requires context evidence,,Q12
REL-00391,d7310c9acd37c893d7d6926645c715f425eb9dc8,CM-1-2-4-3-1,Develop Compliance Policies & Procedures,Commercial & Marketing,enables,Monitor External Trading Compliance,SoleCandidate,CM-1-2-4-3-2,Monitor External Trading Compliance,"unique exact preferred-label match (candidate filter only, per PR #120)",CandidateOnly,HOLD: context-confirmation pass,label filter leaves one candidate: CM-1-2-4-3-2; resolution requires context evidence,,Q12
REL-00392,d7310c9acd37c893d7d6926645c715f425eb9dc8,CM-1-2-4-3-1,Develop Compliance Policies & Procedures,Commercial & Marketing,enables,Monitor Internal Trading Compliance,SoleCandidate,CM-1-2-4-3-3,Monitor Internal Trading Compliance,"unique exact preferred-label match (candidate filter only, per PR #120)",CandidateOnly,HOLD: context-confirmation pass,label filter leaves one candidate: CM-1-2-4-3-3; resolution requires context evidence,,Q12
REL-00393,d7310c9acd37c893d7d6926645c715f425eb9dc8,CM-1-2-4-3-1,Develop Compliance Policies & Procedures,Commercial & Marketing,governed-by,Regulatory & Compliance,SoleCandidate,CM-1-2-4-3,Regulatory & Compliance,"unique exact preferred-label match (candidate filter only, per PR #120)",CandidateOnly,HOLD: context-confirmation pass,label filter leaves one candidate: CM-1-2-4-3; resolution requires context evidence,,Q12
REL-00394,d7310c9acd37c893d7d6926645c715f425eb9dc8,CM-1-2-4-3-2,Monitor External Trading Compliance,Commercial & Marketing,governed-by,Develop Compliance Policies & Procedures,SoleCandidate,CM-1-2-4-3-1,Develop Compliance Policies & Procedures,"unique exact preferred-label match (candidate filter only, per PR #120)",CandidateOnly,APPROVED as core:governedBy — Hamid 2026-09-25,External compliance monitoring checks obligations against the exact compliance policies/procedures (set-versus-apply).,governed-by review (16-row),Q12; review batch 2026-09-25
REL-00395,d7310c9acd37c893d7d6926645c715f425eb9dc8,CM-1-2-4-3-2,Monitor External Trading Compliance,Commercial & Marketing,informed-by,Trade Capture,SoleCandidate,CM-1-2-1-3,Trade Capture,"unique exact preferred-label match (candidate filter only, per PR #120)",CandidateOnly,HOLD: context-confirmation pass,label filter leaves one candidate: CM-1-2-1-3; resolution requires context evidence,,Q12
REL-00396,d7310c9acd37c893d7d6926645c715f425eb9dc8,CM-1-2-4-3-2,Monitor External Trading Compliance,Commercial & Marketing,triggers,Manage Exceptions,SoleCandidate,CM-1-2-4-3-7,Manage Exceptions,"unique exact preferred-label match (candidate filter only, per PR #120)",CandidateOnly,HOLD: context-confirmation pass,label filter leaves one candidate: CM-1-2-4-3-7; resolution requires context evidence,,Q12
REL-00397,d7310c9acd37c893d7d6926645c715f425eb9dc8,CM-1-2-4-3-3,Monitor Internal Trading Compliance,Commercial & Marketing,governed-by,Develop Compliance Policies & Procedures,SoleCandidate,CM-1-2-4-3-1,Develop Compliance Policies & Procedures,"unique exact preferred-label match (candidate filter only, per PR #120)",CandidateOnly,HOLD: context-confirmation pass,label filter leaves one candidate: CM-1-2-4-3-1; resolution requires context evidence,,Q12
REL-00398,d7310c9acd37c893d7d6926645c715f425eb9dc8,CM-1-2-4-3-3,Monitor Internal Trading Compliance,Commercial & Marketing,triggers,Manage Exceptions,SoleCandidate,CM-1-2-4-3-7,Manage Exceptions,"unique exact preferred-label match (candidate filter only, per PR #120)",CandidateOnly,HOLD: context-confirmation pass,label filter leaves one candidate: CM-1-2-4-3-7; resolution requires context evidence,,Q12
REL-00399,d7310c9acd37c893d7d6926645c715f425eb9dc8,CM-1-2-4-3-4,Monitor Internal Trade Controls,Commercial & Marketing,governed-by,Develop Compliance Policies & Procedures,SoleCandidate,CM-1-2-4-3-1,Develop Compliance Policies & Procedures,"unique exact preferred-label match (candidate filter only, per PR #120)",CandidateOnly,APPROVED as core:governedBy — Hamid 2026-09-25,Internal trade-control monitoring verifies controls against compliance-program requirements and policies.,governed-by review (16-row),Q12; review batch 2026-09-25
REL-00400,d7310c9acd37c893d7d6926645c715f425eb9dc8,CM-1-2-4-3-4,Monitor Internal Trade Controls,Commercial & Marketing,triggers,Manage Exceptions,SoleCandidate,CM-1-2-4-3-7,Manage Exceptions,"unique exact preferred-label match (candidate filter only, per PR #120)",CandidateOnly,HOLD: context-confirmation pass,label filter leaves one candidate: CM-1-2-4-3-7; resolution requires context evidence,,Q12
REL-00401,d7310c9acd37c893d7d6926645c715f425eb9dc8,CM-1-2-4-3-5,Manage Tax Compliance,Commercial & Marketing,assures,Manage Taxes,SoleCandidate,CM-1-2-4-2-11,Manage Taxes,"unique exact preferred-label match (candidate filter only, per PR #120)",CandidateOnly,HOLD: context-confirmation pass,label filter leaves one candidate: CM-1-2-4-2-11; resolution requires context evidence,,Q12
REL-00402,d7310c9acd37c893d7d6926645c715f425eb9dc8,CM-1-2-4-3-5,Manage Tax Compliance,Commercial & Marketing,informed-by,Develop Compliance Policies & Procedures,SoleCandidate,CM-1-2-4-3-1,Develop Compliance Policies & Procedures,"unique exact preferred-label match (candidate filter only, per PR #120)",CandidateOnly,HOLD: context-confirmation pass,label filter leaves one candidate: CM-1-2-4-3-1; resolution requires context evidence,,Q12
REL-00403,d7310c9acd37c893d7d6926645c715f425eb9dc8,CM-1-2-4-3-5,Manage Tax Compliance,Commercial & Marketing,triggers,Manage Exceptions,SoleCandidate,CM-1-2-4-3-7,Manage Exceptions,"unique exact preferred-label match (candidate filter only, per PR #120)",CandidateOnly,HOLD: context-confirmation pass,label filter leaves one candidate: CM-1-2-4-3-7; resolution requires context evidence,,Q12
REL-00404,d7310c9acd37c893d7d6926645c715f425eb9dc8,CM-1-2-4-3-6,Manage RINs Reporting,Commercial & Marketing,uses-input,Perform RINs/REC Actualization,SoleCandidate,CM-1-2-3-1-7,Perform RINs/REC Actualization,"unique exact preferred-label match (candidate filter only, per PR #120)",CandidateOnly,HOLD: context-confirmation pass,label filter leaves one candidate: CM-1-2-3-1-7; resolution requires context evidence,,Q12
REL-00405,d7310c9acd37c893d7d6926645c715f425eb9dc8,CM-1-2-4-3-6,Manage RINs Reporting,Commercial & Marketing,enables,Monitor External Trading Compliance,SoleCandidate,CM-1-2-4-3-2,Monitor External Trading Compliance,"unique exact preferred-label match (candidate filter only, per PR #120)",CandidateOnly,HOLD: context-confirmation pass,label filter leaves one candidate: CM-1-2-4-3-2; resolution requires context evidence,,Q12
REL-00406,d7310c9acd37c893d7d6926645c715f425eb9dc8,CM-1-2-4-3-6,Manage RINs Reporting,Commercial & Marketing,governed-by,Develop Compliance Policies & Procedures,SoleCandidate,CM-1-2-4-3-1,Develop Compliance Policies & Procedures,"unique exact preferred-label match (candidate filter only, per PR #120)",CandidateOnly,APPROVED as core:governedBy — Hamid 2026-09-25,"RIN reporting coordination operates under trading compliance program requirements, reporting controls, escalation model.",governed-by review (16-row),Q12; review batch 2026-09-25
REL-00407,d7310c9acd37c893d7d6926645c715f425eb9dc8,CM-1-2-4-3-7,Manage Exceptions,Commercial & Marketing,follows,Monitor External Trading Compliance,SoleCandidate,CM-1-2-4-3-2,Monitor External Trading Compliance,"unique exact preferred-label match (candidate filter only, per PR #120)",CandidateOnly,HOLD: context-confirmation pass,label filter leaves one candidate: CM-1-2-4-3-2; resolution requires context evidence,,Q12
REL-00408,d7310c9acd37c893d7d6926645c715f425eb9dc8,CM-1-2-4-3-7,Manage Exceptions,Commercial & Marketing,follows,Monitor Internal Trade Controls,SoleCandidate,CM-1-2-4-3-4,Monitor Internal Trade Controls,"unique exact preferred-label match (candidate filter only, per PR #120)",CandidateOnly,HOLD: context-confirmation pass,label filter leaves one candidate: CM-1-2-4-3-4; resolution requires context evidence,,Q12
REL-00409,d7310c9acd37c893d7d6926645c715f425eb9dc8,CM-1-2-4-3-7,Manage Exceptions,Commercial & Marketing,enables,Develop Compliance Policies & Procedures,SoleCandidate,CM-1-2-4-3-1,Develop Compliance Policies & Procedures,"unique exact preferred-label match (candidate filter only, per PR #120)",CandidateOnly,HOLD: context-confirmation pass,label filter leaves one candidate: CM-1-2-4-3-1; resolution requires context evidence,,Q12
REL-00410,d7310c9acd37c893d7d6926645c715f425eb9dc8,CM-1-2-4-4-1,Identify Potential Demurrage,Commercial & Marketing,uses-input,Perform Vessel & Barge Actualization,SoleCandidate,CM-1-2-3-1-4,Perform Vessel & Barge Actualization,"unique exact preferred-label match (candidate filter only, per PR #120)",CandidateOnly,HOLD: context-confirmation pass,label filter leaves one candidate: CM-1-2-3-1-4; resolution requires context evidence,,Q12
REL-00411,d7310c9acd37c893d7d6926645c715f425eb9dc8,CM-1-2-4-4-1,Identify Potential Demurrage,Commercial & Marketing,precedes,Create Outbound Delay Compensation Claim (CM-1-2-4-4-2),ResolvedToConcept,CM-1-2-4-4-2,Create Outbound Delay Compensation Claim,stable identifier CM-1-2-4-4-2 carried in mention text,StableIdentifier,emit automatically after subject/target existence checks,target carries its slug; resolves to Create Outbound Delay Compensation Claim,,Q11+Q12
REL-00412,d7310c9acd37c893d7d6926645c715f425eb9dc8,CM-1-2-4-4-2,Create Outbound Delay Compensation Claim,Commercial & Marketing,follows,Identify Potential Demurrage,SoleCandidate,CM-1-2-4-4-1,Identify Potential Demurrage,"unique exact preferred-label match (candidate filter only, per PR #120)",CandidateOnly,HOLD: context-confirmation pass,label filter leaves one candidate: CM-1-2-4-4-1; resolution requires context evidence,,Q12
REL-00413,d7310c9acd37c893d7d6926645c715f425eb9dc8,CM-1-2-4-4-2,Create Outbound Delay Compensation Claim,Commercial & Marketing,precedes,Negotiate Outbound Claim (CM-1-2-4-4-5),ResolvedToConcept,CM-1-2-4-4-5,Negotiate Outbound Claim,stable identifier CM-1-2-4-4-5 carried in mention text,StableIdentifier,emit automatically after subject/target existence checks,target carries its slug; resolves to Negotiate Outbound Claim,,Q11+Q12
REL-00414,d7310c9acd37c893d7d6926645c715f425eb9dc8,CM-1-2-4-4-3,Receive Inbound Delay Compensation Claim,Commercial & Marketing,precedes,Assess Inbound Claim (CM-1-2-4-4-4),ResolvedToConcept,CM-1-2-4-4-4,Assess Inbound Claim,stable identifier CM-1-2-4-4-4 carried in mention text,StableIdentifier,emit automatically after subject/target existence checks,target carries its slug; resolves to Assess Inbound Claim,,Q11+Q12
REL-00415,d7310c9acd37c893d7d6926645c715f425eb9dc8,CM-1-2-4-4-3,Receive Inbound Delay Compensation Claim,Commercial & Marketing,uses-input,Manage Carrier Contracts,SoleCandidate,CM-1-2-1-2-9,Manage Carrier Contracts,"unique exact preferred-label match (candidate filter only, per PR #120)",CandidateOnly,HOLD: context-confirmation pass,label filter leaves one candidate: CM-1-2-1-2-9; resolution requires context evidence,,Q12
REL-00416,d7310c9acd37c893d7d6926645c715f425eb9dc8,CM-1-2-4-4-4,Assess Inbound Claim,Commercial & Marketing,follows,Receive Inbound Delay Compensation Claim (CM-1-2-4-4-3),ResolvedToConcept,CM-1-2-4-4-3,Receive Inbound Delay Compensation Claim,stable identifier CM-1-2-4-4-3 carried in mention text,StableIdentifier,emit automatically after subject/target existence checks,target carries its slug; resolves to Receive Inbound Delay Compensation Claim,,Q11+Q12
REL-00417,d7310c9acd37c893d7d6926645c715f425eb9dc8,CM-1-2-4-4-4,Assess Inbound Claim,Commercial & Marketing,precedes,Validate and Negotiate Inbound Claim (CM-1-2-4-4-6),ResolvedToConcept,CM-1-2-4-4-6,Validate and Negotiate Inbound Claim,stable identifier CM-1-2-4-4-6 carried in mention text,StableIdentifier,emit automatically after subject/target existence checks,target carries its slug; resolves to Validate and Negotiate Inbound Claim,,Q11+Q12
REL-00418,d7310c9acd37c893d7d6926645c715f425eb9dc8,CM-1-2-4-4-4,Assess Inbound Claim,Commercial & Marketing,informed-by,Perform Vessel & Barge Actualization,SoleCandidate,CM-1-2-3-1-4,Perform Vessel & Barge Actualization,"unique exact preferred-label match (candidate filter only, per PR #120)",CandidateOnly,HOLD: context-confirmation pass,label filter leaves one candidate: CM-1-2-3-1-4; resolution requires context evidence,,Q12
REL-00419,d7310c9acd37c893d7d6926645c715f425eb9dc8,CM-1-2-4-4-5,Negotiate Outbound Claim,Commercial & Marketing,follows,Create Outbound Delay Compensation Claim (CM-1-2-4-4-2),ResolvedToConcept,CM-1-2-4-4-2,Create Outbound Delay Compensation Claim,stable identifier CM-1-2-4-4-2 carried in mention text,StableIdentifier,emit automatically after subject/target existence checks,target carries its slug; resolves to Create Outbound Delay Compensation Claim,,Q11+Q12
REL-00420,d7310c9acd37c893d7d6926645c715f425eb9dc8,CM-1-2-4-4-5,Negotiate Outbound Claim,Commercial & Marketing,precedes,Invoice Agreed Outbound Claim (CM-1-2-4-4-7),ResolvedToConcept,CM-1-2-4-4-7,Invoice Agreed Outbound Claim,stable identifier CM-1-2-4-4-7 carried in mention text,StableIdentifier,emit automatically after subject/target existence checks,target carries its slug; resolves to Invoice Agreed Outbound Claim,,Q11+Q12
REL-00421,d7310c9acd37c893d7d6926645c715f425eb9dc8,CM-1-2-4-4-6,Validate and Negotiate Inbound Claim,Commercial & Marketing,follows,Assess Inbound Claim (CM-1-2-4-4-4),ResolvedToConcept,CM-1-2-4-4-4,Assess Inbound Claim,stable identifier CM-1-2-4-4-4 carried in mention text,StableIdentifier,emit automatically after subject/target existence checks,target carries its slug; resolves to Assess Inbound Claim,,Q11+Q12
REL-00422,d7310c9acd37c893d7d6926645c715f425eb9dc8,CM-1-2-4-4-6,Validate and Negotiate Inbound Claim,Commercial & Marketing,precedes,Process Invoice for Agreed Inbound Claim (CM-1-2-4-4-8),ResolvedToConcept,CM-1-2-4-4-8,Process Invoice for Agreed Inbound Claim,stable identifier CM-1-2-4-4-8 carried in mention text,StableIdentifier,emit automatically after subject/target existence checks,target carries its slug; resolves to Process Invoice for Agreed Inbound Claim,,Q11+Q12
REL-00423,d7310c9acd37c893d7d6926645c715f425eb9dc8,CM-1-2-4-4-7,Invoice Agreed Outbound Claim,Commercial & Marketing,follows,Negotiate Outbound Claim (CM-1-2-4-4-5),ResolvedToConcept,CM-1-2-4-4-5,Negotiate Outbound Claim,stable identifier CM-1-2-4-4-5 carried in mention text,StableIdentifier,emit automatically after subject/target existence checks,target carries its slug; resolves to Negotiate Outbound Claim,,Q11+Q12
REL-00424,d7310c9acd37c893d7d6926645c715f425eb9dc8,CM-1-2-4-4-7,Invoice Agreed Outbound Claim,Commercial & Marketing,precedes,Manage AR/AP & Actuals,SoleCandidate,CM-1-2-4-2-4,Manage AR/AP & Actuals,"unique exact preferred-label match (candidate filter only, per PR #120)",CandidateOnly,HOLD: context-confirmation pass,label filter leaves one candidate: CM-1-2-4-2-4; resolution requires context evidence,,Q12
REL-00425,d7310c9acd37c893d7d6926645c715f425eb9dc8,CM-1-2-4-4-8,Process Invoice for Agreed Inbound Claim,Commercial & Marketing,follows,Validate and Negotiate Inbound Claim (CM-1-2-4-4-6),ResolvedToConcept,CM-1-2-4-4-6,Validate and Negotiate Inbound Claim,stable identifier CM-1-2-4-4-6 carried in mention text,StableIdentifier,emit automatically after subject/target existence checks,target carries its slug; resolves to Validate and Negotiate Inbound Claim,,Q11+Q12
REL-00426,d7310c9acd37c893d7d6926645c715f425eb9dc8,CM-1-2-4-4-8,Process Invoice for Agreed Inbound Claim,Commercial & Marketing,precedes,Manage AR/AP & Actuals,SoleCandidate,CM-1-2-4-2-4,Manage AR/AP & Actuals,"unique exact preferred-label match (candidate filter only, per PR #120)",CandidateOnly,HOLD: context-confirmation pass,label filter leaves one candidate: CM-1-2-4-2-4; resolution requires context evidence,,Q12
REL-00427,d7310c9acd37c893d7d6926645c715f425eb9dc8,CM-1-2-5-1-1,Manage Feedstock Data Quality,Commercial & Marketing,enables,Review LP Model Integrity,SoleCandidate,CM-1-2-5-1-2,Review LP Model Integrity,"unique exact preferred-label match (candidate filter only, per PR #120)",CandidateOnly,HOLD: context-confirmation pass,label filter leaves one candidate: CM-1-2-5-1-2; resolution requires context evidence,,Q12
REL-00428,d7310c9acd37c893d7d6926645c715f425eb9dc8,CM-1-2-5-1-1,Manage Feedstock Data Quality,Commercial & Marketing,enables,Develop Term Slate,SoleCandidate,CM-1-2-5-1-3,Develop Term Slate,"unique exact preferred-label match (candidate filter only, per PR #120)",CandidateOnly,APPROVED as core:enables — Hamid 2026-09-25,Validated quality data underpins term-slate screening and refinery compatibility.,enables sample review (32-row),Q12; review batch 2026-09-25
REL-00429,d7310c9acd37c893d7d6926645c715f425eb9dc8,CM-1-2-5-1-1,Manage Feedstock Data Quality,Commercial & Marketing,uses-input,Perform Vessel & Barge Actualization,SoleCandidate,CM-1-2-3-1-4,Perform Vessel & Barge Actualization,"unique exact preferred-label match (candidate filter only, per PR #120)",CandidateOnly,HOLD: context-confirmation pass,label filter leaves one candidate: CM-1-2-3-1-4; resolution requires context evidence,,Q12
REL-00430,d7310c9acd37c893d7d6926645c715f425eb9dc8,CM-1-2-5-1-2,Review LP Model Integrity,Commercial & Marketing,uses-input,Manage Feedstock Data Quality (CM-1-2-5-1-1),ResolvedToConcept,CM-1-2-5-1-1,Manage Feedstock Data Quality,stable identifier CM-1-2-5-1-1 carried in mention text,StableIdentifier,emit automatically after subject/target existence checks,target carries its slug; resolves to Manage Feedstock Data Quality,,Q11+Q12
REL-00431,d7310c9acd37c893d7d6926645c715f425eb9dc8,CM-1-2-5-1-2,Review LP Model Integrity,Commercial & Marketing,enables,Develop Term Slate,SoleCandidate,CM-1-2-5-1-3,Develop Term Slate,"unique exact preferred-label match (candidate filter only, per PR #120)",CandidateOnly,HOLD: context-confirmation pass,label filter leaves one candidate: CM-1-2-5-1-3; resolution requires context evidence,,Q12
REL-00432,d7310c9acd37c893d7d6926645c715f425eb9dc8,CM-1-2-5-1-2,Review LP Model Integrity,Commercial & Marketing,informed-by,Refinery Planning and Optimization,SoleCandidate,CM-1-1-4,Refinery Planning and Optimization,"unique exact preferred-label match (candidate filter only, per PR #120)",CandidateOnly,HOLD: context-confirmation pass,label filter leaves one candidate: CM-1-1-4; resolution requires context evidence,changed-label review (18-row),Q12; changed-label batch 2026-09-25
REL-00433,d7310c9acd37c893d7d6926645c715f425eb9dc8,CM-1-2-5-1-3,Develop Term Slate,Commercial & Marketing,enables,Recommend Feedstock Slate And Run Rate (CM-1-2-5-2-3),ResolvedToConcept,CM-1-2-5-2-3,Recommend Feedstock Slate And Run Rate,stable identifier CM-1-2-5-2-3 carried in mention text,StableIdentifier,emit automatically after subject/target existence checks,target carries its slug; resolves to Recommend Feedstock Slate And Run Rate,,Q11+Q12
REL-00434,d7310c9acd37c893d7d6926645c715f425eb9dc8,CM-1-2-5-1-3,Develop Term Slate,Commercial & Marketing,informed-by,Evaluate Crude & Feedstock,SoleCandidate,CM-1-1-4-7-2,Evaluate Crude & Feedstock,"unique exact preferred-label match (candidate filter only, per PR #120)",CandidateOnly,HOLD: context-confirmation pass,label filter leaves one candidate: CM-1-1-4-7-2; resolution requires context evidence,,Q12
REL-00435,d7310c9acd37c893d7d6926645c715f425eb9dc8,CM-1-2-5-1-3,Develop Term Slate,Commercial & Marketing,precedes,Create New Contract,SoleCandidate,CM-1-2-1-2-5,Create New Contract,"unique exact preferred-label match (candidate filter only, per PR #120)",CandidateOnly,HOLD: context-confirmation pass,label filter leaves one candidate: CM-1-2-1-2-5; resolution requires context evidence,,Q12
REL-00436,d7310c9acd37c893d7d6926645c715f425eb9dc8,CM-1-2-5-1-4,Develop Spot Slate,Commercial & Marketing,enables,Recommend Feedstock Slate And Run Rate (CM-1-2-5-2-3),ResolvedToConcept,CM-1-2-5-2-3,Recommend Feedstock Slate And Run Rate,stable identifier CM-1-2-5-2-3 carried in mention text,StableIdentifier,emit automatically after subject/target existence checks,target carries its slug; resolves to Recommend Feedstock Slate And Run Rate,,Q11+Q12
REL-00437,d7310c9acd37c893d7d6926645c715f425eb9dc8,CM-1-2-5-1-4,Develop Spot Slate,Commercial & Marketing,enables,Coordinate Feedstock Trading,SoleCandidate,CM-1-2-5-2-1,Coordinate Feedstock Trading,"unique exact preferred-label match (candidate filter only, per PR #120)",CandidateOnly,HOLD: context-confirmation pass,label filter leaves one candidate: CM-1-2-5-2-1; resolution requires context evidence,,Q12
REL-00438,d7310c9acd37c893d7d6926645c715f425eb9dc8,CM-1-2-5-1-4,Develop Spot Slate,Commercial & Marketing,informed-by,Develop Term Slate,SoleCandidate,CM-1-2-5-1-3,Develop Term Slate,"unique exact preferred-label match (candidate filter only, per PR #120)",CandidateOnly,HOLD: context-confirmation pass,label filter leaves one candidate: CM-1-2-5-1-3; resolution requires context evidence,,Q12
REL-00439,d7310c9acd37c893d7d6926645c715f425eb9dc8,CM-1-2-5-2-1,Coordinate Feedstock Trading,Commercial & Marketing,follows,Develop Feedstock Demand,SoleCandidate,CM-1-2-5-2-2,Develop Feedstock Demand,"unique exact preferred-label match (candidate filter only, per PR #120)",CandidateOnly,HOLD: context-confirmation pass,label filter leaves one candidate: CM-1-2-5-2-2; resolution requires context evidence,,Q12
REL-00440,d7310c9acd37c893d7d6926645c715f425eb9dc8,CM-1-2-5-2-1,Coordinate Feedstock Trading,Commercial & Marketing,enables,Trade Capture,SoleCandidate,CM-1-2-1-3,Trade Capture,"unique exact preferred-label match (candidate filter only, per PR #120)",CandidateOnly,HOLD: context-confirmation pass,label filter leaves one candidate: CM-1-2-1-3; resolution requires context evidence,,Q12
REL-00441,d7310c9acd37c893d7d6926645c715f425eb9dc8,CM-1-2-5-2-1,Coordinate Feedstock Trading,Commercial & Marketing,precedes,Manage Feedstock Transportation,SoleCandidate,CM-1-2-5-3-1,Manage Feedstock Transportation,"unique exact preferred-label match (candidate filter only, per PR #120)",CandidateOnly,HOLD: context-confirmation pass,label filter leaves one candidate: CM-1-2-5-3-1; resolution requires context evidence,,Q12
REL-00442,d7310c9acd37c893d7d6926645c715f425eb9dc8,CM-1-2-5-2-2,Develop Feedstock Demand,Commercial & Marketing,uses-input,Refinery Planning and Optimization,SoleCandidate,CM-1-1-4,Refinery Planning and Optimization,"unique exact preferred-label match (candidate filter only, per PR #120)",CandidateOnly,HOLD: context-confirmation pass,label filter leaves one candidate: CM-1-1-4; resolution requires context evidence,changed-label review (18-row),Q12; changed-label batch 2026-09-25
REL-00443,d7310c9acd37c893d7d6926645c715f425eb9dc8,CM-1-2-5-2-2,Develop Feedstock Demand,Commercial & Marketing,uses-input,Manage Feedstock Inventory,SoleCandidate,CM-1-2-5-4-2,Manage Feedstock Inventory,"unique exact preferred-label match (candidate filter only, per PR #120)",CandidateOnly,HOLD: context-confirmation pass,label filter leaves one candidate: CM-1-2-5-4-2; resolution requires context evidence,,Q12
REL-00444,d7310c9acd37c893d7d6926645c715f425eb9dc8,CM-1-2-5-2-2,Develop Feedstock Demand,Commercial & Marketing,precedes,Coordinate Feedstock Trading,SoleCandidate,CM-1-2-5-2-1,Coordinate Feedstock Trading,"unique exact preferred-label match (candidate filter only, per PR #120)",CandidateOnly,HOLD: context-confirmation pass,label filter leaves one candidate: CM-1-2-5-2-1; resolution requires context evidence,,Q12
REL-00445,d7310c9acd37c893d7d6926645c715f425eb9dc8,CM-1-2-5-2-3,Recommend Feedstock Slate And Run Rate,Commercial & Marketing,enables,Refinery Planning and Optimization,SoleCandidate,CM-1-1-4,Refinery Planning and Optimization,"unique exact preferred-label match (candidate filter only, per PR #120)",CandidateOnly,HOLD — source correction — Hamid 2026-09-25,Trading-side recommendation informs planning; not enablement. Correct enables to informed-by in the workbook.,changed-label review (18-row),Q12; changed-label batch 2026-09-25
REL-00446,d7310c9acd37c893d7d6926645c715f425eb9dc8,CM-1-2-5-2-3,Recommend Feedstock Slate And Run Rate,Commercial & Marketing,uses-input,Develop Feedstock Demand,SoleCandidate,CM-1-2-5-2-2,Develop Feedstock Demand,"unique exact preferred-label match (candidate filter only, per PR #120)",CandidateOnly,HOLD: context-confirmation pass,label filter leaves one candidate: CM-1-2-5-2-2; resolution requires context evidence,,Q12
REL-00447,d7310c9acd37c893d7d6926645c715f425eb9dc8,CM-1-2-5-2-3,Recommend Feedstock Slate And Run Rate,Commercial & Marketing,uses-input,Develop Spot Slate,SoleCandidate,CM-1-2-5-1-4,Develop Spot Slate,"unique exact preferred-label match (candidate filter only, per PR #120)",CandidateOnly,HOLD: context-confirmation pass,label filter leaves one candidate: CM-1-2-5-1-4; resolution requires context evidence,,Q12
REL-00448,d7310c9acd37c893d7d6926645c715f425eb9dc8,CM-1-2-5-3-1,Manage Feedstock Transportation,Commercial & Marketing,follows,Coordinate Feedstock Trading,SoleCandidate,CM-1-2-5-2-1,Coordinate Feedstock Trading,"unique exact preferred-label match (candidate filter only, per PR #120)",CandidateOnly,HOLD: context-confirmation pass,label filter leaves one candidate: CM-1-2-5-2-1; resolution requires context evidence,,Q12
REL-00449,d7310c9acd37c893d7d6926645c715f425eb9dc8,CM-1-2-5-3-1,Manage Feedstock Transportation,Commercial & Marketing,precedes,Schedule Feedstock Delivery,SoleCandidate,CM-1-2-5-3-2,Schedule Feedstock Delivery,"unique exact preferred-label match (candidate filter only, per PR #120)",CandidateOnly,HOLD: context-confirmation pass,label filter leaves one candidate: CM-1-2-5-3-2; resolution requires context evidence,,Q12
REL-00450,d7310c9acd37c893d7d6926645c715f425eb9dc8,CM-1-2-5-3-1,Manage Feedstock Transportation,Commercial & Marketing,uses-input,Manage Carrier Contracts,SoleCandidate,CM-1-2-1-2-9,Manage Carrier Contracts,"unique exact preferred-label match (candidate filter only, per PR #120)",CandidateOnly,HOLD: context-confirmation pass,label filter leaves one candidate: CM-1-2-1-2-9; resolution requires context evidence,,Q12
REL-00451,d7310c9acd37c893d7d6926645c715f425eb9dc8,CM-1-2-5-3-2,Schedule Feedstock Delivery,Commercial & Marketing,follows,Manage Feedstock Transportation,SoleCandidate,CM-1-2-5-3-1,Manage Feedstock Transportation,"unique exact preferred-label match (candidate filter only, per PR #120)",CandidateOnly,HOLD: context-confirmation pass,label filter leaves one candidate: CM-1-2-5-3-1; resolution requires context evidence,,Q12
REL-00452,d7310c9acd37c893d7d6926645c715f425eb9dc8,CM-1-2-5-3-2,Schedule Feedstock Delivery,Commercial & Marketing,precedes,Plan Feedstock Arrival,SoleCandidate,CM-1-2-5-3-3,Plan Feedstock Arrival,"unique exact preferred-label match (candidate filter only, per PR #120)",CandidateOnly,HOLD: context-confirmation pass,label filter leaves one candidate: CM-1-2-5-3-3; resolution requires context evidence,,Q12
REL-00453,d7310c9acd37c893d7d6926645c715f425eb9dc8,CM-1-2-5-3-2,Schedule Feedstock Delivery,Commercial & Marketing,informed-by,Production Scheduling,SoleCandidate,CM-1-1-7-2,Production Scheduling,"unique exact preferred-label match (candidate filter only, per PR #120)",CandidateOnly,HOLD: context-confirmation pass,label filter leaves one candidate: CM-1-1-7-2; resolution requires context evidence,,Q12
REL-00454,d7310c9acd37c893d7d6926645c715f425eb9dc8,CM-1-2-5-3-3,Plan Feedstock Arrival,Commercial & Marketing,follows,Schedule Feedstock Delivery,SoleCandidate,CM-1-2-5-3-2,Schedule Feedstock Delivery,"unique exact preferred-label match (candidate filter only, per PR #120)",CandidateOnly,HOLD: context-confirmation pass,label filter leaves one candidate: CM-1-2-5-3-2; resolution requires context evidence,,Q12
REL-00455,d7310c9acd37c893d7d6926645c715f425eb9dc8,CM-1-2-5-3-3,Plan Feedstock Arrival,Commercial & Marketing,enables,Perform Vessel & Barge Actualization,SoleCandidate,CM-1-2-3-1-4,Perform Vessel & Barge Actualization,"unique exact preferred-label match (candidate filter only, per PR #120)",CandidateOnly,HOLD: context-confirmation pass,label filter leaves one candidate: CM-1-2-3-1-4; resolution requires context evidence,,Q12
REL-00456,d7310c9acd37c893d7d6926645c715f425eb9dc8,CM-1-2-5-3-3,Plan Feedstock Arrival,Commercial & Marketing,informed-by,Manage Feedstock Inventory,SoleCandidate,CM-1-2-5-4-2,Manage Feedstock Inventory,"unique exact preferred-label match (candidate filter only, per PR #120)",CandidateOnly,HOLD: context-confirmation pass,label filter leaves one candidate: CM-1-2-5-4-2; resolution requires context evidence,,Q12
REL-00457,d7310c9acd37c893d7d6926645c715f425eb9dc8,CM-1-2-5-4-1,Assess & Manage Inventory Risk,Commercial & Marketing,uses-input,Manage Feedstock Inventory,SoleCandidate,CM-1-2-5-4-2,Manage Feedstock Inventory,"unique exact preferred-label match (candidate filter only, per PR #120)",CandidateOnly,HOLD: context-confirmation pass,label filter leaves one candidate: CM-1-2-5-4-2; resolution requires context evidence,,Q12
REL-00458,d7310c9acd37c893d7d6926645c715f425eb9dc8,CM-1-2-5-4-1,Assess & Manage Inventory Risk,Commercial & Marketing,enables,Trading Management,SoleCandidate,CM-1-2-1,Trading Management,"unique exact preferred-label match (candidate filter only, per PR #120)",CandidateOnly,HOLD: context-confirmation pass,label filter leaves one candidate: CM-1-2-1; resolution requires context evidence,,Q12
REL-00459,d7310c9acd37c893d7d6926645c715f425eb9dc8,CM-1-2-5-4-1,Assess & Manage Inventory Risk,Commercial & Marketing,informed-by,Market Risk Management,SoleCandidate,CM-1-2-2-3,Market Risk Management,"unique exact preferred-label match (candidate filter only, per PR #120)",CandidateOnly,HOLD: context-confirmation pass,label filter leaves one candidate: CM-1-2-2-3; resolution requires context evidence,,Q12
REL-00460,d7310c9acd37c893d7d6926645c715f425eb9dc8,CM-1-2-5-4-2,Manage Feedstock Inventory,Commercial & Marketing,enables,Develop Feedstock Demand,SoleCandidate,CM-1-2-5-2-2,Develop Feedstock Demand,"unique exact preferred-label match (candidate filter only, per PR #120)",CandidateOnly,HOLD: context-confirmation pass,label filter leaves one candidate: CM-1-2-5-2-2; resolution requires context evidence,,Q12
REL-00461,d7310c9acd37c893d7d6926645c715f425eb9dc8,CM-1-2-5-4-2,Manage Feedstock Inventory,Commercial & Marketing,enables,Assess & Manage Inventory Risk,SoleCandidate,CM-1-2-5-4-1,Assess & Manage Inventory Risk,"unique exact preferred-label match (candidate filter only, per PR #120)",CandidateOnly,HOLD: context-confirmation pass,label filter leaves one candidate: CM-1-2-5-4-1; resolution requires context evidence,,Q12
REL-00462,d7310c9acd37c893d7d6926645c715f425eb9dc8,CM-1-2-5-4-2,Manage Feedstock Inventory,Commercial & Marketing,informed-by,Crude/Feed Transportation Management,SoleCandidate,CM-1-2-5-3,Crude/Feed Transportation Management,"unique exact preferred-label match (candidate filter only, per PR #120)",CandidateOnly,HOLD: context-confirmation pass,label filter leaves one candidate: CM-1-2-5-3; resolution requires context evidence,,Q12
REL-00463,d7310c9acd37c893d7d6926645c715f425eb9dc8,CM-1-2-6-1-1,Segment Customers,Commercial & Marketing,enables,Evaluate Market Attractiveness,SoleCandidate,CM-1-2-6-1-2,Evaluate Market Attractiveness,"unique exact preferred-label match (candidate filter only, per PR #120)",CandidateOnly,HOLD: context-confirmation pass,label filter leaves one candidate: CM-1-2-6-1-2; resolution requires context evidence,,Q12
REL-00464,d7310c9acd37c893d7d6926645c715f425eb9dc8,CM-1-2-6-1-1,Segment Customers,Commercial & Marketing,enables,Assess Cost-to-Serve Performance,SoleCandidate,CM-1-2-6-1-3,Assess Cost-to-Serve Performance,"unique exact preferred-label match (candidate filter only, per PR #120)",CandidateOnly,HOLD: context-confirmation pass,label filter leaves one candidate: CM-1-2-6-1-3; resolution requires context evidence,,Q12
REL-00465,d7310c9acd37c893d7d6926645c715f425eb9dc8,CM-1-2-6-1-2,Evaluate Market Attractiveness,Commercial & Marketing,uses-input,Segment Customers,SoleCandidate,CM-1-2-6-1-1,Segment Customers,"unique exact preferred-label match (candidate filter only, per PR #120)",CandidateOnly,HOLD: context-confirmation pass,label filter leaves one candidate: CM-1-2-6-1-1; resolution requires context evidence,,Q12
REL-00466,d7310c9acd37c893d7d6926645c715f425eb9dc8,CM-1-2-6-1-2,Evaluate Market Attractiveness,Commercial & Marketing,enables,Supply Network Participation Analysis (CM-1-2-6-1),ResolvedToConcept,CM-1-2-6-1,Supply Network Participation Analysis,stable identifier CM-1-2-6-1 carried in mention text,StableIdentifier,emit automatically after subject/target existence checks,target carries its slug; resolves to Supply Network Participation Analysis,,Q11+Q12
REL-00467,d7310c9acd37c893d7d6926645c715f425eb9dc8,CM-1-2-6-1-2,Evaluate Market Attractiveness,Commercial & Marketing,informed-by,Assess Cost-to-Serve Performance,SoleCandidate,CM-1-2-6-1-3,Assess Cost-to-Serve Performance,"unique exact preferred-label match (candidate filter only, per PR #120)",CandidateOnly,HOLD: context-confirmation pass,label filter leaves one candidate: CM-1-2-6-1-3; resolution requires context evidence,,Q12
REL-00468,d7310c9acd37c893d7d6926645c715f425eb9dc8,CM-1-2-6-1-3,Assess Cost-to-Serve Performance,Commercial & Marketing,uses-input,Segment Customers,SoleCandidate,CM-1-2-6-1-1,Segment Customers,"unique exact preferred-label match (candidate filter only, per PR #120)",CandidateOnly,HOLD: context-confirmation pass,label filter leaves one candidate: CM-1-2-6-1-1; resolution requires context evidence,,Q12
REL-00469,d7310c9acd37c893d7d6926645c715f425eb9dc8,CM-1-2-6-1-3,Assess Cost-to-Serve Performance,Commercial & Marketing,enables,Supply Network Participation Analysis (CM-1-2-6-1),ResolvedToConcept,CM-1-2-6-1,Supply Network Participation Analysis,stable identifier CM-1-2-6-1 carried in mention text,StableIdentifier,emit automatically after subject/target existence checks,target carries its slug; resolves to Supply Network Participation Analysis,,Q11+Q12
REL-00470,d7310c9acd37c893d7d6926645c715f425eb9dc8,CM-1-2-6-1-3,Assess Cost-to-Serve Performance,Commercial & Marketing,uses-input,Accounting,SoleCandidate,CM-1-2-4-2,Accounting,"unique exact preferred-label match (candidate filter only, per PR #120)",CandidateOnly,HOLD: context-confirmation pass,label filter leaves one candidate: CM-1-2-4-2; resolution requires context evidence,,Q12
REL-00471,d7310c9acd37c893d7d6926645c715f425eb9dc8,CM-1-2-6-2-1,Manage Refined Product Demand,Commercial & Marketing,uses-input,Forecast Operational Refined Product Demand (CM-1-2-6-2-3),ResolvedToConcept,CM-1-2-6-2-3,Forecast Operational Refined Product Demand,stable identifier CM-1-2-6-2-3 carried in mention text,StableIdentifier,emit automatically after subject/target existence checks,target carries its slug; resolves to Forecast Operational Refined Product Demand,,Q11+Q12
REL-00472,d7310c9acd37c893d7d6926645c715f425eb9dc8,CM-1-2-6-2-1,Manage Refined Product Demand,Commercial & Marketing,enables,Fulfill Replenishment From Trading Sources (CM-1-2-6-3-2),ResolvedToConcept,CM-1-2-6-3-2,Fulfill Replenishment From Trading Sources,stable identifier CM-1-2-6-3-2 carried in mention text,StableIdentifier,emit automatically after subject/target existence checks,target carries its slug; resolves to Fulfill Replenishment From Trading Sources,,Q11+Q12
REL-00473,d7310c9acd37c893d7d6926645c715f425eb9dc8,CM-1-2-6-2-1,Manage Refined Product Demand,Commercial & Marketing,enables,Coordinate Product Trading,SoleCandidate,CM-1-1-3-5-2,Coordinate Product Trading,"unique exact preferred-label match (candidate filter only, per PR #120)",CandidateOnly,HOLD: context-confirmation pass,label filter leaves one candidate: CM-1-1-3-5-2; resolution requires context evidence,,Q12
REL-00474,d7310c9acd37c893d7d6926645c715f425eb9dc8,CM-1-2-6-2-2,Manage Refined Product Exchanges,Commercial & Marketing,uses-input,Manage Refined Product Demand,SoleCandidate,CM-1-2-6-2-1,Manage Refined Product Demand,"unique exact preferred-label match (candidate filter only, per PR #120)",CandidateOnly,HOLD: context-confirmation pass,label filter leaves one candidate: CM-1-2-6-2-1; resolution requires context evidence,,Q12
REL-00475,d7310c9acd37c893d7d6926645c715f425eb9dc8,CM-1-2-6-2-2,Manage Refined Product Exchanges,Commercial & Marketing,enables,Supply Operations,SoleCandidate,CM-1-2-6-3,Supply Operations,"unique exact preferred-label match (candidate filter only, per PR #120)",CandidateOnly,HOLD: context-confirmation pass,label filter leaves one candidate: CM-1-2-6-3; resolution requires context evidence,,Q12
REL-00476,d7310c9acd37c893d7d6926645c715f425eb9dc8,CM-1-2-6-2-2,Manage Refined Product Exchanges,Commercial & Marketing,informed-by,Manage Product Exchange Agreements,SoleCandidate,CM-1-2-7-1-1,Manage Product Exchange Agreements,"unique exact preferred-label match (candidate filter only, per PR #120)",CandidateOnly,HOLD: context-confirmation pass,label filter leaves one candidate: CM-1-2-7-1-1; resolution requires context evidence,,Q12
REL-00477,d7310c9acd37c893d7d6926645c715f425eb9dc8,CM-1-2-6-2-3,Forecast Operational Refined Product Demand,Commercial & Marketing,uses-input,Produce Demand Forecast (CM-1-1-1-1),ResolvedToConcept,CM-1-1-1-1,Produce Demand Forecast,stable identifier CM-1-1-1-1 carried in mention text,StableIdentifier,emit automatically after subject/target existence checks,target carries its slug; resolves to Produce Demand Forecast,,Q11+Q12
REL-00478,d7310c9acd37c893d7d6926645c715f425eb9dc8,CM-1-2-6-2-3,Forecast Operational Refined Product Demand,Commercial & Marketing,enables,Manage Refined Product Demand,SoleCandidate,CM-1-2-6-2-1,Manage Refined Product Demand,"unique exact preferred-label match (candidate filter only, per PR #120)",CandidateOnly,HOLD: context-confirmation pass,label filter leaves one candidate: CM-1-2-6-2-1; resolution requires context evidence,,Q12
REL-00479,d7310c9acd37c893d7d6926645c715f425eb9dc8,CM-1-2-6-2-3,Forecast Operational Refined Product Demand,Commercial & Marketing,enables,Fulfill Replenishment From Trading Sources (CM-1-2-6-3-2),ResolvedToConcept,CM-1-2-6-3-2,Fulfill Replenishment From Trading Sources,stable identifier CM-1-2-6-3-2 carried in mention text,StableIdentifier,emit automatically after subject/target existence checks,target carries its slug; resolves to Fulfill Replenishment From Trading Sources,,Q11+Q12
REL-00480,d7310c9acd37c893d7d6926645c715f425eb9dc8,CM-1-2-6-3-1,Coordinate S&T Source-Point Supply Operations,Commercial & Marketing,enables,Fulfill Replenishment From Trading Sources (CM-1-2-6-3-2),ResolvedToConcept,CM-1-2-6-3-2,Fulfill Replenishment From Trading Sources,stable identifier CM-1-2-6-3-2 carried in mention text,StableIdentifier,emit automatically after subject/target existence checks,target carries its slug; resolves to Fulfill Replenishment From Trading Sources,,Q11+Q12
REL-00481,d7310c9acd37c893d7d6926645c715f425eb9dc8,CM-1-2-6-3-1,Coordinate S&T Source-Point Supply Operations,Commercial & Marketing,uses-input,Manage Refined Product Exchanges,SoleCandidate,CM-1-2-6-2-2,Manage Refined Product Exchanges,"unique exact preferred-label match (candidate filter only, per PR #120)",CandidateOnly,HOLD: context-confirmation pass,label filter leaves one candidate: CM-1-2-6-2-2; resolution requires context evidence,,Q12
REL-00482,d7310c9acd37c893d7d6926645c715f425eb9dc8,CM-1-2-6-3-1,Coordinate S&T Source-Point Supply Operations,Commercial & Marketing,uses-input,Coordinate Product Trading,SoleCandidate,CM-1-1-3-5-2,Coordinate Product Trading,"unique exact preferred-label match (candidate filter only, per PR #120)",CandidateOnly,HOLD: context-confirmation pass,label filter leaves one candidate: CM-1-1-3-5-2; resolution requires context evidence,,Q12
REL-00483,d7310c9acd37c893d7d6926645c715f425eb9dc8,CM-1-2-6-3-2,Fulfill Replenishment From Trading Sources,Commercial & Marketing,uses-input,Manage Inventory Replenishment,SoleCandidate,CM-1-1-3-7-9,Manage Inventory Replenishment,"unique exact preferred-label match (candidate filter only, per PR #120)",CandidateOnly,HOLD: context-confirmation pass,label filter leaves one candidate: CM-1-1-3-7-9; resolution requires context evidence,,Q12
REL-00484,d7310c9acd37c893d7d6926645c715f425eb9dc8,CM-1-2-6-3-2,Fulfill Replenishment From Trading Sources,Commercial & Marketing,uses-input,Coordinate S&T Source-Point Supply Operations (CM-1-2-6-3-1),ResolvedToConcept,CM-1-2-6-3-1,Coordinate S&T Source-Point Supply Operations,stable identifier CM-1-2-6-3-1 carried in mention text,StableIdentifier,emit automatically after subject/target existence checks,target carries its slug; resolves to Coordinate S&T Source-Point Supply Operations,,Q11+Q12
REL-00485,d7310c9acd37c893d7d6926645c715f425eb9dc8,CM-1-2-6-3-2,Fulfill Replenishment From Trading Sources,Commercial & Marketing,enables,Coordinate Product Trading,SoleCandidate,CM-1-1-3-5-2,Coordinate Product Trading,"unique exact preferred-label match (candidate filter only, per PR #120)",CandidateOnly,HOLD: context-confirmation pass,label filter leaves one candidate: CM-1-1-3-5-2; resolution requires context evidence,,Q12
REL-00486,d7310c9acd37c893d7d6926645c715f425eb9dc8,CM-1-2-6-3-3,Coordinate S&T-Sourced Primary Transportation,Commercial & Marketing,follows,Fulfill Replenishment From Trading Sources (CM-1-2-6-3-2),ResolvedToConcept,CM-1-2-6-3-2,Fulfill Replenishment From Trading Sources,stable identifier CM-1-2-6-3-2 carried in mention text,StableIdentifier,emit automatically after subject/target existence checks,target carries its slug; resolves to Fulfill Replenishment From Trading Sources,,Q11+Q12
REL-00487,d7310c9acd37c893d7d6926645c715f425eb9dc8,CM-1-2-6-3-3,Coordinate S&T-Sourced Primary Transportation,Commercial & Marketing,uses-input,Manage Carrier Contracts,SoleCandidate,CM-1-2-1-2-9,Manage Carrier Contracts,"unique exact preferred-label match (candidate filter only, per PR #120)",CandidateOnly,HOLD: context-confirmation pass,label filter leaves one candidate: CM-1-2-1-2-9; resolution requires context evidence,,Q12
REL-00488,d7310c9acd37c893d7d6926645c715f425eb9dc8,CM-1-2-6-3-3,Coordinate S&T-Sourced Primary Transportation,Commercial & Marketing,precedes,Physical Distribution Scheduling,SoleCandidate,CM-1-1-3-6,Physical Distribution Scheduling,"unique exact preferred-label match (candidate filter only, per PR #120)",CandidateOnly,HOLD: context-confirmation pass,label filter leaves one candidate: CM-1-1-3-6; resolution requires context evidence,,Q12
REL-00489,d7310c9acd37c893d7d6926645c715f425eb9dc8,CM-1-2-7-1-1,Manage Product Exchange Agreements,Commercial & Marketing,enables,Manage Refined Product Exchanges,SoleCandidate,CM-1-2-6-2-2,Manage Refined Product Exchanges,"unique exact preferred-label match (candidate filter only, per PR #120)",CandidateOnly,HOLD: context-confirmation pass,label filter leaves one candidate: CM-1-2-6-2-2; resolution requires context evidence,,Q12
REL-00490,d7310c9acd37c893d7d6926645c715f425eb9dc8,CM-1-2-7-1-1,Manage Product Exchange Agreements,Commercial & Marketing,informed-by,Actualizations,AmbiguousDeferred,CM-1-2-3 | CM-1-2-3-1,Actualizations | Actualizations,exact label matches multiple concepts; no single contextual target,Deferred,no triple; retain candidates + review trigger,label collision across 2 concepts; source context does not isolate one,label remediation or domain-owner clarification,Q12
REL-00491,d7310c9acd37c893d7d6926645c715f425eb9dc8,CM-1-2-7-1-1,Manage Product Exchange Agreements,Commercial & Marketing,precedes,Settle Products,SoleCandidate,CM-1-2-4-1-2,Settle Products,"unique exact preferred-label match (candidate filter only, per PR #120)",CandidateOnly,HOLD: context-confirmation pass,label filter leaves one candidate: CM-1-2-4-1-2; resolution requires context evidence,,Q12
REL-00492,d7310c9acd37c893d7d6926645c715f425eb9dc8,CM-1-2-7-1-2,Manage Product Transport Agreements,Commercial & Marketing,informed-by,Manage Carrier Contracts,SoleCandidate,CM-1-2-1-2-9,Manage Carrier Contracts,"unique exact preferred-label match (candidate filter only, per PR #120)",CandidateOnly,HOLD: context-confirmation pass,label filter leaves one candidate: CM-1-2-1-2-9; resolution requires context evidence,,Q12
REL-00493,d7310c9acd37c893d7d6926645c715f425eb9dc8,CM-1-2-7-1-2,Manage Product Transport Agreements,Commercial & Marketing,enables,Secondary Distribution Management,SoleCandidate,CM-1-1-3-8,Secondary Distribution Management,"unique exact preferred-label match (candidate filter only, per PR #120)",CandidateOnly,HOLD: context-confirmation pass,label filter leaves one candidate: CM-1-1-3-8; resolution requires context evidence,,Q12
REL-00494,d7310c9acd37c893d7d6926645c715f425eb9dc8,CM-1-2-7-1-2,Manage Product Transport Agreements,Commercial & Marketing,enables,Settlements,SoleCandidate,CM-1-2-4-1,Settlements,"unique exact preferred-label match (candidate filter only, per PR #120)",CandidateOnly,HOLD: context-confirmation pass,label filter leaves one candidate: CM-1-2-4-1; resolution requires context evidence,,Q12
REL-00495,d7310c9acd37c893d7d6926645c715f425eb9dc8,CM-1-2-7-1-3,Negotiate Storage / Throughput Agreements,Commercial & Marketing,precedes,Manage Storage Contract,SoleCandidate,CM-1-2-1-2-10,Manage Storage Contract,"unique exact preferred-label match (candidate filter only, per PR #120)",CandidateOnly,HOLD: context-confirmation pass,label filter leaves one candidate: CM-1-2-1-2-10; resolution requires context evidence,,Q12
REL-00496,d7310c9acd37c893d7d6926645c715f425eb9dc8,CM-1-2-7-1-3,Negotiate Storage / Throughput Agreements,Commercial & Marketing,precedes,Capture Storage Deals,SoleCandidate,CM-1-2-1-3-5,Capture Storage Deals,"unique exact preferred-label match (candidate filter only, per PR #120)",CandidateOnly,HOLD: context-confirmation pass,label filter leaves one candidate: CM-1-2-1-3-5; resolution requires context evidence,,Q12
REL-00497,d7310c9acd37c893d7d6926645c715f425eb9dc8,CM-1-2-7-1-3,Negotiate Storage / Throughput Agreements,Commercial & Marketing,informed-by,Supply Operations,SoleCandidate,CM-1-2-6-3,Supply Operations,"unique exact preferred-label match (candidate filter only, per PR #120)",CandidateOnly,HOLD: context-confirmation pass,label filter leaves one candidate: CM-1-2-6-3; resolution requires context evidence,,Q12
REL-00498,d7310c9acd37c893d7d6926645c715f425eb9dc8,CM-1-2-7-2-1,"Manage Safety (Materials, Staff, Contractor)",Commercial & Marketing,governed-by,Terminal Operations Management,SoleCandidate,CM-1-2-7-2,Terminal Operations Management,"unique exact preferred-label match (candidate filter only, per PR #120)",CandidateOnly,HOLD: context-confirmation pass,label filter leaves one candidate: CM-1-2-7-2; resolution requires context evidence,,Q12
REL-00499,d7310c9acd37c893d7d6926645c715f425eb9dc8,CM-1-2-7-2-1,"Manage Safety (Materials, Staff, Contractor)",Commercial & Marketing,enables,"Manage Site Assets (Tank, Rack, Etc.)",SoleCandidate,CM-1-2-7-2-3,"Manage Site Assets (Tank, Rack, Etc.)","unique exact preferred-label match (candidate filter only, per PR #120)",CandidateOnly,HOLD: context-confirmation pass,label filter leaves one candidate: CM-1-2-7-2-3; resolution requires context evidence,,Q12
REL-00500,d7310c9acd37c893d7d6926645c715f425eb9dc8,CM-1-2-7-2-1,"Manage Safety (Materials, Staff, Contractor)",Commercial & Marketing,informed-by,Manage Fleet (Own/Third Party),SoleCandidate,CM-1-2-7-2-2,Manage Fleet (Own/Third Party),"unique exact preferred-label match (candidate filter only, per PR #120)",CandidateOnly,HOLD: context-confirmation pass,label filter leaves one candidate: CM-1-2-7-2-2; resolution requires context evidence,,Q12
REL-00501,d7310c9acd37c893d7d6926645c715f425eb9dc8,CM-1-2-7-2-2,Manage Fleet (Own/Third Party),Commercial & Marketing,enables,Secondary Distribution Management,SoleCandidate,CM-1-1-3-8,Secondary Distribution Management,"unique exact preferred-label match (candidate filter only, per PR #120)",CandidateOnly,HOLD: context-confirmation pass,label filter leaves one candidate: CM-1-1-3-8; resolution requires context evidence,,Q12
REL-00502,d7310c9acd37c893d7d6926645c715f425eb9dc8,CM-1-2-7-2-2,Manage Fleet (Own/Third Party),Commercial & Marketing,governed-by,Terminal Operations Management,SoleCandidate,CM-1-2-7-2,Terminal Operations Management,"unique exact preferred-label match (candidate filter only, per PR #120)",CandidateOnly,HOLD: context-confirmation pass,label filter leaves one candidate: CM-1-2-7-2; resolution requires context evidence,,Q12
REL-00503,d7310c9acd37c893d7d6926645c715f425eb9dc8,CM-1-2-7-2-2,Manage Fleet (Own/Third Party),Commercial & Marketing,informed-by,"Manage Safety (Materials, Staff, Contractor)",SoleCandidate,CM-1-2-7-2-1,"Manage Safety (Materials, Staff, Contractor)","unique exact preferred-label match (candidate filter only, per PR #120)",CandidateOnly,HOLD: context-confirmation pass,label filter leaves one candidate: CM-1-2-7-2-1; resolution requires context evidence,,Q12
REL-00504,d7310c9acd37c893d7d6926645c715f425eb9dc8,CM-1-2-7-2-3,"Manage Site Assets (Tank, Rack, Etc.)",Commercial & Marketing,governed-by,Terminal Operations Management,SoleCandidate,CM-1-2-7-2,Terminal Operations Management,"unique exact preferred-label match (candidate filter only, per PR #120)",CandidateOnly,HOLD: context-confirmation pass,label filter leaves one candidate: CM-1-2-7-2; resolution requires context evidence,,Q12
REL-00505,d7310c9acd37c893d7d6926645c715f425eb9dc8,CM-1-2-7-2-3,"Manage Site Assets (Tank, Rack, Etc.)",Commercial & Marketing,informed-by,"Manage Safety (Materials, Staff, Contractor)",SoleCandidate,CM-1-2-7-2-1,"Manage Safety (Materials, Staff, Contractor)","unique exact preferred-label match (candidate filter only, per PR #120)",CandidateOnly,HOLD: context-confirmation pass,label filter leaves one candidate: CM-1-2-7-2-1; resolution requires context evidence,,Q12
REL-00506,d7310c9acd37c893d7d6926645c715f425eb9dc8,CM-1-2-7-2-3,"Manage Site Assets (Tank, Rack, Etc.)",Commercial & Marketing,enables,Supply Operations,SoleCandidate,CM-1-2-6-3,Supply Operations,"unique exact preferred-label match (candidate filter only, per PR #120)",CandidateOnly,HOLD: context-confirmation pass,label filter leaves one candidate: CM-1-2-6-3; resolution requires context evidence,,Q12
REL-00507,d7310c9acd37c893d7d6926645c715f425eb9dc8,CM-1-3-1-1-1,Source & Collect Information,Commercial & Marketing,follows,Define Analysis Objectives & Scope,ResolvedToConcept,CM-1-3-1-1-2,Define Analysis Objectives & Scope,source and candidate share parent CM-1-3-1-1 (same decomposition pattern),ContextualInferredSibling,HOLD: targeted human review before emission,sibling-step inference — human review required before emission,,Q12
REL-00508,d7310c9acd37c893d7d6926645c715f425eb9dc8,CM-1-3-1-1-1,Source & Collect Information,Commercial & Marketing,precedes,Analyze Data,ResolvedToConcept,CM-1-3-1-1-3,Analyze Data,source and candidate share parent CM-1-3-1-1 (same decomposition pattern),ContextualInferredSibling,HOLD: targeted human review before emission,sibling-step inference — human review required before emission,,Q12
REL-00509,d7310c9acd37c893d7d6926645c715f425eb9dc8,CM-1-3-1-1-1,Source & Collect Information,Commercial & Marketing,governed-by,Market Analysis,SoleCandidate,CM-1-3-1-1,Market Analysis,"unique exact preferred-label match (candidate filter only, per PR #120)",CandidateOnly,HOLD: context-confirmation pass,label filter leaves one candidate: CM-1-3-1-1; resolution requires context evidence,,Q12
REL-00510,d7310c9acd37c893d7d6926645c715f425eb9dc8,CM-1-3-1-1-2,Define Analysis Objectives & Scope,Commercial & Marketing,precedes,Source & Collect Information,ResolvedToConcept,CM-1-3-1-1-1,Source & Collect Information,source and candidate share parent CM-1-3-1-1 (same decomposition pattern),ContextualInferredSibling,HOLD: targeted human review before emission,sibling-step inference — human review required before emission,,Q12
REL-00511,d7310c9acd37c893d7d6926645c715f425eb9dc8,CM-1-3-1-1-2,Define Analysis Objectives & Scope,Commercial & Marketing,precedes,Analyze Data,ResolvedToConcept,CM-1-3-1-1-3,Analyze Data,source and candidate share parent CM-1-3-1-1 (same decomposition pattern),ContextualInferredSibling,HOLD: targeted human review before emission,sibling-step inference — human review required before emission,,Q12
REL-00512,d7310c9acd37c893d7d6926645c715f425eb9dc8,CM-1-3-1-1-2,Define Analysis Objectives & Scope,Commercial & Marketing,precedes,Document Findings,ResolvedToConcept,CM-1-3-1-1-4,Document Findings,source and candidate share parent CM-1-3-1-1 (same decomposition pattern),ContextualInferredSibling,HOLD: targeted human review before emission,sibling-step inference — human review required before emission,,Q12
REL-00513,d7310c9acd37c893d7d6926645c715f425eb9dc8,CM-1-3-1-1-2,Define Analysis Objectives & Scope,Commercial & Marketing,governed-by,Market Analysis,SoleCandidate,CM-1-3-1-1,Market Analysis,"unique exact preferred-label match (candidate filter only, per PR #120)",CandidateOnly,HOLD: context-confirmation pass,label filter leaves one candidate: CM-1-3-1-1; resolution requires context evidence,,Q12
REL-00514,d7310c9acd37c893d7d6926645c715f425eb9dc8,CM-1-3-1-1-3,Analyze Data,Commercial & Marketing,follows,Source & Collect Information,ResolvedToConcept,CM-1-3-1-1-1,Source & Collect Information,source and candidate share parent CM-1-3-1-1 (same decomposition pattern),ContextualInferredSibling,HOLD: targeted human review before emission,sibling-step inference — human review required before emission,,Q12
REL-00515,d7310c9acd37c893d7d6926645c715f425eb9dc8,CM-1-3-1-1-3,Analyze Data,Commercial & Marketing,precedes,Document Findings,ResolvedToConcept,CM-1-3-1-1-4,Document Findings,source and candidate share parent CM-1-3-1-1 (same decomposition pattern),ContextualInferredSibling,HOLD: targeted human review before emission,sibling-step inference — human review required before emission,,Q12
REL-00516,d7310c9acd37c893d7d6926645c715f425eb9dc8,CM-1-3-1-1-4,Document Findings,Commercial & Marketing,follows,Analyze Data,ResolvedToConcept,CM-1-3-1-1-3,Analyze Data,source and candidate share parent CM-1-3-1-1 (same decomposition pattern),ContextualInferredSibling,HOLD: targeted human review before emission,sibling-step inference — human review required before emission,,Q12
REL-00517,d7310c9acd37c893d7d6926645c715f425eb9dc8,CM-1-3-1-1-4,Document Findings,Commercial & Marketing,enables,Marketing Insight and Metrics Stewardship (CM-1-3-1-6),ResolvedToConcept,CM-1-3-1-6,Marketing Insight and Metrics Stewardship,stable identifier CM-1-3-1-6 carried in mention text,StableIdentifier,emit automatically after subject/target existence checks,target carries its slug; resolves to Marketing Insight and Metrics Stewardship,,Q11+Q12
REL-00518,d7310c9acd37c893d7d6926645c715f425eb9dc8,CM-1-3-1-2-1,Source & Collect Information,Commercial & Marketing,follows,Define Analysis Objectives & Scope,ResolvedToConcept,CM-1-3-1-2-2,Define Analysis Objectives & Scope,source and candidate share parent CM-1-3-1-2 (same decomposition pattern),ContextualInferredSibling,HOLD: targeted human review before emission,sibling-step inference — human review required before emission,,Q12
REL-00519,d7310c9acd37c893d7d6926645c715f425eb9dc8,CM-1-3-1-2-1,Source & Collect Information,Commercial & Marketing,precedes,Analyze Data,ResolvedToConcept,CM-1-3-1-2-3,Analyze Data,source and candidate share parent CM-1-3-1-2 (same decomposition pattern),ContextualInferredSibling,HOLD: targeted human review before emission,sibling-step inference — human review required before emission,,Q12
REL-00520,d7310c9acd37c893d7d6926645c715f425eb9dc8,CM-1-3-1-2-1,Source & Collect Information,Commercial & Marketing,governed-by,Company Analysis,SoleCandidate,CM-1-3-1-2,Company Analysis,"unique exact preferred-label match (candidate filter only, per PR #120)",CandidateOnly,HOLD: context-confirmation pass,label filter leaves one candidate: CM-1-3-1-2; resolution requires context evidence,,Q12
REL-00521,d7310c9acd37c893d7d6926645c715f425eb9dc8,CM-1-3-1-2-2,Define Analysis Objectives & Scope,Commercial & Marketing,precedes,Source & Collect Information,ResolvedToConcept,CM-1-3-1-2-1,Source & Collect Information,source and candidate share parent CM-1-3-1-2 (same decomposition pattern),ContextualInferredSibling,HOLD: targeted human review before emission,sibling-step inference — human review required before emission,,Q12
REL-00522,d7310c9acd37c893d7d6926645c715f425eb9dc8,CM-1-3-1-2-2,Define Analysis Objectives & Scope,Commercial & Marketing,precedes,Analyze Data,ResolvedToConcept,CM-1-3-1-2-3,Analyze Data,source and candidate share parent CM-1-3-1-2 (same decomposition pattern),ContextualInferredSibling,HOLD: targeted human review before emission,sibling-step inference — human review required before emission,,Q12
REL-00523,d7310c9acd37c893d7d6926645c715f425eb9dc8,CM-1-3-1-2-2,Define Analysis Objectives & Scope,Commercial & Marketing,precedes,Document Findings,ResolvedToConcept,CM-1-3-1-2-4,Document Findings,source and candidate share parent CM-1-3-1-2 (same decomposition pattern),ContextualInferredSibling,HOLD: targeted human review before emission,sibling-step inference — human review required before emission,,Q12
REL-00524,d7310c9acd37c893d7d6926645c715f425eb9dc8,CM-1-3-1-2-2,Define Analysis Objectives & Scope,Commercial & Marketing,governed-by,Company Analysis,SoleCandidate,CM-1-3-1-2,Company Analysis,"unique exact preferred-label match (candidate filter only, per PR #120)",CandidateOnly,HOLD: context-confirmation pass,label filter leaves one candidate: CM-1-3-1-2; resolution requires context evidence,,Q12
REL-00525,d7310c9acd37c893d7d6926645c715f425eb9dc8,CM-1-3-1-2-3,Analyze Data,Commercial & Marketing,follows,Source & Collect Information,ResolvedToConcept,CM-1-3-1-2-1,Source & Collect Information,source and candidate share parent CM-1-3-1-2 (same decomposition pattern),ContextualInferredSibling,HOLD: targeted human review before emission,sibling-step inference — human review required before emission,,Q12
REL-00526,d7310c9acd37c893d7d6926645c715f425eb9dc8,CM-1-3-1-2-3,Analyze Data,Commercial & Marketing,precedes,Document Findings,ResolvedToConcept,CM-1-3-1-2-4,Document Findings,source and candidate share parent CM-1-3-1-2 (same decomposition pattern),ContextualInferredSibling,HOLD: targeted human review before emission,sibling-step inference — human review required before emission,,Q12
REL-00527,d7310c9acd37c893d7d6926645c715f425eb9dc8,CM-1-3-1-2-4,Document Findings,Commercial & Marketing,follows,Analyze Data,ResolvedToConcept,CM-1-3-1-2-3,Analyze Data,source and candidate share parent CM-1-3-1-2 (same decomposition pattern),ContextualInferredSibling,HOLD: targeted human review before emission,sibling-step inference — human review required before emission,,Q12
REL-00528,d7310c9acd37c893d7d6926645c715f425eb9dc8,CM-1-3-1-2-4,Document Findings,Commercial & Marketing,enables,Marketing Insight and Metrics Stewardship (CM-1-3-1-6),ResolvedToConcept,CM-1-3-1-6,Marketing Insight and Metrics Stewardship,stable identifier CM-1-3-1-6 carried in mention text,StableIdentifier,emit automatically after subject/target existence checks,target carries its slug; resolves to Marketing Insight and Metrics Stewardship,,Q11+Q12
REL-00529,d7310c9acd37c893d7d6926645c715f425eb9dc8,CM-1-3-1-3-1,Source & Collect Information,Commercial & Marketing,follows,Define Analysis Objectives & Scope,ResolvedToConcept,CM-1-3-1-3-2,Define Analysis Objectives & Scope,source and candidate share parent CM-1-3-1-3 (same decomposition pattern),ContextualInferredSibling,HOLD: targeted human review before emission,sibling-step inference — human review required before emission,,Q12
REL-00530,d7310c9acd37c893d7d6926645c715f425eb9dc8,CM-1-3-1-3-1,Source & Collect Information,Commercial & Marketing,precedes,Analyze Data,ResolvedToConcept,CM-1-3-1-3-3,Analyze Data,source and candidate share parent CM-1-3-1-3 (same decomposition pattern),ContextualInferredSibling,HOLD: targeted human review before emission,sibling-step inference — human review required before emission,,Q12
REL-00531,d7310c9acd37c893d7d6926645c715f425eb9dc8,CM-1-3-1-3-1,Source & Collect Information,Commercial & Marketing,governed-by,Consumer Analysis,SoleCandidate,CM-1-3-1-3,Consumer Analysis,"unique exact preferred-label match (candidate filter only, per PR #120)",CandidateOnly,HOLD: context-confirmation pass,label filter leaves one candidate: CM-1-3-1-3; resolution requires context evidence,,Q12
REL-00532,d7310c9acd37c893d7d6926645c715f425eb9dc8,CM-1-3-1-3-2,Define Analysis Objectives & Scope,Commercial & Marketing,precedes,Source & Collect Information,ResolvedToConcept,CM-1-3-1-3-1,Source & Collect Information,source and candidate share parent CM-1-3-1-3 (same decomposition pattern),ContextualInferredSibling,HOLD: targeted human review before emission,sibling-step inference — human review required before emission,,Q12
REL-00533,d7310c9acd37c893d7d6926645c715f425eb9dc8,CM-1-3-1-3-2,Define Analysis Objectives & Scope,Commercial & Marketing,precedes,Analyze Data,ResolvedToConcept,CM-1-3-1-3-3,Analyze Data,source and candidate share parent CM-1-3-1-3 (same decomposition pattern),ContextualInferredSibling,HOLD: targeted human review before emission,sibling-step inference — human review required before emission,,Q12
REL-00534,d7310c9acd37c893d7d6926645c715f425eb9dc8,CM-1-3-1-3-2,Define Analysis Objectives & Scope,Commercial & Marketing,precedes,Document Findings,ResolvedToConcept,CM-1-3-1-3-4,Document Findings,source and candidate share parent CM-1-3-1-3 (same decomposition pattern),ContextualInferredSibling,HOLD: targeted human review before emission,sibling-step inference — human review required before emission,,Q12
REL-00535,d7310c9acd37c893d7d6926645c715f425eb9dc8,CM-1-3-1-3-2,Define Analysis Objectives & Scope,Commercial & Marketing,governed-by,Consumer Analysis,SoleCandidate,CM-1-3-1-3,Consumer Analysis,"unique exact preferred-label match (candidate filter only, per PR #120)",CandidateOnly,HOLD: context-confirmation pass,label filter leaves one candidate: CM-1-3-1-3; resolution requires context evidence,,Q12
REL-00536,d7310c9acd37c893d7d6926645c715f425eb9dc8,CM-1-3-1-3-3,Analyze Data,Commercial & Marketing,follows,Source & Collect Information,ResolvedToConcept,CM-1-3-1-3-1,Source & Collect Information,source and candidate share parent CM-1-3-1-3 (same decomposition pattern),ContextualInferredSibling,HOLD: targeted human review before emission,sibling-step inference — human review required before emission,,Q12
REL-00537,d7310c9acd37c893d7d6926645c715f425eb9dc8,CM-1-3-1-3-3,Analyze Data,Commercial & Marketing,precedes,Document Findings,ResolvedToConcept,CM-1-3-1-3-4,Document Findings,source and candidate share parent CM-1-3-1-3 (same decomposition pattern),ContextualInferredSibling,HOLD: targeted human review before emission,sibling-step inference — human review required before emission,,Q12
REL-00538,d7310c9acd37c893d7d6926645c715f425eb9dc8,CM-1-3-1-3-4,Document Findings,Commercial & Marketing,follows,Analyze Data,ResolvedToConcept,CM-1-3-1-3-3,Analyze Data,source and candidate share parent CM-1-3-1-3 (same decomposition pattern),ContextualInferredSibling,HOLD: targeted human review before emission,sibling-step inference — human review required before emission,,Q12
REL-00539,d7310c9acd37c893d7d6926645c715f425eb9dc8,CM-1-3-1-3-4,Document Findings,Commercial & Marketing,enables,Marketing Insight and Metrics Stewardship (CM-1-3-1-6),ResolvedToConcept,CM-1-3-1-6,Marketing Insight and Metrics Stewardship,stable identifier CM-1-3-1-6 carried in mention text,StableIdentifier,emit automatically after subject/target existence checks,target carries its slug; resolves to Marketing Insight and Metrics Stewardship,,Q11+Q12
REL-00540,d7310c9acd37c893d7d6926645c715f425eb9dc8,CM-1-3-1-4-1,Source & Collect Information,Commercial & Marketing,follows,Define Analysis Objectives & Scope,ResolvedToConcept,CM-1-3-1-4-2,Define Analysis Objectives & Scope,source and candidate share parent CM-1-3-1-4 (same decomposition pattern),ContextualInferredSibling,HOLD: targeted human review before emission,sibling-step inference — human review required before emission,,Q12
REL-00541,d7310c9acd37c893d7d6926645c715f425eb9dc8,CM-1-3-1-4-1,Source & Collect Information,Commercial & Marketing,precedes,Analyze Data,ResolvedToConcept,CM-1-3-1-4-3,Analyze Data,source and candidate share parent CM-1-3-1-4 (same decomposition pattern),ContextualInferredSibling,HOLD: targeted human review before emission,sibling-step inference — human review required before emission,,Q12
REL-00542,d7310c9acd37c893d7d6926645c715f425eb9dc8,CM-1-3-1-4-1,Source & Collect Information,Commercial & Marketing,governed-by,Customer And Marketer Analysis,SoleCandidate,CM-1-3-1-4,Customer And Marketer Analysis,"unique exact preferred-label match (candidate filter only, per PR #120)",CandidateOnly,HOLD: context-confirmation pass,label filter leaves one candidate: CM-1-3-1-4; resolution requires context evidence,,Q12
REL-00543,d7310c9acd37c893d7d6926645c715f425eb9dc8,CM-1-3-1-4-2,Define Analysis Objectives & Scope,Commercial & Marketing,precedes,Source & Collect Information,ResolvedToConcept,CM-1-3-1-4-1,Source & Collect Information,source and candidate share parent CM-1-3-1-4 (same decomposition pattern),ContextualInferredSibling,HOLD: targeted human review before emission,sibling-step inference — human review required before emission,,Q12
REL-00544,d7310c9acd37c893d7d6926645c715f425eb9dc8,CM-1-3-1-4-2,Define Analysis Objectives & Scope,Commercial & Marketing,precedes,Analyze Data,ResolvedToConcept,CM-1-3-1-4-3,Analyze Data,source and candidate share parent CM-1-3-1-4 (same decomposition pattern),ContextualInferredSibling,HOLD: targeted human review before emission,sibling-step inference — human review required before emission,,Q12
REL-00545,d7310c9acd37c893d7d6926645c715f425eb9dc8,CM-1-3-1-4-2,Define Analysis Objectives & Scope,Commercial & Marketing,precedes,Document Findings,ResolvedToConcept,CM-1-3-1-4-4,Document Findings,source and candidate share parent CM-1-3-1-4 (same decomposition pattern),ContextualInferredSibling,HOLD: targeted human review before emission,sibling-step inference — human review required before emission,,Q12
REL-00546,d7310c9acd37c893d7d6926645c715f425eb9dc8,CM-1-3-1-4-2,Define Analysis Objectives & Scope,Commercial & Marketing,governed-by,Customer And Marketer Analysis,SoleCandidate,CM-1-3-1-4,Customer And Marketer Analysis,"unique exact preferred-label match (candidate filter only, per PR #120)",CandidateOnly,HOLD: context-confirmation pass,label filter leaves one candidate: CM-1-3-1-4; resolution requires context evidence,,Q12
REL-00547,d7310c9acd37c893d7d6926645c715f425eb9dc8,CM-1-3-1-4-3,Analyze Data,Commercial & Marketing,follows,Source & Collect Information,ResolvedToConcept,CM-1-3-1-4-1,Source & Collect Information,source and candidate share parent CM-1-3-1-4 (same decomposition pattern),ContextualInferredSibling,HOLD: targeted human review before emission,sibling-step inference — human review required before emission,,Q12
REL-00548,d7310c9acd37c893d7d6926645c715f425eb9dc8,CM-1-3-1-4-3,Analyze Data,Commercial & Marketing,precedes,Document Findings,ResolvedToConcept,CM-1-3-1-4-4,Document Findings,source and candidate share parent CM-1-3-1-4 (same decomposition pattern),ContextualInferredSibling,HOLD: targeted human review before emission,sibling-step inference — human review required before emission,,Q12
REL-00549,d7310c9acd37c893d7d6926645c715f425eb9dc8,CM-1-3-1-4-3,Analyze Data,Commercial & Marketing,uses-input,Assess Cost-to-Serve Performance,SoleCandidate,CM-1-2-6-1-3,Assess Cost-to-Serve Performance,"unique exact preferred-label match (candidate filter only, per PR #120)",CandidateOnly,HOLD: context-confirmation pass,label filter leaves one candidate: CM-1-2-6-1-3; resolution requires context evidence,,Q12
REL-00550,d7310c9acd37c893d7d6926645c715f425eb9dc8,CM-1-3-1-4-4,Document Findings,Commercial & Marketing,follows,Analyze Data,ResolvedToConcept,CM-1-3-1-4-3,Analyze Data,source and candidate share parent CM-1-3-1-4 (same decomposition pattern),ContextualInferredSibling,HOLD: targeted human review before emission,sibling-step inference — human review required before emission,,Q12
REL-00551,d7310c9acd37c893d7d6926645c715f425eb9dc8,CM-1-3-1-4-4,Document Findings,Commercial & Marketing,enables,Marketing Insight and Metrics Stewardship (CM-1-3-1-6),ResolvedToConcept,CM-1-3-1-6,Marketing Insight and Metrics Stewardship,stable identifier CM-1-3-1-6 carried in mention text,StableIdentifier,emit automatically after subject/target existence checks,target carries its slug; resolves to Marketing Insight and Metrics Stewardship,,Q11+Q12
REL-00552,d7310c9acd37c893d7d6926645c715f425eb9dc8,CM-1-3-1-5-1,Source & Collect Information,Commercial & Marketing,follows,Define Analysis Objectives & Scope,ResolvedToConcept,CM-1-3-1-5-2,Define Analysis Objectives & Scope,source and candidate share parent CM-1-3-1-5 (same decomposition pattern),ContextualInferredSibling,HOLD: targeted human review before emission,sibling-step inference — human review required before emission,,Q12
REL-00553,d7310c9acd37c893d7d6926645c715f425eb9dc8,CM-1-3-1-5-1,Source & Collect Information,Commercial & Marketing,precedes,Analyze Data,ResolvedToConcept,CM-1-3-1-5-3,Analyze Data,source and candidate share parent CM-1-3-1-5 (same decomposition pattern),ContextualInferredSibling,HOLD: targeted human review before emission,sibling-step inference — human review required before emission,,Q12
REL-00554,d7310c9acd37c893d7d6926645c715f425eb9dc8,CM-1-3-1-5-1,Source & Collect Information,Commercial & Marketing,governed-by,Competitor Analysis,SoleCandidate,CM-1-3-1-5,Competitor Analysis,"unique exact preferred-label match (candidate filter only, per PR #120)",CandidateOnly,HOLD: context-confirmation pass,label filter leaves one candidate: CM-1-3-1-5; resolution requires context evidence,,Q12
REL-00555,d7310c9acd37c893d7d6926645c715f425eb9dc8,CM-1-3-1-5-2,Define Analysis Objectives & Scope,Commercial & Marketing,precedes,Source & Collect Information,ResolvedToConcept,CM-1-3-1-5-1,Source & Collect Information,source and candidate share parent CM-1-3-1-5 (same decomposition pattern),ContextualInferredSibling,HOLD: targeted human review before emission,sibling-step inference — human review required before emission,,Q12
REL-00556,d7310c9acd37c893d7d6926645c715f425eb9dc8,CM-1-3-1-5-2,Define Analysis Objectives & Scope,Commercial & Marketing,precedes,Analyze Data,ResolvedToConcept,CM-1-3-1-5-3,Analyze Data,source and candidate share parent CM-1-3-1-5 (same decomposition pattern),ContextualInferredSibling,HOLD: targeted human review before emission,sibling-step inference — human review required before emission,,Q12
REL-00557,d7310c9acd37c893d7d6926645c715f425eb9dc8,CM-1-3-1-5-2,Define Analysis Objectives & Scope,Commercial & Marketing,precedes,Document Findings,ResolvedToConcept,CM-1-3-1-5-4,Document Findings,source and candidate share parent CM-1-3-1-5 (same decomposition pattern),ContextualInferredSibling,HOLD: targeted human review before emission,sibling-step inference — human review required before emission,,Q12
REL-00558,d7310c9acd37c893d7d6926645c715f425eb9dc8,CM-1-3-1-5-2,Define Analysis Objectives & Scope,Commercial & Marketing,governed-by,Competitor Analysis,SoleCandidate,CM-1-3-1-5,Competitor Analysis,"unique exact preferred-label match (candidate filter only, per PR #120)",CandidateOnly,HOLD: context-confirmation pass,label filter leaves one candidate: CM-1-3-1-5; resolution requires context evidence,,Q12
REL-00559,d7310c9acd37c893d7d6926645c715f425eb9dc8,CM-1-3-1-5-3,Analyze Data,Commercial & Marketing,follows,Source & Collect Information,ResolvedToConcept,CM-1-3-1-5-1,Source & Collect Information,source and candidate share parent CM-1-3-1-5 (same decomposition pattern),ContextualInferredSibling,HOLD: targeted human review before emission,sibling-step inference — human review required before emission,,Q12
REL-00560,d7310c9acd37c893d7d6926645c715f425eb9dc8,CM-1-3-1-5-3,Analyze Data,Commercial & Marketing,precedes,Document Findings,ResolvedToConcept,CM-1-3-1-5-4,Document Findings,source and candidate share parent CM-1-3-1-5 (same decomposition pattern),ContextualInferredSibling,HOLD: targeted human review before emission,sibling-step inference — human review required before emission,,Q12
REL-00561,d7310c9acd37c893d7d6926645c715f425eb9dc8,CM-1-3-1-5-4,Document Findings,Commercial & Marketing,follows,Analyze Data,ResolvedToConcept,CM-1-3-1-5-3,Analyze Data,source and candidate share parent CM-1-3-1-5 (same decomposition pattern),ContextualInferredSibling,HOLD: targeted human review before emission,sibling-step inference — human review required before emission,,Q12
REL-00562,d7310c9acd37c893d7d6926645c715f425eb9dc8,CM-1-3-1-5-4,Document Findings,Commercial & Marketing,enables,Marketing Insight and Metrics Stewardship (CM-1-3-1-6),ResolvedToConcept,CM-1-3-1-6,Marketing Insight and Metrics Stewardship,stable identifier CM-1-3-1-6 carried in mention text,StableIdentifier,emit automatically after subject/target existence checks,target carries its slug; resolves to Marketing Insight and Metrics Stewardship,,Q11+Q12
REL-00563,d7310c9acd37c893d7d6926645c715f425eb9dc8,CM-1-3-1-6,Marketing Insight and Metrics Stewardship,Commercial & Marketing,uses-input,Market Analysis,SoleCandidate,CM-1-3-1-1,Market Analysis,"unique exact preferred-label match (candidate filter only, per PR #120)",CandidateOnly,HOLD: context-confirmation pass,label filter leaves one candidate: CM-1-3-1-1; resolution requires context evidence,,Q12
REL-00564,d7310c9acd37c893d7d6926645c715f425eb9dc8,CM-1-3-1-6,Marketing Insight and Metrics Stewardship,Commercial & Marketing,uses-input,Competitor Analysis,SoleCandidate,CM-1-3-1-5,Competitor Analysis,"unique exact preferred-label match (candidate filter only, per PR #120)",CandidateOnly,HOLD: context-confirmation pass,label filter leaves one candidate: CM-1-3-1-5; resolution requires context evidence,,Q12
REL-00565,d7310c9acd37c893d7d6926645c715f425eb9dc8,CM-1-3-1-6,Marketing Insight and Metrics Stewardship,Commercial & Marketing,enables,Brand Strategy,SoleCandidate,CM-1-3-2-1,Brand Strategy,"unique exact preferred-label match (candidate filter only, per PR #120)",CandidateOnly,HOLD: context-confirmation pass,label filter leaves one candidate: CM-1-3-2-1; resolution requires context evidence,,Q12
REL-00566,d7310c9acd37c893d7d6926645c715f425eb9dc8,CM-1-3-10-1,Set Up and Maintain Terminal Customer Authorization,Commercial & Marketing,uses-input,Maintain Customer and Commercial Account Master Data (CM-1-3-7-1-1),ResolvedToConcept,CM-1-3-7-1-1,Maintain Customer and Commercial Account Master Data,stable identifier CM-1-3-7-1-1 carried in mention text,StableIdentifier,emit automatically after subject/target existence checks,target carries its slug; resolves to Maintain Customer and Commercial Account Master Data,,Q11+Q12
REL-00567,d7310c9acd37c893d7d6926645c715f425eb9dc8,CM-1-3-10-1,Set Up and Maintain Terminal Customer Authorization,Commercial & Marketing,informed-by,Manage Credit & Risk,SoleCandidate,CM-1-3-7-4,Manage Credit & Risk,"unique exact preferred-label match (candidate filter only, per PR #120)",CandidateOnly,HOLD: context-confirmation pass,label filter leaves one candidate: CM-1-3-7-4; resolution requires context evidence,,Q12
REL-00568,d7310c9acd37c893d7d6926645c715f425eb9dc8,CM-1-3-10-1,Set Up and Maintain Terminal Customer Authorization,Commercial & Marketing,informed-by,Perform KYC Due Diligence (CM-1-3-7-4-6),ResolvedToConcept,CM-1-3-7-4-6,Perform KYC Due Diligence,stable identifier CM-1-3-7-4-6 carried in mention text,StableIdentifier,emit automatically after subject/target existence checks,target carries its slug; resolves to Perform KYC Due Diligence,,Q11+Q12
REL-00569,d7310c9acd37c893d7d6926645c715f425eb9dc8,CM-1-3-10-1,Set Up and Maintain Terminal Customer Authorization,Commercial & Marketing,uses-input,Capture Terminal Sales Deal (CM-1-3-10-4),ResolvedToConcept,CM-1-3-10-4,Capture Terminal Sales Deal,stable identifier CM-1-3-10-4 carried in mention text,StableIdentifier,emit automatically after subject/target existence checks,target carries its slug; resolves to Capture Terminal Sales Deal,,Q11+Q12
REL-00570,d7310c9acd37c893d7d6926645c715f425eb9dc8,CM-1-3-10-1,Set Up and Maintain Terminal Customer Authorization,Commercial & Marketing,enables,Process Customer Lifting Forecasts and Nominations (CM-1-3-10-2),ResolvedToConcept,CM-1-3-10-2,Process Customer Lifting Forecasts and Nominations,stable identifier CM-1-3-10-2 carried in mention text,StableIdentifier,emit automatically after subject/target existence checks,target carries its slug; resolves to Process Customer Lifting Forecasts and Nominations,,Q11+Q12
REL-00571,d7310c9acd37c893d7d6926645c715f425eb9dc8,CM-1-3-10-1,Set Up and Maintain Terminal Customer Authorization,Commercial & Marketing,enables,Manage Terminal Lifting Allocation (CM-1-3-10-3),ResolvedToConcept,CM-1-3-10-3,Manage Terminal Lifting Allocation,stable identifier CM-1-3-10-3 carried in mention text,StableIdentifier,emit automatically after subject/target existence checks,target carries its slug; resolves to Manage Terminal Lifting Allocation,,Q11+Q12
REL-00572,d7310c9acd37c893d7d6926645c715f425eb9dc8,CM-1-3-10-2,Process Customer Lifting Forecasts and Nominations,Commercial & Marketing,uses-input,Set Up and Maintain Terminal Customer Authorization (CM-1-3-10-1),ResolvedToConcept,CM-1-3-10-1,Set Up and Maintain Terminal Customer Authorization,stable identifier CM-1-3-10-1 carried in mention text,StableIdentifier,emit automatically after subject/target existence checks,target carries its slug; resolves to Set Up and Maintain Terminal Customer Authorization,,Q11+Q12
REL-00573,d7310c9acd37c893d7d6926645c715f425eb9dc8,CM-1-3-10-2,Process Customer Lifting Forecasts and Nominations,Commercial & Marketing,uses-input,Capture Terminal Sales Deal (CM-1-3-10-4),ResolvedToConcept,CM-1-3-10-4,Capture Terminal Sales Deal,stable identifier CM-1-3-10-4 carried in mention text,StableIdentifier,emit automatically after subject/target existence checks,target carries its slug; resolves to Capture Terminal Sales Deal,,Q11+Q12
REL-00574,d7310c9acd37c893d7d6926645c715f425eb9dc8,CM-1-3-10-2,Process Customer Lifting Forecasts and Nominations,Commercial & Marketing,constrained-by,Manage Terminal Lifting Allocation (CM-1-3-10-3),ResolvedToConcept,CM-1-3-10-3,Manage Terminal Lifting Allocation,stable identifier CM-1-3-10-3 carried in mention text,StableIdentifier,emit automatically after subject/target existence checks,target carries its slug; resolves to Manage Terminal Lifting Allocation,,Q11+Q12
REL-00575,d7310c9acd37c893d7d6926645c715f425eb9dc8,CM-1-3-10-2,Process Customer Lifting Forecasts and Nominations,Commercial & Marketing,informed-by,Manage Refined Product Demand,SoleCandidate,CM-1-2-6-2-1,Manage Refined Product Demand,"unique exact preferred-label match (candidate filter only, per PR #120)",CandidateOnly,HOLD: context-confirmation pass,label filter leaves one candidate: CM-1-2-6-2-1; resolution requires context evidence,,Q12
REL-00576,d7310c9acd37c893d7d6926645c715f425eb9dc8,CM-1-3-10-2,Process Customer Lifting Forecasts and Nominations,Commercial & Marketing,precedes,Administer Scheduled Shipment Loading (CM-1-1-3-6-2),ResolvedToConcept,CM-1-1-3-6-2,Administer Scheduled Shipment Loading,stable identifier CM-1-1-3-6-2 carried in mention text,StableIdentifier,emit automatically after subject/target existence checks,target carries its slug; resolves to Administer Scheduled Shipment Loading,,Q11+Q12
REL-00577,d7310c9acd37c893d7d6926645c715f425eb9dc8,CM-1-3-10-3,Manage Terminal Lifting Allocation,Commercial & Marketing,governed-by,Allocate Finished Products (CM-1-1-2-11),ResolvedToConcept,CM-1-1-2-11,Allocate Finished Products,stable identifier CM-1-1-2-11 carried in mention text,StableIdentifier,emit automatically after subject/target existence checks,target carries its slug; resolves to Allocate Finished Products,,Q11+Q12
REL-00578,d7310c9acd37c893d7d6926645c715f425eb9dc8,CM-1-3-10-3,Manage Terminal Lifting Allocation,Commercial & Marketing,uses-input,Process Customer Lifting Forecasts and Nominations (CM-1-3-10-2),ResolvedToConcept,CM-1-3-10-2,Process Customer Lifting Forecasts and Nominations,stable identifier CM-1-3-10-2 carried in mention text,StableIdentifier,emit automatically after subject/target existence checks,target carries its slug; resolves to Process Customer Lifting Forecasts and Nominations,,Q11+Q12
REL-00579,d7310c9acd37c893d7d6926645c715f425eb9dc8,CM-1-3-10-3,Manage Terminal Lifting Allocation,Commercial & Marketing,uses-input,Set Up and Maintain Terminal Customer Authorization (CM-1-3-10-1),ResolvedToConcept,CM-1-3-10-1,Set Up and Maintain Terminal Customer Authorization,stable identifier CM-1-3-10-1 carried in mention text,StableIdentifier,emit automatically after subject/target existence checks,target carries its slug; resolves to Set Up and Maintain Terminal Customer Authorization,,Q11+Q12
REL-00580,d7310c9acd37c893d7d6926645c715f425eb9dc8,CM-1-3-10-3,Manage Terminal Lifting Allocation,Commercial & Marketing,informed-by,Manage Credit & Risk,SoleCandidate,CM-1-3-7-4,Manage Credit & Risk,"unique exact preferred-label match (candidate filter only, per PR #120)",CandidateOnly,HOLD: context-confirmation pass,label filter leaves one candidate: CM-1-3-7-4; resolution requires context evidence,,Q12
REL-00581,d7310c9acd37c893d7d6926645c715f425eb9dc8,CM-1-3-10-3,Manage Terminal Lifting Allocation,Commercial & Marketing,follows,Allocate & Release Order,SoleCandidate,CM-1-3-7-3-2,Allocate & Release Order,"unique exact preferred-label match (candidate filter only, per PR #120)",CandidateOnly,HOLD: context-confirmation pass,label filter leaves one candidate: CM-1-3-7-3-2; resolution requires context evidence,,Q12
REL-00582,d7310c9acd37c893d7d6926645c715f425eb9dc8,CM-1-3-10-4,Capture Terminal Sales Deal,Commercial & Marketing,enables,Set Up and Maintain Terminal Customer Authorization (CM-1-3-10-1),ResolvedToConcept,CM-1-3-10-1,Set Up and Maintain Terminal Customer Authorization,stable identifier CM-1-3-10-1 carried in mention text,StableIdentifier,emit automatically after subject/target existence checks,target carries its slug; resolves to Set Up and Maintain Terminal Customer Authorization,,Q11+Q12
REL-00583,d7310c9acd37c893d7d6926645c715f425eb9dc8,CM-1-3-10-4,Capture Terminal Sales Deal,Commercial & Marketing,enables,Process Customer Lifting Forecasts and Nominations (CM-1-3-10-2),ResolvedToConcept,CM-1-3-10-2,Process Customer Lifting Forecasts and Nominations,stable identifier CM-1-3-10-2 carried in mention text,StableIdentifier,emit automatically after subject/target existence checks,target carries its slug; resolves to Process Customer Lifting Forecasts and Nominations,,Q11+Q12
REL-00584,d7310c9acd37c893d7d6926645c715f425eb9dc8,CM-1-3-10-4,Capture Terminal Sales Deal,Commercial & Marketing,uses-input,Maintain Customer and Commercial Account Master Data (CM-1-3-7-1-1),ResolvedToConcept,CM-1-3-7-1-1,Maintain Customer and Commercial Account Master Data,stable identifier CM-1-3-7-1-1 carried in mention text,StableIdentifier,emit automatically after subject/target existence checks,target carries its slug; resolves to Maintain Customer and Commercial Account Master Data,,Q11+Q12
REL-00585,d7310c9acd37c893d7d6926645c715f425eb9dc8,CM-1-3-10-4,Capture Terminal Sales Deal,Commercial & Marketing,informed-by,Manage Credit & Risk,SoleCandidate,CM-1-3-7-4,Manage Credit & Risk,"unique exact preferred-label match (candidate filter only, per PR #120)",CandidateOnly,HOLD: context-confirmation pass,label filter leaves one candidate: CM-1-3-7-4; resolution requires context evidence,,Q12
REL-00586,d7310c9acd37c893d7d6926645c715f425eb9dc8,CM-1-3-2-1-1,Formulate and Evaluate Strategic Operating Alternatives,Commercial & Marketing,follows,Establish Brand Objectives and hypothesis,SoleCandidate,CM-1-3-2-1-2,Establish Brand Objectives and hypothesis,"unique exact preferred-label match (candidate filter only, per PR #120)",CandidateOnly,HOLD: context-confirmation pass,label filter leaves one candidate: CM-1-3-2-1-2; resolution requires context evidence,,Q12
REL-00587,d7310c9acd37c893d7d6926645c715f425eb9dc8,CM-1-3-2-1-1,Formulate and Evaluate Strategic Operating Alternatives,Commercial & Marketing,precedes,Develop & Test Brand Hypothesis,SoleCandidate,CM-1-3-2-1-3,Develop & Test Brand Hypothesis,"unique exact preferred-label match (candidate filter only, per PR #120)",CandidateOnly,HOLD: context-confirmation pass,label filter leaves one candidate: CM-1-3-2-1-3; resolution requires context evidence,,Q12
REL-00588,d7310c9acd37c893d7d6926645c715f425eb9dc8,CM-1-3-2-1-1,Formulate and Evaluate Strategic Operating Alternatives,Commercial & Marketing,governed-by,Brand Strategy,SoleCandidate,CM-1-3-2-1,Brand Strategy,"unique exact preferred-label match (candidate filter only, per PR #120)",CandidateOnly,HOLD: context-confirmation pass,label filter leaves one candidate: CM-1-3-2-1; resolution requires context evidence,,Q12
REL-00589,d7310c9acd37c893d7d6926645c715f425eb9dc8,CM-1-3-2-1-2,Establish Brand Objectives and hypothesis,Commercial & Marketing,precedes,Formulate and Evaluate Strategic Operating Alternatives (CM-1-3-2-1-1),ResolvedToConcept,CM-1-3-2-1-1,Formulate and Evaluate Strategic Operating Alternatives,stable identifier CM-1-3-2-1-1 carried in mention text,StableIdentifier,emit automatically after subject/target existence checks,target carries its slug; resolves to Formulate and Evaluate Strategic Operating Alternatives,,Q11+Q12
REL-00590,d7310c9acd37c893d7d6926645c715f425eb9dc8,CM-1-3-2-1-2,Establish Brand Objectives and hypothesis,Commercial & Marketing,precedes,Develop & Test Brand Hypothesis,SoleCandidate,CM-1-3-2-1-3,Develop & Test Brand Hypothesis,"unique exact preferred-label match (candidate filter only, per PR #120)",CandidateOnly,HOLD: context-confirmation pass,label filter leaves one candidate: CM-1-3-2-1-3; resolution requires context evidence,,Q12
REL-00591,d7310c9acd37c893d7d6926645c715f425eb9dc8,CM-1-3-2-1-2,Establish Brand Objectives and hypothesis,Commercial & Marketing,governed-by,Brand Strategy,SoleCandidate,CM-1-3-2-1,Brand Strategy,"unique exact preferred-label match (candidate filter only, per PR #120)",CandidateOnly,HOLD: context-confirmation pass,label filter leaves one candidate: CM-1-3-2-1; resolution requires context evidence,,Q12
REL-00592,d7310c9acd37c893d7d6926645c715f425eb9dc8,CM-1-3-2-1-3,Develop & Test Brand Hypothesis,Commercial & Marketing,follows,Formulate and Evaluate Strategic Operating Alternatives (CM-1-3-2-1-1),ResolvedToConcept,CM-1-3-2-1-1,Formulate and Evaluate Strategic Operating Alternatives,stable identifier CM-1-3-2-1-1 carried in mention text,StableIdentifier,emit automatically after subject/target existence checks,target carries its slug; resolves to Formulate and Evaluate Strategic Operating Alternatives,,Q11+Q12
REL-00593,d7310c9acd37c893d7d6926645c715f425eb9dc8,CM-1-3-2-1-3,Develop & Test Brand Hypothesis,Commercial & Marketing,precedes,Develop / update Brand,SoleCandidate,CM-1-3-2-1-4,Develop / update Brand,"unique exact preferred-label match (candidate filter only, per PR #120)",CandidateOnly,HOLD: context-confirmation pass,label filter leaves one candidate: CM-1-3-2-1-4; resolution requires context evidence,,Q12
REL-00594,d7310c9acd37c893d7d6926645c715f425eb9dc8,CM-1-3-2-1-4,Develop / update Brand,Commercial & Marketing,follows,Develop & Test Brand Hypothesis,SoleCandidate,CM-1-3-2-1-3,Develop & Test Brand Hypothesis,"unique exact preferred-label match (candidate filter only, per PR #120)",CandidateOnly,HOLD: context-confirmation pass,label filter leaves one candidate: CM-1-3-2-1-3; resolution requires context evidence,,Q12
REL-00595,d7310c9acd37c893d7d6926645c715f425eb9dc8,CM-1-3-2-1-4,Develop / update Brand,Commercial & Marketing,enables,Marketing Communications Strategy,SoleCandidate,CM-1-3-3-5,Marketing Communications Strategy,"unique exact preferred-label match (candidate filter only, per PR #120)",CandidateOnly,HOLD: context-confirmation pass,label filter leaves one candidate: CM-1-3-3-5; resolution requires context evidence,,Q12
REL-00596,d7310c9acd37c893d7d6926645c715f425eb9dc8,CM-1-3-2-1-4,Develop / update Brand,Commercial & Marketing,enables,Brand Standards Management (CM-1-3-6-7),ResolvedToConcept,CM-1-3-6-7,Brand Standards Management,stable identifier CM-1-3-6-7 carried in mention text,StableIdentifier,emit automatically after subject/target existence checks,target carries its slug; resolves to Brand Standards Management,,Q11+Q12
REL-00597,d7310c9acd37c893d7d6926645c715f425eb9dc8,CM-1-3-2-2-1,Test Customer value proposition,Commercial & Marketing,follows,Formulate and Evaluate Strategic Operating Alternatives (CVP),SoleCandidate,CM-1-3-2-2-2,Formulate and Evaluate Strategic Operating Alternatives (CVP),"unique exact preferred-label match (candidate filter only, per PR #120)",CandidateOnly,HOLD: context-confirmation pass,label filter leaves one candidate: CM-1-3-2-2-2; resolution requires context evidence,,Q12
REL-00598,d7310c9acd37c893d7d6926645c715f425eb9dc8,CM-1-3-2-2-1,Test Customer value proposition,Commercial & Marketing,precedes,Develop/Update Strategy (CVP),SoleCandidate,CM-1-3-2-2-4,Develop/Update Strategy (CVP),"unique exact preferred-label match (candidate filter only, per PR #120)",CandidateOnly,HOLD: context-confirmation pass,label filter leaves one candidate: CM-1-3-2-2-4; resolution requires context evidence,,Q12
REL-00599,d7310c9acd37c893d7d6926645c715f425eb9dc8,CM-1-3-2-2-2,Formulate and Evaluate Strategic Operating Alternatives (CVP),Commercial & Marketing,follows,Establish CVP principles and objectives,SoleCandidate,CM-1-3-2-2-3,Establish CVP principles and objectives,"unique exact preferred-label match (candidate filter only, per PR #120)",CandidateOnly,HOLD: context-confirmation pass,label filter leaves one candidate: CM-1-3-2-2-3; resolution requires context evidence,,Q12
REL-00600,d7310c9acd37c893d7d6926645c715f425eb9dc8,CM-1-3-2-2-2,Formulate and Evaluate Strategic Operating Alternatives (CVP),Commercial & Marketing,precedes,Test Customer value proposition,SoleCandidate,CM-1-3-2-2-1,Test Customer value proposition,"unique exact preferred-label match (candidate filter only, per PR #120)",CandidateOnly,HOLD: context-confirmation pass,label filter leaves one candidate: CM-1-3-2-2-1; resolution requires context evidence,,Q12
REL-00601,d7310c9acd37c893d7d6926645c715f425eb9dc8,CM-1-3-2-2-2,Formulate and Evaluate Strategic Operating Alternatives (CVP),Commercial & Marketing,governed-by,Customer And Marketer Value Proposition,SoleCandidate,CM-1-3-2-2,Customer And Marketer Value Proposition,"unique exact preferred-label match (candidate filter only, per PR #120)",CandidateOnly,HOLD: context-confirmation pass,label filter leaves one candidate: CM-1-3-2-2; resolution requires context evidence,,Q12
REL-00602,d7310c9acd37c893d7d6926645c715f425eb9dc8,CM-1-3-2-2-3,Establish CVP principles and objectives,Commercial & Marketing,precedes,Formulate and Evaluate Strategic Operating Alternatives (CVP),SoleCandidate,CM-1-3-2-2-2,Formulate and Evaluate Strategic Operating Alternatives (CVP),"unique exact preferred-label match (candidate filter only, per PR #120)",CandidateOnly,HOLD: context-confirmation pass,label filter leaves one candidate: CM-1-3-2-2-2; resolution requires context evidence,,Q12
REL-00603,d7310c9acd37c893d7d6926645c715f425eb9dc8,CM-1-3-2-2-3,Establish CVP principles and objectives,Commercial & Marketing,precedes,Test Customer value proposition,SoleCandidate,CM-1-3-2-2-1,Test Customer value proposition,"unique exact preferred-label match (candidate filter only, per PR #120)",CandidateOnly,HOLD: context-confirmation pass,label filter leaves one candidate: CM-1-3-2-2-1; resolution requires context evidence,,Q12
REL-00604,d7310c9acd37c893d7d6926645c715f425eb9dc8,CM-1-3-2-2-3,Establish CVP principles and objectives,Commercial & Marketing,governed-by,Customer And Marketer Value Proposition,SoleCandidate,CM-1-3-2-2,Customer And Marketer Value Proposition,"unique exact preferred-label match (candidate filter only, per PR #120)",CandidateOnly,HOLD: context-confirmation pass,label filter leaves one candidate: CM-1-3-2-2; resolution requires context evidence,,Q12
REL-00605,d7310c9acd37c893d7d6926645c715f425eb9dc8,CM-1-3-2-2-4,Develop/Update Strategy (CVP),Commercial & Marketing,follows,Test Customer value proposition,SoleCandidate,CM-1-3-2-2-1,Test Customer value proposition,"unique exact preferred-label match (candidate filter only, per PR #120)",CandidateOnly,HOLD: context-confirmation pass,label filter leaves one candidate: CM-1-3-2-2-1; resolution requires context evidence,,Q12
REL-00606,d7310c9acd37c893d7d6926645c715f425eb9dc8,CM-1-3-2-2-4,Develop/Update Strategy (CVP),Commercial & Marketing,enables,Customer Offer Definition,SoleCandidate,CM-1-3-3-1,Customer Offer Definition,"unique exact preferred-label match (candidate filter only, per PR #120)",CandidateOnly,HOLD: context-confirmation pass,label filter leaves one candidate: CM-1-3-3-1; resolution requires context evidence,,Q12
REL-00607,d7310c9acd37c893d7d6926645c715f425eb9dc8,CM-1-3-2-2-4,Develop/Update Strategy (CVP),Commercial & Marketing,enables,Channel & Partner Management,SoleCandidate,CM-1-3-6-1,Channel & Partner Management,"unique exact preferred-label match (candidate filter only, per PR #120)",CandidateOnly,HOLD: context-confirmation pass,label filter leaves one candidate: CM-1-3-6-1; resolution requires context evidence,,Q12
REL-00608,d7310c9acd37c893d7d6926645c715f425eb9dc8,CM-1-3-2-3-1,Test Consumer Value Proposition,Commercial & Marketing,follows,Formulate and Evaluate Consumer Value Proposition Alternatives (CM-1-3-2-3-2),ResolvedToConcept,CM-1-3-2-3-2,Formulate and Evaluate Consumer Value Proposition Alternatives,stable identifier CM-1-3-2-3-2 carried in mention text,StableIdentifier,emit automatically after subject/target existence checks,target carries its slug; resolves to Formulate and Evaluate Consumer Value Proposition Alternatives,,Q11+Q12
REL-00609,d7310c9acd37c893d7d6926645c715f425eb9dc8,CM-1-3-2-3-1,Test Consumer Value Proposition,Commercial & Marketing,precedes,Develop and Update Consumer Value Proposition Strategy (CM-1-3-2-3-4),ResolvedToConcept,CM-1-3-2-3-4,Develop and Update Consumer Value Proposition Strategy,stable identifier CM-1-3-2-3-4 carried in mention text,StableIdentifier,emit automatically after subject/target existence checks,target carries its slug; resolves to Develop and Update Consumer Value Proposition Strategy,,Q11+Q12
REL-00610,d7310c9acd37c893d7d6926645c715f425eb9dc8,CM-1-3-2-3-2,Formulate and Evaluate Consumer Value Proposition Alternatives,Commercial & Marketing,follows,Establish Consumer Value Proposition Principles and Objectives (CM-1-3-2-3-3),ResolvedToConcept,CM-1-3-2-3-3,Establish Consumer Value Proposition Principles and Objectives,stable identifier CM-1-3-2-3-3 carried in mention text,StableIdentifier,emit automatically after subject/target existence checks,target carries its slug; resolves to Establish Consumer Value Proposition Principles and Objectives,,Q11+Q12
REL-00611,d7310c9acd37c893d7d6926645c715f425eb9dc8,CM-1-3-2-3-2,Formulate and Evaluate Consumer Value Proposition Alternatives,Commercial & Marketing,precedes,Test Consumer Value Proposition (CM-1-3-2-3-1),ResolvedToConcept,CM-1-3-2-3-1,Test Consumer Value Proposition,stable identifier CM-1-3-2-3-1 carried in mention text,StableIdentifier,emit automatically after subject/target existence checks,target carries its slug; resolves to Test Consumer Value Proposition,,Q11+Q12
REL-00612,d7310c9acd37c893d7d6926645c715f425eb9dc8,CM-1-3-2-3-2,Formulate and Evaluate Consumer Value Proposition Alternatives,Commercial & Marketing,governed-by,Consumer Value Proposition,SoleCandidate,CM-1-3-2-3,Consumer Value Proposition,"unique exact preferred-label match (candidate filter only, per PR #120)",CandidateOnly,HOLD: context-confirmation pass,label filter leaves one candidate: CM-1-3-2-3; resolution requires context evidence,,Q12
REL-00613,d7310c9acd37c893d7d6926645c715f425eb9dc8,CM-1-3-2-3-3,Establish Consumer Value Proposition Principles and Objectives,Commercial & Marketing,precedes,Formulate and Evaluate Consumer Value Proposition Alternatives (CM-1-3-2-3-2),ResolvedToConcept,CM-1-3-2-3-2,Formulate and Evaluate Consumer Value Proposition Alternatives,stable identifier CM-1-3-2-3-2 carried in mention text,StableIdentifier,emit automatically after subject/target existence checks,target carries its slug; resolves to Formulate and Evaluate Consumer Value Proposition Alternatives,,Q11+Q12
REL-00614,d7310c9acd37c893d7d6926645c715f425eb9dc8,CM-1-3-2-3-3,Establish Consumer Value Proposition Principles and Objectives,Commercial & Marketing,precedes,Test Consumer Value Proposition (CM-1-3-2-3-1),ResolvedToConcept,CM-1-3-2-3-1,Test Consumer Value Proposition,stable identifier CM-1-3-2-3-1 carried in mention text,StableIdentifier,emit automatically after subject/target existence checks,target carries its slug; resolves to Test Consumer Value Proposition,,Q11+Q12
REL-00615,d7310c9acd37c893d7d6926645c715f425eb9dc8,CM-1-3-2-3-3,Establish Consumer Value Proposition Principles and Objectives,Commercial & Marketing,governed-by,Consumer Value Proposition,SoleCandidate,CM-1-3-2-3,Consumer Value Proposition,"unique exact preferred-label match (candidate filter only, per PR #120)",CandidateOnly,HOLD: context-confirmation pass,label filter leaves one candidate: CM-1-3-2-3; resolution requires context evidence,,Q12
REL-00616,d7310c9acd37c893d7d6926645c715f425eb9dc8,CM-1-3-2-3-4,Develop and Update Consumer Value Proposition Strategy,Commercial & Marketing,follows,Test Consumer Value Proposition (CM-1-3-2-3-1),ResolvedToConcept,CM-1-3-2-3-1,Test Consumer Value Proposition,stable identifier CM-1-3-2-3-1 carried in mention text,StableIdentifier,emit automatically after subject/target existence checks,target carries its slug; resolves to Test Consumer Value Proposition,,Q11+Q12
REL-00617,d7310c9acd37c893d7d6926645c715f425eb9dc8,CM-1-3-2-3-4,Develop and Update Consumer Value Proposition Strategy,Commercial & Marketing,enables,Customer Offer Definition,SoleCandidate,CM-1-3-3-1,Customer Offer Definition,"unique exact preferred-label match (candidate filter only, per PR #120)",CandidateOnly,HOLD: context-confirmation pass,label filter leaves one candidate: CM-1-3-3-1; resolution requires context evidence,,Q12
REL-00618,d7310c9acd37c893d7d6926645c715f425eb9dc8,CM-1-3-2-3-4,Develop and Update Consumer Value Proposition Strategy,Commercial & Marketing,enables,Customer Experience Strategy,SoleCandidate,CM-1-3-2-5,Customer Experience Strategy,"unique exact preferred-label match (candidate filter only, per PR #120)",CandidateOnly,HOLD: context-confirmation pass,label filter leaves one candidate: CM-1-3-2-5; resolution requires context evidence,,Q12
REL-00619,d7310c9acd37c893d7d6926645c715f425eb9dc8,CM-1-3-2-4-1,Conduct Channel of trade diagnostics,Commercial & Marketing,precedes,Establish operating Objectives and develop Channel Strategy Hypothesis,SoleCandidate,CM-1-3-2-4-2,Establish operating Objectives and develop Channel Strategy Hypothesis,"unique exact preferred-label match (candidate filter only, per PR #120)",CandidateOnly,HOLD: context-confirmation pass,label filter leaves one candidate: CM-1-3-2-4-2; resolution requires context evidence,,Q12
REL-00620,d7310c9acd37c893d7d6926645c715f425eb9dc8,CM-1-3-2-4-1,Conduct Channel of trade diagnostics,Commercial & Marketing,governed-by,Sales & Distribution Channel Strategy,SoleCandidate,CM-1-3-2-4,Sales & Distribution Channel Strategy,"unique exact preferred-label match (candidate filter only, per PR #120)",CandidateOnly,HOLD: context-confirmation pass,label filter leaves one candidate: CM-1-3-2-4; resolution requires context evidence,,Q12
REL-00621,d7310c9acd37c893d7d6926645c715f425eb9dc8,CM-1-3-2-4-1,Conduct Channel of trade diagnostics,Commercial & Marketing,uses-input,Assess Cost-to-Serve Performance,SoleCandidate,CM-1-2-6-1-3,Assess Cost-to-Serve Performance,"unique exact preferred-label match (candidate filter only, per PR #120)",CandidateOnly,HOLD: context-confirmation pass,label filter leaves one candidate: CM-1-2-6-1-3; resolution requires context evidence,,Q12
REL-00622,d7310c9acd37c893d7d6926645c715f425eb9dc8,CM-1-3-2-4-2,Establish operating Objectives and develop Channel Strategy Hypothesis,Commercial & Marketing,follows,Conduct Channel of trade diagnostics,SoleCandidate,CM-1-3-2-4-1,Conduct Channel of trade diagnostics,"unique exact preferred-label match (candidate filter only, per PR #120)",CandidateOnly,HOLD: context-confirmation pass,label filter leaves one candidate: CM-1-3-2-4-1; resolution requires context evidence,,Q12
REL-00623,d7310c9acd37c893d7d6926645c715f425eb9dc8,CM-1-3-2-4-2,Establish operating Objectives and develop Channel Strategy Hypothesis,Commercial & Marketing,governed-by,Sales & Distribution Channel Strategy,SoleCandidate,CM-1-3-2-4,Sales & Distribution Channel Strategy,"unique exact preferred-label match (candidate filter only, per PR #120)",CandidateOnly,HOLD: context-confirmation pass,label filter leaves one candidate: CM-1-3-2-4; resolution requires context evidence,,Q12
REL-00624,d7310c9acd37c893d7d6926645c715f425eb9dc8,CM-1-3-2-5-1,Identify Customer Experience Aspiration,Commercial & Marketing,precedes,Define Customer Experience Guiding Principles,SoleCandidate,CM-1-3-2-5-2,Define Customer Experience Guiding Principles,"unique exact preferred-label match (candidate filter only, per PR #120)",CandidateOnly,HOLD: context-confirmation pass,label filter leaves one candidate: CM-1-3-2-5-2; resolution requires context evidence,,Q12
REL-00625,d7310c9acd37c893d7d6926645c715f425eb9dc8,CM-1-3-2-5-1,Identify Customer Experience Aspiration,Commercial & Marketing,governed-by,Customer Experience Strategy,SoleCandidate,CM-1-3-2-5,Customer Experience Strategy,"unique exact preferred-label match (candidate filter only, per PR #120)",CandidateOnly,HOLD: context-confirmation pass,label filter leaves one candidate: CM-1-3-2-5; resolution requires context evidence,,Q12
REL-00626,d7310c9acd37c893d7d6926645c715f425eb9dc8,CM-1-3-2-5-2,Define Customer Experience Guiding Principles,Commercial & Marketing,follows,Identify Customer Experience Aspiration,SoleCandidate,CM-1-3-2-5-1,Identify Customer Experience Aspiration,"unique exact preferred-label match (candidate filter only, per PR #120)",CandidateOnly,HOLD: context-confirmation pass,label filter leaves one candidate: CM-1-3-2-5-1; resolution requires context evidence,,Q12
REL-00627,d7310c9acd37c893d7d6926645c715f425eb9dc8,CM-1-3-2-5-2,Define Customer Experience Guiding Principles,Commercial & Marketing,precedes,Establish Customer Experience Strategic Pillars,SoleCandidate,CM-1-3-2-5-3,Establish Customer Experience Strategic Pillars,"unique exact preferred-label match (candidate filter only, per PR #120)",CandidateOnly,HOLD: context-confirmation pass,label filter leaves one candidate: CM-1-3-2-5-3; resolution requires context evidence,,Q12
REL-00628,d7310c9acd37c893d7d6926645c715f425eb9dc8,CM-1-3-2-5-3,Establish Customer Experience Strategic Pillars,Commercial & Marketing,follows,Define Customer Experience Guiding Principles,SoleCandidate,CM-1-3-2-5-2,Define Customer Experience Guiding Principles,"unique exact preferred-label match (candidate filter only, per PR #120)",CandidateOnly,HOLD: context-confirmation pass,label filter leaves one candidate: CM-1-3-2-5-2; resolution requires context evidence,,Q12
REL-00629,d7310c9acd37c893d7d6926645c715f425eb9dc8,CM-1-3-2-5-3,Establish Customer Experience Strategic Pillars,Commercial & Marketing,governed-by,Customer Experience Strategy,SoleCandidate,CM-1-3-2-5,Customer Experience Strategy,"unique exact preferred-label match (candidate filter only, per PR #120)",CandidateOnly,HOLD: context-confirmation pass,label filter leaves one candidate: CM-1-3-2-5; resolution requires context evidence,,Q12
REL-00630,d7310c9acd37c893d7d6926645c715f425eb9dc8,CM-1-3-3-1-1,Define Target Customer Groups,Commercial & Marketing,precedes,Define Customer Offer,SoleCandidate,CM-1-3-3-1-2,Define Customer Offer,"unique exact preferred-label match (candidate filter only, per PR #120)",CandidateOnly,HOLD: context-confirmation pass,label filter leaves one candidate: CM-1-3-3-1-2; resolution requires context evidence,,Q12
REL-00631,d7310c9acd37c893d7d6926645c715f425eb9dc8,CM-1-3-3-1-1,Define Target Customer Groups,Commercial & Marketing,governed-by,Customer Offer Definition,SoleCandidate,CM-1-3-3-1,Customer Offer Definition,"unique exact preferred-label match (candidate filter only, per PR #120)",CandidateOnly,HOLD: context-confirmation pass,label filter leaves one candidate: CM-1-3-3-1; resolution requires context evidence,,Q12
REL-00632,d7310c9acd37c893d7d6926645c715f425eb9dc8,CM-1-3-3-1-2,Define Customer Offer,Commercial & Marketing,follows,Define Target Customer Groups,SoleCandidate,CM-1-3-3-1-1,Define Target Customer Groups,"unique exact preferred-label match (candidate filter only, per PR #120)",CandidateOnly,HOLD: context-confirmation pass,label filter leaves one candidate: CM-1-3-3-1-1; resolution requires context evidence,,Q12
REL-00633,d7310c9acd37c893d7d6926645c715f425eb9dc8,CM-1-3-3-1-2,Define Customer Offer,Commercial & Marketing,precedes,Validate Customer Offer,SoleCandidate,CM-1-3-3-1-3,Validate Customer Offer,"unique exact preferred-label match (candidate filter only, per PR #120)",CandidateOnly,HOLD: context-confirmation pass,label filter leaves one candidate: CM-1-3-3-1-3; resolution requires context evidence,,Q12
REL-00634,d7310c9acd37c893d7d6926645c715f425eb9dc8,CM-1-3-3-1-3,Validate Customer Offer,Commercial & Marketing,follows,Define Customer Offer,SoleCandidate,CM-1-3-3-1-2,Define Customer Offer,"unique exact preferred-label match (candidate filter only, per PR #120)",CandidateOnly,HOLD: context-confirmation pass,label filter leaves one candidate: CM-1-3-3-1-2; resolution requires context evidence,,Q12
REL-00635,d7310c9acd37c893d7d6926645c715f425eb9dc8,CM-1-3-3-1-3,Validate Customer Offer,Commercial & Marketing,precedes,Define Offer Measurement Framework (CM-1-3-3-1-4),ResolvedToConcept,CM-1-3-3-1-4,Define Offer Measurement Framework,stable identifier CM-1-3-3-1-4 carried in mention text,StableIdentifier,emit automatically after subject/target existence checks,target carries its slug; resolves to Define Offer Measurement Framework,,Q11+Q12
REL-00636,d7310c9acd37c893d7d6926645c715f425eb9dc8,CM-1-3-3-1-4,Define Offer Measurement Framework,Commercial & Marketing,follows,Validate Customer Offer,SoleCandidate,CM-1-3-3-1-3,Validate Customer Offer,"unique exact preferred-label match (candidate filter only, per PR #120)",CandidateOnly,HOLD: context-confirmation pass,label filter leaves one candidate: CM-1-3-3-1-3; resolution requires context evidence,,Q12
REL-00637,d7310c9acd37c893d7d6926645c715f425eb9dc8,CM-1-3-3-1-4,Define Offer Measurement Framework,Commercial & Marketing,uses-input,Marketing Insight and Metrics Stewardship (CM-1-3-1-6),ResolvedToConcept,CM-1-3-1-6,Marketing Insight and Metrics Stewardship,stable identifier CM-1-3-1-6 carried in mention text,StableIdentifier,emit automatically after subject/target existence checks,target carries its slug; resolves to Marketing Insight and Metrics Stewardship,,Q11+Q12
REL-00638,d7310c9acd37c893d7d6926645c715f425eb9dc8,CM-1-3-3-2-1,Define Strategic Pricing Approach,Commercial & Marketing,precedes,Develop Integrated Pricing Strategy,SoleCandidate,CM-1-3-3-2-2,Develop Integrated Pricing Strategy,"unique exact preferred-label match (candidate filter only, per PR #120)",CandidateOnly,HOLD: context-confirmation pass,label filter leaves one candidate: CM-1-3-3-2-2; resolution requires context evidence,,Q12
REL-00639,d7310c9acd37c893d7d6926645c715f425eb9dc8,CM-1-3-3-2-1,Define Strategic Pricing Approach,Commercial & Marketing,governed-by,Pricing Strategy Management,SoleCandidate,CM-1-3-3-2,Pricing Strategy Management,"unique exact preferred-label match (candidate filter only, per PR #120)",CandidateOnly,HOLD: context-confirmation pass,label filter leaves one candidate: CM-1-3-3-2; resolution requires context evidence,,Q12
REL-00640,d7310c9acd37c893d7d6926645c715f425eb9dc8,CM-1-3-3-2-2,Develop Integrated Pricing Strategy,Commercial & Marketing,follows,Define Strategic Pricing Approach,SoleCandidate,CM-1-3-3-2-1,Define Strategic Pricing Approach,"unique exact preferred-label match (candidate filter only, per PR #120)",CandidateOnly,HOLD: context-confirmation pass,label filter leaves one candidate: CM-1-3-3-2-1; resolution requires context evidence,,Q12
REL-00641,d7310c9acd37c893d7d6926645c715f425eb9dc8,CM-1-3-3-2-2,Develop Integrated Pricing Strategy,Commercial & Marketing,precedes,Define Pricing Measurement Framework (CM-1-3-3-2-5),ResolvedToConcept,CM-1-3-3-2-5,Define Pricing Measurement Framework,stable identifier CM-1-3-3-2-5 carried in mention text,StableIdentifier,emit automatically after subject/target existence checks,target carries its slug; resolves to Define Pricing Measurement Framework,,Q11+Q12
REL-00642,d7310c9acd37c893d7d6926645c715f425eb9dc8,CM-1-3-3-2-2,Develop Integrated Pricing Strategy,Commercial & Marketing,informed-by,Conduct Pricing Pilots,SoleCandidate,CM-1-3-3-2-4,Conduct Pricing Pilots,"unique exact preferred-label match (candidate filter only, per PR #120)",CandidateOnly,HOLD: context-confirmation pass,label filter leaves one candidate: CM-1-3-3-2-4; resolution requires context evidence,,Q12
REL-00643,d7310c9acd37c893d7d6926645c715f425eb9dc8,CM-1-3-3-2-2,Develop Integrated Pricing Strategy,Commercial & Marketing,informed-by,Analyze Pricing Performance,SoleCandidate,CM-1-3-3-2-3,Analyze Pricing Performance,"unique exact preferred-label match (candidate filter only, per PR #120)",CandidateOnly,HOLD: context-confirmation pass,label filter leaves one candidate: CM-1-3-3-2-3; resolution requires context evidence,,Q12
REL-00644,d7310c9acd37c893d7d6926645c715f425eb9dc8,CM-1-3-3-2-2,Develop Integrated Pricing Strategy,Commercial & Marketing,enables,Sales Pricing Management,SoleCandidate,CM-1-3-6-3,Sales Pricing Management,"unique exact preferred-label match (candidate filter only, per PR #120)",CandidateOnly,HOLD: context-confirmation pass,label filter leaves one candidate: CM-1-3-6-3; resolution requires context evidence,,Q12
REL-00645,d7310c9acd37c893d7d6926645c715f425eb9dc8,CM-1-3-3-2-3,Analyze Pricing Performance,Commercial & Marketing,follows,Define Pricing Measurement Framework (CM-1-3-3-2-5),ResolvedToConcept,CM-1-3-3-2-5,Define Pricing Measurement Framework,stable identifier CM-1-3-3-2-5 carried in mention text,StableIdentifier,emit automatically after subject/target existence checks,target carries its slug; resolves to Define Pricing Measurement Framework,,Q11+Q12
REL-00646,d7310c9acd37c893d7d6926645c715f425eb9dc8,CM-1-3-3-2-3,Analyze Pricing Performance,Commercial & Marketing,informed-by,Sales Pricing Management,SoleCandidate,CM-1-3-6-3,Sales Pricing Management,"unique exact preferred-label match (candidate filter only, per PR #120)",CandidateOnly,HOLD: context-confirmation pass,label filter leaves one candidate: CM-1-3-6-3; resolution requires context evidence,,Q12
REL-00647,d7310c9acd37c893d7d6926645c715f425eb9dc8,CM-1-3-3-2-3,Analyze Pricing Performance,Commercial & Marketing,informed-by,Conduct Pricing Pilots,SoleCandidate,CM-1-3-3-2-4,Conduct Pricing Pilots,"unique exact preferred-label match (candidate filter only, per PR #120)",CandidateOnly,HOLD: context-confirmation pass,label filter leaves one candidate: CM-1-3-3-2-4; resolution requires context evidence,,Q12
REL-00648,d7310c9acd37c893d7d6926645c715f425eb9dc8,CM-1-3-3-2-3,Analyze Pricing Performance,Commercial & Marketing,enables,Develop Integrated Pricing Strategy,SoleCandidate,CM-1-3-3-2-2,Develop Integrated Pricing Strategy,"unique exact preferred-label match (candidate filter only, per PR #120)",CandidateOnly,HOLD: context-confirmation pass,label filter leaves one candidate: CM-1-3-3-2-2; resolution requires context evidence,,Q12
REL-00649,d7310c9acd37c893d7d6926645c715f425eb9dc8,CM-1-3-3-2-4,Conduct Pricing Pilots,Commercial & Marketing,follows,Develop Integrated Pricing Strategy,SoleCandidate,CM-1-3-3-2-2,Develop Integrated Pricing Strategy,"unique exact preferred-label match (candidate filter only, per PR #120)",CandidateOnly,HOLD: context-confirmation pass,label filter leaves one candidate: CM-1-3-3-2-2; resolution requires context evidence,,Q12
REL-00650,d7310c9acd37c893d7d6926645c715f425eb9dc8,CM-1-3-3-2-4,Conduct Pricing Pilots,Commercial & Marketing,uses-input,Sales Pricing Management,SoleCandidate,CM-1-3-6-3,Sales Pricing Management,"unique exact preferred-label match (candidate filter only, per PR #120)",CandidateOnly,HOLD: context-confirmation pass,label filter leaves one candidate: CM-1-3-6-3; resolution requires context evidence,,Q12
REL-00651,d7310c9acd37c893d7d6926645c715f425eb9dc8,CM-1-3-3-2-5,Define Pricing Measurement Framework,Commercial & Marketing,follows,Develop Integrated Pricing Strategy,SoleCandidate,CM-1-3-3-2-2,Develop Integrated Pricing Strategy,"unique exact preferred-label match (candidate filter only, per PR #120)",CandidateOnly,HOLD: context-confirmation pass,label filter leaves one candidate: CM-1-3-3-2-2; resolution requires context evidence,,Q12
REL-00652,d7310c9acd37c893d7d6926645c715f425eb9dc8,CM-1-3-3-2-5,Define Pricing Measurement Framework,Commercial & Marketing,precedes,Analyze Pricing Performance,SoleCandidate,CM-1-3-3-2-3,Analyze Pricing Performance,"unique exact preferred-label match (candidate filter only, per PR #120)",CandidateOnly,HOLD: context-confirmation pass,label filter leaves one candidate: CM-1-3-3-2-3; resolution requires context evidence,,Q12
REL-00653,d7310c9acd37c893d7d6926645c715f425eb9dc8,CM-1-3-3-2-5,Define Pricing Measurement Framework,Commercial & Marketing,uses-input,Marketing Insight and Metrics Stewardship (CM-1-3-1-6),ResolvedToConcept,CM-1-3-1-6,Marketing Insight and Metrics Stewardship,stable identifier CM-1-3-1-6 carried in mention text,StableIdentifier,emit automatically after subject/target existence checks,target carries its slug; resolves to Marketing Insight and Metrics Stewardship,,Q11+Q12
REL-00654,d7310c9acd37c893d7d6926645c715f425eb9dc8,CM-1-3-3-3-1,Create Channel Offering & Value Proposition,Commercial & Marketing,follows,Define Channel Portfolio,SoleCandidate,CM-1-3-3-3-2,Define Channel Portfolio,"unique exact preferred-label match (candidate filter only, per PR #120)",CandidateOnly,HOLD: context-confirmation pass,label filter leaves one candidate: CM-1-3-3-3-2; resolution requires context evidence,,Q12
REL-00655,d7310c9acd37c893d7d6926645c715f425eb9dc8,CM-1-3-3-3-1,Create Channel Offering & Value Proposition,Commercial & Marketing,precedes,"Develop Channel Structure, Size & Engagement Model",SoleCandidate,CM-1-3-3-3-4,"Develop Channel Structure, Size & Engagement Model","unique exact preferred-label match (candidate filter only, per PR #120)",CandidateOnly,HOLD: context-confirmation pass,label filter leaves one candidate: CM-1-3-3-3-4; resolution requires context evidence,,Q12
REL-00656,d7310c9acd37c893d7d6926645c715f425eb9dc8,CM-1-3-3-3-1,Create Channel Offering & Value Proposition,Commercial & Marketing,governed-by,Sales & Distribution Channel Design,SoleCandidate,CM-1-3-3-3,Sales & Distribution Channel Design,"unique exact preferred-label match (candidate filter only, per PR #120)",CandidateOnly,HOLD: context-confirmation pass,label filter leaves one candidate: CM-1-3-3-3; resolution requires context evidence,,Q12
REL-00657,d7310c9acd37c893d7d6926645c715f425eb9dc8,CM-1-3-3-3-2,Define Channel Portfolio,Commercial & Marketing,follows,Segment Channels,SoleCandidate,CM-1-3-3-3-3,Segment Channels,"unique exact preferred-label match (candidate filter only, per PR #120)",CandidateOnly,HOLD: context-confirmation pass,label filter leaves one candidate: CM-1-3-3-3-3; resolution requires context evidence,,Q12
REL-00658,d7310c9acd37c893d7d6926645c715f425eb9dc8,CM-1-3-3-3-2,Define Channel Portfolio,Commercial & Marketing,precedes,Create Channel Offering & Value Proposition,SoleCandidate,CM-1-3-3-3-1,Create Channel Offering & Value Proposition,"unique exact preferred-label match (candidate filter only, per PR #120)",CandidateOnly,HOLD: context-confirmation pass,label filter leaves one candidate: CM-1-3-3-3-1; resolution requires context evidence,,Q12
REL-00659,d7310c9acd37c893d7d6926645c715f425eb9dc8,CM-1-3-3-3-2,Define Channel Portfolio,Commercial & Marketing,governed-by,Sales & Distribution Channel Design,SoleCandidate,CM-1-3-3-3,Sales & Distribution Channel Design,"unique exact preferred-label match (candidate filter only, per PR #120)",CandidateOnly,HOLD: context-confirmation pass,label filter leaves one candidate: CM-1-3-3-3; resolution requires context evidence,,Q12
REL-00660,d7310c9acd37c893d7d6926645c715f425eb9dc8,CM-1-3-3-3-3,Segment Channels,Commercial & Marketing,precedes,Define Channel Portfolio,SoleCandidate,CM-1-3-3-3-2,Define Channel Portfolio,"unique exact preferred-label match (candidate filter only, per PR #120)",CandidateOnly,HOLD: context-confirmation pass,label filter leaves one candidate: CM-1-3-3-3-2; resolution requires context evidence,,Q12
REL-00661,d7310c9acd37c893d7d6926645c715f425eb9dc8,CM-1-3-3-3-3,Segment Channels,Commercial & Marketing,governed-by,Sales & Distribution Channel Design,SoleCandidate,CM-1-3-3-3,Sales & Distribution Channel Design,"unique exact preferred-label match (candidate filter only, per PR #120)",CandidateOnly,HOLD: context-confirmation pass,label filter leaves one candidate: CM-1-3-3-3; resolution requires context evidence,,Q12
REL-00662,d7310c9acd37c893d7d6926645c715f425eb9dc8,CM-1-3-3-3-3,Segment Channels,Commercial & Marketing,uses-input,Assess Cost-to-Serve Performance,SoleCandidate,CM-1-2-6-1-3,Assess Cost-to-Serve Performance,"unique exact preferred-label match (candidate filter only, per PR #120)",CandidateOnly,HOLD: context-confirmation pass,label filter leaves one candidate: CM-1-2-6-1-3; resolution requires context evidence,,Q12
REL-00663,d7310c9acd37c893d7d6926645c715f425eb9dc8,CM-1-3-3-3-4,"Develop Channel Structure, Size & Engagement Model",Commercial & Marketing,follows,Create Channel Offering & Value Proposition,SoleCandidate,CM-1-3-3-3-1,Create Channel Offering & Value Proposition,"unique exact preferred-label match (candidate filter only, per PR #120)",CandidateOnly,HOLD: context-confirmation pass,label filter leaves one candidate: CM-1-3-3-3-1; resolution requires context evidence,,Q12
REL-00664,d7310c9acd37c893d7d6926645c715f425eb9dc8,CM-1-3-3-3-4,"Develop Channel Structure, Size & Engagement Model",Commercial & Marketing,precedes,Define Channel Measurement Framework (CM-1-3-3-3-5),ResolvedToConcept,CM-1-3-3-3-5,Define Channel Measurement Framework,stable identifier CM-1-3-3-3-5 carried in mention text,StableIdentifier,emit automatically after subject/target existence checks,target carries its slug; resolves to Define Channel Measurement Framework,,Q11+Q12
REL-00665,d7310c9acd37c893d7d6926645c715f425eb9dc8,CM-1-3-3-3-4,"Develop Channel Structure, Size & Engagement Model",Commercial & Marketing,enables,Channel & Partner Management,SoleCandidate,CM-1-3-6-1,Channel & Partner Management,"unique exact preferred-label match (candidate filter only, per PR #120)",CandidateOnly,HOLD: context-confirmation pass,label filter leaves one candidate: CM-1-3-6-1; resolution requires context evidence,,Q12
REL-00666,d7310c9acd37c893d7d6926645c715f425eb9dc8,CM-1-3-3-3-5,Define Channel Measurement Framework,Commercial & Marketing,follows,"Develop Channel Structure, Size & Engagement Model",SoleCandidate,CM-1-3-3-3-4,"Develop Channel Structure, Size & Engagement Model","unique exact preferred-label match (candidate filter only, per PR #120)",CandidateOnly,HOLD: context-confirmation pass,label filter leaves one candidate: CM-1-3-3-3-4; resolution requires context evidence,,Q12
REL-00667,d7310c9acd37c893d7d6926645c715f425eb9dc8,CM-1-3-3-3-5,Define Channel Measurement Framework,Commercial & Marketing,uses-input,Marketing Insight and Metrics Stewardship (CM-1-3-1-6),ResolvedToConcept,CM-1-3-1-6,Marketing Insight and Metrics Stewardship,stable identifier CM-1-3-1-6 carried in mention text,StableIdentifier,emit automatically after subject/target existence checks,target carries its slug; resolves to Marketing Insight and Metrics Stewardship,,Q11+Q12
REL-00668,d7310c9acd37c893d7d6926645c715f425eb9dc8,CM-1-3-3-4-1,Define Target Location,Commercial & Marketing,follows,Define Target Network Size,SoleCandidate,CM-1-3-3-4-3,Define Target Network Size,"unique exact preferred-label match (candidate filter only, per PR #120)",CandidateOnly,HOLD: context-confirmation pass,label filter leaves one candidate: CM-1-3-3-4-3; resolution requires context evidence,,Q12
REL-00669,d7310c9acd37c893d7d6926645c715f425eb9dc8,CM-1-3-3-4-1,Define Target Location,Commercial & Marketing,precedes,Define Network Measurement Framework (CM-1-3-3-4-4),ResolvedToConcept,CM-1-3-3-4-4,Define Network Measurement Framework,stable identifier CM-1-3-3-4-4 carried in mention text,StableIdentifier,emit automatically after subject/target existence checks,target carries its slug; resolves to Define Network Measurement Framework,,Q11+Q12
REL-00670,d7310c9acd37c893d7d6926645c715f425eb9dc8,CM-1-3-3-4-1,Define Target Location,Commercial & Marketing,governed-by,Network Design (Retail),SoleCandidate,CM-1-3-3-4,Network Design (Retail),"unique exact preferred-label match (candidate filter only, per PR #120)",CandidateOnly,HOLD: context-confirmation pass,label filter leaves one candidate: CM-1-3-3-4; resolution requires context evidence,,Q12
REL-00671,d7310c9acd37c893d7d6926645c715f425eb9dc8,CM-1-3-3-4-2,Formulate And Evaluate Strategic Operating Alternatives (network Strategy),Commercial & Marketing,precedes,Define Target Network Size,SoleCandidate,CM-1-3-3-4-3,Define Target Network Size,"unique exact preferred-label match (candidate filter only, per PR #120)",CandidateOnly,HOLD: context-confirmation pass,label filter leaves one candidate: CM-1-3-3-4-3; resolution requires context evidence,,Q12
REL-00672,d7310c9acd37c893d7d6926645c715f425eb9dc8,CM-1-3-3-4-2,Formulate And Evaluate Strategic Operating Alternatives (network Strategy),Commercial & Marketing,governed-by,Network Design (Retail),SoleCandidate,CM-1-3-3-4,Network Design (Retail),"unique exact preferred-label match (candidate filter only, per PR #120)",CandidateOnly,HOLD: context-confirmation pass,label filter leaves one candidate: CM-1-3-3-4; resolution requires context evidence,,Q12
REL-00673,d7310c9acd37c893d7d6926645c715f425eb9dc8,CM-1-3-3-4-3,Define Target Network Size,Commercial & Marketing,follows,Formulate And Evaluate Strategic Operating Alternatives (network Strategy),SoleCandidate,CM-1-3-3-4-2,Formulate And Evaluate Strategic Operating Alternatives (network Strategy),"unique exact preferred-label match (candidate filter only, per PR #120)",CandidateOnly,HOLD: context-confirmation pass,label filter leaves one candidate: CM-1-3-3-4-2; resolution requires context evidence,,Q12
REL-00674,d7310c9acd37c893d7d6926645c715f425eb9dc8,CM-1-3-3-4-3,Define Target Network Size,Commercial & Marketing,precedes,Define Target Location,SoleCandidate,CM-1-3-3-4-1,Define Target Location,"unique exact preferred-label match (candidate filter only, per PR #120)",CandidateOnly,HOLD: context-confirmation pass,label filter leaves one candidate: CM-1-3-3-4-1; resolution requires context evidence,,Q12
REL-00675,d7310c9acd37c893d7d6926645c715f425eb9dc8,CM-1-3-3-4-3,Define Target Network Size,Commercial & Marketing,governed-by,Network Design (Retail),SoleCandidate,CM-1-3-3-4,Network Design (Retail),"unique exact preferred-label match (candidate filter only, per PR #120)",CandidateOnly,HOLD: context-confirmation pass,label filter leaves one candidate: CM-1-3-3-4; resolution requires context evidence,,Q12
REL-00676,d7310c9acd37c893d7d6926645c715f425eb9dc8,CM-1-3-3-4-4,Define Network Measurement Framework,Commercial & Marketing,follows,Define Target Location,SoleCandidate,CM-1-3-3-4-1,Define Target Location,"unique exact preferred-label match (candidate filter only, per PR #120)",CandidateOnly,HOLD: context-confirmation pass,label filter leaves one candidate: CM-1-3-3-4-1; resolution requires context evidence,,Q12
REL-00677,d7310c9acd37c893d7d6926645c715f425eb9dc8,CM-1-3-3-4-4,Define Network Measurement Framework,Commercial & Marketing,uses-input,Marketing Insight and Metrics Stewardship (CM-1-3-1-6),ResolvedToConcept,CM-1-3-1-6,Marketing Insight and Metrics Stewardship,stable identifier CM-1-3-1-6 carried in mention text,StableIdentifier,emit automatically after subject/target existence checks,target carries its slug; resolves to Marketing Insight and Metrics Stewardship,,Q11+Q12
REL-00678,d7310c9acd37c893d7d6926645c715f425eb9dc8,CM-1-3-3-5-1,Define Media Strategy,Commercial & Marketing,governed-by,Marketing Communications Strategy,SoleCandidate,CM-1-3-3-5,Marketing Communications Strategy,"unique exact preferred-label match (candidate filter only, per PR #120)",CandidateOnly,HOLD: context-confirmation pass,label filter leaves one candidate: CM-1-3-3-5; resolution requires context evidence,,Q12
REL-00679,d7310c9acd37c893d7d6926645c715f425eb9dc8,CM-1-3-3-5-1,Define Media Strategy,Commercial & Marketing,enables,Integrated Marketing Planning (Advertising),SoleCandidate,CM-1-3-5-2,Integrated Marketing Planning (Advertising),"unique exact preferred-label match (candidate filter only, per PR #120)",CandidateOnly,HOLD: context-confirmation pass,label filter leaves one candidate: CM-1-3-5-2; resolution requires context evidence,,Q12
REL-00680,d7310c9acd37c893d7d6926645c715f425eb9dc8,CM-1-3-3-5-2,Define Direct Marketing Strategy,Commercial & Marketing,governed-by,Marketing Communications Strategy,SoleCandidate,CM-1-3-3-5,Marketing Communications Strategy,"unique exact preferred-label match (candidate filter only, per PR #120)",CandidateOnly,HOLD: context-confirmation pass,label filter leaves one candidate: CM-1-3-3-5; resolution requires context evidence,,Q12
REL-00681,d7310c9acd37c893d7d6926645c715f425eb9dc8,CM-1-3-3-5-2,Define Direct Marketing Strategy,Commercial & Marketing,enables,Marketing Communications Planning,SoleCandidate,CM-1-3-5-3,Marketing Communications Planning,"unique exact preferred-label match (candidate filter only, per PR #120)",CandidateOnly,HOLD: context-confirmation pass,label filter leaves one candidate: CM-1-3-5-3; resolution requires context evidence,,Q12
REL-00682,d7310c9acd37c893d7d6926645c715f425eb9dc8,CM-1-3-3-5-3,Define Advertising Strategy,Commercial & Marketing,governed-by,Marketing Communications Strategy,SoleCandidate,CM-1-3-3-5,Marketing Communications Strategy,"unique exact preferred-label match (candidate filter only, per PR #120)",CandidateOnly,HOLD: context-confirmation pass,label filter leaves one candidate: CM-1-3-3-5; resolution requires context evidence,,Q12
REL-00683,d7310c9acd37c893d7d6926645c715f425eb9dc8,CM-1-3-3-5-3,Define Advertising Strategy,Commercial & Marketing,enables,Integrated Marketing Planning (Advertising),SoleCandidate,CM-1-3-5-2,Integrated Marketing Planning (Advertising),"unique exact preferred-label match (candidate filter only, per PR #120)",CandidateOnly,HOLD: context-confirmation pass,label filter leaves one candidate: CM-1-3-5-2; resolution requires context evidence,,Q12
REL-00684,d7310c9acd37c893d7d6926645c715f425eb9dc8,CM-1-3-3-5-4,Define POS Communication Strategy,Commercial & Marketing,governed-by,Marketing Communications Strategy,SoleCandidate,CM-1-3-3-5,Marketing Communications Strategy,"unique exact preferred-label match (candidate filter only, per PR #120)",CandidateOnly,HOLD: context-confirmation pass,label filter leaves one candidate: CM-1-3-3-5; resolution requires context evidence,,Q12
REL-00685,d7310c9acd37c893d7d6926645c715f425eb9dc8,CM-1-3-3-5-4,Define POS Communication Strategy,Commercial & Marketing,enables,Marketing Plan Execution,SoleCandidate,CM-1-3-6-5,Marketing Plan Execution,"unique exact preferred-label match (candidate filter only, per PR #120)",CandidateOnly,HOLD: context-confirmation pass,label filter leaves one candidate: CM-1-3-6-5; resolution requires context evidence,,Q12
REL-00686,d7310c9acd37c893d7d6926645c715f425eb9dc8,CM-1-3-3-5-5,Define Digital Marketing Strategy,Commercial & Marketing,governed-by,Marketing Communications Strategy,SoleCandidate,CM-1-3-3-5,Marketing Communications Strategy,"unique exact preferred-label match (candidate filter only, per PR #120)",CandidateOnly,HOLD: context-confirmation pass,label filter leaves one candidate: CM-1-3-3-5; resolution requires context evidence,,Q12
REL-00687,d7310c9acd37c893d7d6926645c715f425eb9dc8,CM-1-3-3-5-5,Define Digital Marketing Strategy,Commercial & Marketing,enables,Marketing Communications Planning,SoleCandidate,CM-1-3-5-3,Marketing Communications Planning,"unique exact preferred-label match (candidate filter only, per PR #120)",CandidateOnly,HOLD: context-confirmation pass,label filter leaves one candidate: CM-1-3-5-3; resolution requires context evidence,,Q12
REL-00688,d7310c9acd37c893d7d6926645c715f425eb9dc8,CM-1-3-3-5-7,Define Marketing Communications Measurement Framework,Commercial & Marketing,governed-by,Marketing Communications Strategy,SoleCandidate,CM-1-3-3-5,Marketing Communications Strategy,"unique exact preferred-label match (candidate filter only, per PR #120)",CandidateOnly,HOLD: context-confirmation pass,label filter leaves one candidate: CM-1-3-3-5; resolution requires context evidence,,Q12
REL-00689,d7310c9acd37c893d7d6926645c715f425eb9dc8,CM-1-3-3-5-7,Define Marketing Communications Measurement Framework,Commercial & Marketing,uses-input,Marketing Insight and Metrics Stewardship (CM-1-3-1-6),ResolvedToConcept,CM-1-3-1-6,Marketing Insight and Metrics Stewardship,stable identifier CM-1-3-1-6 carried in mention text,StableIdentifier,emit automatically after subject/target existence checks,target carries its slug; resolves to Marketing Insight and Metrics Stewardship,,Q11+Q12
REL-00690,d7310c9acd37c893d7d6926645c715f425eb9dc8,CM-1-3-3-6-1,Develop Business Process Blueprint,Commercial & Marketing,follows,Determine Channel Of Trade Mix,SoleCandidate,CM-1-3-3-6-3,Determine Channel Of Trade Mix,"unique exact preferred-label match (candidate filter only, per PR #120)",CandidateOnly,HOLD: context-confirmation pass,label filter leaves one candidate: CM-1-3-3-6-3; resolution requires context evidence,,Q12
REL-00691,d7310c9acd37c893d7d6926645c715f425eb9dc8,CM-1-3-3-6-1,Develop Business Process Blueprint,Commercial & Marketing,precedes,Develop Organizational Blueprint,SoleCandidate,CM-1-3-3-6-2,Develop Organizational Blueprint,"unique exact preferred-label match (candidate filter only, per PR #120)",CandidateOnly,HOLD: context-confirmation pass,label filter leaves one candidate: CM-1-3-3-6-2; resolution requires context evidence,,Q12
REL-00692,d7310c9acd37c893d7d6926645c715f425eb9dc8,CM-1-3-3-6-1,Develop Business Process Blueprint,Commercial & Marketing,governed-by,Operating Model Design,SoleCandidate,CM-1-3-3-6,Operating Model Design,"unique exact preferred-label match (candidate filter only, per PR #120)",CandidateOnly,HOLD: context-confirmation pass,label filter leaves one candidate: CM-1-3-3-6; resolution requires context evidence,,Q12
REL-00693,d7310c9acd37c893d7d6926645c715f425eb9dc8,CM-1-3-3-6-2,Develop Organizational Blueprint,Commercial & Marketing,follows,Develop Business Process Blueprint,SoleCandidate,CM-1-3-3-6-1,Develop Business Process Blueprint,"unique exact preferred-label match (candidate filter only, per PR #120)",CandidateOnly,HOLD: context-confirmation pass,label filter leaves one candidate: CM-1-3-3-6-1; resolution requires context evidence,,Q12
REL-00694,d7310c9acd37c893d7d6926645c715f425eb9dc8,CM-1-3-3-6-2,Develop Organizational Blueprint,Commercial & Marketing,precedes,Define Procedural Framework & Guidelines,SoleCandidate,CM-1-3-3-6-4,Define Procedural Framework & Guidelines,"unique exact preferred-label match (candidate filter only, per PR #120)",CandidateOnly,HOLD: context-confirmation pass,label filter leaves one candidate: CM-1-3-3-6-4; resolution requires context evidence,,Q12
REL-00695,d7310c9acd37c893d7d6926645c715f425eb9dc8,CM-1-3-3-6-2,Develop Organizational Blueprint,Commercial & Marketing,governed-by,Operating Model Design,SoleCandidate,CM-1-3-3-6,Operating Model Design,"unique exact preferred-label match (candidate filter only, per PR #120)",CandidateOnly,HOLD: context-confirmation pass,label filter leaves one candidate: CM-1-3-3-6; resolution requires context evidence,,Q12
REL-00696,d7310c9acd37c893d7d6926645c715f425eb9dc8,CM-1-3-3-6-3,Determine Channel Of Trade Mix,Commercial & Marketing,uses-input,Sales & Distribution Channel Strategy,SoleCandidate,CM-1-3-2-4,Sales & Distribution Channel Strategy,"unique exact preferred-label match (candidate filter only, per PR #120)",CandidateOnly,HOLD: context-confirmation pass,label filter leaves one candidate: CM-1-3-2-4; resolution requires context evidence,,Q12
REL-00697,d7310c9acd37c893d7d6926645c715f425eb9dc8,CM-1-3-3-6-3,Determine Channel Of Trade Mix,Commercial & Marketing,uses-input,Sales & Distribution Channel Design,SoleCandidate,CM-1-3-3-3,Sales & Distribution Channel Design,"unique exact preferred-label match (candidate filter only, per PR #120)",CandidateOnly,HOLD: context-confirmation pass,label filter leaves one candidate: CM-1-3-3-3; resolution requires context evidence,,Q12
REL-00698,d7310c9acd37c893d7d6926645c715f425eb9dc8,CM-1-3-3-6-3,Determine Channel Of Trade Mix,Commercial & Marketing,enables,Develop Business Process Blueprint,SoleCandidate,CM-1-3-3-6-1,Develop Business Process Blueprint,"unique exact preferred-label match (candidate filter only, per PR #120)",CandidateOnly,HOLD: context-confirmation pass,label filter leaves one candidate: CM-1-3-3-6-1; resolution requires context evidence,,Q12
REL-00699,d7310c9acd37c893d7d6926645c715f425eb9dc8,CM-1-3-3-6-3,Determine Channel Of Trade Mix,Commercial & Marketing,enables,Develop Organizational Blueprint,SoleCandidate,CM-1-3-3-6-2,Develop Organizational Blueprint,"unique exact preferred-label match (candidate filter only, per PR #120)",CandidateOnly,HOLD: context-confirmation pass,label filter leaves one candidate: CM-1-3-3-6-2; resolution requires context evidence,,Q12
REL-00700,d7310c9acd37c893d7d6926645c715f425eb9dc8,CM-1-3-3-6-3,Determine Channel Of Trade Mix,Commercial & Marketing,governed-by,Operating Model Design,SoleCandidate,CM-1-3-3-6,Operating Model Design,"unique exact preferred-label match (candidate filter only, per PR #120)",CandidateOnly,HOLD: context-confirmation pass,label filter leaves one candidate: CM-1-3-3-6; resolution requires context evidence,,Q12
REL-00701,d7310c9acd37c893d7d6926645c715f425eb9dc8,CM-1-3-3-6-4,Define Procedural Framework & Guidelines,Commercial & Marketing,follows,Develop Organizational Blueprint,SoleCandidate,CM-1-3-3-6-2,Develop Organizational Blueprint,"unique exact preferred-label match (candidate filter only, per PR #120)",CandidateOnly,HOLD: context-confirmation pass,label filter leaves one candidate: CM-1-3-3-6-2; resolution requires context evidence,,Q12
REL-00702,d7310c9acd37c893d7d6926645c715f425eb9dc8,CM-1-3-3-6-4,Define Procedural Framework & Guidelines,Commercial & Marketing,precedes,Define Operating Model Measurement Framework (CM-1-3-3-6-5),ResolvedToConcept,CM-1-3-3-6-5,Define Operating Model Measurement Framework,stable identifier CM-1-3-3-6-5 carried in mention text,StableIdentifier,emit automatically after subject/target existence checks,target carries its slug; resolves to Define Operating Model Measurement Framework,,Q11+Q12
REL-00703,d7310c9acd37c893d7d6926645c715f425eb9dc8,CM-1-3-3-6-4,Define Procedural Framework & Guidelines,Commercial & Marketing,governed-by,Operating Model Design,SoleCandidate,CM-1-3-3-6,Operating Model Design,"unique exact preferred-label match (candidate filter only, per PR #120)",CandidateOnly,HOLD: context-confirmation pass,label filter leaves one candidate: CM-1-3-3-6; resolution requires context evidence,,Q12
REL-00704,d7310c9acd37c893d7d6926645c715f425eb9dc8,CM-1-3-3-6-5,Define Operating Model Measurement Framework,Commercial & Marketing,follows,Define Procedural Framework & Guidelines,SoleCandidate,CM-1-3-3-6-4,Define Procedural Framework & Guidelines,"unique exact preferred-label match (candidate filter only, per PR #120)",CandidateOnly,HOLD: context-confirmation pass,label filter leaves one candidate: CM-1-3-3-6-4; resolution requires context evidence,,Q12
REL-00705,d7310c9acd37c893d7d6926645c715f425eb9dc8,CM-1-3-3-6-5,Define Operating Model Measurement Framework,Commercial & Marketing,uses-input,Marketing Insight and Metrics Stewardship (CM-1-3-1-6),ResolvedToConcept,CM-1-3-1-6,Marketing Insight and Metrics Stewardship,stable identifier CM-1-3-1-6 carried in mention text,StableIdentifier,emit automatically after subject/target existence checks,target carries its slug; resolves to Marketing Insight and Metrics Stewardship,,Q11+Q12
REL-00706,d7310c9acd37c893d7d6926645c715f425eb9dc8,CM-1-3-4-1-1,Identify Market Needs,Commercial & Marketing,informed-by,Market Sensing,SoleCandidate,CM-1-3-4-1-2,Market Sensing,"unique exact preferred-label match (candidate filter only, per PR #120)",CandidateOnly,HOLD: context-confirmation pass,label filter leaves one candidate: CM-1-3-4-1-2; resolution requires context evidence,,Q12
REL-00707,d7310c9acd37c893d7d6926645c715f425eb9dc8,CM-1-3-4-1-1,Identify Market Needs,Commercial & Marketing,precedes,Develop R&D Implementation Plans,SoleCandidate,CM-1-3-4-1-3,Develop R&D Implementation Plans,"unique exact preferred-label match (candidate filter only, per PR #120)",CandidateOnly,HOLD: context-confirmation pass,label filter leaves one candidate: CM-1-3-4-1-3; resolution requires context evidence,,Q12
REL-00708,d7310c9acd37c893d7d6926645c715f425eb9dc8,CM-1-3-4-1-1,Identify Market Needs,Commercial & Marketing,governed-by,Visioning And Implementation Planning,SoleCandidate,CM-1-3-4-1,Visioning And Implementation Planning,"unique exact preferred-label match (candidate filter only, per PR #120)",CandidateOnly,HOLD: context-confirmation pass,label filter leaves one candidate: CM-1-3-4-1; resolution requires context evidence,,Q12
REL-00709,d7310c9acd37c893d7d6926645c715f425eb9dc8,CM-1-3-4-1-2,Market Sensing,Commercial & Marketing,enables,Identify Market Needs,SoleCandidate,CM-1-3-4-1-1,Identify Market Needs,"unique exact preferred-label match (candidate filter only, per PR #120)",CandidateOnly,HOLD: context-confirmation pass,label filter leaves one candidate: CM-1-3-4-1-1; resolution requires context evidence,,Q12
REL-00710,d7310c9acd37c893d7d6926645c715f425eb9dc8,CM-1-3-4-1-2,Market Sensing,Commercial & Marketing,governed-by,Visioning And Implementation Planning,SoleCandidate,CM-1-3-4-1,Visioning And Implementation Planning,"unique exact preferred-label match (candidate filter only, per PR #120)",CandidateOnly,HOLD: context-confirmation pass,label filter leaves one candidate: CM-1-3-4-1; resolution requires context evidence,,Q12
REL-00711,d7310c9acd37c893d7d6926645c715f425eb9dc8,CM-1-3-4-1-3,Develop R&D Implementation Plans,Commercial & Marketing,follows,Identify Market Needs,SoleCandidate,CM-1-3-4-1-1,Identify Market Needs,"unique exact preferred-label match (candidate filter only, per PR #120)",CandidateOnly,HOLD: context-confirmation pass,label filter leaves one candidate: CM-1-3-4-1-1; resolution requires context evidence,,Q12
REL-00712,d7310c9acd37c893d7d6926645c715f425eb9dc8,CM-1-3-4-1-3,Develop R&D Implementation Plans,Commercial & Marketing,enables,Concept & Feasibility Study,SoleCandidate,CM-1-3-4-2,Concept & Feasibility Study,"unique exact preferred-label match (candidate filter only, per PR #120)",CandidateOnly,HOLD: context-confirmation pass,label filter leaves one candidate: CM-1-3-4-2; resolution requires context evidence,,Q12
REL-00713,d7310c9acd37c893d7d6926645c715f425eb9dc8,CM-1-3-4-1-3,Develop R&D Implementation Plans,Commercial & Marketing,governed-by,Visioning And Implementation Planning,SoleCandidate,CM-1-3-4-1,Visioning And Implementation Planning,"unique exact preferred-label match (candidate filter only, per PR #120)",CandidateOnly,HOLD: context-confirmation pass,label filter leaves one candidate: CM-1-3-4-1; resolution requires context evidence,,Q12
REL-00714,d7310c9acd37c893d7d6926645c715f425eb9dc8,CM-1-3-4-2-1,Ideation,Commercial & Marketing,precedes,Conduct Research,SoleCandidate,CM-1-3-4-2-2,Conduct Research,"unique exact preferred-label match (candidate filter only, per PR #120)",CandidateOnly,HOLD: context-confirmation pass,label filter leaves one candidate: CM-1-3-4-2-2; resolution requires context evidence,,Q12
REL-00715,d7310c9acd37c893d7d6926645c715f425eb9dc8,CM-1-3-4-2-1,Ideation,Commercial & Marketing,governed-by,Concept & Feasibility Study,SoleCandidate,CM-1-3-4-2,Concept & Feasibility Study,"unique exact preferred-label match (candidate filter only, per PR #120)",CandidateOnly,HOLD: context-confirmation pass,label filter leaves one candidate: CM-1-3-4-2; resolution requires context evidence,,Q12
REL-00716,d7310c9acd37c893d7d6926645c715f425eb9dc8,CM-1-3-4-2-2,Conduct Research,Commercial & Marketing,follows,Ideation,SoleCandidate,CM-1-3-4-2-1,Ideation,"unique exact preferred-label match (candidate filter only, per PR #120)",CandidateOnly,HOLD: context-confirmation pass,label filter leaves one candidate: CM-1-3-4-2-1; resolution requires context evidence,,Q12
REL-00717,d7310c9acd37c893d7d6926645c715f425eb9dc8,CM-1-3-4-2-2,Conduct Research,Commercial & Marketing,governed-by,Concept & Feasibility Study,SoleCandidate,CM-1-3-4-2,Concept & Feasibility Study,"unique exact preferred-label match (candidate filter only, per PR #120)",CandidateOnly,HOLD: context-confirmation pass,label filter leaves one candidate: CM-1-3-4-2; resolution requires context evidence,,Q12
REL-00718,d7310c9acd37c893d7d6926645c715f425eb9dc8,CM-1-3-4-2-3,Manage Research,Commercial & Marketing,governed-by,Concept & Feasibility Study,SoleCandidate,CM-1-3-4-2,Concept & Feasibility Study,"unique exact preferred-label match (candidate filter only, per PR #120)",CandidateOnly,HOLD: context-confirmation pass,label filter leaves one candidate: CM-1-3-4-2; resolution requires context evidence,,Q12
REL-00719,d7310c9acd37c893d7d6926645c715f425eb9dc8,CM-1-3-4-2-3,Manage Research,Commercial & Marketing,assures,Conduct Research,SoleCandidate,CM-1-3-4-2-2,Conduct Research,"unique exact preferred-label match (candidate filter only, per PR #120)",CandidateOnly,HOLD: context-confirmation pass,label filter leaves one candidate: CM-1-3-4-2-2; resolution requires context evidence,,Q12
REL-00720,d7310c9acd37c893d7d6926645c715f425eb9dc8,CM-1-3-4-3-1,Manage Product/Service Development,Commercial & Marketing,precedes,Conduct Product Development,SoleCandidate,CM-1-3-4-3-2,Conduct Product Development,"unique exact preferred-label match (candidate filter only, per PR #120)",CandidateOnly,HOLD: context-confirmation pass,label filter leaves one candidate: CM-1-3-4-3-2; resolution requires context evidence,,Q12
REL-00721,d7310c9acd37c893d7d6926645c715f425eb9dc8,CM-1-3-4-3-1,Manage Product/Service Development,Commercial & Marketing,governed-by,Product & Service Development,SoleCandidate,CM-1-3-4-3,Product & Service Development,"unique exact preferred-label match (candidate filter only, per PR #120)",CandidateOnly,HOLD: context-confirmation pass,label filter leaves one candidate: CM-1-3-4-3; resolution requires context evidence,,Q12
REL-00722,d7310c9acd37c893d7d6926645c715f425eb9dc8,CM-1-3-4-3-2,Conduct Product Development,Commercial & Marketing,follows,Manage Product/Service Development,SoleCandidate,CM-1-3-4-3-1,Manage Product/Service Development,"unique exact preferred-label match (candidate filter only, per PR #120)",CandidateOnly,HOLD: context-confirmation pass,label filter leaves one candidate: CM-1-3-4-3-1; resolution requires context evidence,,Q12
REL-00723,d7310c9acd37c893d7d6926645c715f425eb9dc8,CM-1-3-4-3-2,Conduct Product Development,Commercial & Marketing,governed-by,Product & Service Development,SoleCandidate,CM-1-3-4-3,Product & Service Development,"unique exact preferred-label match (candidate filter only, per PR #120)",CandidateOnly,HOLD: context-confirmation pass,label filter leaves one candidate: CM-1-3-4-3; resolution requires context evidence,,Q12
REL-00724,d7310c9acd37c893d7d6926645c715f425eb9dc8,CM-1-3-4-3-3,Manage Product/Service Change,Commercial & Marketing,governed-by,Product & Service Development,SoleCandidate,CM-1-3-4-3,Product & Service Development,"unique exact preferred-label match (candidate filter only, per PR #120)",CandidateOnly,HOLD: context-confirmation pass,label filter leaves one candidate: CM-1-3-4-3; resolution requires context evidence,,Q12
REL-00725,d7310c9acd37c893d7d6926645c715f425eb9dc8,CM-1-3-4-3-3,Manage Product/Service Change,Commercial & Marketing,triggers,Manage Commercial Master Data Stewardship (CM-1-3-7-1),ResolvedToConcept,CM-1-3-7-1,Manage Commercial Master Data Stewardship,stable identifier CM-1-3-7-1 carried in mention text,StableIdentifier,emit automatically after subject/target existence checks,target carries its slug; resolves to Manage Commercial Master Data Stewardship,,Q11+Q12
REL-00726,d7310c9acd37c893d7d6926645c715f425eb9dc8,CM-1-3-4-4-1,Set up Intellectual Asset Framework,Commercial & Marketing,governed-by,Manage Licensing & IP,SoleCandidate,CM-1-3-4-4,Manage Licensing & IP,"unique exact preferred-label match (candidate filter only, per PR #120)",CandidateOnly,HOLD: context-confirmation pass,label filter leaves one candidate: CM-1-3-4-4; resolution requires context evidence,,Q12
REL-00727,d7310c9acd37c893d7d6926645c715f425eb9dc8,CM-1-3-4-4-1,Set up Intellectual Asset Framework,Commercial & Marketing,enables,Register Intellectual Property,SoleCandidate,CM-1-3-4-4-2,Register Intellectual Property,"unique exact preferred-label match (candidate filter only, per PR #120)",CandidateOnly,HOLD: context-confirmation pass,label filter leaves one candidate: CM-1-3-4-4-2; resolution requires context evidence,,Q12
REL-00728,d7310c9acd37c893d7d6926645c715f425eb9dc8,CM-1-3-4-4-1,Set up Intellectual Asset Framework,Commercial & Marketing,enables,Protect Intellectual Assets,SoleCandidate,CM-1-3-4-4-4,Protect Intellectual Assets,"unique exact preferred-label match (candidate filter only, per PR #120)",CandidateOnly,APPROVED as core:enables — Hamid 2026-09-25,IP framework defines the classification/handling basis for protection.,enables sample review (32-row),Q12; review batch 2026-09-25
REL-00729,d7310c9acd37c893d7d6926645c715f425eb9dc8,CM-1-3-4-4-2,Register Intellectual Property,Commercial & Marketing,follows,Set up Intellectual Asset Framework,SoleCandidate,CM-1-3-4-4-1,Set up Intellectual Asset Framework,"unique exact preferred-label match (candidate filter only, per PR #120)",CandidateOnly,HOLD: context-confirmation pass,label filter leaves one candidate: CM-1-3-4-4-1; resolution requires context evidence,,Q12
REL-00730,d7310c9acd37c893d7d6926645c715f425eb9dc8,CM-1-3-4-4-2,Register Intellectual Property,Commercial & Marketing,governed-by,Manage Licensing & IP,SoleCandidate,CM-1-3-4-4,Manage Licensing & IP,"unique exact preferred-label match (candidate filter only, per PR #120)",CandidateOnly,HOLD: context-confirmation pass,label filter leaves one candidate: CM-1-3-4-4; resolution requires context evidence,,Q12
REL-00731,d7310c9acd37c893d7d6926645c715f425eb9dc8,CM-1-3-4-4-3,Value Intellectual Assets,Commercial & Marketing,enables,Exploit Intellectual Assets,SoleCandidate,CM-1-3-4-4-5,Exploit Intellectual Assets,"unique exact preferred-label match (candidate filter only, per PR #120)",CandidateOnly,HOLD: context-confirmation pass,label filter leaves one candidate: CM-1-3-4-4-5; resolution requires context evidence,,Q12
REL-00732,d7310c9acd37c893d7d6926645c715f425eb9dc8,CM-1-3-4-4-3,Value Intellectual Assets,Commercial & Marketing,enables,Manage Intellectual Asset Portfolios,SoleCandidate,CM-1-3-4-4-6,Manage Intellectual Asset Portfolios,"unique exact preferred-label match (candidate filter only, per PR #120)",CandidateOnly,HOLD: context-confirmation pass,label filter leaves one candidate: CM-1-3-4-4-6; resolution requires context evidence,,Q12
REL-00733,d7310c9acd37c893d7d6926645c715f425eb9dc8,CM-1-3-4-4-3,Value Intellectual Assets,Commercial & Marketing,governed-by,Manage Licensing & IP,SoleCandidate,CM-1-3-4-4,Manage Licensing & IP,"unique exact preferred-label match (candidate filter only, per PR #120)",CandidateOnly,HOLD: context-confirmation pass,label filter leaves one candidate: CM-1-3-4-4; resolution requires context evidence,,Q12
REL-00734,d7310c9acd37c893d7d6926645c715f425eb9dc8,CM-1-3-4-4-4,Protect Intellectual Assets,Commercial & Marketing,follows,Set up Intellectual Asset Framework,SoleCandidate,CM-1-3-4-4-1,Set up Intellectual Asset Framework,"unique exact preferred-label match (candidate filter only, per PR #120)",CandidateOnly,HOLD: context-confirmation pass,label filter leaves one candidate: CM-1-3-4-4-1; resolution requires context evidence,,Q12
REL-00735,d7310c9acd37c893d7d6926645c715f425eb9dc8,CM-1-3-4-4-4,Protect Intellectual Assets,Commercial & Marketing,governed-by,Manage Licensing & IP,SoleCandidate,CM-1-3-4-4,Manage Licensing & IP,"unique exact preferred-label match (candidate filter only, per PR #120)",CandidateOnly,HOLD: context-confirmation pass,label filter leaves one candidate: CM-1-3-4-4; resolution requires context evidence,,Q12
REL-00736,d7310c9acd37c893d7d6926645c715f425eb9dc8,CM-1-3-4-4-5,Exploit Intellectual Assets,Commercial & Marketing,follows,Value Intellectual Assets,SoleCandidate,CM-1-3-4-4-3,Value Intellectual Assets,"unique exact preferred-label match (candidate filter only, per PR #120)",CandidateOnly,HOLD: context-confirmation pass,label filter leaves one candidate: CM-1-3-4-4-3; resolution requires context evidence,,Q12
REL-00737,d7310c9acd37c893d7d6926645c715f425eb9dc8,CM-1-3-4-4-5,Exploit Intellectual Assets,Commercial & Marketing,governed-by,Manage Licensing & IP,SoleCandidate,CM-1-3-4-4,Manage Licensing & IP,"unique exact preferred-label match (candidate filter only, per PR #120)",CandidateOnly,HOLD: context-confirmation pass,label filter leaves one candidate: CM-1-3-4-4; resolution requires context evidence,,Q12
REL-00738,d7310c9acd37c893d7d6926645c715f425eb9dc8,CM-1-3-4-4-5,Exploit Intellectual Assets,Commercial & Marketing,informed-by,Brand Strategy,SoleCandidate,CM-1-3-2-1,Brand Strategy,"unique exact preferred-label match (candidate filter only, per PR #120)",CandidateOnly,HOLD: context-confirmation pass,label filter leaves one candidate: CM-1-3-2-1; resolution requires context evidence,,Q12
REL-00739,d7310c9acd37c893d7d6926645c715f425eb9dc8,CM-1-3-4-4-6,Manage Intellectual Asset Portfolios,Commercial & Marketing,informed-by,Value Intellectual Assets,SoleCandidate,CM-1-3-4-4-3,Value Intellectual Assets,"unique exact preferred-label match (candidate filter only, per PR #120)",CandidateOnly,HOLD: context-confirmation pass,label filter leaves one candidate: CM-1-3-4-4-3; resolution requires context evidence,,Q12
REL-00740,d7310c9acd37c893d7d6926645c715f425eb9dc8,CM-1-3-4-4-6,Manage Intellectual Asset Portfolios,Commercial & Marketing,governed-by,Manage Licensing & IP,SoleCandidate,CM-1-3-4-4,Manage Licensing & IP,"unique exact preferred-label match (candidate filter only, per PR #120)",CandidateOnly,HOLD: context-confirmation pass,label filter leaves one candidate: CM-1-3-4-4; resolution requires context evidence,,Q12
REL-00741,d7310c9acd37c893d7d6926645c715f425eb9dc8,CM-1-3-4-5-1,Identify Technology Needs/Opportunities,Commercial & Marketing,precedes,Value Projects/Portfolios,SoleCandidate,CM-1-3-4-5-2,Value Projects/Portfolios,"unique exact preferred-label match (candidate filter only, per PR #120)",CandidateOnly,HOLD: context-confirmation pass,label filter leaves one candidate: CM-1-3-4-5-2; resolution requires context evidence,,Q12
REL-00742,d7310c9acd37c893d7d6926645c715f425eb9dc8,CM-1-3-4-5-1,Identify Technology Needs/Opportunities,Commercial & Marketing,governed-by,Lifecycle Management,SoleCandidate,CM-1-3-4-5,Lifecycle Management,"unique exact preferred-label match (candidate filter only, per PR #120)",CandidateOnly,HOLD: context-confirmation pass,label filter leaves one candidate: CM-1-3-4-5; resolution requires context evidence,,Q12
REL-00743,d7310c9acd37c893d7d6926645c715f425eb9dc8,CM-1-3-4-5-2,Value Projects/Portfolios,Commercial & Marketing,follows,Identify Technology Needs/Opportunities,SoleCandidate,CM-1-3-4-5-1,Identify Technology Needs/Opportunities,"unique exact preferred-label match (candidate filter only, per PR #120)",CandidateOnly,HOLD: context-confirmation pass,label filter leaves one candidate: CM-1-3-4-5-1; resolution requires context evidence,,Q12
REL-00744,d7310c9acd37c893d7d6926645c715f425eb9dc8,CM-1-3-4-5-2,Value Projects/Portfolios,Commercial & Marketing,precedes,Assess Portfolios,SoleCandidate,CM-1-3-4-5-3,Assess Portfolios,"unique exact preferred-label match (candidate filter only, per PR #120)",CandidateOnly,HOLD: context-confirmation pass,label filter leaves one candidate: CM-1-3-4-5-3; resolution requires context evidence,,Q12
REL-00745,d7310c9acd37c893d7d6926645c715f425eb9dc8,CM-1-3-4-5-2,Value Projects/Portfolios,Commercial & Marketing,governed-by,Lifecycle Management,SoleCandidate,CM-1-3-4-5,Lifecycle Management,"unique exact preferred-label match (candidate filter only, per PR #120)",CandidateOnly,HOLD: context-confirmation pass,label filter leaves one candidate: CM-1-3-4-5; resolution requires context evidence,,Q12
REL-00746,d7310c9acd37c893d7d6926645c715f425eb9dc8,CM-1-3-4-5-3,Assess Portfolios,Commercial & Marketing,follows,Value Projects/Portfolios,SoleCandidate,CM-1-3-4-5-2,Value Projects/Portfolios,"unique exact preferred-label match (candidate filter only, per PR #120)",CandidateOnly,HOLD: context-confirmation pass,label filter leaves one candidate: CM-1-3-4-5-2; resolution requires context evidence,,Q12
REL-00747,d7310c9acd37c893d7d6926645c715f425eb9dc8,CM-1-3-4-5-3,Assess Portfolios,Commercial & Marketing,precedes,Develop Portfolio Recommendations and Track Decisions (CM-1-3-4-5-4),ResolvedToConcept,CM-1-3-4-5-4,Develop Portfolio Recommendations and Track Decisions,stable identifier CM-1-3-4-5-4 carried in mention text,StableIdentifier,emit automatically after subject/target existence checks,target carries its slug; resolves to Develop Portfolio Recommendations and Track Decisions,,Q11+Q12
REL-00748,d7310c9acd37c893d7d6926645c715f425eb9dc8,CM-1-3-4-5-3,Assess Portfolios,Commercial & Marketing,governed-by,Lifecycle Management,SoleCandidate,CM-1-3-4-5,Lifecycle Management,"unique exact preferred-label match (candidate filter only, per PR #120)",CandidateOnly,HOLD: context-confirmation pass,label filter leaves one candidate: CM-1-3-4-5; resolution requires context evidence,,Q12
REL-00749,d7310c9acd37c893d7d6926645c715f425eb9dc8,CM-1-3-4-5-4,Develop Portfolio Recommendations and Track Decisions,Commercial & Marketing,follows,Assess Portfolios,SoleCandidate,CM-1-3-4-5-3,Assess Portfolios,"unique exact preferred-label match (candidate filter only, per PR #120)",CandidateOnly,HOLD: context-confirmation pass,label filter leaves one candidate: CM-1-3-4-5-3; resolution requires context evidence,,Q12
REL-00750,d7310c9acd37c893d7d6926645c715f425eb9dc8,CM-1-3-4-5-4,Develop Portfolio Recommendations and Track Decisions,Commercial & Marketing,enables,Manage Product/Service Change,SoleCandidate,CM-1-3-4-3-3,Manage Product/Service Change,"unique exact preferred-label match (candidate filter only, per PR #120)",CandidateOnly,HOLD: context-confirmation pass,label filter leaves one candidate: CM-1-3-4-3-3; resolution requires context evidence,,Q12
REL-00751,d7310c9acd37c893d7d6926645c715f425eb9dc8,CM-1-3-4-5-4,Develop Portfolio Recommendations and Track Decisions,Commercial & Marketing,governed-by,Lifecycle Management,SoleCandidate,CM-1-3-4-5,Lifecycle Management,"unique exact preferred-label match (candidate filter only, per PR #120)",CandidateOnly,HOLD: context-confirmation pass,label filter leaves one candidate: CM-1-3-4-5; resolution requires context evidence,,Q12
REL-00752,d7310c9acd37c893d7d6926645c715f425eb9dc8,CM-1-3-4-6-1,Collaborate with Manufacturing,Commercial & Marketing,governed-by,R&D Collaboration,SoleCandidate,CM-1-3-4-6,R&D Collaboration,"unique exact preferred-label match (candidate filter only, per PR #120)",CandidateOnly,HOLD: context-confirmation pass,label filter leaves one candidate: CM-1-3-4-6; resolution requires context evidence,,Q12
REL-00753,d7310c9acd37c893d7d6926645c715f425eb9dc8,CM-1-3-4-6-1,Collaborate with Manufacturing,Commercial & Marketing,enables,Conduct Product Development,SoleCandidate,CM-1-3-4-3-2,Conduct Product Development,"unique exact preferred-label match (candidate filter only, per PR #120)",CandidateOnly,HOLD: context-confirmation pass,label filter leaves one candidate: CM-1-3-4-3-2; resolution requires context evidence,,Q12
REL-00754,d7310c9acd37c893d7d6926645c715f425eb9dc8,CM-1-3-4-6-2,Collaborate with Customers/Technical Service,Commercial & Marketing,governed-by,R&D Collaboration,SoleCandidate,CM-1-3-4-6,R&D Collaboration,"unique exact preferred-label match (candidate filter only, per PR #120)",CandidateOnly,HOLD: context-confirmation pass,label filter leaves one candidate: CM-1-3-4-6; resolution requires context evidence,,Q12
REL-00755,d7310c9acd37c893d7d6926645c715f425eb9dc8,CM-1-3-4-6-2,Collaborate with Customers/Technical Service,Commercial & Marketing,enables,Conduct Research,SoleCandidate,CM-1-3-4-2-2,Conduct Research,"unique exact preferred-label match (candidate filter only, per PR #120)",CandidateOnly,HOLD: context-confirmation pass,label filter leaves one candidate: CM-1-3-4-2-2; resolution requires context evidence,,Q12
REL-00756,d7310c9acd37c893d7d6926645c715f425eb9dc8,CM-1-3-4-6-2,Collaborate with Customers/Technical Service,Commercial & Marketing,enables,Conduct Product Development,SoleCandidate,CM-1-3-4-3-2,Conduct Product Development,"unique exact preferred-label match (candidate filter only, per PR #120)",CandidateOnly,HOLD: context-confirmation pass,label filter leaves one candidate: CM-1-3-4-3-2; resolution requires context evidence,,Q12
REL-00757,d7310c9acd37c893d7d6926645c715f425eb9dc8,CM-1-3-4-6-3,Collaborate with Research Partners,Commercial & Marketing,governed-by,R&D Collaboration,SoleCandidate,CM-1-3-4-6,R&D Collaboration,"unique exact preferred-label match (candidate filter only, per PR #120)",CandidateOnly,HOLD: context-confirmation pass,label filter leaves one candidate: CM-1-3-4-6; resolution requires context evidence,,Q12
REL-00758,d7310c9acd37c893d7d6926645c715f425eb9dc8,CM-1-3-4-6-3,Collaborate with Research Partners,Commercial & Marketing,enables,Conduct Research,SoleCandidate,CM-1-3-4-2-2,Conduct Research,"unique exact preferred-label match (candidate filter only, per PR #120)",CandidateOnly,HOLD — source correction — Hamid 2026-09-25,Not enablement: external collaboration supports but is not required. Correct to informs/supports.,enables sample review (32-row),Q12; review batch 2026-09-25
REL-00759,d7310c9acd37c893d7d6926645c715f425eb9dc8,CM-1-3-4-6-3,Collaborate with Research Partners,Commercial & Marketing,uses-input,Identify Technology Needs/Opportunities,SoleCandidate,CM-1-3-4-5-1,Identify Technology Needs/Opportunities,"unique exact preferred-label match (candidate filter only, per PR #120)",CandidateOnly,HOLD: context-confirmation pass,label filter leaves one candidate: CM-1-3-4-5-1; resolution requires context evidence,,Q12
REL-00760,d7310c9acd37c893d7d6926645c715f425eb9dc8,CM-1-3-4-6-4,Collaborate with marketing,Commercial & Marketing,governed-by,R&D Collaboration,SoleCandidate,CM-1-3-4-6,R&D Collaboration,"unique exact preferred-label match (candidate filter only, per PR #120)",CandidateOnly,HOLD: context-confirmation pass,label filter leaves one candidate: CM-1-3-4-6; resolution requires context evidence,,Q12
REL-00761,d7310c9acd37c893d7d6926645c715f425eb9dc8,CM-1-3-4-6-4,Collaborate with marketing,Commercial & Marketing,informed-by,Customer Offer Definition,SoleCandidate,CM-1-3-3-1,Customer Offer Definition,"unique exact preferred-label match (candidate filter only, per PR #120)",CandidateOnly,HOLD: context-confirmation pass,label filter leaves one candidate: CM-1-3-3-1; resolution requires context evidence,,Q12
REL-00762,d7310c9acd37c893d7d6926645c715f425eb9dc8,CM-1-3-4-6-4,Collaborate with marketing,Commercial & Marketing,enables,Marketing Communications Planning,SoleCandidate,CM-1-3-5-3,Marketing Communications Planning,"unique exact preferred-label match (candidate filter only, per PR #120)",CandidateOnly,HOLD: context-confirmation pass,label filter leaves one candidate: CM-1-3-5-3; resolution requires context evidence,,Q12
REL-00763,d7310c9acd37c893d7d6926645c715f425eb9dc8,CM-1-3-5-1-1,Determine & Allocate Sales Targets,Commercial & Marketing,precedes,Perform Account Planning,SoleCandidate,CM-1-3-5-1-3,Perform Account Planning,"unique exact preferred-label match (candidate filter only, per PR #120)",CandidateOnly,HOLD: context-confirmation pass,label filter leaves one candidate: CM-1-3-5-1-3; resolution requires context evidence,,Q12
REL-00764,d7310c9acd37c893d7d6926645c715f425eb9dc8,CM-1-3-5-1-1,Determine & Allocate Sales Targets,Commercial & Marketing,governed-by,Sales Planning (CM-1-3-5-1),ResolvedToConcept,CM-1-3-5-1,Sales Planning,stable identifier CM-1-3-5-1 carried in mention text,StableIdentifier,emit automatically after subject/target existence checks,target carries its slug; resolves to Sales Planning,,Q11+Q12
REL-00765,d7310c9acd37c893d7d6926645c715f425eb9dc8,CM-1-3-5-1-2,Develop & Agree Demand Forecasting Process,Commercial & Marketing,uses-input,Produce Demand Forecast (CM-1-1-1-1),ResolvedToConcept,CM-1-1-1-1,Produce Demand Forecast,stable identifier CM-1-1-1-1 carried in mention text,StableIdentifier,emit automatically after subject/target existence checks,target carries its slug; resolves to Produce Demand Forecast,,Q11+Q12
REL-00766,d7310c9acd37c893d7d6926645c715f425eb9dc8,CM-1-3-5-1-2,Develop & Agree Demand Forecasting Process,Commercial & Marketing,enables,Determine & Allocate Sales Targets,SoleCandidate,CM-1-3-5-1-1,Determine & Allocate Sales Targets,"unique exact preferred-label match (candidate filter only, per PR #120)",CandidateOnly,HOLD: context-confirmation pass,label filter leaves one candidate: CM-1-3-5-1-1; resolution requires context evidence,,Q12
REL-00767,d7310c9acd37c893d7d6926645c715f425eb9dc8,CM-1-3-5-1-2,Develop & Agree Demand Forecasting Process,Commercial & Marketing,enables,Perform Account Planning,SoleCandidate,CM-1-3-5-1-3,Perform Account Planning,"unique exact preferred-label match (candidate filter only, per PR #120)",CandidateOnly,HOLD: context-confirmation pass,label filter leaves one candidate: CM-1-3-5-1-3; resolution requires context evidence,,Q12
REL-00768,d7310c9acd37c893d7d6926645c715f425eb9dc8,CM-1-3-5-1-2,Develop & Agree Demand Forecasting Process,Commercial & Marketing,governed-by,Sales Planning (CM-1-3-5-1),ResolvedToConcept,CM-1-3-5-1,Sales Planning,stable identifier CM-1-3-5-1 carried in mention text,StableIdentifier,emit automatically after subject/target existence checks,target carries its slug; resolves to Sales Planning,,Q11+Q12
REL-00769,d7310c9acd37c893d7d6926645c715f425eb9dc8,CM-1-3-5-1-3,Perform Account Planning,Commercial & Marketing,follows,Determine & Allocate Sales Targets,SoleCandidate,CM-1-3-5-1-1,Determine & Allocate Sales Targets,"unique exact preferred-label match (candidate filter only, per PR #120)",CandidateOnly,HOLD: context-confirmation pass,label filter leaves one candidate: CM-1-3-5-1-1; resolution requires context evidence,,Q12
REL-00770,d7310c9acd37c893d7d6926645c715f425eb9dc8,CM-1-3-5-1-3,Perform Account Planning,Commercial & Marketing,enables,Sales Execution,SoleCandidate,CM-1-3-6-2,Sales Execution,"unique exact preferred-label match (candidate filter only, per PR #120)",CandidateOnly,APPROVED as core:enables — Hamid 2026-09-25,Account planning feeds execution with account-level evidence.,enables sample review (32-row),Q12; review batch 2026-09-25
REL-00771,d7310c9acd37c893d7d6926645c715f425eb9dc8,CM-1-3-5-1-3,Perform Account Planning,Commercial & Marketing,enables,Channel & Partner Management,SoleCandidate,CM-1-3-6-1,Channel & Partner Management,"unique exact preferred-label match (candidate filter only, per PR #120)",CandidateOnly,HOLD: context-confirmation pass,label filter leaves one candidate: CM-1-3-6-1; resolution requires context evidence,,Q12
REL-00772,d7310c9acd37c893d7d6926645c715f425eb9dc8,CM-1-3-5-1-4,Analyze Gaps Between Forecast & Actual Margins,Commercial & Marketing,follows,Perform Account Planning,SoleCandidate,CM-1-3-5-1-3,Perform Account Planning,"unique exact preferred-label match (candidate filter only, per PR #120)",CandidateOnly,HOLD: context-confirmation pass,label filter leaves one candidate: CM-1-3-5-1-3; resolution requires context evidence,,Q12
REL-00773,d7310c9acd37c893d7d6926645c715f425eb9dc8,CM-1-3-5-1-4,Analyze Gaps Between Forecast & Actual Margins,Commercial & Marketing,enables,Sales Planning (CM-1-3-5-1),ResolvedToConcept,CM-1-3-5-1,Sales Planning,stable identifier CM-1-3-5-1 carried in mention text,StableIdentifier,emit automatically after subject/target existence checks,target carries its slug; resolves to Sales Planning,,Q11+Q12
REL-00774,d7310c9acd37c893d7d6926645c715f425eb9dc8,CM-1-3-5-1-4,Analyze Gaps Between Forecast & Actual Margins,Commercial & Marketing,informed-by,Marketing Performance Analysis,SoleCandidate,CM-1-3-5-5,Marketing Performance Analysis,"unique exact preferred-label match (candidate filter only, per PR #120)",CandidateOnly,HOLD: context-confirmation pass,label filter leaves one candidate: CM-1-3-5-5; resolution requires context evidence,,Q12
REL-00775,d7310c9acd37c893d7d6926645c715f425eb9dc8,CM-1-3-5-2,Integrated Marketing Planning (Advertising),Commercial & Marketing,informed-by,Define Media Strategy,SoleCandidate,CM-1-3-3-5-1,Define Media Strategy,"unique exact preferred-label match (candidate filter only, per PR #120)",CandidateOnly,HOLD: context-confirmation pass,label filter leaves one candidate: CM-1-3-3-5-1; resolution requires context evidence,,Q12
REL-00776,d7310c9acd37c893d7d6926645c715f425eb9dc8,CM-1-3-5-2,Integrated Marketing Planning (Advertising),Commercial & Marketing,informed-by,Marketing Communications Planning,SoleCandidate,CM-1-3-5-3,Marketing Communications Planning,"unique exact preferred-label match (candidate filter only, per PR #120)",CandidateOnly,HOLD: context-confirmation pass,label filter leaves one candidate: CM-1-3-5-3; resolution requires context evidence,,Q12
REL-00777,d7310c9acd37c893d7d6926645c715f425eb9dc8,CM-1-3-5-2,Integrated Marketing Planning (Advertising),Commercial & Marketing,enables,Marketing Plan Execution,SoleCandidate,CM-1-3-6-5,Marketing Plan Execution,"unique exact preferred-label match (candidate filter only, per PR #120)",CandidateOnly,HOLD: context-confirmation pass,label filter leaves one candidate: CM-1-3-6-5; resolution requires context evidence,,Q12
REL-00778,d7310c9acd37c893d7d6926645c715f425eb9dc8,CM-1-3-5-3-1,Identify Marketing Needs,Commercial & Marketing,precedes,Identify Target Groups,SoleCandidate,CM-1-3-5-3-2,Identify Target Groups,"unique exact preferred-label match (candidate filter only, per PR #120)",CandidateOnly,HOLD: context-confirmation pass,label filter leaves one candidate: CM-1-3-5-3-2; resolution requires context evidence,,Q12
REL-00779,d7310c9acd37c893d7d6926645c715f425eb9dc8,CM-1-3-5-3-1,Identify Marketing Needs,Commercial & Marketing,governed-by,Marketing Communications Planning,SoleCandidate,CM-1-3-5-3,Marketing Communications Planning,"unique exact preferred-label match (candidate filter only, per PR #120)",CandidateOnly,HOLD: context-confirmation pass,label filter leaves one candidate: CM-1-3-5-3; resolution requires context evidence,,Q12
REL-00780,d7310c9acd37c893d7d6926645c715f425eb9dc8,CM-1-3-5-3-10,Implement Brand Advertising / Communications,Commercial & Marketing,follows,Develop / Update Campaigns,SoleCandidate,CM-1-3-5-3-4,Develop / Update Campaigns,"unique exact preferred-label match (candidate filter only, per PR #120)",CandidateOnly,HOLD: context-confirmation pass,label filter leaves one candidate: CM-1-3-5-3-4; resolution requires context evidence,,Q12
REL-00781,d7310c9acd37c893d7d6926645c715f425eb9dc8,CM-1-3-5-3-10,Implement Brand Advertising / Communications,Commercial & Marketing,enables,Marketing Plan Execution,SoleCandidate,CM-1-3-6-5,Marketing Plan Execution,"unique exact preferred-label match (candidate filter only, per PR #120)",CandidateOnly,HOLD: context-confirmation pass,label filter leaves one candidate: CM-1-3-6-5; resolution requires context evidence,,Q12
REL-00782,d7310c9acd37c893d7d6926645c715f425eb9dc8,CM-1-3-5-3-10,Implement Brand Advertising / Communications,Commercial & Marketing,governed-by,Marketing Communications Planning,SoleCandidate,CM-1-3-5-3,Marketing Communications Planning,"unique exact preferred-label match (candidate filter only, per PR #120)",CandidateOnly,HOLD: context-confirmation pass,label filter leaves one candidate: CM-1-3-5-3; resolution requires context evidence,,Q12
REL-00783,d7310c9acd37c893d7d6926645c715f425eb9dc8,CM-1-3-5-3-2,Identify Target Groups,Commercial & Marketing,follows,Identify Marketing Needs,SoleCandidate,CM-1-3-5-3-1,Identify Marketing Needs,"unique exact preferred-label match (candidate filter only, per PR #120)",CandidateOnly,HOLD: context-confirmation pass,label filter leaves one candidate: CM-1-3-5-3-1; resolution requires context evidence,,Q12
REL-00784,d7310c9acd37c893d7d6926645c715f425eb9dc8,CM-1-3-5-3-2,Identify Target Groups,Commercial & Marketing,precedes,Develop / Update Marketing Mix Model,SoleCandidate,CM-1-3-5-3-3,Develop / Update Marketing Mix Model,"unique exact preferred-label match (candidate filter only, per PR #120)",CandidateOnly,HOLD: context-confirmation pass,label filter leaves one candidate: CM-1-3-5-3-3; resolution requires context evidence,,Q12
REL-00785,d7310c9acd37c893d7d6926645c715f425eb9dc8,CM-1-3-5-3-2,Identify Target Groups,Commercial & Marketing,governed-by,Marketing Communications Planning,SoleCandidate,CM-1-3-5-3,Marketing Communications Planning,"unique exact preferred-label match (candidate filter only, per PR #120)",CandidateOnly,HOLD: context-confirmation pass,label filter leaves one candidate: CM-1-3-5-3; resolution requires context evidence,,Q12
REL-00786,d7310c9acd37c893d7d6926645c715f425eb9dc8,CM-1-3-5-3-3,Develop / Update Marketing Mix Model,Commercial & Marketing,follows,Identify Target Groups,SoleCandidate,CM-1-3-5-3-2,Identify Target Groups,"unique exact preferred-label match (candidate filter only, per PR #120)",CandidateOnly,HOLD: context-confirmation pass,label filter leaves one candidate: CM-1-3-5-3-2; resolution requires context evidence,,Q12
REL-00787,d7310c9acd37c893d7d6926645c715f425eb9dc8,CM-1-3-5-3-3,Develop / Update Marketing Mix Model,Commercial & Marketing,precedes,Define Resource Allocation / Budgets,SoleCandidate,CM-1-3-5-3-5,Define Resource Allocation / Budgets,"unique exact preferred-label match (candidate filter only, per PR #120)",CandidateOnly,HOLD: context-confirmation pass,label filter leaves one candidate: CM-1-3-5-3-5; resolution requires context evidence,,Q12
REL-00788,d7310c9acd37c893d7d6926645c715f425eb9dc8,CM-1-3-5-3-3,Develop / Update Marketing Mix Model,Commercial & Marketing,governed-by,Marketing Communications Planning,SoleCandidate,CM-1-3-5-3,Marketing Communications Planning,"unique exact preferred-label match (candidate filter only, per PR #120)",CandidateOnly,HOLD: context-confirmation pass,label filter leaves one candidate: CM-1-3-5-3; resolution requires context evidence,,Q12
REL-00789,d7310c9acd37c893d7d6926645c715f425eb9dc8,CM-1-3-5-3-4,Develop / Update Campaigns,Commercial & Marketing,follows,Define Communications Plan,SoleCandidate,CM-1-3-5-3-6,Define Communications Plan,"unique exact preferred-label match (candidate filter only, per PR #120)",CandidateOnly,HOLD: context-confirmation pass,label filter leaves one candidate: CM-1-3-5-3-6; resolution requires context evidence,,Q12
REL-00790,d7310c9acd37c893d7d6926645c715f425eb9dc8,CM-1-3-5-3-4,Develop / Update Campaigns,Commercial & Marketing,precedes,Implement Promotional Advertising,SoleCandidate,CM-1-3-5-3-8,Implement Promotional Advertising,"unique exact preferred-label match (candidate filter only, per PR #120)",CandidateOnly,HOLD: context-confirmation pass,label filter leaves one candidate: CM-1-3-5-3-8; resolution requires context evidence,,Q12
REL-00791,d7310c9acd37c893d7d6926645c715f425eb9dc8,CM-1-3-5-3-4,Develop / Update Campaigns,Commercial & Marketing,precedes,Implement Brand Advertising / Communications,SoleCandidate,CM-1-3-5-3-10,Implement Brand Advertising / Communications,"unique exact preferred-label match (candidate filter only, per PR #120)",CandidateOnly,HOLD: context-confirmation pass,label filter leaves one candidate: CM-1-3-5-3-10; resolution requires context evidence,,Q12
REL-00792,d7310c9acd37c893d7d6926645c715f425eb9dc8,CM-1-3-5-3-4,Develop / Update Campaigns,Commercial & Marketing,governed-by,Marketing Communications Planning,SoleCandidate,CM-1-3-5-3,Marketing Communications Planning,"unique exact preferred-label match (candidate filter only, per PR #120)",CandidateOnly,HOLD: context-confirmation pass,label filter leaves one candidate: CM-1-3-5-3; resolution requires context evidence,,Q12
REL-00793,d7310c9acd37c893d7d6926645c715f425eb9dc8,CM-1-3-5-3-5,Define Resource Allocation / Budgets,Commercial & Marketing,follows,Develop / Update Marketing Mix Model,SoleCandidate,CM-1-3-5-3-3,Develop / Update Marketing Mix Model,"unique exact preferred-label match (candidate filter only, per PR #120)",CandidateOnly,HOLD: context-confirmation pass,label filter leaves one candidate: CM-1-3-5-3-3; resolution requires context evidence,,Q12
REL-00794,d7310c9acd37c893d7d6926645c715f425eb9dc8,CM-1-3-5-3-5,Define Resource Allocation / Budgets,Commercial & Marketing,precedes,Define Communications Plan,SoleCandidate,CM-1-3-5-3-6,Define Communications Plan,"unique exact preferred-label match (candidate filter only, per PR #120)",CandidateOnly,HOLD: context-confirmation pass,label filter leaves one candidate: CM-1-3-5-3-6; resolution requires context evidence,,Q12
REL-00795,d7310c9acd37c893d7d6926645c715f425eb9dc8,CM-1-3-5-3-5,Define Resource Allocation / Budgets,Commercial & Marketing,governed-by,Marketing Communications Planning,SoleCandidate,CM-1-3-5-3,Marketing Communications Planning,"unique exact preferred-label match (candidate filter only, per PR #120)",CandidateOnly,HOLD: context-confirmation pass,label filter leaves one candidate: CM-1-3-5-3; resolution requires context evidence,,Q12
REL-00796,d7310c9acd37c893d7d6926645c715f425eb9dc8,CM-1-3-5-3-6,Define Communications Plan,Commercial & Marketing,follows,Define Resource Allocation / Budgets,SoleCandidate,CM-1-3-5-3-5,Define Resource Allocation / Budgets,"unique exact preferred-label match (candidate filter only, per PR #120)",CandidateOnly,HOLD: context-confirmation pass,label filter leaves one candidate: CM-1-3-5-3-5; resolution requires context evidence,,Q12
REL-00797,d7310c9acd37c893d7d6926645c715f425eb9dc8,CM-1-3-5-3-6,Define Communications Plan,Commercial & Marketing,precedes,Develop / Update Campaigns,SoleCandidate,CM-1-3-5-3-4,Develop / Update Campaigns,"unique exact preferred-label match (candidate filter only, per PR #120)",CandidateOnly,HOLD: context-confirmation pass,label filter leaves one candidate: CM-1-3-5-3-4; resolution requires context evidence,,Q12
REL-00798,d7310c9acd37c893d7d6926645c715f425eb9dc8,CM-1-3-5-3-6,Define Communications Plan,Commercial & Marketing,governed-by,Marketing Communications Planning,SoleCandidate,CM-1-3-5-3,Marketing Communications Planning,"unique exact preferred-label match (candidate filter only, per PR #120)",CandidateOnly,HOLD: context-confirmation pass,label filter leaves one candidate: CM-1-3-5-3; resolution requires context evidence,,Q12
REL-00799,d7310c9acd37c893d7d6926645c715f425eb9dc8,CM-1-3-5-3-7,Manage Use Of Brand,Commercial & Marketing,governed-by,Marketing Communications Planning,SoleCandidate,CM-1-3-5-3,Marketing Communications Planning,"unique exact preferred-label match (candidate filter only, per PR #120)",CandidateOnly,HOLD: context-confirmation pass,label filter leaves one candidate: CM-1-3-5-3; resolution requires context evidence,,Q12
REL-00800,d7310c9acd37c893d7d6926645c715f425eb9dc8,CM-1-3-5-3-7,Manage Use Of Brand,Commercial & Marketing,uses-input,Brand Standards Management (CM-1-3-6-7),ResolvedToConcept,CM-1-3-6-7,Brand Standards Management,stable identifier CM-1-3-6-7 carried in mention text,StableIdentifier,emit automatically after subject/target existence checks,target carries its slug; resolves to Brand Standards Management,,Q11+Q12
REL-00801,d7310c9acd37c893d7d6926645c715f425eb9dc8,CM-1-3-5-3-7,Manage Use Of Brand,Commercial & Marketing,assures,Develop / Update Campaigns,SoleCandidate,CM-1-3-5-3-4,Develop / Update Campaigns,"unique exact preferred-label match (candidate filter only, per PR #120)",CandidateOnly,HOLD: context-confirmation pass,label filter leaves one candidate: CM-1-3-5-3-4; resolution requires context evidence,,Q12
REL-00802,d7310c9acd37c893d7d6926645c715f425eb9dc8,CM-1-3-5-3-8,Implement Promotional Advertising,Commercial & Marketing,follows,Develop / Update Campaigns,SoleCandidate,CM-1-3-5-3-4,Develop / Update Campaigns,"unique exact preferred-label match (candidate filter only, per PR #120)",CandidateOnly,HOLD: context-confirmation pass,label filter leaves one candidate: CM-1-3-5-3-4; resolution requires context evidence,,Q12
REL-00803,d7310c9acd37c893d7d6926645c715f425eb9dc8,CM-1-3-5-3-8,Implement Promotional Advertising,Commercial & Marketing,enables,Marketing Plan Execution,SoleCandidate,CM-1-3-6-5,Marketing Plan Execution,"unique exact preferred-label match (candidate filter only, per PR #120)",CandidateOnly,HOLD: context-confirmation pass,label filter leaves one candidate: CM-1-3-6-5; resolution requires context evidence,,Q12
REL-00804,d7310c9acd37c893d7d6926645c715f425eb9dc8,CM-1-3-5-3-8,Implement Promotional Advertising,Commercial & Marketing,governed-by,Marketing Communications Planning,SoleCandidate,CM-1-3-5-3,Marketing Communications Planning,"unique exact preferred-label match (candidate filter only, per PR #120)",CandidateOnly,HOLD: context-confirmation pass,label filter leaves one candidate: CM-1-3-5-3; resolution requires context evidence,,Q12
REL-00805,d7310c9acd37c893d7d6926645c715f425eb9dc8,CM-1-3-5-3-9,Implement Internal Communications,Commercial & Marketing,follows,Develop / Update Campaigns,SoleCandidate,CM-1-3-5-3-4,Develop / Update Campaigns,"unique exact preferred-label match (candidate filter only, per PR #120)",CandidateOnly,HOLD: context-confirmation pass,label filter leaves one candidate: CM-1-3-5-3-4; resolution requires context evidence,,Q12
REL-00806,d7310c9acd37c893d7d6926645c715f425eb9dc8,CM-1-3-5-3-9,Implement Internal Communications,Commercial & Marketing,governed-by,Marketing Communications Planning,SoleCandidate,CM-1-3-5-3,Marketing Communications Planning,"unique exact preferred-label match (candidate filter only, per PR #120)",CandidateOnly,HOLD: context-confirmation pass,label filter leaves one candidate: CM-1-3-5-3; resolution requires context evidence,,Q12
REL-00807,d7310c9acd37c893d7d6926645c715f425eb9dc8,CM-1-3-5-4-1,Define Promotional Plan,Commercial & Marketing,precedes,Create Promotional Event Calendar,SoleCandidate,CM-1-3-5-4-2,Create Promotional Event Calendar,"unique exact preferred-label match (candidate filter only, per PR #120)",CandidateOnly,HOLD: context-confirmation pass,label filter leaves one candidate: CM-1-3-5-4-2; resolution requires context evidence,,Q12
REL-00808,d7310c9acd37c893d7d6926645c715f425eb9dc8,CM-1-3-5-4-1,Define Promotional Plan,Commercial & Marketing,governed-by,Promotions Planning,SoleCandidate,CM-1-3-5-4,Promotions Planning,"unique exact preferred-label match (candidate filter only, per PR #120)",CandidateOnly,HOLD: context-confirmation pass,label filter leaves one candidate: CM-1-3-5-4; resolution requires context evidence,,Q12
REL-00809,d7310c9acd37c893d7d6926645c715f425eb9dc8,CM-1-3-5-4-2,Create Promotional Event Calendar,Commercial & Marketing,follows,Define Promotional Plan,SoleCandidate,CM-1-3-5-4-1,Define Promotional Plan,"unique exact preferred-label match (candidate filter only, per PR #120)",CandidateOnly,HOLD: context-confirmation pass,label filter leaves one candidate: CM-1-3-5-4-1; resolution requires context evidence,,Q12
REL-00810,d7310c9acd37c893d7d6926645c715f425eb9dc8,CM-1-3-5-4-2,Create Promotional Event Calendar,Commercial & Marketing,governed-by,Promotions Planning,SoleCandidate,CM-1-3-5-4,Promotions Planning,"unique exact preferred-label match (candidate filter only, per PR #120)",CandidateOnly,HOLD: context-confirmation pass,label filter leaves one candidate: CM-1-3-5-4; resolution requires context evidence,,Q12
REL-00811,d7310c9acd37c893d7d6926645c715f425eb9dc8,CM-1-3-5-4-2,Create Promotional Event Calendar,Commercial & Marketing,enables,Develop & Agree Demand Forecasting Process,SoleCandidate,CM-1-3-5-1-2,Develop & Agree Demand Forecasting Process,"unique exact preferred-label match (candidate filter only, per PR #120)",CandidateOnly,HOLD: context-confirmation pass,label filter leaves one candidate: CM-1-3-5-1-2; resolution requires context evidence,,Q12
REL-00812,d7310c9acd37c893d7d6926645c715f425eb9dc8,CM-1-3-5-4-3,Create Point Of Purchase (Pop) Promotional Calendar,Commercial & Marketing,follows,Define Promotional Plan,SoleCandidate,CM-1-3-5-4-1,Define Promotional Plan,"unique exact preferred-label match (candidate filter only, per PR #120)",CandidateOnly,HOLD: context-confirmation pass,label filter leaves one candidate: CM-1-3-5-4-1; resolution requires context evidence,,Q12
REL-00813,d7310c9acd37c893d7d6926645c715f425eb9dc8,CM-1-3-5-4-3,Create Point Of Purchase (Pop) Promotional Calendar,Commercial & Marketing,governed-by,Promotions Planning,SoleCandidate,CM-1-3-5-4,Promotions Planning,"unique exact preferred-label match (candidate filter only, per PR #120)",CandidateOnly,HOLD: context-confirmation pass,label filter leaves one candidate: CM-1-3-5-4; resolution requires context evidence,,Q12
REL-00814,d7310c9acd37c893d7d6926645c715f425eb9dc8,CM-1-3-5-4-4,Create Site Level Marketing Calendar,Commercial & Marketing,follows,Define Promotional Plan,SoleCandidate,CM-1-3-5-4-1,Define Promotional Plan,"unique exact preferred-label match (candidate filter only, per PR #120)",CandidateOnly,HOLD: context-confirmation pass,label filter leaves one candidate: CM-1-3-5-4-1; resolution requires context evidence,,Q12
REL-00815,d7310c9acd37c893d7d6926645c715f425eb9dc8,CM-1-3-5-4-4,Create Site Level Marketing Calendar,Commercial & Marketing,governed-by,Promotions Planning,SoleCandidate,CM-1-3-5-4,Promotions Planning,"unique exact preferred-label match (candidate filter only, per PR #120)",CandidateOnly,HOLD: context-confirmation pass,label filter leaves one candidate: CM-1-3-5-4; resolution requires context evidence,,Q12
REL-00816,d7310c9acd37c893d7d6926645c715f425eb9dc8,CM-1-3-5-4-4,Create Site Level Marketing Calendar,Commercial & Marketing,enables,Marketing Plan Execution,SoleCandidate,CM-1-3-6-5,Marketing Plan Execution,"unique exact preferred-label match (candidate filter only, per PR #120)",CandidateOnly,HOLD: context-confirmation pass,label filter leaves one candidate: CM-1-3-6-5; resolution requires context evidence,,Q12
REL-00817,d7310c9acd37c893d7d6926645c715f425eb9dc8,CM-1-3-5-5-1,Marketing Spend Analysis,Commercial & Marketing,governed-by,Marketing Performance Analysis,SoleCandidate,CM-1-3-5-5,Marketing Performance Analysis,"unique exact preferred-label match (candidate filter only, per PR #120)",CandidateOnly,HOLD: context-confirmation pass,label filter leaves one candidate: CM-1-3-5-5; resolution requires context evidence,,Q12
REL-00818,d7310c9acd37c893d7d6926645c715f425eb9dc8,CM-1-3-5-5-1,Marketing Spend Analysis,Commercial & Marketing,enables,Define Resource Allocation / Budgets,SoleCandidate,CM-1-3-5-3-5,Define Resource Allocation / Budgets,"unique exact preferred-label match (candidate filter only, per PR #120)",CandidateOnly,HOLD: context-confirmation pass,label filter leaves one candidate: CM-1-3-5-3-5; resolution requires context evidence,,Q12
REL-00819,d7310c9acd37c893d7d6926645c715f425eb9dc8,CM-1-3-5-5-2,Campaign ROI Analysis,Commercial & Marketing,governed-by,Marketing Performance Analysis,SoleCandidate,CM-1-3-5-5,Marketing Performance Analysis,"unique exact preferred-label match (candidate filter only, per PR #120)",CandidateOnly,HOLD: context-confirmation pass,label filter leaves one candidate: CM-1-3-5-5; resolution requires context evidence,,Q12
REL-00820,d7310c9acd37c893d7d6926645c715f425eb9dc8,CM-1-3-5-5-2,Campaign ROI Analysis,Commercial & Marketing,enables,Develop / Update Marketing Mix Model,SoleCandidate,CM-1-3-5-3-3,Develop / Update Marketing Mix Model,"unique exact preferred-label match (candidate filter only, per PR #120)",CandidateOnly,HOLD: context-confirmation pass,label filter leaves one candidate: CM-1-3-5-3-3; resolution requires context evidence,,Q12
REL-00821,d7310c9acd37c893d7d6926645c715f425eb9dc8,CM-1-3-5-5-3,Customer Program Analysis,Commercial & Marketing,governed-by,Marketing Performance Analysis,SoleCandidate,CM-1-3-5-5,Marketing Performance Analysis,"unique exact preferred-label match (candidate filter only, per PR #120)",CandidateOnly,HOLD: context-confirmation pass,label filter leaves one candidate: CM-1-3-5-5; resolution requires context evidence,,Q12
REL-00822,d7310c9acd37c893d7d6926645c715f425eb9dc8,CM-1-3-5-5-3,Customer Program Analysis,Commercial & Marketing,informed-by,Loyalty and Cards Management (Marketing) (CM-1-3-6-6),ResolvedToConcept,CM-1-3-6-6,Loyalty and Cards Management (Marketing),stable identifier CM-1-3-6-6 carried in mention text,StableIdentifier,emit automatically after subject/target existence checks,target carries its slug; resolves to Loyalty and Cards Management (Marketing),,Q11+Q12
REL-00823,d7310c9acd37c893d7d6926645c715f425eb9dc8,CM-1-3-6-1-1,Manage Relationship with Franchise agreement,Commercial & Marketing,governed-by,Channel & Partner Management,SoleCandidate,CM-1-3-6-1,Channel & Partner Management,"unique exact preferred-label match (candidate filter only, per PR #120)",CandidateOnly,HOLD: context-confirmation pass,label filter leaves one candidate: CM-1-3-6-1; resolution requires context evidence,,Q12
REL-00824,d7310c9acd37c893d7d6926645c715f425eb9dc8,CM-1-3-6-1-1,Manage Relationship with Franchise agreement,Commercial & Marketing,uses-input,Report Franchise Performance,SoleCandidate,CM-1-3-6-1-3,Report Franchise Performance,"unique exact preferred-label match (candidate filter only, per PR #120)",CandidateOnly,HOLD: context-confirmation pass,label filter leaves one candidate: CM-1-3-6-1-3; resolution requires context evidence,,Q12
REL-00825,d7310c9acd37c893d7d6926645c715f425eb9dc8,CM-1-3-6-1-2,Manage Relationship with License Brand Providers,Commercial & Marketing,governed-by,Channel & Partner Management,SoleCandidate,CM-1-3-6-1,Channel & Partner Management,"unique exact preferred-label match (candidate filter only, per PR #120)",CandidateOnly,HOLD: context-confirmation pass,label filter leaves one candidate: CM-1-3-6-1; resolution requires context evidence,,Q12
REL-00826,d7310c9acd37c893d7d6926645c715f425eb9dc8,CM-1-3-6-1-2,Manage Relationship with License Brand Providers,Commercial & Marketing,informed-by,Exploit Intellectual Assets,SoleCandidate,CM-1-3-4-4-5,Exploit Intellectual Assets,"unique exact preferred-label match (candidate filter only, per PR #120)",CandidateOnly,HOLD: context-confirmation pass,label filter leaves one candidate: CM-1-3-4-4-5; resolution requires context evidence,,Q12
REL-00827,d7310c9acd37c893d7d6926645c715f425eb9dc8,CM-1-3-6-1-3,Report Franchise Performance,Commercial & Marketing,governed-by,Channel & Partner Management,SoleCandidate,CM-1-3-6-1,Channel & Partner Management,"unique exact preferred-label match (candidate filter only, per PR #120)",CandidateOnly,HOLD: context-confirmation pass,label filter leaves one candidate: CM-1-3-6-1; resolution requires context evidence,,Q12
REL-00828,d7310c9acd37c893d7d6926645c715f425eb9dc8,CM-1-3-6-1-3,Report Franchise Performance,Commercial & Marketing,enables,Manage Relationship with Franchise agreement,SoleCandidate,CM-1-3-6-1-1,Manage Relationship with Franchise agreement,"unique exact preferred-label match (candidate filter only, per PR #120)",CandidateOnly,HOLD: context-confirmation pass,label filter leaves one candidate: CM-1-3-6-1-1; resolution requires context evidence,,Q12
REL-00829,d7310c9acd37c893d7d6926645c715f425eb9dc8,CM-1-3-6-1-3,Report Franchise Performance,Commercial & Marketing,uses-input,Marketing Insight and Metrics Stewardship (CM-1-3-1-6),ResolvedToConcept,CM-1-3-1-6,Marketing Insight and Metrics Stewardship,stable identifier CM-1-3-1-6 carried in mention text,StableIdentifier,emit automatically after subject/target existence checks,target carries its slug; resolves to Marketing Insight and Metrics Stewardship,,Q11+Q12
REL-00830,d7310c9acd37c893d7d6926645c715f425eb9dc8,CM-1-3-6-1-4,Train and Certify AMPM Manager,Commercial & Marketing,governed-by,Channel & Partner Management,SoleCandidate,CM-1-3-6-1,Channel & Partner Management,"unique exact preferred-label match (candidate filter only, per PR #120)",CandidateOnly,HOLD: context-confirmation pass,label filter leaves one candidate: CM-1-3-6-1; resolution requires context evidence,,Q12
REL-00831,d7310c9acd37c893d7d6926645c715f425eb9dc8,CM-1-3-6-1-4,Train and Certify AMPM Manager,Commercial & Marketing,uses-input,Brand Standards Management (CM-1-3-6-7),ResolvedToConcept,CM-1-3-6-7,Brand Standards Management,stable identifier CM-1-3-6-7 carried in mention text,StableIdentifier,emit automatically after subject/target existence checks,target carries its slug; resolves to Brand Standards Management,,Q11+Q12
REL-00832,d7310c9acd37c893d7d6926645c715f425eb9dc8,CM-1-3-6-2-1,Manage Sales Pipeline,Commercial & Marketing,precedes,Manage Opportunity,SoleCandidate,CM-1-3-6-2-3,Manage Opportunity,"unique exact preferred-label match (candidate filter only, per PR #120)",CandidateOnly,HOLD: context-confirmation pass,label filter leaves one candidate: CM-1-3-6-2-3; resolution requires context evidence,,Q12
REL-00833,d7310c9acd37c893d7d6926645c715f425eb9dc8,CM-1-3-6-2-1,Manage Sales Pipeline,Commercial & Marketing,governed-by,Sales Execution,SoleCandidate,CM-1-3-6-2,Sales Execution,"unique exact preferred-label match (candidate filter only, per PR #120)",CandidateOnly,HOLD: context-confirmation pass,label filter leaves one candidate: CM-1-3-6-2; resolution requires context evidence,,Q12
REL-00834,d7310c9acd37c893d7d6926645c715f425eb9dc8,CM-1-3-6-2-1,Manage Sales Pipeline,Commercial & Marketing,enables,Develop & Agree Demand Forecasting Process,SoleCandidate,CM-1-3-5-1-2,Develop & Agree Demand Forecasting Process,"unique exact preferred-label match (candidate filter only, per PR #120)",CandidateOnly,HOLD: context-confirmation pass,label filter leaves one candidate: CM-1-3-5-1-2; resolution requires context evidence,,Q12
REL-00835,d7310c9acd37c893d7d6926645c715f425eb9dc8,CM-1-3-6-2-2,Manage Key Accounts,Commercial & Marketing,governed-by,Sales Execution,SoleCandidate,CM-1-3-6-2,Sales Execution,"unique exact preferred-label match (candidate filter only, per PR #120)",CandidateOnly,HOLD: context-confirmation pass,label filter leaves one candidate: CM-1-3-6-2; resolution requires context evidence,,Q12
REL-00836,d7310c9acd37c893d7d6926645c715f425eb9dc8,CM-1-3-6-2-2,Manage Key Accounts,Commercial & Marketing,uses-input,Perform Account Planning,SoleCandidate,CM-1-3-5-1-3,Perform Account Planning,"unique exact preferred-label match (candidate filter only, per PR #120)",CandidateOnly,HOLD: context-confirmation pass,label filter leaves one candidate: CM-1-3-5-1-3; resolution requires context evidence,,Q12
REL-00837,d7310c9acd37c893d7d6926645c715f425eb9dc8,CM-1-3-6-2-2,Manage Key Accounts,Commercial & Marketing,enables,Manage Opportunity,SoleCandidate,CM-1-3-6-2-3,Manage Opportunity,"unique exact preferred-label match (candidate filter only, per PR #120)",CandidateOnly,HOLD: context-confirmation pass,label filter leaves one candidate: CM-1-3-6-2-3; resolution requires context evidence,,Q12
REL-00838,d7310c9acd37c893d7d6926645c715f425eb9dc8,CM-1-3-6-2-3,Manage Opportunity,Commercial & Marketing,follows,Manage Sales Pipeline,SoleCandidate,CM-1-3-6-2-1,Manage Sales Pipeline,"unique exact preferred-label match (candidate filter only, per PR #120)",CandidateOnly,HOLD: context-confirmation pass,label filter leaves one candidate: CM-1-3-6-2-1; resolution requires context evidence,,Q12
REL-00839,d7310c9acd37c893d7d6926645c715f425eb9dc8,CM-1-3-6-2-3,Manage Opportunity,Commercial & Marketing,precedes,Develop Quote,SoleCandidate,CM-1-3-6-2-4,Develop Quote,"unique exact preferred-label match (candidate filter only, per PR #120)",CandidateOnly,HOLD: context-confirmation pass,label filter leaves one candidate: CM-1-3-6-2-4; resolution requires context evidence,,Q12
REL-00840,d7310c9acd37c893d7d6926645c715f425eb9dc8,CM-1-3-6-2-3,Manage Opportunity,Commercial & Marketing,governed-by,Sales Execution,SoleCandidate,CM-1-3-6-2,Sales Execution,"unique exact preferred-label match (candidate filter only, per PR #120)",CandidateOnly,HOLD: context-confirmation pass,label filter leaves one candidate: CM-1-3-6-2; resolution requires context evidence,,Q12
REL-00841,d7310c9acd37c893d7d6926645c715f425eb9dc8,CM-1-3-6-2-4,Develop Quote,Commercial & Marketing,follows,Manage Opportunity,SoleCandidate,CM-1-3-6-2-3,Manage Opportunity,"unique exact preferred-label match (candidate filter only, per PR #120)",CandidateOnly,HOLD: context-confirmation pass,label filter leaves one candidate: CM-1-3-6-2-3; resolution requires context evidence,,Q12
REL-00842,d7310c9acd37c893d7d6926645c715f425eb9dc8,CM-1-3-6-2-4,Develop Quote,Commercial & Marketing,precedes,Manage Contract & Order,SoleCandidate,CM-1-3-6-2-5,Manage Contract & Order,"unique exact preferred-label match (candidate filter only, per PR #120)",CandidateOnly,HOLD: context-confirmation pass,label filter leaves one candidate: CM-1-3-6-2-5; resolution requires context evidence,,Q12
REL-00843,d7310c9acd37c893d7d6926645c715f425eb9dc8,CM-1-3-6-2-4,Develop Quote,Commercial & Marketing,enables,"Manage Commercial Terms, Quoting, and Customer Commercial Services (CM-1-3-7-2)",ResolvedToConcept,CM-1-3-7-2,"Manage Commercial Terms, Quoting, and Customer Commercial Services",stable identifier CM-1-3-7-2 carried in mention text,StableIdentifier,emit automatically after subject/target existence checks,"target carries its slug; resolves to Manage Commercial Terms, Quoting, and Customer Commercial Services",,Q11+Q12
REL-00844,d7310c9acd37c893d7d6926645c715f425eb9dc8,CM-1-3-6-2-5,Manage Contract & Order,Commercial & Marketing,follows,Develop Quote,SoleCandidate,CM-1-3-6-2-4,Develop Quote,"unique exact preferred-label match (candidate filter only, per PR #120)",CandidateOnly,HOLD: context-confirmation pass,label filter leaves one candidate: CM-1-3-6-2-4; resolution requires context evidence,,Q12
REL-00845,d7310c9acd37c893d7d6926645c715f425eb9dc8,CM-1-3-6-2-5,Manage Contract & Order,Commercial & Marketing,precedes,Serve to Customer (Non-Retail),SoleCandidate,CM-1-3-6-2-6,Serve to Customer (Non-Retail),"unique exact preferred-label match (candidate filter only, per PR #120)",CandidateOnly,HOLD: context-confirmation pass,label filter leaves one candidate: CM-1-3-6-2-6; resolution requires context evidence,,Q12
REL-00846,d7310c9acd37c893d7d6926645c715f425eb9dc8,CM-1-3-6-2-5,Manage Contract & Order,Commercial & Marketing,enables,Capture And Manage Order Fulfillment,SoleCandidate,CM-1-3-7-3,Capture And Manage Order Fulfillment,"unique exact preferred-label match (candidate filter only, per PR #120)",CandidateOnly,HOLD: context-confirmation pass,label filter leaves one candidate: CM-1-3-7-3; resolution requires context evidence,,Q12
REL-00847,d7310c9acd37c893d7d6926645c715f425eb9dc8,CM-1-3-6-2-6,Serve to Customer (Non-Retail),Commercial & Marketing,follows,Manage Contract & Order,SoleCandidate,CM-1-3-6-2-5,Manage Contract & Order,"unique exact preferred-label match (candidate filter only, per PR #120)",CandidateOnly,HOLD: context-confirmation pass,label filter leaves one candidate: CM-1-3-6-2-5; resolution requires context evidence,,Q12
REL-00848,d7310c9acd37c893d7d6926645c715f425eb9dc8,CM-1-3-6-2-6,Serve to Customer (Non-Retail),Commercial & Marketing,governed-by,Sales Execution,SoleCandidate,CM-1-3-6-2,Sales Execution,"unique exact preferred-label match (candidate filter only, per PR #120)",CandidateOnly,HOLD: context-confirmation pass,label filter leaves one candidate: CM-1-3-6-2; resolution requires context evidence,,Q12
REL-00849,d7310c9acd37c893d7d6926645c715f425eb9dc8,CM-1-3-6-2-6,Serve to Customer (Non-Retail),Commercial & Marketing,uses-input,Manage Customer Requests and Inquiries,SoleCandidate,CM-1-3-7-5,Manage Customer Requests and Inquiries,"unique exact preferred-label match (candidate filter only, per PR #120)",CandidateOnly,HOLD: context-confirmation pass,label filter leaves one candidate: CM-1-3-7-5; resolution requires context evidence,,Q12
REL-00850,d7310c9acd37c893d7d6926645c715f425eb9dc8,CM-1-3-6-2-7,Measure & report,Commercial & Marketing,governed-by,Sales Execution,SoleCandidate,CM-1-3-6-2,Sales Execution,"unique exact preferred-label match (candidate filter only, per PR #120)",CandidateOnly,HOLD: context-confirmation pass,label filter leaves one candidate: CM-1-3-6-2; resolution requires context evidence,,Q12
REL-00851,d7310c9acd37c893d7d6926645c715f425eb9dc8,CM-1-3-6-2-7,Measure & report,Commercial & Marketing,enables,Analyze Gaps Between Forecast & Actual Margins,SoleCandidate,CM-1-3-5-1-4,Analyze Gaps Between Forecast & Actual Margins,"unique exact preferred-label match (candidate filter only, per PR #120)",CandidateOnly,HOLD: context-confirmation pass,label filter leaves one candidate: CM-1-3-5-1-4; resolution requires context evidence,,Q12
REL-00852,d7310c9acd37c893d7d6926645c715f425eb9dc8,CM-1-3-6-2-7,Measure & report,Commercial & Marketing,enables,Marketing Performance Analysis,SoleCandidate,CM-1-3-5-5,Marketing Performance Analysis,"unique exact preferred-label match (candidate filter only, per PR #120)",CandidateOnly,HOLD: context-confirmation pass,label filter leaves one candidate: CM-1-3-5-5; resolution requires context evidence,,Q12
REL-00853,d7310c9acd37c893d7d6926645c715f425eb9dc8,CM-1-3-6-3-1,Determine sales price,Commercial & Marketing,precedes,Implement sales price,SoleCandidate,CM-1-3-6-3-2,Implement sales price,"unique exact preferred-label match (candidate filter only, per PR #120)",CandidateOnly,HOLD: context-confirmation pass,label filter leaves one candidate: CM-1-3-6-3-2; resolution requires context evidence,,Q12
REL-00854,d7310c9acd37c893d7d6926645c715f425eb9dc8,CM-1-3-6-3-1,Determine sales price,Commercial & Marketing,governed-by,Sales Pricing Management,SoleCandidate,CM-1-3-6-3,Sales Pricing Management,"unique exact preferred-label match (candidate filter only, per PR #120)",CandidateOnly,HOLD: context-confirmation pass,label filter leaves one candidate: CM-1-3-6-3; resolution requires context evidence,,Q12
REL-00855,d7310c9acd37c893d7d6926645c715f425eb9dc8,CM-1-3-6-3-2,Implement sales price,Commercial & Marketing,follows,Determine sales price,SoleCandidate,CM-1-3-6-3-1,Determine sales price,"unique exact preferred-label match (candidate filter only, per PR #120)",CandidateOnly,HOLD: context-confirmation pass,label filter leaves one candidate: CM-1-3-6-3-1; resolution requires context evidence,,Q12
REL-00856,d7310c9acd37c893d7d6926645c715f425eb9dc8,CM-1-3-6-3-2,Implement sales price,Commercial & Marketing,governed-by,Sales Pricing Management,SoleCandidate,CM-1-3-6-3,Sales Pricing Management,"unique exact preferred-label match (candidate filter only, per PR #120)",CandidateOnly,HOLD: context-confirmation pass,label filter leaves one candidate: CM-1-3-6-3; resolution requires context evidence,,Q12
REL-00857,d7310c9acd37c893d7d6926645c715f425eb9dc8,CM-1-3-6-3-2,Implement sales price,Commercial & Marketing,enables,Manage Customer Invoicing and Billing,SoleCandidate,CM-1-3-8-1,Manage Customer Invoicing and Billing,"unique exact preferred-label match (candidate filter only, per PR #120)",CandidateOnly,HOLD: context-confirmation pass,label filter leaves one candidate: CM-1-3-8-1; resolution requires context evidence,,Q12
REL-00858,d7310c9acd37c893d7d6926645c715f425eb9dc8,CM-1-3-6-4-1,Negotiate Rebate,Commercial & Marketing,governed-by,Pricing Strategy Management,SoleCandidate,CM-1-3-3-2,Pricing Strategy Management,"unique exact preferred-label match (candidate filter only, per PR #120)",CandidateOnly,APPROVED as core:governedBy — Hamid 2026-09-25,"Rebate negotiation operates within Pricing Strategy Management's approved architecture, guardrails, corridors, exception criteria, delegated approvals.",governed-by review (16-row),Q12; review batch 2026-09-25
REL-00859,d7310c9acd37c893d7d6926645c715f425eb9dc8,CM-1-3-6-4-1,Negotiate Rebate,Commercial & Marketing,precedes,Implement Rebate,SoleCandidate,CM-1-3-6-4-2,Implement Rebate,"unique exact preferred-label match (candidate filter only, per PR #120)",CandidateOnly,HOLD: context-confirmation pass,label filter leaves one candidate: CM-1-3-6-4-2; resolution requires context evidence,,Q12
REL-00860,d7310c9acd37c893d7d6926645c715f425eb9dc8,CM-1-3-6-4-2,Implement Rebate,Commercial & Marketing,follows,Negotiate Rebate,SoleCandidate,CM-1-3-6-4-1,Negotiate Rebate,"unique exact preferred-label match (candidate filter only, per PR #120)",CandidateOnly,HOLD: context-confirmation pass,label filter leaves one candidate: CM-1-3-6-4-1; resolution requires context evidence,,Q12
REL-00861,d7310c9acd37c893d7d6926645c715f425eb9dc8,CM-1-3-6-4-2,Implement Rebate,Commercial & Marketing,precedes,Settle Rebate,SoleCandidate,CM-1-3-6-4-3,Settle Rebate,"unique exact preferred-label match (candidate filter only, per PR #120)",CandidateOnly,HOLD: context-confirmation pass,label filter leaves one candidate: CM-1-3-6-4-3; resolution requires context evidence,,Q12
REL-00862,d7310c9acd37c893d7d6926645c715f425eb9dc8,CM-1-3-6-4-2,Implement Rebate,Commercial & Marketing,uses-input,Maintain Price & Discount Master Data,SoleCandidate,CM-1-3-7-1-2,Maintain Price & Discount Master Data,"unique exact preferred-label match (candidate filter only, per PR #120)",CandidateOnly,HOLD: context-confirmation pass,label filter leaves one candidate: CM-1-3-7-1-2; resolution requires context evidence,,Q12
REL-00863,d7310c9acd37c893d7d6926645c715f425eb9dc8,CM-1-3-6-4-3,Settle Rebate,Commercial & Marketing,follows,Implement Rebate,SoleCandidate,CM-1-3-6-4-2,Implement Rebate,"unique exact preferred-label match (candidate filter only, per PR #120)",CandidateOnly,HOLD: context-confirmation pass,label filter leaves one candidate: CM-1-3-6-4-2; resolution requires context evidence,,Q12
REL-00864,d7310c9acd37c893d7d6926645c715f425eb9dc8,CM-1-3-6-4-3,Settle Rebate,Commercial & Marketing,uses-input,"Manage Cash Application, A/R & Revenue Accounting",SoleCandidate,CM-1-3-8-2,"Manage Cash Application, A/R & Revenue Accounting","unique exact preferred-label match (candidate filter only, per PR #120)",CandidateOnly,HOLD: context-confirmation pass,label filter leaves one candidate: CM-1-3-8-2; resolution requires context evidence,,Q12
REL-00865,d7310c9acd37c893d7d6926645c715f425eb9dc8,CM-1-3-6-4-3,Settle Rebate,Commercial & Marketing,enables,Analyze and Calculate Accruals (CM-1-3-8-4-3),ResolvedToConcept,CM-1-3-8-4-3,Analyze and Calculate Accruals,stable identifier CM-1-3-8-4-3 carried in mention text,StableIdentifier,emit automatically after subject/target existence checks,target carries its slug; resolves to Analyze and Calculate Accruals,,Q11+Q12
REL-00866,d7310c9acd37c893d7d6926645c715f425eb9dc8,CM-1-3-6-5-1,Manage Advertising,Commercial & Marketing,uses-input,Marketing Communications Planning,SoleCandidate,CM-1-3-5-3,Marketing Communications Planning,"unique exact preferred-label match (candidate filter only, per PR #120)",CandidateOnly,HOLD: context-confirmation pass,label filter leaves one candidate: CM-1-3-5-3; resolution requires context evidence,,Q12
REL-00867,d7310c9acd37c893d7d6926645c715f425eb9dc8,CM-1-3-6-5-1,Manage Advertising,Commercial & Marketing,enables,Campaign ROI Analysis,SoleCandidate,CM-1-3-5-5-2,Campaign ROI Analysis,"unique exact preferred-label match (candidate filter only, per PR #120)",CandidateOnly,HOLD: context-confirmation pass,label filter leaves one candidate: CM-1-3-5-5-2; resolution requires context evidence,,Q12
REL-00868,d7310c9acd37c893d7d6926645c715f425eb9dc8,CM-1-3-6-5-2,Manage Promotions and Events Execution,Commercial & Marketing,uses-input,Marketing Communications Planning,SoleCandidate,CM-1-3-5-3,Marketing Communications Planning,"unique exact preferred-label match (candidate filter only, per PR #120)",CandidateOnly,HOLD: context-confirmation pass,label filter leaves one candidate: CM-1-3-5-3; resolution requires context evidence,,Q12
REL-00869,d7310c9acd37c893d7d6926645c715f425eb9dc8,CM-1-3-6-5-2,Manage Promotions and Events Execution,Commercial & Marketing,informed-by,Implement sales price,SoleCandidate,CM-1-3-6-3-2,Implement sales price,"unique exact preferred-label match (candidate filter only, per PR #120)",CandidateOnly,HOLD: context-confirmation pass,label filter leaves one candidate: CM-1-3-6-3-2; resolution requires context evidence,,Q12
REL-00870,d7310c9acd37c893d7d6926645c715f425eb9dc8,CM-1-3-6-5-3,Manage Direct Marketing,Commercial & Marketing,uses-input,Marketing Communications Planning,SoleCandidate,CM-1-3-5-3,Marketing Communications Planning,"unique exact preferred-label match (candidate filter only, per PR #120)",CandidateOnly,HOLD: context-confirmation pass,label filter leaves one candidate: CM-1-3-5-3; resolution requires context evidence,,Q12
REL-00871,d7310c9acd37c893d7d6926645c715f425eb9dc8,CM-1-3-6-5-3,Manage Direct Marketing,Commercial & Marketing,enables,Customer Program Analysis,SoleCandidate,CM-1-3-5-5-3,Customer Program Analysis,"unique exact preferred-label match (candidate filter only, per PR #120)",CandidateOnly,HOLD: context-confirmation pass,label filter leaves one candidate: CM-1-3-5-5-3; resolution requires context evidence,,Q12
REL-00872,d7310c9acd37c893d7d6926645c715f425eb9dc8,CM-1-3-6-6-1,Set Up Prospect,Commercial & Marketing,requires,Perform KYC Due Diligence (CM-1-3-7-4-6),ResolvedToConcept,CM-1-3-7-4-6,Perform KYC Due Diligence,stable identifier CM-1-3-7-4-6 carried in mention text,StableIdentifier,emit automatically after subject/target existence checks,target carries its slug; resolves to Perform KYC Due Diligence,,Q11+Q12
REL-00873,d7310c9acd37c893d7d6926645c715f425eb9dc8,CM-1-3-6-6-1,Set Up Prospect,Commercial & Marketing,requires,Establish Credit Limit & Risk Code,SoleCandidate,CM-1-3-7-4-2,Establish Credit Limit & Risk Code,"unique exact preferred-label match (candidate filter only, per PR #120)",CandidateOnly,HOLD: context-confirmation pass,label filter leaves one candidate: CM-1-3-7-4-2; resolution requires context evidence,,Q12
REL-00874,d7310c9acd37c893d7d6926645c715f425eb9dc8,CM-1-3-6-6-1,Set Up Prospect,Commercial & Marketing,uses-input,Maintain Customer and Commercial Account Master Data (CM-1-3-7-1-1),ResolvedToConcept,CM-1-3-7-1-1,Maintain Customer and Commercial Account Master Data,stable identifier CM-1-3-7-1-1 carried in mention text,StableIdentifier,emit automatically after subject/target existence checks,target carries its slug; resolves to Maintain Customer and Commercial Account Master Data,,Q11+Q12
REL-00875,d7310c9acd37c893d7d6926645c715f425eb9dc8,CM-1-3-6-6-10,Perform Physical Card Handling,Commercial & Marketing,follows,Manage Card Production & Monthly Reissue,SoleCandidate,CM-1-3-6-6-13,Manage Card Production & Monthly Reissue,"unique exact preferred-label match (candidate filter only, per PR #120)",CandidateOnly,HOLD: context-confirmation pass,label filter leaves one candidate: CM-1-3-6-6-13; resolution requires context evidence,,Q12
REL-00876,d7310c9acd37c893d7d6926645c715f425eb9dc8,CM-1-3-6-6-10,Perform Physical Card Handling,Commercial & Marketing,governed-by,Ensure Card Design Compliance,SoleCandidate,CM-1-3-6-6-8,Ensure Card Design Compliance,"unique exact preferred-label match (candidate filter only, per PR #120)",CandidateOnly,HOLD: context-confirmation pass,label filter leaves one candidate: CM-1-3-6-6-8; resolution requires context evidence,,Q12
REL-00877,d7310c9acd37c893d7d6926645c715f425eb9dc8,CM-1-3-6-6-11,Manage Fraudulent Transactions,Commercial & Marketing,informed-by,"Analyze, Report, and Confirm Card Transactions (CM-1-3-6-6-7)",ResolvedToConcept,CM-1-3-6-6-7,"Analyze, Report, and Confirm Card Transactions",stable identifier CM-1-3-6-6-7 carried in mention text,StableIdentifier,emit automatically after subject/target existence checks,"target carries its slug; resolves to Analyze, Report, and Confirm Card Transactions",,Q11+Q12
REL-00878,d7310c9acd37c893d7d6926645c715f425eb9dc8,CM-1-3-6-6-11,Manage Fraudulent Transactions,Commercial & Marketing,uses-input,Manage Credit Card Transactions,SoleCandidate,CM-1-3-6-6-14,Manage Credit Card Transactions,"unique exact preferred-label match (candidate filter only, per PR #120)",CandidateOnly,HOLD: context-confirmation pass,label filter leaves one candidate: CM-1-3-6-6-14; resolution requires context evidence,,Q12
REL-00879,d7310c9acd37c893d7d6926645c715f425eb9dc8,CM-1-3-6-6-12,Manage Additional Card Services,Commercial & Marketing,uses-input,Manage Contract & Order,SoleCandidate,CM-1-3-6-2-5,Manage Contract & Order,"unique exact preferred-label match (candidate filter only, per PR #120)",CandidateOnly,HOLD: context-confirmation pass,label filter leaves one candidate: CM-1-3-6-2-5; resolution requires context evidence,,Q12
REL-00880,d7310c9acd37c893d7d6926645c715f425eb9dc8,CM-1-3-6-6-12,Manage Additional Card Services,Commercial & Marketing,enables,Manage Card Program Billing Coordination (CM-1-3-6-6-2),ResolvedToConcept,CM-1-3-6-6-2,Manage Card Program Billing Coordination,stable identifier CM-1-3-6-6-2 carried in mention text,StableIdentifier,emit automatically after subject/target existence checks,target carries its slug; resolves to Manage Card Program Billing Coordination,,Q11+Q12
REL-00881,d7310c9acd37c893d7d6926645c715f425eb9dc8,CM-1-3-6-6-13,Manage Card Production & Monthly Reissue,Commercial & Marketing,follows,Ensure Card Design Compliance,SoleCandidate,CM-1-3-6-6-8,Ensure Card Design Compliance,"unique exact preferred-label match (candidate filter only, per PR #120)",CandidateOnly,HOLD: context-confirmation pass,label filter leaves one candidate: CM-1-3-6-6-8; resolution requires context evidence,,Q12
REL-00882,d7310c9acd37c893d7d6926645c715f425eb9dc8,CM-1-3-6-6-13,Manage Card Production & Monthly Reissue,Commercial & Marketing,uses-input,Plan Card Stock Consumption and Monitor Inventory (CM-1-3-6-6-9),ResolvedToConcept,CM-1-3-6-6-9,Plan Card Stock Consumption and Monitor Inventory,stable identifier CM-1-3-6-6-9 carried in mention text,StableIdentifier,emit automatically after subject/target existence checks,target carries its slug; resolves to Plan Card Stock Consumption and Monitor Inventory,,Q11+Q12
REL-00883,d7310c9acd37c893d7d6926645c715f425eb9dc8,CM-1-3-6-6-13,Manage Card Production & Monthly Reissue,Commercial & Marketing,precedes,Perform Physical Card Handling,SoleCandidate,CM-1-3-6-6-10,Perform Physical Card Handling,"unique exact preferred-label match (candidate filter only, per PR #120)",CandidateOnly,HOLD: context-confirmation pass,label filter leaves one candidate: CM-1-3-6-6-10; resolution requires context evidence,,Q12
REL-00884,d7310c9acd37c893d7d6926645c715f425eb9dc8,CM-1-3-6-6-14,Manage Credit Card Transactions,Commercial & Marketing,uses-input,"Perform Cash, Acquirer, and Receivables Reconciliations (CM-1-3-8-2-5)",ResolvedToConcept,CM-1-3-8-2-5,"Perform Cash, Acquirer, and Receivables Reconciliations",stable identifier CM-1-3-8-2-5 carried in mention text,StableIdentifier,emit automatically after subject/target existence checks,"target carries its slug; resolves to Perform Cash, Acquirer, and Receivables Reconciliations",,Q11+Q12
REL-00885,d7310c9acd37c893d7d6926645c715f425eb9dc8,CM-1-3-6-6-14,Manage Credit Card Transactions,Commercial & Marketing,enables,"Analyze, Report, and Confirm Card Transactions (CM-1-3-6-6-7)",ResolvedToConcept,CM-1-3-6-6-7,"Analyze, Report, and Confirm Card Transactions",stable identifier CM-1-3-6-6-7 carried in mention text,StableIdentifier,emit automatically after subject/target existence checks,"target carries its slug; resolves to Analyze, Report, and Confirm Card Transactions",,Q11+Q12
REL-00886,d7310c9acd37c893d7d6926645c715f425eb9dc8,CM-1-3-6-6-15,Manage Brand Loyalty Programs,Commercial & Marketing,enables,Customer Program Analysis,SoleCandidate,CM-1-3-5-5-3,Customer Program Analysis,"unique exact preferred-label match (candidate filter only, per PR #120)",CandidateOnly,HOLD: context-confirmation pass,label filter leaves one candidate: CM-1-3-5-5-3; resolution requires context evidence,,Q12
REL-00887,d7310c9acd37c893d7d6926645c715f425eb9dc8,CM-1-3-6-6-15,Manage Brand Loyalty Programs,Commercial & Marketing,uses-input,Manage Direct Marketing,SoleCandidate,CM-1-3-6-5-3,Manage Direct Marketing,"unique exact preferred-label match (candidate filter only, per PR #120)",CandidateOnly,HOLD: context-confirmation pass,label filter leaves one candidate: CM-1-3-6-5-3; resolution requires context evidence,,Q12
REL-00888,d7310c9acd37c893d7d6926645c715f425eb9dc8,CM-1-3-6-6-2,Manage Card Program Billing Coordination,Commercial & Marketing,uses-input,"Analyze, Report, and Confirm Card Transactions (CM-1-3-6-6-7)",ResolvedToConcept,CM-1-3-6-6-7,"Analyze, Report, and Confirm Card Transactions",stable identifier CM-1-3-6-6-7 carried in mention text,StableIdentifier,emit automatically after subject/target existence checks,"target carries its slug; resolves to Analyze, Report, and Confirm Card Transactions",,Q11+Q12
REL-00889,d7310c9acd37c893d7d6926645c715f425eb9dc8,CM-1-3-6-6-2,Manage Card Program Billing Coordination,Commercial & Marketing,enables,Manage Customer Invoicing and Billing,SoleCandidate,CM-1-3-8-1,Manage Customer Invoicing and Billing,"unique exact preferred-label match (candidate filter only, per PR #120)",CandidateOnly,HOLD: context-confirmation pass,label filter leaves one candidate: CM-1-3-8-1; resolution requires context evidence,,Q12
REL-00890,d7310c9acd37c893d7d6926645c715f425eb9dc8,CM-1-3-6-6-3,Manage Reimbursement,Commercial & Marketing,uses-input,"Analyze, Report, and Confirm Card Transactions (CM-1-3-6-6-7)",ResolvedToConcept,CM-1-3-6-6-7,"Analyze, Report, and Confirm Card Transactions",stable identifier CM-1-3-6-6-7 carried in mention text,StableIdentifier,emit automatically after subject/target existence checks,"target carries its slug; resolves to Analyze, Report, and Confirm Card Transactions",,Q11+Q12
REL-00891,d7310c9acd37c893d7d6926645c715f425eb9dc8,CM-1-3-6-6-3,Manage Reimbursement,Commercial & Marketing,follows,Manage Credit Card Transactions,SoleCandidate,CM-1-3-6-6-14,Manage Credit Card Transactions,"unique exact preferred-label match (candidate filter only, per PR #120)",CandidateOnly,HOLD: context-confirmation pass,label filter leaves one candidate: CM-1-3-6-6-14; resolution requires context evidence,,Q12
REL-00892,d7310c9acd37c893d7d6926645c715f425eb9dc8,CM-1-3-6-6-4,Manage Card Administration,Commercial & Marketing,triggers,Manage Card Production & Monthly Reissue,SoleCandidate,CM-1-3-6-6-13,Manage Card Production & Monthly Reissue,"unique exact preferred-label match (candidate filter only, per PR #120)",CandidateOnly,HOLD: context-confirmation pass,label filter leaves one candidate: CM-1-3-6-6-13; resolution requires context evidence,,Q12
REL-00893,d7310c9acd37c893d7d6926645c715f425eb9dc8,CM-1-3-6-6-4,Manage Card Administration,Commercial & Marketing,uses-input,Maintain Customer and Commercial Account Master Data (CM-1-3-7-1-1),ResolvedToConcept,CM-1-3-7-1-1,Maintain Customer and Commercial Account Master Data,stable identifier CM-1-3-7-1-1 carried in mention text,StableIdentifier,emit automatically after subject/target existence checks,target carries its slug; resolves to Maintain Customer and Commercial Account Master Data,,Q11+Q12
REL-00894,d7310c9acd37c893d7d6926645c715f425eb9dc8,CM-1-3-6-6-5,Handle Card Limits,Commercial & Marketing,constrained-by,Establish Credit Limit & Risk Code,SoleCandidate,CM-1-3-7-4-2,Establish Credit Limit & Risk Code,"unique exact preferred-label match (candidate filter only, per PR #120)",CandidateOnly,HOLD: context-confirmation pass,label filter leaves one candidate: CM-1-3-7-4-2; resolution requires context evidence,,Q12
REL-00895,d7310c9acd37c893d7d6926645c715f425eb9dc8,CM-1-3-6-6-5,Handle Card Limits,Commercial & Marketing,informed-by,Monitor Credit Against Limit,SoleCandidate,CM-1-3-7-4-3,Monitor Credit Against Limit,"unique exact preferred-label match (candidate filter only, per PR #120)",CandidateOnly,HOLD: context-confirmation pass,label filter leaves one candidate: CM-1-3-7-4-3; resolution requires context evidence,,Q12
REL-00896,d7310c9acd37c893d7d6926645c715f425eb9dc8,CM-1-3-6-6-6,Manage Card Delinquency and Collections Referral,Commercial & Marketing,informed-by,Monitor Credit Against Limit,SoleCandidate,CM-1-3-7-4-3,Monitor Credit Against Limit,"unique exact preferred-label match (candidate filter only, per PR #120)",CandidateOnly,HOLD: context-confirmation pass,label filter leaves one candidate: CM-1-3-7-4-3; resolution requires context evidence,,Q12
REL-00897,d7310c9acd37c893d7d6926645c715f425eb9dc8,CM-1-3-6-6-6,Manage Card Delinquency and Collections Referral,Commercial & Marketing,triggers,Manage Receivables Collections (CM-1-3-8-3-2),ResolvedToConcept,CM-1-3-8-3-2,Manage Receivables Collections,stable identifier CM-1-3-8-3-2 carried in mention text,StableIdentifier,emit automatically after subject/target existence checks,target carries its slug; resolves to Manage Receivables Collections,,Q11+Q12
REL-00898,d7310c9acd37c893d7d6926645c715f425eb9dc8,CM-1-3-6-6-6,Manage Card Delinquency and Collections Referral,Commercial & Marketing,enables,Determine Bad Debt Allowance (CM-1-3-8-3-3),ResolvedToConcept,CM-1-3-8-3-3,Determine Bad Debt Allowance,stable identifier CM-1-3-8-3-3 carried in mention text,StableIdentifier,emit automatically after subject/target existence checks,target carries its slug; resolves to Determine Bad Debt Allowance,,Q11+Q12
REL-00899,d7310c9acd37c893d7d6926645c715f425eb9dc8,CM-1-3-6-6-7,"Analyze, Report, and Confirm Card Transactions",Commercial & Marketing,enables,Manage Card Program Billing Coordination (CM-1-3-6-6-2),ResolvedToConcept,CM-1-3-6-6-2,Manage Card Program Billing Coordination,stable identifier CM-1-3-6-6-2 carried in mention text,StableIdentifier,emit automatically after subject/target existence checks,target carries its slug; resolves to Manage Card Program Billing Coordination,,Q11+Q12
REL-00900,d7310c9acd37c893d7d6926645c715f425eb9dc8,CM-1-3-6-6-7,"Analyze, Report, and Confirm Card Transactions",Commercial & Marketing,enables,Manage Reimbursement,SoleCandidate,CM-1-3-6-6-3,Manage Reimbursement,"unique exact preferred-label match (candidate filter only, per PR #120)",CandidateOnly,HOLD: context-confirmation pass,label filter leaves one candidate: CM-1-3-6-6-3; resolution requires context evidence,,Q12
REL-00901,d7310c9acd37c893d7d6926645c715f425eb9dc8,CM-1-3-6-6-7,"Analyze, Report, and Confirm Card Transactions",Commercial & Marketing,triggers,Manage Fraudulent Transactions,SoleCandidate,CM-1-3-6-6-11,Manage Fraudulent Transactions,"unique exact preferred-label match (candidate filter only, per PR #120)",CandidateOnly,HOLD: context-confirmation pass,label filter leaves one candidate: CM-1-3-6-6-11; resolution requires context evidence,,Q12
REL-00902,d7310c9acd37c893d7d6926645c715f425eb9dc8,CM-1-3-6-6-8,Ensure Card Design Compliance,Commercial & Marketing,governed-by,Brand Standards Management (CM-1-3-6-7),ResolvedToConcept,CM-1-3-6-7,Brand Standards Management,stable identifier CM-1-3-6-7 carried in mention text,StableIdentifier,emit automatically after subject/target existence checks,target carries its slug; resolves to Brand Standards Management,,Q11+Q12
REL-00903,d7310c9acd37c893d7d6926645c715f425eb9dc8,CM-1-3-6-6-8,Ensure Card Design Compliance,Commercial & Marketing,precedes,Manage Card Production & Monthly Reissue,SoleCandidate,CM-1-3-6-6-13,Manage Card Production & Monthly Reissue,"unique exact preferred-label match (candidate filter only, per PR #120)",CandidateOnly,HOLD: context-confirmation pass,label filter leaves one candidate: CM-1-3-6-6-13; resolution requires context evidence,,Q12
REL-00904,d7310c9acd37c893d7d6926645c715f425eb9dc8,CM-1-3-6-6-9,Plan Card Stock Consumption and Monitor Inventory,Commercial & Marketing,enables,Manage Card Production & Monthly Reissue,SoleCandidate,CM-1-3-6-6-13,Manage Card Production & Monthly Reissue,"unique exact preferred-label match (candidate filter only, per PR #120)",CandidateOnly,HOLD: context-confirmation pass,label filter leaves one candidate: CM-1-3-6-6-13; resolution requires context evidence,,Q12
REL-00905,d7310c9acd37c893d7d6926645c715f425eb9dc8,CM-1-3-6-6-9,Plan Card Stock Consumption and Monitor Inventory,Commercial & Marketing,informed-by,Manage Card Administration (CM-1-3-6-6-4),ResolvedToConcept,CM-1-3-6-6-4,Manage Card Administration,stable identifier CM-1-3-6-6-4 carried in mention text,StableIdentifier,emit automatically after subject/target existence checks,target carries its slug; resolves to Manage Card Administration,,Q11+Q12
REL-00906,d7310c9acd37c893d7d6926645c715f425eb9dc8,CM-1-3-6-7-1,Manage Brand Standards and Inspections,Commercial & Marketing,enables,Report Franchise Performance,SoleCandidate,CM-1-3-6-1-3,Report Franchise Performance,"unique exact preferred-label match (candidate filter only, per PR #120)",CandidateOnly,HOLD: context-confirmation pass,label filter leaves one candidate: CM-1-3-6-1-3; resolution requires context evidence,,Q12
REL-00907,d7310c9acd37c893d7d6926645c715f425eb9dc8,CM-1-3-6-7-1,Manage Brand Standards and Inspections,Commercial & Marketing,governed-by,Manage Licensing & IP,SoleCandidate,CM-1-3-4-4,Manage Licensing & IP,"unique exact preferred-label match (candidate filter only, per PR #120)",CandidateOnly,APPROVED as core:governedBy (scope-qualified) — Hamid 2026-09-25,"SCOPE: IP, licensing, protected-mark, and Legal/IP governance boundaries only — not all operational brand-standard content.",governed-by review (16-row),Q12; review batch 2026-09-25
REL-00908,d7310c9acd37c893d7d6926645c715f425eb9dc8,CM-1-3-6-7-2,Manage Brand Imaging,Commercial & Marketing,governed-by,Manage Brand Standards and Inspections (CM-1-3-6-7-1),ResolvedToConcept,CM-1-3-6-7-1,Manage Brand Standards and Inspections,stable identifier CM-1-3-6-7-1 carried in mention text,StableIdentifier,emit automatically after subject/target existence checks,target carries its slug; resolves to Manage Brand Standards and Inspections,,Q11+Q12
REL-00909,d7310c9acd37c893d7d6926645c715f425eb9dc8,CM-1-3-6-7-2,Manage Brand Imaging,Commercial & Marketing,informed-by,Network Design,AmbiguousDeferred,CM-1-3-3-4,Network Design (Retail),Q12 amendment (2026-09-22): bare mention on Brand Imaging row; network type uncertain,Deferred,no triple; retain candidates + review trigger,may mean retail/supply/distribution/terminal/channel network design; plausibility is not evidence,R2 network-design decomposition or first consumer need,Q11+Q12
REL-00910,d7310c9acd37c893d7d6926645c715f425eb9dc8,CM-1-3-6-8-1,Conduct Commercial Audit to Validate Reported Sales,Commercial & Marketing,enables,"Administer Royalty, Brand Fee, and Contribution Streams (CM-1-3-8-4-7)",ResolvedToConcept,CM-1-3-8-4-7,"Administer Royalty, Brand Fee, and Contribution Streams",stable identifier CM-1-3-8-4-7 carried in mention text,StableIdentifier,emit automatically after subject/target existence checks,"target carries its slug; resolves to Administer Royalty, Brand Fee, and Contribution Streams",,Q11+Q12
REL-00911,d7310c9acd37c893d7d6926645c715f425eb9dc8,CM-1-3-6-8-1,Conduct Commercial Audit to Validate Reported Sales,Commercial & Marketing,informed-by,Report Franchise Performance,SoleCandidate,CM-1-3-6-1-3,Report Franchise Performance,"unique exact preferred-label match (candidate filter only, per PR #120)",CandidateOnly,HOLD: context-confirmation pass,label filter leaves one candidate: CM-1-3-6-1-3; resolution requires context evidence,,Q12
REL-00912,d7310c9acd37c893d7d6926645c715f425eb9dc8,CM-1-3-6-8-1,Conduct Commercial Audit to Validate Reported Sales,Commercial & Marketing,governed-by,Commercial Agreement Compliance Management (CM-1-3-6-8),ResolvedToConcept,CM-1-3-6-8,Commercial Agreement Compliance Management,stable identifier CM-1-3-6-8 carried in mention text,StableIdentifier,emit automatically after subject/target existence checks,target carries its slug; resolves to Commercial Agreement Compliance Management,,Q11+Q12
REL-00913,d7310c9acd37c893d7d6926645c715f425eb9dc8,CM-1-3-7-1-1,Maintain Customer and Commercial Account Master Data,Commercial & Marketing,enables,Set Up Prospect (CM-1-3-6-6-1),ResolvedToConcept,CM-1-3-6-6-1,Set Up Prospect,stable identifier CM-1-3-6-6-1 carried in mention text,StableIdentifier,emit automatically after subject/target existence checks,target carries its slug; resolves to Set Up Prospect,,Q11+Q12
REL-00914,d7310c9acd37c893d7d6926645c715f425eb9dc8,CM-1-3-7-1-1,Maintain Customer and Commercial Account Master Data,Commercial & Marketing,enables,Manage Customer Invoicing and Billing,SoleCandidate,CM-1-3-8-1,Manage Customer Invoicing and Billing,"unique exact preferred-label match (candidate filter only, per PR #120)",CandidateOnly,HOLD: context-confirmation pass,label filter leaves one candidate: CM-1-3-8-1; resolution requires context evidence,,Q12
REL-00915,d7310c9acd37c893d7d6926645c715f425eb9dc8,CM-1-3-7-1-1,Maintain Customer and Commercial Account Master Data,Commercial & Marketing,informed-by,Perform KYC Due Diligence (CM-1-3-7-4-6),ResolvedToConcept,CM-1-3-7-4-6,Perform KYC Due Diligence,stable identifier CM-1-3-7-4-6 carried in mention text,StableIdentifier,emit automatically after subject/target existence checks,target carries its slug; resolves to Perform KYC Due Diligence,,Q11+Q12
REL-00916,d7310c9acd37c893d7d6926645c715f425eb9dc8,CM-1-3-7-1-2,Maintain Price & Discount Master Data,Commercial & Marketing,uses-input,Implement sales price,SoleCandidate,CM-1-3-6-3-2,Implement sales price,"unique exact preferred-label match (candidate filter only, per PR #120)",CandidateOnly,HOLD: context-confirmation pass,label filter leaves one candidate: CM-1-3-6-3-2; resolution requires context evidence,,Q12
REL-00917,d7310c9acd37c893d7d6926645c715f425eb9dc8,CM-1-3-7-1-2,Maintain Price & Discount Master Data,Commercial & Marketing,uses-input,Implement Rebate,SoleCandidate,CM-1-3-6-4-2,Implement Rebate,"unique exact preferred-label match (candidate filter only, per PR #120)",CandidateOnly,HOLD: context-confirmation pass,label filter leaves one candidate: CM-1-3-6-4-2; resolution requires context evidence,,Q12
REL-00918,d7310c9acd37c893d7d6926645c715f425eb9dc8,CM-1-3-7-1-2,Maintain Price & Discount Master Data,Commercial & Marketing,enables,Manage Customer Invoicing and Billing,SoleCandidate,CM-1-3-8-1,Manage Customer Invoicing and Billing,"unique exact preferred-label match (candidate filter only, per PR #120)",CandidateOnly,HOLD: context-confirmation pass,label filter leaves one candidate: CM-1-3-8-1; resolution requires context evidence,,Q12
REL-00919,d7310c9acd37c893d7d6926645c715f425eb9dc8,CM-1-3-7-1-3,Maintain Product and Service Master Data,Commercial & Marketing,enables,Capture & Validate Order,SoleCandidate,CM-1-3-7-3-1,Capture & Validate Order,"unique exact preferred-label match (candidate filter only, per PR #120)",CandidateOnly,HOLD: context-confirmation pass,label filter leaves one candidate: CM-1-3-7-3-1; resolution requires context evidence,,Q12
REL-00920,d7310c9acd37c893d7d6926645c715f425eb9dc8,CM-1-3-7-1-3,Maintain Product and Service Master Data,Commercial & Marketing,enables,Create and Distribute Bill (CM-1-3-8-1-1),ResolvedToConcept,CM-1-3-8-1-1,Create and Distribute Bill,stable identifier CM-1-3-8-1-1 carried in mention text,StableIdentifier,emit automatically after subject/target existence checks,target carries its slug; resolves to Create and Distribute Bill,,Q11+Q12
REL-00921,d7310c9acd37c893d7d6926645c715f425eb9dc8,CM-1-3-7-1-4,Maintain Tax Master Data,Commercial & Marketing,enables,Determine Taxability,AmbiguousDeferred,CM-1-3-8-1-3 | CM-1-3-8-4-5,Determine Taxability | Determine Taxability,exact label matches multiple concepts; no single contextual target,Deferred,no triple; retain candidates + review trigger,label collision across 2 concepts; source context does not isolate one,label remediation or domain-owner clarification,Q12
REL-00922,d7310c9acd37c893d7d6926645c715f425eb9dc8,CM-1-3-7-1-4,Maintain Tax Master Data,Commercial & Marketing,enables,Reconcile And Report Indirect Tax,SoleCandidate,CM-1-3-8-4-4,Reconcile And Report Indirect Tax,"unique exact preferred-label match (candidate filter only, per PR #120)",CandidateOnly,HOLD: context-confirmation pass,label filter leaves one candidate: CM-1-3-8-4-4; resolution requires context evidence,,Q12
REL-00923,d7310c9acd37c893d7d6926645c715f425eb9dc8,CM-1-3-7-1-5,Maintain Commercial Workflow Configuration,Commercial & Marketing,governed-by,Manage Commercial Master Data Stewardship (CM-1-3-7-1),ResolvedToConcept,CM-1-3-7-1,Manage Commercial Master Data Stewardship,stable identifier CM-1-3-7-1 carried in mention text,StableIdentifier,emit automatically after subject/target existence checks,target carries its slug; resolves to Manage Commercial Master Data Stewardship,,Q11+Q12
REL-00924,d7310c9acd37c893d7d6926645c715f425eb9dc8,CM-1-3-7-1-5,Maintain Commercial Workflow Configuration,Commercial & Marketing,enables,Establish Commercial Terms & Contracts,SoleCandidate,CM-1-3-7-2-1,Establish Commercial Terms & Contracts,"unique exact preferred-label match (candidate filter only, per PR #120)",CandidateOnly,HOLD: context-confirmation pass,label filter leaves one candidate: CM-1-3-7-2-1; resolution requires context evidence,,Q12
REL-00925,d7310c9acd37c893d7d6926645c715f425eb9dc8,CM-1-3-7-1-6,Maintain Commercial Policy Content and Approved Parameters,Commercial & Marketing,governed-by,Manage Commercial Master Data Stewardship (CM-1-3-7-1),ResolvedToConcept,CM-1-3-7-1,Manage Commercial Master Data Stewardship,stable identifier CM-1-3-7-1 carried in mention text,StableIdentifier,emit automatically after subject/target existence checks,target carries its slug; resolves to Manage Commercial Master Data Stewardship,,Q11+Q12
REL-00926,d7310c9acd37c893d7d6926645c715f425eb9dc8,CM-1-3-7-1-6,Maintain Commercial Policy Content and Approved Parameters,Commercial & Marketing,enables,Establish Commercial Terms & Contracts,SoleCandidate,CM-1-3-7-2-1,Establish Commercial Terms & Contracts,"unique exact preferred-label match (candidate filter only, per PR #120)",CandidateOnly,HOLD: context-confirmation pass,label filter leaves one candidate: CM-1-3-7-2-1; resolution requires context evidence,,Q12
REL-00927,d7310c9acd37c893d7d6926645c715f425eb9dc8,CM-1-3-7-2-1,Establish Commercial Terms & Contracts,Commercial & Marketing,uses-input,Maintain Commercial Policy Content and Approved Parameters (CM-1-3-7-1-6),ResolvedToConcept,CM-1-3-7-1-6,Maintain Commercial Policy Content and Approved Parameters,stable identifier CM-1-3-7-1-6 carried in mention text,StableIdentifier,emit automatically after subject/target existence checks,target carries its slug; resolves to Maintain Commercial Policy Content and Approved Parameters,,Q11+Q12
REL-00928,d7310c9acd37c893d7d6926645c715f425eb9dc8,CM-1-3-7-2-1,Establish Commercial Terms & Contracts,Commercial & Marketing,enables,Manage Contract & Order,SoleCandidate,CM-1-3-6-2-5,Manage Contract & Order,"unique exact preferred-label match (candidate filter only, per PR #120)",CandidateOnly,HOLD: context-confirmation pass,label filter leaves one candidate: CM-1-3-6-2-5; resolution requires context evidence,,Q12
REL-00929,d7310c9acd37c893d7d6926645c715f425eb9dc8,CM-1-3-7-2-1,Establish Commercial Terms & Contracts,Commercial & Marketing,enables,Issue Quotes & Renewals,SoleCandidate,CM-1-3-7-2-2,Issue Quotes & Renewals,"unique exact preferred-label match (candidate filter only, per PR #120)",CandidateOnly,HOLD: context-confirmation pass,label filter leaves one candidate: CM-1-3-7-2-2; resolution requires context evidence,,Q12
REL-00930,d7310c9acd37c893d7d6926645c715f425eb9dc8,CM-1-3-7-2-2,Issue Quotes & Renewals,Commercial & Marketing,follows,Develop Quote,SoleCandidate,CM-1-3-6-2-4,Develop Quote,"unique exact preferred-label match (candidate filter only, per PR #120)",CandidateOnly,HOLD: context-confirmation pass,label filter leaves one candidate: CM-1-3-6-2-4; resolution requires context evidence,,Q12
REL-00931,d7310c9acd37c893d7d6926645c715f425eb9dc8,CM-1-3-7-2-2,Issue Quotes & Renewals,Commercial & Marketing,uses-input,Maintain Price & Discount Master Data,SoleCandidate,CM-1-3-7-1-2,Maintain Price & Discount Master Data,"unique exact preferred-label match (candidate filter only, per PR #120)",CandidateOnly,HOLD: context-confirmation pass,label filter leaves one candidate: CM-1-3-7-1-2; resolution requires context evidence,,Q12
REL-00932,d7310c9acd37c893d7d6926645c715f425eb9dc8,CM-1-3-7-2-2,Issue Quotes & Renewals,Commercial & Marketing,enables,Capture & Validate Order,SoleCandidate,CM-1-3-7-3-1,Capture & Validate Order,"unique exact preferred-label match (candidate filter only, per PR #120)",CandidateOnly,HOLD: context-confirmation pass,label filter leaves one candidate: CM-1-3-7-3-1; resolution requires context evidence,,Q12
REL-00933,d7310c9acd37c893d7d6926645c715f425eb9dc8,CM-1-3-7-2-3,Develop and Monitor Commercial Revenue Plan,Commercial & Marketing,informed-by,Manage Sales Pipeline,SoleCandidate,CM-1-3-6-2-1,Manage Sales Pipeline,"unique exact preferred-label match (candidate filter only, per PR #120)",CandidateOnly,HOLD: context-confirmation pass,label filter leaves one candidate: CM-1-3-6-2-1; resolution requires context evidence,,Q12
REL-00934,d7310c9acd37c893d7d6926645c715f425eb9dc8,CM-1-3-7-2-3,Develop and Monitor Commercial Revenue Plan,Commercial & Marketing,uses-input,Maintain Price & Discount Master Data,SoleCandidate,CM-1-3-7-1-2,Maintain Price & Discount Master Data,"unique exact preferred-label match (candidate filter only, per PR #120)",CandidateOnly,HOLD: context-confirmation pass,label filter leaves one candidate: CM-1-3-7-1-2; resolution requires context evidence,,Q12
REL-00935,d7310c9acd37c893d7d6926645c715f425eb9dc8,CM-1-3-7-2-3,Develop and Monitor Commercial Revenue Plan,Commercial & Marketing,uses-input,Perform Revenue Accounting,SoleCandidate,CM-1-3-8-2-6,Perform Revenue Accounting,"unique exact preferred-label match (candidate filter only, per PR #120)",CandidateOnly,HOLD: context-confirmation pass,label filter leaves one candidate: CM-1-3-8-2-6; resolution requires context evidence,,Q12
REL-00936,d7310c9acd37c893d7d6926645c715f425eb9dc8,CM-1-3-7-2-3,Develop and Monitor Commercial Revenue Plan,Commercial & Marketing,enables,Analyze Customer Profitability,SoleCandidate,CM-1-3-7-2-5,Analyze Customer Profitability,"unique exact preferred-label match (candidate filter only, per PR #120)",CandidateOnly,HOLD — source classification review — Hamid 2026-09-25,Plan not demonstrated as necessary for profitability analysis. Likely informs; dependsOnOutputOf only if business confirms.,enables sample review (32-row),Q12; review batch 2026-09-25
REL-00937,d7310c9acd37c893d7d6926645c715f425eb9dc8,CM-1-3-7-2-4,Define Financing & Payment Methods,Commercial & Marketing,governed-by,Maintain Credit Policies,SoleCandidate,CM-1-3-7-4-1,Maintain Credit Policies,"unique exact preferred-label match (candidate filter only, per PR #120)",CandidateOnly,APPROVED as core:governedBy — Hamid 2026-09-25,Financing/payment-method definition depends on Treasury-approved instruments and Credit-approved exposure/eligibility rules.,governed-by review (16-row),Q12; review batch 2026-09-25
REL-00938,d7310c9acd37c893d7d6926645c715f425eb9dc8,CM-1-3-7-2-4,Define Financing & Payment Methods,Commercial & Marketing,enables,Establish Commercial Terms & Contracts,SoleCandidate,CM-1-3-7-2-1,Establish Commercial Terms & Contracts,"unique exact preferred-label match (candidate filter only, per PR #120)",CandidateOnly,HOLD: context-confirmation pass,label filter leaves one candidate: CM-1-3-7-2-1; resolution requires context evidence,,Q12
REL-00939,d7310c9acd37c893d7d6926645c715f425eb9dc8,CM-1-3-7-2-4,Define Financing & Payment Methods,Commercial & Marketing,enables,Manage Customer Invoicing and Billing,SoleCandidate,CM-1-3-8-1,Manage Customer Invoicing and Billing,"unique exact preferred-label match (candidate filter only, per PR #120)",CandidateOnly,APPROVED as core:enables — Hamid 2026-09-25,Financing/payment methods and commercial rules are governed prerequisites for billing.,enables sample review (32-row),Q12; review batch 2026-09-25
REL-00940,d7310c9acd37c893d7d6926645c715f425eb9dc8,CM-1-3-7-2-5,Analyze Customer Profitability,Commercial & Marketing,uses-input,Develop and Monitor Commercial Revenue Plan (CM-1-3-7-2-3),ResolvedToConcept,CM-1-3-7-2-3,Develop and Monitor Commercial Revenue Plan,stable identifier CM-1-3-7-2-3 carried in mention text,StableIdentifier,emit automatically after subject/target existence checks,target carries its slug; resolves to Develop and Monitor Commercial Revenue Plan,,Q11+Q12
REL-00941,d7310c9acd37c893d7d6926645c715f425eb9dc8,CM-1-3-7-2-5,Analyze Customer Profitability,Commercial & Marketing,uses-input,Assess Cost-to-Serve Performance,SoleCandidate,CM-1-2-6-1-3,Assess Cost-to-Serve Performance,"unique exact preferred-label match (candidate filter only, per PR #120)",CandidateOnly,HOLD: context-confirmation pass,label filter leaves one candidate: CM-1-2-6-1-3; resolution requires context evidence,,Q12
REL-00942,d7310c9acd37c893d7d6926645c715f425eb9dc8,CM-1-3-7-2-5,Analyze Customer Profitability,Commercial & Marketing,enables,Analyze Pricing Performance,SoleCandidate,CM-1-3-3-2-3,Analyze Pricing Performance,"unique exact preferred-label match (candidate filter only, per PR #120)",CandidateOnly,HOLD: context-confirmation pass,label filter leaves one candidate: CM-1-3-3-2-3; resolution requires context evidence,,Q12
REL-00943,d7310c9acd37c893d7d6926645c715f425eb9dc8,CM-1-3-7-2-6,Manage Customer Portal,Commercial & Marketing,uses-input,Maintain Price & Discount Master Data,SoleCandidate,CM-1-3-7-1-2,Maintain Price & Discount Master Data,"unique exact preferred-label match (candidate filter only, per PR #120)",CandidateOnly,HOLD: context-confirmation pass,label filter leaves one candidate: CM-1-3-7-1-2; resolution requires context evidence,,Q12
REL-00944,d7310c9acd37c893d7d6926645c715f425eb9dc8,CM-1-3-7-2-6,Manage Customer Portal,Commercial & Marketing,enables,Capture & Validate Order,SoleCandidate,CM-1-3-7-3-1,Capture & Validate Order,"unique exact preferred-label match (candidate filter only, per PR #120)",CandidateOnly,HOLD: context-confirmation pass,label filter leaves one candidate: CM-1-3-7-3-1; resolution requires context evidence,,Q12
REL-00945,d7310c9acd37c893d7d6926645c715f425eb9dc8,CM-1-3-7-2-6,Manage Customer Portal,Commercial & Marketing,enables,Manage Customer Requests and Inquiries,SoleCandidate,CM-1-3-7-5,Manage Customer Requests and Inquiries,"unique exact preferred-label match (candidate filter only, per PR #120)",CandidateOnly,HOLD: context-confirmation pass,label filter leaves one candidate: CM-1-3-7-5; resolution requires context evidence,,Q12
REL-00946,d7310c9acd37c893d7d6926645c715f425eb9dc8,CM-1-3-7-3-1,Capture & Validate Order,Commercial & Marketing,uses-input,Manage Customer Portal,SoleCandidate,CM-1-3-7-2-6,Manage Customer Portal,"unique exact preferred-label match (candidate filter only, per PR #120)",CandidateOnly,HOLD: context-confirmation pass,label filter leaves one candidate: CM-1-3-7-2-6; resolution requires context evidence,,Q12
REL-00947,d7310c9acd37c893d7d6926645c715f425eb9dc8,CM-1-3-7-3-1,Capture & Validate Order,Commercial & Marketing,uses-input,Maintain Customer and Commercial Account Master Data (CM-1-3-7-1-1),ResolvedToConcept,CM-1-3-7-1-1,Maintain Customer and Commercial Account Master Data,stable identifier CM-1-3-7-1-1 carried in mention text,StableIdentifier,emit automatically after subject/target existence checks,target carries its slug; resolves to Maintain Customer and Commercial Account Master Data,,Q11+Q12
REL-00948,d7310c9acd37c893d7d6926645c715f425eb9dc8,CM-1-3-7-3-1,Capture & Validate Order,Commercial & Marketing,informed-by,Monitor Credit Against Limit,SoleCandidate,CM-1-3-7-4-3,Monitor Credit Against Limit,"unique exact preferred-label match (candidate filter only, per PR #120)",CandidateOnly,HOLD: context-confirmation pass,label filter leaves one candidate: CM-1-3-7-4-3; resolution requires context evidence,,Q12
REL-00949,d7310c9acd37c893d7d6926645c715f425eb9dc8,CM-1-3-7-3-1,Capture & Validate Order,Commercial & Marketing,precedes,Allocate & Release Order,SoleCandidate,CM-1-3-7-3-2,Allocate & Release Order,"unique exact preferred-label match (candidate filter only, per PR #120)",CandidateOnly,HOLD: context-confirmation pass,label filter leaves one candidate: CM-1-3-7-3-2; resolution requires context evidence,,Q12
REL-00950,d7310c9acd37c893d7d6926645c715f425eb9dc8,CM-1-3-7-3-2,Allocate & Release Order,Commercial & Marketing,follows,Capture & Validate Order,SoleCandidate,CM-1-3-7-3-1,Capture & Validate Order,"unique exact preferred-label match (candidate filter only, per PR #120)",CandidateOnly,HOLD: context-confirmation pass,label filter leaves one candidate: CM-1-3-7-3-1; resolution requires context evidence,,Q12
REL-00951,d7310c9acd37c893d7d6926645c715f425eb9dc8,CM-1-3-7-3-2,Allocate & Release Order,Commercial & Marketing,precedes,Manage Fulfillment,SoleCandidate,CM-1-3-7-3-4,Manage Fulfillment,"unique exact preferred-label match (candidate filter only, per PR #120)",CandidateOnly,HOLD: context-confirmation pass,label filter leaves one candidate: CM-1-3-7-3-4; resolution requires context evidence,,Q12
REL-00952,d7310c9acd37c893d7d6926645c715f425eb9dc8,CM-1-3-7-3-2,Allocate & Release Order,Commercial & Marketing,governed-by,Manage Credit & Risk,SoleCandidate,CM-1-3-7-4,Manage Credit & Risk,"unique exact preferred-label match (candidate filter only, per PR #120)",CandidateOnly,HOLD: context-confirmation pass,label filter leaves one candidate: CM-1-3-7-4; resolution requires context evidence,,Q12
REL-00953,d7310c9acd37c893d7d6926645c715f425eb9dc8,CM-1-3-7-3-3,Change or Cancel Order,Commercial & Marketing,follows,Capture & Validate Order,SoleCandidate,CM-1-3-7-3-1,Capture & Validate Order,"unique exact preferred-label match (candidate filter only, per PR #120)",CandidateOnly,HOLD: context-confirmation pass,label filter leaves one candidate: CM-1-3-7-3-1; resolution requires context evidence,,Q12
REL-00954,d7310c9acd37c893d7d6926645c715f425eb9dc8,CM-1-3-7-3-3,Change or Cancel Order,Commercial & Marketing,uses-input,Manage Fulfillment,SoleCandidate,CM-1-3-7-3-4,Manage Fulfillment,"unique exact preferred-label match (candidate filter only, per PR #120)",CandidateOnly,HOLD: context-confirmation pass,label filter leaves one candidate: CM-1-3-7-3-4; resolution requires context evidence,,Q12
REL-00955,d7310c9acd37c893d7d6926645c715f425eb9dc8,CM-1-3-7-3-3,Change or Cancel Order,Commercial & Marketing,enables,Manage Commercial Returns Authorization and Coordination (CM-1-3-7-3-6),ResolvedToConcept,CM-1-3-7-3-6,Manage Commercial Returns Authorization and Coordination,stable identifier CM-1-3-7-3-6 carried in mention text,StableIdentifier,emit automatically after subject/target existence checks,target carries its slug; resolves to Manage Commercial Returns Authorization and Coordination,,Q11+Q12
REL-00956,d7310c9acd37c893d7d6926645c715f425eb9dc8,CM-1-3-7-3-4,Manage Fulfillment,Commercial & Marketing,follows,Allocate & Release Order,SoleCandidate,CM-1-3-7-3-2,Allocate & Release Order,"unique exact preferred-label match (candidate filter only, per PR #120)",CandidateOnly,HOLD: context-confirmation pass,label filter leaves one candidate: CM-1-3-7-3-2; resolution requires context evidence,,Q12
REL-00957,d7310c9acd37c893d7d6926645c715f425eb9dc8,CM-1-3-7-3-4,Manage Fulfillment,Commercial & Marketing,enables,Create and Distribute Bill (CM-1-3-8-1-1),ResolvedToConcept,CM-1-3-8-1-1,Create and Distribute Bill,stable identifier CM-1-3-8-1-1 carried in mention text,StableIdentifier,emit automatically after subject/target existence checks,target carries its slug; resolves to Create and Distribute Bill,,Q11+Q12
REL-00958,d7310c9acd37c893d7d6926645c715f425eb9dc8,CM-1-3-7-3-4,Manage Fulfillment,Commercial & Marketing,enables,Track Order Book and Forecast Order Volumes (CM-1-3-7-3-5),ResolvedToConcept,CM-1-3-7-3-5,Track Order Book and Forecast Order Volumes,stable identifier CM-1-3-7-3-5 carried in mention text,StableIdentifier,emit automatically after subject/target existence checks,target carries its slug; resolves to Track Order Book and Forecast Order Volumes,,Q11+Q12
REL-00959,d7310c9acd37c893d7d6926645c715f425eb9dc8,CM-1-3-7-3-5,Track Order Book and Forecast Order Volumes,Commercial & Marketing,uses-input,Manage Fulfillment,SoleCandidate,CM-1-3-7-3-4,Manage Fulfillment,"unique exact preferred-label match (candidate filter only, per PR #120)",CandidateOnly,HOLD: context-confirmation pass,label filter leaves one candidate: CM-1-3-7-3-4; resolution requires context evidence,,Q12
REL-00960,d7310c9acd37c893d7d6926645c715f425eb9dc8,CM-1-3-7-3-5,Track Order Book and Forecast Order Volumes,Commercial & Marketing,enables,Manage Customer Portal,SoleCandidate,CM-1-3-7-2-6,Manage Customer Portal,"unique exact preferred-label match (candidate filter only, per PR #120)",CandidateOnly,HOLD: context-confirmation pass,label filter leaves one candidate: CM-1-3-7-2-6; resolution requires context evidence,,Q12
REL-00961,d7310c9acd37c893d7d6926645c715f425eb9dc8,CM-1-3-7-3-5,Track Order Book and Forecast Order Volumes,Commercial & Marketing,informed-by,Capture & Validate Order,SoleCandidate,CM-1-3-7-3-1,Capture & Validate Order,"unique exact preferred-label match (candidate filter only, per PR #120)",CandidateOnly,HOLD: context-confirmation pass,label filter leaves one candidate: CM-1-3-7-3-1; resolution requires context evidence,,Q12
REL-00962,d7310c9acd37c893d7d6926645c715f425eb9dc8,CM-1-3-7-3-6,Manage Commercial Returns Authorization and Coordination,Commercial & Marketing,follows,Change or Cancel Order (CM-1-3-7-3-3),ResolvedToConcept,CM-1-3-7-3-3,Change or Cancel Order,stable identifier CM-1-3-7-3-3 carried in mention text,StableIdentifier,emit automatically after subject/target existence checks,target carries its slug; resolves to Change or Cancel Order,,Q11+Q12
REL-00963,d7310c9acd37c893d7d6926645c715f425eb9dc8,CM-1-3-7-3-6,Manage Commercial Returns Authorization and Coordination,Commercial & Marketing,enables,Create Credit Memo,SoleCandidate,CM-1-3-8-1-4,Create Credit Memo,"unique exact preferred-label match (candidate filter only, per PR #120)",CandidateOnly,HOLD: context-confirmation pass,label filter leaves one candidate: CM-1-3-8-1-4; resolution requires context evidence,,Q12
REL-00964,d7310c9acd37c893d7d6926645c715f425eb9dc8,CM-1-3-7-3-6,Manage Commercial Returns Authorization and Coordination,Commercial & Marketing,uses-input,Manage Fulfillment,SoleCandidate,CM-1-3-7-3-4,Manage Fulfillment,"unique exact preferred-label match (candidate filter only, per PR #120)",CandidateOnly,HOLD: context-confirmation pass,label filter leaves one candidate: CM-1-3-7-3-4; resolution requires context evidence,,Q12
REL-00965,d7310c9acd37c893d7d6926645c715f425eb9dc8,CM-1-3-7-4-1,Maintain Credit Policies,Commercial & Marketing,informed-by,Analyze Portfolio Credit Risk,SoleCandidate,CM-1-3-7-4-4,Analyze Portfolio Credit Risk,"unique exact preferred-label match (candidate filter only, per PR #120)",CandidateOnly,HOLD: context-confirmation pass,label filter leaves one candidate: CM-1-3-7-4-4; resolution requires context evidence,,Q12
REL-00966,d7310c9acd37c893d7d6926645c715f425eb9dc8,CM-1-3-7-4-1,Maintain Credit Policies,Commercial & Marketing,enables,Establish Credit Limit & Risk Code,SoleCandidate,CM-1-3-7-4-2,Establish Credit Limit & Risk Code,"unique exact preferred-label match (candidate filter only, per PR #120)",CandidateOnly,HOLD: context-confirmation pass,label filter leaves one candidate: CM-1-3-7-4-2; resolution requires context evidence,,Q12
REL-00967,d7310c9acd37c893d7d6926645c715f425eb9dc8,CM-1-3-7-4-1,Maintain Credit Policies,Commercial & Marketing,uses-input,Maintain Commercial Policy Content and Approved Parameters (CM-1-3-7-1-6),ResolvedToConcept,CM-1-3-7-1-6,Maintain Commercial Policy Content and Approved Parameters,stable identifier CM-1-3-7-1-6 carried in mention text,StableIdentifier,emit automatically after subject/target existence checks,target carries its slug; resolves to Maintain Commercial Policy Content and Approved Parameters,,Q11+Q12
REL-00968,d7310c9acd37c893d7d6926645c715f425eb9dc8,CM-1-3-7-4-2,Establish Credit Limit & Risk Code,Commercial & Marketing,follows,Perform KYC Due Diligence (CM-1-3-7-4-6),ResolvedToConcept,CM-1-3-7-4-6,Perform KYC Due Diligence,stable identifier CM-1-3-7-4-6 carried in mention text,StableIdentifier,emit automatically after subject/target existence checks,target carries its slug; resolves to Perform KYC Due Diligence,,Q11+Q12
REL-00969,d7310c9acd37c893d7d6926645c715f425eb9dc8,CM-1-3-7-4-2,Establish Credit Limit & Risk Code,Commercial & Marketing,governed-by,Maintain Credit Policies,SoleCandidate,CM-1-3-7-4-1,Maintain Credit Policies,"unique exact preferred-label match (candidate filter only, per PR #120)",CandidateOnly,HOLD: context-confirmation pass,label filter leaves one candidate: CM-1-3-7-4-1; resolution requires context evidence,,Q12
REL-00970,d7310c9acd37c893d7d6926645c715f425eb9dc8,CM-1-3-7-4-2,Establish Credit Limit & Risk Code,Commercial & Marketing,enables,Monitor Credit Against Limit,SoleCandidate,CM-1-3-7-4-3,Monitor Credit Against Limit,"unique exact preferred-label match (candidate filter only, per PR #120)",CandidateOnly,HOLD: context-confirmation pass,label filter leaves one candidate: CM-1-3-7-4-3; resolution requires context evidence,,Q12
REL-00971,d7310c9acd37c893d7d6926645c715f425eb9dc8,CM-1-3-7-4-2,Establish Credit Limit & Risk Code,Commercial & Marketing,enables,Set Up Prospect (CM-1-3-6-6-1),ResolvedToConcept,CM-1-3-6-6-1,Set Up Prospect,stable identifier CM-1-3-6-6-1 carried in mention text,StableIdentifier,emit automatically after subject/target existence checks,target carries its slug; resolves to Set Up Prospect,,Q11+Q12
REL-00972,d7310c9acd37c893d7d6926645c715f425eb9dc8,CM-1-3-7-4-3,Monitor Credit Against Limit,Commercial & Marketing,uses-input,Establish Credit Limit & Risk Code,SoleCandidate,CM-1-3-7-4-2,Establish Credit Limit & Risk Code,"unique exact preferred-label match (candidate filter only, per PR #120)",CandidateOnly,HOLD: context-confirmation pass,label filter leaves one candidate: CM-1-3-7-4-2; resolution requires context evidence,,Q12
REL-00973,d7310c9acd37c893d7d6926645c715f425eb9dc8,CM-1-3-7-4-3,Monitor Credit Against Limit,Commercial & Marketing,enables,Capture & Validate Order,SoleCandidate,CM-1-3-7-3-1,Capture & Validate Order,"unique exact preferred-label match (candidate filter only, per PR #120)",CandidateOnly,HOLD: context-confirmation pass,label filter leaves one candidate: CM-1-3-7-3-1; resolution requires context evidence,,Q12
REL-00974,d7310c9acd37c893d7d6926645c715f425eb9dc8,CM-1-3-7-4-3,Monitor Credit Against Limit,Commercial & Marketing,enables,Manage Card Delinquency and Collections Referral (CM-1-3-6-6-6),ResolvedToConcept,CM-1-3-6-6-6,Manage Card Delinquency and Collections Referral,stable identifier CM-1-3-6-6-6 carried in mention text,StableIdentifier,emit automatically after subject/target existence checks,target carries its slug; resolves to Manage Card Delinquency and Collections Referral,,Q11+Q12
REL-00975,d7310c9acd37c893d7d6926645c715f425eb9dc8,CM-1-3-7-4-3,Monitor Credit Against Limit,Commercial & Marketing,informed-by,"Manage Cash Application, A/R & Revenue Accounting",SoleCandidate,CM-1-3-8-2,"Manage Cash Application, A/R & Revenue Accounting","unique exact preferred-label match (candidate filter only, per PR #120)",CandidateOnly,HOLD: context-confirmation pass,label filter leaves one candidate: CM-1-3-8-2; resolution requires context evidence,,Q12
REL-00976,d7310c9acd37c893d7d6926645c715f425eb9dc8,CM-1-3-7-4-4,Analyze Portfolio Credit Risk,Commercial & Marketing,uses-input,Monitor Credit Against Limit,SoleCandidate,CM-1-3-7-4-3,Monitor Credit Against Limit,"unique exact preferred-label match (candidate filter only, per PR #120)",CandidateOnly,HOLD: context-confirmation pass,label filter leaves one candidate: CM-1-3-7-4-3; resolution requires context evidence,,Q12
REL-00977,d7310c9acd37c893d7d6926645c715f425eb9dc8,CM-1-3-7-4-4,Analyze Portfolio Credit Risk,Commercial & Marketing,enables,Maintain Credit Policies,SoleCandidate,CM-1-3-7-4-1,Maintain Credit Policies,"unique exact preferred-label match (candidate filter only, per PR #120)",CandidateOnly,HOLD: context-confirmation pass,label filter leaves one candidate: CM-1-3-7-4-1; resolution requires context evidence,,Q12
REL-00978,d7310c9acd37c893d7d6926645c715f425eb9dc8,CM-1-3-7-4-4,Analyze Portfolio Credit Risk,Commercial & Marketing,enables,Determine Bad Debt Allowance (CM-1-3-8-3-3),ResolvedToConcept,CM-1-3-8-3-3,Determine Bad Debt Allowance,stable identifier CM-1-3-8-3-3 carried in mention text,StableIdentifier,emit automatically after subject/target existence checks,target carries its slug; resolves to Determine Bad Debt Allowance,,Q11+Q12
REL-00979,d7310c9acd37c893d7d6926645c715f425eb9dc8,CM-1-3-7-4-5,Perform Credit-Driven Customer Closure and Reinstatement,Commercial & Marketing,informed-by,Monitor Credit Against Limit,SoleCandidate,CM-1-3-7-4-3,Monitor Credit Against Limit,"unique exact preferred-label match (candidate filter only, per PR #120)",CandidateOnly,HOLD: context-confirmation pass,label filter leaves one candidate: CM-1-3-7-4-3; resolution requires context evidence,,Q12
REL-00980,d7310c9acd37c893d7d6926645c715f425eb9dc8,CM-1-3-7-4-5,Perform Credit-Driven Customer Closure and Reinstatement,Commercial & Marketing,enables,Maintain Customer and Commercial Account Master Data (CM-1-3-7-1-1),ResolvedToConcept,CM-1-3-7-1-1,Maintain Customer and Commercial Account Master Data,stable identifier CM-1-3-7-1-1 carried in mention text,StableIdentifier,emit automatically after subject/target existence checks,target carries its slug; resolves to Maintain Customer and Commercial Account Master Data,,Q11+Q12
REL-00981,d7310c9acd37c893d7d6926645c715f425eb9dc8,CM-1-3-7-4-5,Perform Credit-Driven Customer Closure and Reinstatement,Commercial & Marketing,uses-input,Manage Receivables Collections (CM-1-3-8-3-2),ResolvedToConcept,CM-1-3-8-3-2,Manage Receivables Collections,stable identifier CM-1-3-8-3-2 carried in mention text,StableIdentifier,emit automatically after subject/target existence checks,target carries its slug; resolves to Manage Receivables Collections,,Q11+Q12
REL-00982,d7310c9acd37c893d7d6926645c715f425eb9dc8,CM-1-3-7-4-6,Perform KYC Due Diligence,Commercial & Marketing,enables,Set Up Prospect (CM-1-3-6-6-1),ResolvedToConcept,CM-1-3-6-6-1,Set Up Prospect,stable identifier CM-1-3-6-6-1 carried in mention text,StableIdentifier,emit automatically after subject/target existence checks,target carries its slug; resolves to Set Up Prospect,,Q11+Q12
REL-00983,d7310c9acd37c893d7d6926645c715f425eb9dc8,CM-1-3-7-4-6,Perform KYC Due Diligence,Commercial & Marketing,enables,Establish Credit Limit & Risk Code,SoleCandidate,CM-1-3-7-4-2,Establish Credit Limit & Risk Code,"unique exact preferred-label match (candidate filter only, per PR #120)",CandidateOnly,HOLD: context-confirmation pass,label filter leaves one candidate: CM-1-3-7-4-2; resolution requires context evidence,,Q12
REL-00984,d7310c9acd37c893d7d6926645c715f425eb9dc8,CM-1-3-7-4-6,Perform KYC Due Diligence,Commercial & Marketing,governed-by,Manage Credit & Risk,SoleCandidate,CM-1-3-7-4,Manage Credit & Risk,"unique exact preferred-label match (candidate filter only, per PR #120)",CandidateOnly,HOLD: context-confirmation pass,label filter leaves one candidate: CM-1-3-7-4; resolution requires context evidence,,Q12
REL-00985,d7310c9acd37c893d7d6926645c715f425eb9dc8,CM-1-3-7-5-1,Prioritize Customer Requests and Inquiries,Commercial & Marketing,precedes,Process Inquiries and Requests,SoleCandidate,CM-1-3-7-5-3,Process Inquiries and Requests,"unique exact preferred-label match (candidate filter only, per PR #120)",CandidateOnly,HOLD: context-confirmation pass,label filter leaves one candidate: CM-1-3-7-5-3; resolution requires context evidence,,Q12
REL-00986,d7310c9acd37c893d7d6926645c715f425eb9dc8,CM-1-3-7-5-1,Prioritize Customer Requests and Inquiries,Commercial & Marketing,governed-by,Manage Customer Requests and Inquiries,SoleCandidate,CM-1-3-7-5,Manage Customer Requests and Inquiries,"unique exact preferred-label match (candidate filter only, per PR #120)",CandidateOnly,HOLD: context-confirmation pass,label filter leaves one candidate: CM-1-3-7-5; resolution requires context evidence,,Q12
REL-00987,d7310c9acd37c893d7d6926645c715f425eb9dc8,CM-1-3-7-5-2,Maintain Customer Request and Inquiry Records,Commercial & Marketing,enables,Process Inquiries and Requests,SoleCandidate,CM-1-3-7-5-3,Process Inquiries and Requests,"unique exact preferred-label match (candidate filter only, per PR #120)",CandidateOnly,HOLD: context-confirmation pass,label filter leaves one candidate: CM-1-3-7-5-3; resolution requires context evidence,,Q12
REL-00988,d7310c9acd37c893d7d6926645c715f425eb9dc8,CM-1-3-7-5-2,Maintain Customer Request and Inquiry Records,Commercial & Marketing,enables,Perform Customer Follow-Up (CM-1-3-7-5-4),ResolvedToConcept,CM-1-3-7-5-4,Perform Customer Follow-Up,stable identifier CM-1-3-7-5-4 carried in mention text,StableIdentifier,emit automatically after subject/target existence checks,target carries its slug; resolves to Perform Customer Follow-Up,,Q11+Q12
REL-00989,d7310c9acd37c893d7d6926645c715f425eb9dc8,CM-1-3-7-5-2,Maintain Customer Request and Inquiry Records,Commercial & Marketing,governed-by,Manage Customer Requests and Inquiries,SoleCandidate,CM-1-3-7-5,Manage Customer Requests and Inquiries,"unique exact preferred-label match (candidate filter only, per PR #120)",CandidateOnly,HOLD: context-confirmation pass,label filter leaves one candidate: CM-1-3-7-5; resolution requires context evidence,,Q12
REL-00990,d7310c9acd37c893d7d6926645c715f425eb9dc8,CM-1-3-7-5-3,Process Inquiries and Requests,Commercial & Marketing,follows,Prioritize Customer Requests and Inquiries (CM-1-3-7-5-1),ResolvedToConcept,CM-1-3-7-5-1,Prioritize Customer Requests and Inquiries,stable identifier CM-1-3-7-5-1 carried in mention text,StableIdentifier,emit automatically after subject/target existence checks,target carries its slug; resolves to Prioritize Customer Requests and Inquiries,,Q11+Q12
REL-00991,d7310c9acd37c893d7d6926645c715f425eb9dc8,CM-1-3-7-5-3,Process Inquiries and Requests,Commercial & Marketing,enables,Manage Receivables Disputes (CM-1-3-8-3-1),ResolvedToConcept,CM-1-3-8-3-1,Manage Receivables Disputes,stable identifier CM-1-3-8-3-1 carried in mention text,StableIdentifier,emit automatically after subject/target existence checks,target carries its slug; resolves to Manage Receivables Disputes,,Q11+Q12
REL-00992,d7310c9acd37c893d7d6926645c715f425eb9dc8,CM-1-3-7-5-3,Process Inquiries and Requests,Commercial & Marketing,enables,Perform Customer Follow-Up (CM-1-3-7-5-4),ResolvedToConcept,CM-1-3-7-5-4,Perform Customer Follow-Up,stable identifier CM-1-3-7-5-4 carried in mention text,StableIdentifier,emit automatically after subject/target existence checks,target carries its slug; resolves to Perform Customer Follow-Up,,Q11+Q12
REL-00993,d7310c9acd37c893d7d6926645c715f425eb9dc8,CM-1-3-7-5-4,Perform Customer Follow-Up,Commercial & Marketing,follows,Process Inquiries and Requests,SoleCandidate,CM-1-3-7-5-3,Process Inquiries and Requests,"unique exact preferred-label match (candidate filter only, per PR #120)",CandidateOnly,HOLD: context-confirmation pass,label filter leaves one candidate: CM-1-3-7-5-3; resolution requires context evidence,,Q12
REL-00994,d7310c9acd37c893d7d6926645c715f425eb9dc8,CM-1-3-7-5-4,Perform Customer Follow-Up,Commercial & Marketing,enables,Conduct Customer Service Reviews (CM-1-3-7-5-5),ResolvedToConcept,CM-1-3-7-5-5,Conduct Customer Service Reviews,stable identifier CM-1-3-7-5-5 carried in mention text,StableIdentifier,emit automatically after subject/target existence checks,target carries its slug; resolves to Conduct Customer Service Reviews,,Q11+Q12
REL-00995,d7310c9acd37c893d7d6926645c715f425eb9dc8,CM-1-3-7-5-5,Conduct Customer Service Reviews,Commercial & Marketing,uses-input,Perform Customer Follow-Up (CM-1-3-7-5-4),ResolvedToConcept,CM-1-3-7-5-4,Perform Customer Follow-Up,stable identifier CM-1-3-7-5-4 carried in mention text,StableIdentifier,emit automatically after subject/target existence checks,target carries its slug; resolves to Perform Customer Follow-Up,,Q11+Q12
REL-00996,d7310c9acd37c893d7d6926645c715f425eb9dc8,CM-1-3-7-5-5,Conduct Customer Service Reviews,Commercial & Marketing,enables,Manage Key Accounts,SoleCandidate,CM-1-3-6-2-2,Manage Key Accounts,"unique exact preferred-label match (candidate filter only, per PR #120)",CandidateOnly,HOLD: context-confirmation pass,label filter leaves one candidate: CM-1-3-6-2-2; resolution requires context evidence,,Q12
REL-00997,d7310c9acd37c893d7d6926645c715f425eb9dc8,CM-1-3-7-5-5,Conduct Customer Service Reviews,Commercial & Marketing,governed-by,Manage Customer Requests and Inquiries,SoleCandidate,CM-1-3-7-5,Manage Customer Requests and Inquiries,"unique exact preferred-label match (candidate filter only, per PR #120)",CandidateOnly,HOLD: context-confirmation pass,label filter leaves one candidate: CM-1-3-7-5; resolution requires context evidence,,Q12
REL-00998,d7310c9acd37c893d7d6926645c715f425eb9dc8,CM-1-3-7-5-6,Provide Customer Training,Commercial & Marketing,uses-input,Manage Customer Portal,SoleCandidate,CM-1-3-7-2-6,Manage Customer Portal,"unique exact preferred-label match (candidate filter only, per PR #120)",CandidateOnly,HOLD: context-confirmation pass,label filter leaves one candidate: CM-1-3-7-2-6; resolution requires context evidence,,Q12
REL-00999,d7310c9acd37c893d7d6926645c715f425eb9dc8,CM-1-3-7-5-6,Provide Customer Training,Commercial & Marketing,enables,Process Inquiries and Requests,SoleCandidate,CM-1-3-7-5-3,Process Inquiries and Requests,"unique exact preferred-label match (candidate filter only, per PR #120)",CandidateOnly,HOLD: context-confirmation pass,label filter leaves one candidate: CM-1-3-7-5-3; resolution requires context evidence,,Q12
REL-01000,d7310c9acd37c893d7d6926645c715f425eb9dc8,CM-1-3-7-5-6,Provide Customer Training,Commercial & Marketing,governed-by,Manage Customer Requests and Inquiries,SoleCandidate,CM-1-3-7-5,Manage Customer Requests and Inquiries,"unique exact preferred-label match (candidate filter only, per PR #120)",CandidateOnly,HOLD: context-confirmation pass,label filter leaves one candidate: CM-1-3-7-5; resolution requires context evidence,,Q12
REL-01001,d7310c9acd37c893d7d6926645c715f425eb9dc8,CM-1-3-8-1-1,Create and Distribute Bill,Commercial & Marketing,uses-input,Manage Fulfillment,SoleCandidate,CM-1-3-7-3-4,Manage Fulfillment,"unique exact preferred-label match (candidate filter only, per PR #120)",CandidateOnly,HOLD: context-confirmation pass,label filter leaves one candidate: CM-1-3-7-3-4; resolution requires context evidence,,Q12
REL-01002,d7310c9acd37c893d7d6926645c715f425eb9dc8,CM-1-3-8-1-1,Create and Distribute Bill,Commercial & Marketing,uses-input,Determine Taxability,ResolvedToConcept,CM-1-3-8-1-3,Determine Taxability,source and candidate share parent CM-1-3-8-1 (same decomposition pattern),ContextualInferredSibling,HOLD: targeted human review before emission,sibling-step inference — human review required before emission,,Q12
REL-01003,d7310c9acd37c893d7d6926645c715f425eb9dc8,CM-1-3-8-1-1,Create and Distribute Bill,Commercial & Marketing,enables,Record Customer Receipts and Payment Notifications (CM-1-3-8-2-1),ResolvedToConcept,CM-1-3-8-2-1,Record Customer Receipts and Payment Notifications,stable identifier CM-1-3-8-2-1 carried in mention text,StableIdentifier,emit automatically after subject/target existence checks,target carries its slug; resolves to Record Customer Receipts and Payment Notifications,,Q11+Q12
REL-01004,d7310c9acd37c893d7d6926645c715f425eb9dc8,CM-1-3-8-1-2,Perform Self-Billing Accounting,Commercial & Marketing,uses-input,Manage Fulfillment,SoleCandidate,CM-1-3-7-3-4,Manage Fulfillment,"unique exact preferred-label match (candidate filter only, per PR #120)",CandidateOnly,HOLD: context-confirmation pass,label filter leaves one candidate: CM-1-3-7-3-4; resolution requires context evidence,,Q12
REL-01005,d7310c9acd37c893d7d6926645c715f425eb9dc8,CM-1-3-8-1-2,Perform Self-Billing Accounting,Commercial & Marketing,governed-by,Establish Commercial Terms & Contracts,SoleCandidate,CM-1-3-7-2-1,Establish Commercial Terms & Contracts,"unique exact preferred-label match (candidate filter only, per PR #120)",CandidateOnly,APPROVED as core:governedBy — Hamid 2026-09-25,Self-billing operates only under executed agreements; commercial terms/contracts establish the governing agreement framework.,governed-by review (16-row),Q12; review batch 2026-09-25
REL-01006,d7310c9acd37c893d7d6926645c715f425eb9dc8,CM-1-3-8-1-2,Perform Self-Billing Accounting,Commercial & Marketing,enables,Perform Revenue Accounting,SoleCandidate,CM-1-3-8-2-6,Perform Revenue Accounting,"unique exact preferred-label match (candidate filter only, per PR #120)",CandidateOnly,APPROVED as core:enables — Hamid 2026-09-25,Validated self-billing records feed revenue recognition and cutoff.,enables sample review (32-row),Q12; review batch 2026-09-25
REL-01007,d7310c9acd37c893d7d6926645c715f425eb9dc8,CM-1-3-8-1-3,Determine Taxability,Commercial & Marketing,uses-input,Maintain Tax Master Data,SoleCandidate,CM-1-3-7-1-4,Maintain Tax Master Data,"unique exact preferred-label match (candidate filter only, per PR #120)",CandidateOnly,HOLD: context-confirmation pass,label filter leaves one candidate: CM-1-3-7-1-4; resolution requires context evidence,,Q12
REL-01008,d7310c9acd37c893d7d6926645c715f425eb9dc8,CM-1-3-8-1-3,Determine Taxability,Commercial & Marketing,enables,Create and Distribute Bill (CM-1-3-8-1-1),ResolvedToConcept,CM-1-3-8-1-1,Create and Distribute Bill,stable identifier CM-1-3-8-1-1 carried in mention text,StableIdentifier,emit automatically after subject/target existence checks,target carries its slug; resolves to Create and Distribute Bill,,Q11+Q12
REL-01009,d7310c9acd37c893d7d6926645c715f425eb9dc8,CM-1-3-8-1-3,Determine Taxability,Commercial & Marketing,enables,Reconcile And Report Indirect Tax,SoleCandidate,CM-1-3-8-4-4,Reconcile And Report Indirect Tax,"unique exact preferred-label match (candidate filter only, per PR #120)",CandidateOnly,HOLD: context-confirmation pass,label filter leaves one candidate: CM-1-3-8-4-4; resolution requires context evidence,,Q12
REL-01010,d7310c9acd37c893d7d6926645c715f425eb9dc8,CM-1-3-8-1-4,Create Credit Memo,Commercial & Marketing,uses-input,Settle Rebate,SoleCandidate,CM-1-3-6-4-3,Settle Rebate,"unique exact preferred-label match (candidate filter only, per PR #120)",CandidateOnly,HOLD: context-confirmation pass,label filter leaves one candidate: CM-1-3-6-4-3; resolution requires context evidence,,Q12
REL-01011,d7310c9acd37c893d7d6926645c715f425eb9dc8,CM-1-3-8-1-4,Create Credit Memo,Commercial & Marketing,uses-input,Manage Commercial Returns Authorization and Coordination (CM-1-3-7-3-6),ResolvedToConcept,CM-1-3-7-3-6,Manage Commercial Returns Authorization and Coordination,stable identifier CM-1-3-7-3-6 carried in mention text,StableIdentifier,emit automatically after subject/target existence checks,target carries its slug; resolves to Manage Commercial Returns Authorization and Coordination,,Q11+Q12
REL-01012,d7310c9acd37c893d7d6926645c715f425eb9dc8,CM-1-3-8-1-4,Create Credit Memo,Commercial & Marketing,uses-input,Manage Receivables Disputes (CM-1-3-8-3-1),ResolvedToConcept,CM-1-3-8-3-1,Manage Receivables Disputes,stable identifier CM-1-3-8-3-1 carried in mention text,StableIdentifier,emit automatically after subject/target existence checks,target carries its slug; resolves to Manage Receivables Disputes,,Q11+Q12
REL-01013,d7310c9acd37c893d7d6926645c715f425eb9dc8,CM-1-3-8-1-4,Create Credit Memo,Commercial & Marketing,enables,"Manage Cash Application, A/R & Revenue Accounting",SoleCandidate,CM-1-3-8-2,"Manage Cash Application, A/R & Revenue Accounting","unique exact preferred-label match (candidate filter only, per PR #120)",CandidateOnly,HOLD: context-confirmation pass,label filter leaves one candidate: CM-1-3-8-2; resolution requires context evidence,,Q12
REL-01014,d7310c9acd37c893d7d6926645c715f425eb9dc8,CM-1-3-8-1-5,"Manage Invoice Exceptions, Reversals, and Rebilling",Commercial & Marketing,follows,Create and Distribute Bill (CM-1-3-8-1-1),ResolvedToConcept,CM-1-3-8-1-1,Create and Distribute Bill,stable identifier CM-1-3-8-1-1 carried in mention text,StableIdentifier,emit automatically after subject/target existence checks,target carries its slug; resolves to Create and Distribute Bill,,Q11+Q12
REL-01015,d7310c9acd37c893d7d6926645c715f425eb9dc8,CM-1-3-8-1-5,"Manage Invoice Exceptions, Reversals, and Rebilling",Commercial & Marketing,uses-input,Process Inquiries and Requests,SoleCandidate,CM-1-3-7-5-3,Process Inquiries and Requests,"unique exact preferred-label match (candidate filter only, per PR #120)",CandidateOnly,HOLD: context-confirmation pass,label filter leaves one candidate: CM-1-3-7-5-3; resolution requires context evidence,,Q12
REL-01016,d7310c9acd37c893d7d6926645c715f425eb9dc8,CM-1-3-8-1-5,"Manage Invoice Exceptions, Reversals, and Rebilling",Commercial & Marketing,enables,"Manage Cash Application, A/R & Revenue Accounting",SoleCandidate,CM-1-3-8-2,"Manage Cash Application, A/R & Revenue Accounting","unique exact preferred-label match (candidate filter only, per PR #120)",CandidateOnly,APPROVED as core:enables — Hamid 2026-09-25,Corrected billing documents are necessary for receivables/cash application.,enables sample review (32-row),Q12; review batch 2026-09-25
REL-01017,d7310c9acd37c893d7d6926645c715f425eb9dc8,CM-1-3-8-2-1,Record Customer Receipts and Payment Notifications,Commercial & Marketing,uses-input,Create and Distribute Bill (CM-1-3-8-1-1),ResolvedToConcept,CM-1-3-8-1-1,Create and Distribute Bill,stable identifier CM-1-3-8-1-1 carried in mention text,StableIdentifier,emit automatically after subject/target existence checks,target carries its slug; resolves to Create and Distribute Bill,,Q11+Q12
REL-01018,d7310c9acd37c893d7d6926645c715f425eb9dc8,CM-1-3-8-2-1,Record Customer Receipts and Payment Notifications,Commercial & Marketing,precedes,Apply Receipts,SoleCandidate,CM-1-3-8-2-3,Apply Receipts,"unique exact preferred-label match (candidate filter only, per PR #120)",CandidateOnly,HOLD: context-confirmation pass,label filter leaves one candidate: CM-1-3-8-2-3; resolution requires context evidence,,Q12
REL-01019,d7310c9acd37c893d7d6926645c715f425eb9dc8,CM-1-3-8-2-1,Record Customer Receipts and Payment Notifications,Commercial & Marketing,governed-by,"Manage Cash Application, A/R & Revenue Accounting",SoleCandidate,CM-1-3-8-2,"Manage Cash Application, A/R & Revenue Accounting","unique exact preferred-label match (candidate filter only, per PR #120)",CandidateOnly,HOLD: context-confirmation pass,label filter leaves one candidate: CM-1-3-8-2; resolution requires context evidence,,Q12
REL-01020,d7310c9acd37c893d7d6926645c715f425eb9dc8,CM-1-3-8-2-2,Receive Remittance Advice,Commercial & Marketing,follows,Record Customer Receipts and Payment Notifications (CM-1-3-8-2-1),ResolvedToConcept,CM-1-3-8-2-1,Record Customer Receipts and Payment Notifications,stable identifier CM-1-3-8-2-1 carried in mention text,StableIdentifier,emit automatically after subject/target existence checks,target carries its slug; resolves to Record Customer Receipts and Payment Notifications,,Q11+Q12
REL-01021,d7310c9acd37c893d7d6926645c715f425eb9dc8,CM-1-3-8-2-2,Receive Remittance Advice,Commercial & Marketing,precedes,Apply Receipts,SoleCandidate,CM-1-3-8-2-3,Apply Receipts,"unique exact preferred-label match (candidate filter only, per PR #120)",CandidateOnly,HOLD: context-confirmation pass,label filter leaves one candidate: CM-1-3-8-2-3; resolution requires context evidence,,Q12
REL-01022,d7310c9acd37c893d7d6926645c715f425eb9dc8,CM-1-3-8-2-2,Receive Remittance Advice,Commercial & Marketing,uses-input,Manage Customer Portal,SoleCandidate,CM-1-3-7-2-6,Manage Customer Portal,"unique exact preferred-label match (candidate filter only, per PR #120)",CandidateOnly,HOLD: context-confirmation pass,label filter leaves one candidate: CM-1-3-7-2-6; resolution requires context evidence,,Q12
REL-01023,d7310c9acd37c893d7d6926645c715f425eb9dc8,CM-1-3-8-2-3,Apply Receipts,Commercial & Marketing,follows,Receive Remittance Advice,SoleCandidate,CM-1-3-8-2-2,Receive Remittance Advice,"unique exact preferred-label match (candidate filter only, per PR #120)",CandidateOnly,HOLD: context-confirmation pass,label filter leaves one candidate: CM-1-3-8-2-2; resolution requires context evidence,,Q12
REL-01024,d7310c9acd37c893d7d6926645c715f425eb9dc8,CM-1-3-8-2-3,Apply Receipts,Commercial & Marketing,enables,Manage Unapplied Receipts and Exceptions (CM-1-3-8-2-4),ResolvedToConcept,CM-1-3-8-2-4,Manage Unapplied Receipts and Exceptions,stable identifier CM-1-3-8-2-4 carried in mention text,StableIdentifier,emit automatically after subject/target existence checks,target carries its slug; resolves to Manage Unapplied Receipts and Exceptions,,Q11+Q12
REL-01025,d7310c9acd37c893d7d6926645c715f425eb9dc8,CM-1-3-8-2-3,Apply Receipts,Commercial & Marketing,enables,Manage Receivables Collections (CM-1-3-8-3-2),ResolvedToConcept,CM-1-3-8-3-2,Manage Receivables Collections,stable identifier CM-1-3-8-3-2 carried in mention text,StableIdentifier,emit automatically after subject/target existence checks,target carries its slug; resolves to Manage Receivables Collections,,Q11+Q12
REL-01026,d7310c9acd37c893d7d6926645c715f425eb9dc8,CM-1-3-8-2-4,Manage Unapplied Receipts and Exceptions,Commercial & Marketing,follows,Apply Receipts,SoleCandidate,CM-1-3-8-2-3,Apply Receipts,"unique exact preferred-label match (candidate filter only, per PR #120)",CandidateOnly,HOLD: context-confirmation pass,label filter leaves one candidate: CM-1-3-8-2-3; resolution requires context evidence,,Q12
REL-01027,d7310c9acd37c893d7d6926645c715f425eb9dc8,CM-1-3-8-2-4,Manage Unapplied Receipts and Exceptions,Commercial & Marketing,uses-input,Process Inquiries and Requests,SoleCandidate,CM-1-3-7-5-3,Process Inquiries and Requests,"unique exact preferred-label match (candidate filter only, per PR #120)",CandidateOnly,HOLD: context-confirmation pass,label filter leaves one candidate: CM-1-3-7-5-3; resolution requires context evidence,,Q12
REL-01028,d7310c9acd37c893d7d6926645c715f425eb9dc8,CM-1-3-8-2-4,Manage Unapplied Receipts and Exceptions,Commercial & Marketing,enables,Perform AR Reconciliation and Compliance (CM-1-3-8-4-2),ResolvedToConcept,CM-1-3-8-4-2,Perform AR Reconciliation and Compliance,stable identifier CM-1-3-8-4-2 carried in mention text,StableIdentifier,emit automatically after subject/target existence checks,target carries its slug; resolves to Perform AR Reconciliation and Compliance,,Q11+Q12
REL-01029,d7310c9acd37c893d7d6926645c715f425eb9dc8,CM-1-3-8-2-5,"Perform Cash, Acquirer, and Receivables Reconciliations",Commercial & Marketing,uses-input,Manage Credit Card Transactions,SoleCandidate,CM-1-3-6-6-14,Manage Credit Card Transactions,"unique exact preferred-label match (candidate filter only, per PR #120)",CandidateOnly,HOLD: context-confirmation pass,label filter leaves one candidate: CM-1-3-6-6-14; resolution requires context evidence,,Q12
REL-01030,d7310c9acd37c893d7d6926645c715f425eb9dc8,CM-1-3-8-2-5,"Perform Cash, Acquirer, and Receivables Reconciliations",Commercial & Marketing,uses-input,Apply Receipts,SoleCandidate,CM-1-3-8-2-3,Apply Receipts,"unique exact preferred-label match (candidate filter only, per PR #120)",CandidateOnly,HOLD: context-confirmation pass,label filter leaves one candidate: CM-1-3-8-2-3; resolution requires context evidence,,Q12
REL-01031,d7310c9acd37c893d7d6926645c715f425eb9dc8,CM-1-3-8-2-5,"Perform Cash, Acquirer, and Receivables Reconciliations",Commercial & Marketing,enables,Perform AR Reconciliation and Compliance (CM-1-3-8-4-2),ResolvedToConcept,CM-1-3-8-4-2,Perform AR Reconciliation and Compliance,stable identifier CM-1-3-8-4-2 carried in mention text,StableIdentifier,emit automatically after subject/target existence checks,target carries its slug; resolves to Perform AR Reconciliation and Compliance,,Q11+Q12
REL-01032,d7310c9acd37c893d7d6926645c715f425eb9dc8,CM-1-3-8-2-6,Perform Revenue Accounting,Commercial & Marketing,uses-input,Create and Distribute Bill (CM-1-3-8-1-1),ResolvedToConcept,CM-1-3-8-1-1,Create and Distribute Bill,stable identifier CM-1-3-8-1-1 carried in mention text,StableIdentifier,emit automatically after subject/target existence checks,target carries its slug; resolves to Create and Distribute Bill,,Q11+Q12
REL-01033,d7310c9acd37c893d7d6926645c715f425eb9dc8,CM-1-3-8-2-6,Perform Revenue Accounting,Commercial & Marketing,uses-input,Perform Self-Billing Accounting (CM-1-3-8-1-2),ResolvedToConcept,CM-1-3-8-1-2,Perform Self-Billing Accounting,stable identifier CM-1-3-8-1-2 carried in mention text,StableIdentifier,emit automatically after subject/target existence checks,target carries its slug; resolves to Perform Self-Billing Accounting,,Q11+Q12
REL-01034,d7310c9acd37c893d7d6926645c715f425eb9dc8,CM-1-3-8-2-6,Perform Revenue Accounting,Commercial & Marketing,uses-input,Analyze and Calculate Accruals (CM-1-3-8-4-3),ResolvedToConcept,CM-1-3-8-4-3,Analyze and Calculate Accruals,stable identifier CM-1-3-8-4-3 carried in mention text,StableIdentifier,emit automatically after subject/target existence checks,target carries its slug; resolves to Analyze and Calculate Accruals,,Q11+Q12
REL-01035,d7310c9acd37c893d7d6926645c715f425eb9dc8,CM-1-3-8-2-6,Perform Revenue Accounting,Commercial & Marketing,enables,Perform Period-End Processing (CM-1-3-8-4-1),ResolvedToConcept,CM-1-3-8-4-1,Perform Period-End Processing,stable identifier CM-1-3-8-4-1 carried in mention text,StableIdentifier,emit automatically after subject/target existence checks,target carries its slug; resolves to Perform Period-End Processing,,Q11+Q12
REL-01036,d7310c9acd37c893d7d6926645c715f425eb9dc8,CM-1-3-8-3-1,Manage Receivables Disputes,Commercial & Marketing,uses-input,Process Inquiries and Requests,SoleCandidate,CM-1-3-7-5-3,Process Inquiries and Requests,"unique exact preferred-label match (candidate filter only, per PR #120)",CandidateOnly,HOLD: context-confirmation pass,label filter leaves one candidate: CM-1-3-7-5-3; resolution requires context evidence,,Q12
REL-01037,d7310c9acd37c893d7d6926645c715f425eb9dc8,CM-1-3-8-3-1,Manage Receivables Disputes,Commercial & Marketing,enables,Create Credit Memo,SoleCandidate,CM-1-3-8-1-4,Create Credit Memo,"unique exact preferred-label match (candidate filter only, per PR #120)",CandidateOnly,HOLD: context-confirmation pass,label filter leaves one candidate: CM-1-3-8-1-4; resolution requires context evidence,,Q12
REL-01038,d7310c9acd37c893d7d6926645c715f425eb9dc8,CM-1-3-8-3-1,Manage Receivables Disputes,Commercial & Marketing,enables,Manage Receivables Collections (CM-1-3-8-3-2),ResolvedToConcept,CM-1-3-8-3-2,Manage Receivables Collections,stable identifier CM-1-3-8-3-2 carried in mention text,StableIdentifier,emit automatically after subject/target existence checks,target carries its slug; resolves to Manage Receivables Collections,,Q11+Q12
REL-01039,d7310c9acd37c893d7d6926645c715f425eb9dc8,CM-1-3-8-3-1,Manage Receivables Disputes,Commercial & Marketing,enables,Develop Root-Cause Analyses and Action Plans (CM-1-3-8-3-4),ResolvedToConcept,CM-1-3-8-3-4,Develop Root-Cause Analyses and Action Plans,stable identifier CM-1-3-8-3-4 carried in mention text,StableIdentifier,emit automatically after subject/target existence checks,target carries its slug; resolves to Develop Root-Cause Analyses and Action Plans,,Q11+Q12
REL-01040,d7310c9acd37c893d7d6926645c715f425eb9dc8,CM-1-3-8-3-2,Manage Receivables Collections,Commercial & Marketing,uses-input,Apply Receipts,SoleCandidate,CM-1-3-8-2-3,Apply Receipts,"unique exact preferred-label match (candidate filter only, per PR #120)",CandidateOnly,HOLD: context-confirmation pass,label filter leaves one candidate: CM-1-3-8-2-3; resolution requires context evidence,,Q12
REL-01041,d7310c9acd37c893d7d6926645c715f425eb9dc8,CM-1-3-8-3-2,Manage Receivables Collections,Commercial & Marketing,informed-by,Monitor Credit Against Limit,SoleCandidate,CM-1-3-7-4-3,Monitor Credit Against Limit,"unique exact preferred-label match (candidate filter only, per PR #120)",CandidateOnly,HOLD: context-confirmation pass,label filter leaves one candidate: CM-1-3-7-4-3; resolution requires context evidence,,Q12
REL-01042,d7310c9acd37c893d7d6926645c715f425eb9dc8,CM-1-3-8-3-2,Manage Receivables Collections,Commercial & Marketing,uses-input,Manage Card Delinquency and Collections Referral (CM-1-3-6-6-6),ResolvedToConcept,CM-1-3-6-6-6,Manage Card Delinquency and Collections Referral,stable identifier CM-1-3-6-6-6 carried in mention text,StableIdentifier,emit automatically after subject/target existence checks,target carries its slug; resolves to Manage Card Delinquency and Collections Referral,,Q11+Q12
REL-01043,d7310c9acd37c893d7d6926645c715f425eb9dc8,CM-1-3-8-3-2,Manage Receivables Collections,Commercial & Marketing,enables,Determine Bad Debt Allowance (CM-1-3-8-3-3),ResolvedToConcept,CM-1-3-8-3-3,Determine Bad Debt Allowance,stable identifier CM-1-3-8-3-3 carried in mention text,StableIdentifier,emit automatically after subject/target existence checks,target carries its slug; resolves to Determine Bad Debt Allowance,,Q11+Q12
REL-01044,d7310c9acd37c893d7d6926645c715f425eb9dc8,CM-1-3-8-3-3,Determine Bad Debt Allowance,Commercial & Marketing,uses-input,Analyze Portfolio Credit Risk,SoleCandidate,CM-1-3-7-4-4,Analyze Portfolio Credit Risk,"unique exact preferred-label match (candidate filter only, per PR #120)",CandidateOnly,HOLD: context-confirmation pass,label filter leaves one candidate: CM-1-3-7-4-4; resolution requires context evidence,,Q12
REL-01045,d7310c9acd37c893d7d6926645c715f425eb9dc8,CM-1-3-8-3-3,Determine Bad Debt Allowance,Commercial & Marketing,uses-input,Manage Receivables Collections (CM-1-3-8-3-2),ResolvedToConcept,CM-1-3-8-3-2,Manage Receivables Collections,stable identifier CM-1-3-8-3-2 carried in mention text,StableIdentifier,emit automatically after subject/target existence checks,target carries its slug; resolves to Manage Receivables Collections,,Q11+Q12
REL-01046,d7310c9acd37c893d7d6926645c715f425eb9dc8,CM-1-3-8-3-3,Determine Bad Debt Allowance,Commercial & Marketing,enables,Perform Period-End Processing (CM-1-3-8-4-1),ResolvedToConcept,CM-1-3-8-4-1,Perform Period-End Processing,stable identifier CM-1-3-8-4-1 carried in mention text,StableIdentifier,emit automatically after subject/target existence checks,target carries its slug; resolves to Perform Period-End Processing,,Q11+Q12
REL-01047,d7310c9acd37c893d7d6926645c715f425eb9dc8,CM-1-3-8-3-4,Develop Root-Cause Analyses and Action Plans,Commercial & Marketing,uses-input,Manage Receivables Disputes (CM-1-3-8-3-1),ResolvedToConcept,CM-1-3-8-3-1,Manage Receivables Disputes,stable identifier CM-1-3-8-3-1 carried in mention text,StableIdentifier,emit automatically after subject/target existence checks,target carries its slug; resolves to Manage Receivables Disputes,,Q11+Q12
REL-01048,d7310c9acd37c893d7d6926645c715f425eb9dc8,CM-1-3-8-3-4,Develop Root-Cause Analyses and Action Plans,Commercial & Marketing,uses-input,"Manage Invoice Exceptions, Reversals, and Rebilling (CM-1-3-8-1-5)",ResolvedToConcept,CM-1-3-8-1-5,"Manage Invoice Exceptions, Reversals, and Rebilling",stable identifier CM-1-3-8-1-5 carried in mention text,StableIdentifier,emit automatically after subject/target existence checks,"target carries its slug; resolves to Manage Invoice Exceptions, Reversals, and Rebilling",,Q11+Q12
REL-01049,d7310c9acd37c893d7d6926645c715f425eb9dc8,CM-1-3-8-3-4,Develop Root-Cause Analyses and Action Plans,Commercial & Marketing,enables,Maintain Credit Policies,SoleCandidate,CM-1-3-7-4-1,Maintain Credit Policies,"unique exact preferred-label match (candidate filter only, per PR #120)",CandidateOnly,HOLD: context-confirmation pass,label filter leaves one candidate: CM-1-3-7-4-1; resolution requires context evidence,,Q12
REL-01050,d7310c9acd37c893d7d6926645c715f425eb9dc8,CM-1-3-8-4-1,Perform Period-End Processing,Commercial & Marketing,uses-input,Perform Revenue Accounting,SoleCandidate,CM-1-3-8-2-6,Perform Revenue Accounting,"unique exact preferred-label match (candidate filter only, per PR #120)",CandidateOnly,HOLD: context-confirmation pass,label filter leaves one candidate: CM-1-3-8-2-6; resolution requires context evidence,,Q12
REL-01051,d7310c9acd37c893d7d6926645c715f425eb9dc8,CM-1-3-8-4-1,Perform Period-End Processing,Commercial & Marketing,uses-input,Determine Bad Debt Allowance (CM-1-3-8-3-3),ResolvedToConcept,CM-1-3-8-3-3,Determine Bad Debt Allowance,stable identifier CM-1-3-8-3-3 carried in mention text,StableIdentifier,emit automatically after subject/target existence checks,target carries its slug; resolves to Determine Bad Debt Allowance,,Q11+Q12
REL-01052,d7310c9acd37c893d7d6926645c715f425eb9dc8,CM-1-3-8-4-1,Perform Period-End Processing,Commercial & Marketing,uses-input,Analyze and Calculate Accruals (CM-1-3-8-4-3),ResolvedToConcept,CM-1-3-8-4-3,Analyze and Calculate Accruals,stable identifier CM-1-3-8-4-3 carried in mention text,StableIdentifier,emit automatically after subject/target existence checks,target carries its slug; resolves to Analyze and Calculate Accruals,,Q11+Q12
REL-01053,d7310c9acd37c893d7d6926645c715f425eb9dc8,CM-1-3-8-4-1,Perform Period-End Processing,Commercial & Marketing,enables,Perform AR Reconciliation and Compliance (CM-1-3-8-4-2),ResolvedToConcept,CM-1-3-8-4-2,Perform AR Reconciliation and Compliance,stable identifier CM-1-3-8-4-2 carried in mention text,StableIdentifier,emit automatically after subject/target existence checks,target carries its slug; resolves to Perform AR Reconciliation and Compliance,,Q11+Q12
REL-01054,d7310c9acd37c893d7d6926645c715f425eb9dc8,CM-1-3-8-4-2,Perform AR Reconciliation and Compliance,Commercial & Marketing,uses-input,"Perform Cash, Acquirer, and Receivables Reconciliations (CM-1-3-8-2-5)",ResolvedToConcept,CM-1-3-8-2-5,"Perform Cash, Acquirer, and Receivables Reconciliations",stable identifier CM-1-3-8-2-5 carried in mention text,StableIdentifier,emit automatically after subject/target existence checks,"target carries its slug; resolves to Perform Cash, Acquirer, and Receivables Reconciliations",,Q11+Q12
REL-01055,d7310c9acd37c893d7d6926645c715f425eb9dc8,CM-1-3-8-4-2,Perform AR Reconciliation and Compliance,Commercial & Marketing,uses-input,Manage Unapplied Receipts and Exceptions (CM-1-3-8-2-4),ResolvedToConcept,CM-1-3-8-2-4,Manage Unapplied Receipts and Exceptions,stable identifier CM-1-3-8-2-4 carried in mention text,StableIdentifier,emit automatically after subject/target existence checks,target carries its slug; resolves to Manage Unapplied Receipts and Exceptions,,Q11+Q12
REL-01056,d7310c9acd37c893d7d6926645c715f425eb9dc8,CM-1-3-8-4-2,Perform AR Reconciliation and Compliance,Commercial & Marketing,enables,Perform Period-End Processing (CM-1-3-8-4-1),ResolvedToConcept,CM-1-3-8-4-1,Perform Period-End Processing,stable identifier CM-1-3-8-4-1 carried in mention text,StableIdentifier,emit automatically after subject/target existence checks,target carries its slug; resolves to Perform Period-End Processing,,Q11+Q12
REL-01057,d7310c9acd37c893d7d6926645c715f425eb9dc8,CM-1-3-8-4-3,Analyze and Calculate Accruals,Commercial & Marketing,uses-input,Settle Rebate,SoleCandidate,CM-1-3-6-4-3,Settle Rebate,"unique exact preferred-label match (candidate filter only, per PR #120)",CandidateOnly,HOLD: context-confirmation pass,label filter leaves one candidate: CM-1-3-6-4-3; resolution requires context evidence,,Q12
REL-01058,d7310c9acd37c893d7d6926645c715f425eb9dc8,CM-1-3-8-4-3,Analyze and Calculate Accruals,Commercial & Marketing,uses-input,Manage Brand Loyalty Programs,SoleCandidate,CM-1-3-6-6-15,Manage Brand Loyalty Programs,"unique exact preferred-label match (candidate filter only, per PR #120)",CandidateOnly,HOLD: context-confirmation pass,label filter leaves one candidate: CM-1-3-6-6-15; resolution requires context evidence,,Q12
REL-01059,d7310c9acd37c893d7d6926645c715f425eb9dc8,CM-1-3-8-4-3,Analyze and Calculate Accruals,Commercial & Marketing,enables,Perform Revenue Accounting,SoleCandidate,CM-1-3-8-2-6,Perform Revenue Accounting,"unique exact preferred-label match (candidate filter only, per PR #120)",CandidateOnly,HOLD: context-confirmation pass,label filter leaves one candidate: CM-1-3-8-2-6; resolution requires context evidence,,Q12
REL-01060,d7310c9acd37c893d7d6926645c715f425eb9dc8,CM-1-3-8-4-3,Analyze and Calculate Accruals,Commercial & Marketing,enables,Perform Period-End Processing (CM-1-3-8-4-1),ResolvedToConcept,CM-1-3-8-4-1,Perform Period-End Processing,stable identifier CM-1-3-8-4-1 carried in mention text,StableIdentifier,emit automatically after subject/target existence checks,target carries its slug; resolves to Perform Period-End Processing,,Q11+Q12
REL-01061,d7310c9acd37c893d7d6926645c715f425eb9dc8,CM-1-3-8-4-4,Reconcile And Report Indirect Tax,Commercial & Marketing,uses-input,Determine Taxability,ResolvedToConcept,CM-1-3-8-4-5,Determine Taxability,source and candidate share parent CM-1-3-8-4 (same decomposition pattern),ContextualInferredSibling,HOLD: targeted human review before emission,sibling-step inference — human review required before emission,,Q12
REL-01062,d7310c9acd37c893d7d6926645c715f425eb9dc8,CM-1-3-8-4-4,Reconcile And Report Indirect Tax,Commercial & Marketing,uses-input,Maintain Tax Master Data,SoleCandidate,CM-1-3-7-1-4,Maintain Tax Master Data,"unique exact preferred-label match (candidate filter only, per PR #120)",CandidateOnly,HOLD: context-confirmation pass,label filter leaves one candidate: CM-1-3-7-1-4; resolution requires context evidence,,Q12
REL-01063,d7310c9acd37c893d7d6926645c715f425eb9dc8,CM-1-3-8-4-4,Reconcile And Report Indirect Tax,Commercial & Marketing,enables,Perform Period-End Processing (CM-1-3-8-4-1),ResolvedToConcept,CM-1-3-8-4-1,Perform Period-End Processing,stable identifier CM-1-3-8-4-1 carried in mention text,StableIdentifier,emit automatically after subject/target existence checks,target carries its slug; resolves to Perform Period-End Processing,,Q11+Q12
REL-01064,d7310c9acd37c893d7d6926645c715f425eb9dc8,CM-1-3-8-4-5,Determine Taxability,Commercial & Marketing,enables,Maintain Tax Master Data,SoleCandidate,CM-1-3-7-1-4,Maintain Tax Master Data,"unique exact preferred-label match (candidate filter only, per PR #120)",CandidateOnly,HOLD: context-confirmation pass,label filter leaves one candidate: CM-1-3-7-1-4; resolution requires context evidence,,Q12
REL-01065,d7310c9acd37c893d7d6926645c715f425eb9dc8,CM-1-3-8-4-5,Determine Taxability,Commercial & Marketing,uses-input,Reconcile And Report Indirect Tax,SoleCandidate,CM-1-3-8-4-4,Reconcile And Report Indirect Tax,"unique exact preferred-label match (candidate filter only, per PR #120)",CandidateOnly,HOLD: context-confirmation pass,label filter leaves one candidate: CM-1-3-8-4-4; resolution requires context evidence,,Q12
REL-01066,d7310c9acd37c893d7d6926645c715f425eb9dc8,CM-1-3-8-4-5,Determine Taxability,Commercial & Marketing,governed-by,"Manage Accounting, Regulatory Reporting and Compliance",SoleCandidate,CM-1-3-8-4,"Manage Accounting, Regulatory Reporting and Compliance","unique exact preferred-label match (candidate filter only, per PR #120)",CandidateOnly,HOLD: context-confirmation pass,label filter leaves one candidate: CM-1-3-8-4; resolution requires context evidence,,Q12
REL-01067,d7310c9acd37c893d7d6926645c715f425eb9dc8,CM-1-3-8-4-6,Manage Intercompany Invoicing,Commercial & Marketing,governed-by,"Manage Accounting, Regulatory Reporting and Compliance",SoleCandidate,CM-1-3-8-4,"Manage Accounting, Regulatory Reporting and Compliance","unique exact preferred-label match (candidate filter only, per PR #120)",CandidateOnly,HOLD: context-confirmation pass,label filter leaves one candidate: CM-1-3-8-4; resolution requires context evidence,,Q12
REL-01068,d7310c9acd37c893d7d6926645c715f425eb9dc8,CM-1-3-8-4-6,Manage Intercompany Invoicing,Commercial & Marketing,enables,Perform Period-End Processing (CM-1-3-8-4-1),ResolvedToConcept,CM-1-3-8-4-1,Perform Period-End Processing,stable identifier CM-1-3-8-4-1 carried in mention text,StableIdentifier,emit automatically after subject/target existence checks,target carries its slug; resolves to Perform Period-End Processing,,Q11+Q12
REL-01069,d7310c9acd37c893d7d6926645c715f425eb9dc8,CM-1-3-8-4-6,Manage Intercompany Invoicing,Commercial & Marketing,uses-input,Manage Fulfillment,SoleCandidate,CM-1-3-7-3-4,Manage Fulfillment,"unique exact preferred-label match (candidate filter only, per PR #120)",CandidateOnly,HOLD: context-confirmation pass,label filter leaves one candidate: CM-1-3-7-3-4; resolution requires context evidence,,Q12
REL-01070,d7310c9acd37c893d7d6926645c715f425eb9dc8,CM-1-3-8-4-7,"Administer Royalty, Brand Fee, and Contribution Streams",Commercial & Marketing,uses-input,Conduct Commercial Audit to Validate Reported Sales (CM-1-3-6-8-1),ResolvedToConcept,CM-1-3-6-8-1,Conduct Commercial Audit to Validate Reported Sales,stable identifier CM-1-3-6-8-1 carried in mention text,StableIdentifier,emit automatically after subject/target existence checks,target carries its slug; resolves to Conduct Commercial Audit to Validate Reported Sales,,Q11+Q12
REL-01071,d7310c9acd37c893d7d6926645c715f425eb9dc8,CM-1-3-8-4-7,"Administer Royalty, Brand Fee, and Contribution Streams",Commercial & Marketing,uses-input,Report Franchise Performance,SoleCandidate,CM-1-3-6-1-3,Report Franchise Performance,"unique exact preferred-label match (candidate filter only, per PR #120)",CandidateOnly,HOLD: context-confirmation pass,label filter leaves one candidate: CM-1-3-6-1-3; resolution requires context evidence,,Q12
REL-01072,d7310c9acd37c893d7d6926645c715f425eb9dc8,CM-1-3-8-4-7,"Administer Royalty, Brand Fee, and Contribution Streams",Commercial & Marketing,enables,Create and Distribute Bill (CM-1-3-8-1-1),ResolvedToConcept,CM-1-3-8-1-1,Create and Distribute Bill,stable identifier CM-1-3-8-1-1 carried in mention text,StableIdentifier,emit automatically after subject/target existence checks,target carries its slug; resolves to Create and Distribute Bill,,Q11+Q12
REL-01073,d7310c9acd37c893d7d6926645c715f425eb9dc8,CM-1-3-8-4-7,"Administer Royalty, Brand Fee, and Contribution Streams",Commercial & Marketing,enables,Perform Period-End Processing (CM-1-3-8-4-1),ResolvedToConcept,CM-1-3-8-4-1,Perform Period-End Processing,stable identifier CM-1-3-8-4-1 carried in mention text,StableIdentifier,emit automatically after subject/target existence checks,target carries its slug; resolves to Perform Period-End Processing,,Q11+Q12
REL-01074,d7310c9acd37c893d7d6926645c715f425eb9dc8,CM-1-3-9-1-1,Define Operating Model,Commercial & Marketing,enables,Manage Service Operations (CM-1-3-9-1-2),ResolvedToConcept,CM-1-3-9-1-2,Manage Service Operations,stable identifier CM-1-3-9-1-2 carried in mention text,StableIdentifier,emit automatically after subject/target existence checks,target carries its slug; resolves to Manage Service Operations,,Q11+Q12
REL-01075,d7310c9acd37c893d7d6926645c715f425eb9dc8,CM-1-3-9-1-1,Define Operating Model,Commercial & Marketing,governed-by,Service & Support Enablement,SoleCandidate,CM-1-3-9-1,Service & Support Enablement,"unique exact preferred-label match (candidate filter only, per PR #120)",CandidateOnly,HOLD: context-confirmation pass,label filter leaves one candidate: CM-1-3-9-1; resolution requires context evidence,,Q12
REL-01076,d7310c9acd37c893d7d6926645c715f425eb9dc8,CM-1-3-9-1-2,Manage Service Operations,Commercial & Marketing,uses-input,Define Operating Model,SoleCandidate,CM-1-3-9-1-1,Define Operating Model,"unique exact preferred-label match (candidate filter only, per PR #120)",CandidateOnly,HOLD: context-confirmation pass,label filter leaves one candidate: CM-1-3-9-1-1; resolution requires context evidence,,Q12
REL-01077,d7310c9acd37c893d7d6926645c715f425eb9dc8,CM-1-3-9-1-2,Manage Service Operations,Commercial & Marketing,uses-input,Manage Customer Requests and Inquiries,SoleCandidate,CM-1-3-7-5,Manage Customer Requests and Inquiries,"unique exact preferred-label match (candidate filter only, per PR #120)",CandidateOnly,HOLD: context-confirmation pass,label filter leaves one candidate: CM-1-3-7-5; resolution requires context evidence,,Q12
REL-01078,d7310c9acd37c893d7d6926645c715f425eb9dc8,CM-1-3-9-1-2,Manage Service Operations,Commercial & Marketing,enables,Fulfill Service Events (CM-1-3-9-2-3),ResolvedToConcept,CM-1-3-9-2-3,Fulfill Service Events,stable identifier CM-1-3-9-2-3 carried in mention text,StableIdentifier,emit automatically after subject/target existence checks,target carries its slug; resolves to Fulfill Service Events,,Q11+Q12
REL-01079,d7310c9acd37c893d7d6926645c715f425eb9dc8,CM-1-3-9-1-3,Manage Service Employees,Commercial & Marketing,uses-input,Manage Service Operations (CM-1-3-9-1-2),ResolvedToConcept,CM-1-3-9-1-2,Manage Service Operations,stable identifier CM-1-3-9-1-2 carried in mention text,StableIdentifier,emit automatically after subject/target existence checks,target carries its slug; resolves to Manage Service Operations,,Q11+Q12
REL-01080,d7310c9acd37c893d7d6926645c715f425eb9dc8,CM-1-3-9-1-3,Manage Service Employees,Commercial & Marketing,governed-by,Service & Support Enablement,SoleCandidate,CM-1-3-9-1,Service & Support Enablement,"unique exact preferred-label match (candidate filter only, per PR #120)",CandidateOnly,HOLD: context-confirmation pass,label filter leaves one candidate: CM-1-3-9-1; resolution requires context evidence,,Q12
REL-01081,d7310c9acd37c893d7d6926645c715f425eb9dc8,CM-1-3-9-1-4,Manage Facilities,Commercial & Marketing,governed-by,Service & Support Enablement,SoleCandidate,CM-1-3-9-1,Service & Support Enablement,"unique exact preferred-label match (candidate filter only, per PR #120)",CandidateOnly,HOLD: context-confirmation pass,label filter leaves one candidate: CM-1-3-9-1; resolution requires context evidence,,Q12
REL-01082,d7310c9acd37c893d7d6926645c715f425eb9dc8,CM-1-3-9-1-4,Manage Facilities,Commercial & Marketing,enables,Manage Service Operations (CM-1-3-9-1-2),ResolvedToConcept,CM-1-3-9-1-2,Manage Service Operations,stable identifier CM-1-3-9-1-2 carried in mention text,StableIdentifier,emit automatically after subject/target existence checks,target carries its slug; resolves to Manage Service Operations,,Q11+Q12
REL-01083,d7310c9acd37c893d7d6926645c715f425eb9dc8,CM-1-3-9-1-5,Manage Technology,Commercial & Marketing,uses-input,Define Operating Model,SoleCandidate,CM-1-3-9-1-1,Define Operating Model,"unique exact preferred-label match (candidate filter only, per PR #120)",CandidateOnly,HOLD: context-confirmation pass,label filter leaves one candidate: CM-1-3-9-1-1; resolution requires context evidence,,Q12
REL-01084,d7310c9acd37c893d7d6926645c715f425eb9dc8,CM-1-3-9-1-5,Manage Technology,Commercial & Marketing,governed-by,Service & Support Enablement,SoleCandidate,CM-1-3-9-1,Service & Support Enablement,"unique exact preferred-label match (candidate filter only, per PR #120)",CandidateOnly,HOLD: context-confirmation pass,label filter leaves one candidate: CM-1-3-9-1; resolution requires context evidence,,Q12
REL-01085,d7310c9acd37c893d7d6926645c715f425eb9dc8,CM-1-3-9-1-6,Manage Contact Center,Commercial & Marketing,enables,Process Inquiries and Requests,SoleCandidate,CM-1-3-7-5-3,Process Inquiries and Requests,"unique exact preferred-label match (candidate filter only, per PR #120)",CandidateOnly,HOLD: context-confirmation pass,label filter leaves one candidate: CM-1-3-7-5-3; resolution requires context evidence,,Q12
REL-01086,d7310c9acd37c893d7d6926645c715f425eb9dc8,CM-1-3-9-1-6,Manage Contact Center,Commercial & Marketing,uses-input,Manage Service Operations (CM-1-3-9-1-2),ResolvedToConcept,CM-1-3-9-1-2,Manage Service Operations,stable identifier CM-1-3-9-1-2 carried in mention text,StableIdentifier,emit automatically after subject/target existence checks,target carries its slug; resolves to Manage Service Operations,,Q11+Q12
REL-01087,d7310c9acd37c893d7d6926645c715f425eb9dc8,CM-1-3-9-2-1,Manage Service Delivery Data,Commercial & Marketing,enables,Fulfill Service Events (CM-1-3-9-2-3),ResolvedToConcept,CM-1-3-9-2-3,Fulfill Service Events,stable identifier CM-1-3-9-2-3 carried in mention text,StableIdentifier,emit automatically after subject/target existence checks,target carries its slug; resolves to Fulfill Service Events,,Q11+Q12
REL-01088,d7310c9acd37c893d7d6926645c715f425eb9dc8,CM-1-3-9-2-1,Manage Service Delivery Data,Commercial & Marketing,uses-input,Maintain Customer and Commercial Account Master Data (CM-1-3-7-1-1),ResolvedToConcept,CM-1-3-7-1-1,Maintain Customer and Commercial Account Master Data,stable identifier CM-1-3-7-1-1 carried in mention text,StableIdentifier,emit automatically after subject/target existence checks,target carries its slug; resolves to Maintain Customer and Commercial Account Master Data,,Q11+Q12
REL-01089,d7310c9acd37c893d7d6926645c715f425eb9dc8,CM-1-3-9-2-2,Manage Customer Interactions in Service Delivery,Commercial & Marketing,follows,Process Inquiries and Requests,SoleCandidate,CM-1-3-7-5-3,Process Inquiries and Requests,"unique exact preferred-label match (candidate filter only, per PR #120)",CandidateOnly,HOLD: context-confirmation pass,label filter leaves one candidate: CM-1-3-7-5-3; resolution requires context evidence,,Q12
REL-01090,d7310c9acd37c893d7d6926645c715f425eb9dc8,CM-1-3-9-2-2,Manage Customer Interactions in Service Delivery,Commercial & Marketing,enables,Fulfill Service Events (CM-1-3-9-2-3),ResolvedToConcept,CM-1-3-9-2-3,Fulfill Service Events,stable identifier CM-1-3-9-2-3 carried in mention text,StableIdentifier,emit automatically after subject/target existence checks,target carries its slug; resolves to Fulfill Service Events,,Q11+Q12
REL-01091,d7310c9acd37c893d7d6926645c715f425eb9dc8,CM-1-3-9-2-3,Fulfill Service Events,Commercial & Marketing,follows,Manage Customer Interactions in Service Delivery (CM-1-3-9-2-2),ResolvedToConcept,CM-1-3-9-2-2,Manage Customer Interactions in Service Delivery,stable identifier CM-1-3-9-2-2 carried in mention text,StableIdentifier,emit automatically after subject/target existence checks,target carries its slug; resolves to Manage Customer Interactions in Service Delivery,,Q11+Q12
REL-01092,d7310c9acd37c893d7d6926645c715f425eb9dc8,CM-1-3-9-2-3,Fulfill Service Events,Commercial & Marketing,enables,Create and Distribute Bill (CM-1-3-8-1-1),ResolvedToConcept,CM-1-3-8-1-1,Create and Distribute Bill,stable identifier CM-1-3-8-1-1 carried in mention text,StableIdentifier,emit automatically after subject/target existence checks,target carries its slug; resolves to Create and Distribute Bill,,Q11+Q12
REL-01093,d7310c9acd37c893d7d6926645c715f425eb9dc8,CM-1-3-9-2-3,Fulfill Service Events,Commercial & Marketing,enables,Process Inquiries and Requests,SoleCandidate,CM-1-3-7-5-3,Process Inquiries and Requests,"unique exact preferred-label match (candidate filter only, per PR #120)",CandidateOnly,HOLD: context-confirmation pass,label filter leaves one candidate: CM-1-3-7-5-3; resolution requires context evidence,,Q12
REL-01094,d7310c9acd37c893d7d6926645c715f425eb9dc8,CM-1-3-9-3-1,Measure Service Infrastructure,Commercial & Marketing,enables,Manage Technology,SoleCandidate,CM-1-3-9-1-5,Manage Technology,"unique exact preferred-label match (candidate filter only, per PR #120)",CandidateOnly,HOLD — source correction — Hamid 2026-09-25,Not enablement: evidence informs the roadmap. Correct to informs.,enables sample review (32-row),Q12; review batch 2026-09-25
REL-01095,d7310c9acd37c893d7d6926645c715f425eb9dc8,CM-1-3-9-3-1,Measure Service Infrastructure,Commercial & Marketing,enables,Manage Contact Center,SoleCandidate,CM-1-3-9-1-6,Manage Contact Center,"unique exact preferred-label match (candidate filter only, per PR #120)",CandidateOnly,HOLD: context-confirmation pass,label filter leaves one candidate: CM-1-3-9-1-6; resolution requires context evidence,,Q12
REL-01096,d7310c9acd37c893d7d6926645c715f425eb9dc8,CM-1-3-9-3-2,Measure Service Workforce Performance,Commercial & Marketing,enables,Manage Service Employees,SoleCandidate,CM-1-3-9-1-3,Manage Service Employees,"unique exact preferred-label match (candidate filter only, per PR #120)",CandidateOnly,HOLD: context-confirmation pass,label filter leaves one candidate: CM-1-3-9-1-3; resolution requires context evidence,,Q12
REL-01097,d7310c9acd37c893d7d6926645c715f425eb9dc8,CM-1-3-9-3-2,Measure Service Workforce Performance,Commercial & Marketing,uses-input,Manage Service Operations (CM-1-3-9-1-2),ResolvedToConcept,CM-1-3-9-1-2,Manage Service Operations,stable identifier CM-1-3-9-1-2 carried in mention text,StableIdentifier,emit automatically after subject/target existence checks,target carries its slug; resolves to Manage Service Operations,,Q11+Q12
REL-01098,d7310c9acd37c893d7d6926645c715f425eb9dc8,CM-1-3-9-3-3,Measure Service Effectiveness,Commercial & Marketing,uses-input,Perform Customer Follow-Up (CM-1-3-7-5-4),ResolvedToConcept,CM-1-3-7-5-4,Perform Customer Follow-Up,stable identifier CM-1-3-7-5-4 carried in mention text,StableIdentifier,emit automatically after subject/target existence checks,target carries its slug; resolves to Perform Customer Follow-Up,,Q11+Q12
REL-01099,d7310c9acd37c893d7d6926645c715f425eb9dc8,CM-1-3-9-3-3,Measure Service Effectiveness,Commercial & Marketing,enables,Define Operating Model,SoleCandidate,CM-1-3-9-1-1,Define Operating Model,"unique exact preferred-label match (candidate filter only, per PR #120)",CandidateOnly,HOLD: context-confirmation pass,label filter leaves one candidate: CM-1-3-9-1-1; resolution requires context evidence,,Q12
REL-01100,d7310c9acd37c893d7d6926645c715f425eb9dc8,CM-1-3-6-8,Commercial Agreement Compliance Management,Commercial & Marketing,enables,"Administer Royalty, Brand Fee, and Contribution Streams (CM-1-3-8-4-7)",ResolvedToConcept,CM-1-3-8-4-7,"Administer Royalty, Brand Fee, and Contribution Streams",stable identifier CM-1-3-8-4-7 carried in mention text,StableIdentifier,emit automatically after subject/target existence checks,"target carries its slug; resolves to Administer Royalty, Brand Fee, and Contribution Streams",,Q11+Q12
REL-01101,d7310c9acd37c893d7d6926645c715f425eb9dc8,CM-1-3-6-8,Commercial Agreement Compliance Management,Commercial & Marketing,informed-by,Report Franchise Performance,SoleCandidate,CM-1-3-6-1-3,Report Franchise Performance,"unique exact preferred-label match (candidate filter only, per PR #120)",CandidateOnly,HOLD: context-confirmation pass,label filter leaves one candidate: CM-1-3-6-1-3; resolution requires context evidence,,Q12
REL-01102,d7310c9acd37c893d7d6926645c715f425eb9dc8,CM-1-3-6-8,Commercial Agreement Compliance Management,Commercial & Marketing,enables,Plan Budgets,SoleCandidate,CM-1-1-4-6-2,Plan Budgets,"unique exact preferred-label match (candidate filter only, per PR #120)",CandidateOnly,HOLD: context-confirmation pass,label filter leaves one candidate: CM-1-1-4-6-2; resolution requires context evidence,,Q12
REL-01103,d7310c9acd37c893d7d6926645c715f425eb9dc8,CM-1-3-6-8,Commercial Agreement Compliance Management,Commercial & Marketing,enables,Coordinate Site Business Risk Management,SoleCandidate,CM-1-1-4-6-3,Coordinate Site Business Risk Management,"unique exact preferred-label match (candidate filter only, per PR #120)",CandidateOnly,HOLD: context-confirmation pass,label filter leaves one candidate: CM-1-1-4-6-3; resolution requires context evidence,,Q12
REL-01104,d7310c9acd37c893d7d6926645c715f425eb9dc8,CM-1-2-5-4,Crude/Feed Supply Management,Commercial & Marketing,enables,Develop Feedstock Demand,SoleCandidate,CM-1-2-5-2-2,Develop Feedstock Demand,"unique exact preferred-label match (candidate filter only, per PR #120)",CandidateOnly,HOLD: context-confirmation pass,label filter leaves one candidate: CM-1-2-5-2-2; resolution requires context evidence,,Q12
REL-01105,d7310c9acd37c893d7d6926645c715f425eb9dc8,CM-1-2-5-4,Crude/Feed Supply Management,Commercial & Marketing,informed-by,Crude/Feed Transportation Management,SoleCandidate,CM-1-2-5-3,Crude/Feed Transportation Management,"unique exact preferred-label match (candidate filter only, per PR #120)",CandidateOnly,HOLD: context-confirmation pass,label filter leaves one candidate: CM-1-2-5-3; resolution requires context evidence,,Q12
REL-01106,d7310c9acd37c893d7d6926645c715f425eb9dc8,CM-1-2-5-4,Crude/Feed Supply Management,Commercial & Marketing,assures,Crude/Feed Demand Management,SoleCandidate,CM-1-2-5-2,Crude/Feed Demand Management,"unique exact preferred-label match (candidate filter only, per PR #120)",CandidateOnly,HOLD: context-confirmation pass,label filter leaves one candidate: CM-1-2-5-2; resolution requires context evidence,,Q12
REL-01107,d7310c9acd37c893d7d6926645c715f425eb9dc8,CM-1-3-2-4,Sales & Distribution Channel Strategy,Commercial & Marketing,informed-by,Marketing Insight and Metrics Stewardship (CM-1-3-1-6),ResolvedToConcept,CM-1-3-1-6,Marketing Insight and Metrics Stewardship,stable identifier CM-1-3-1-6 carried in mention text,StableIdentifier,emit automatically after subject/target existence checks,target carries its slug; resolves to Marketing Insight and Metrics Stewardship,,Q11+Q12
REL-01108,d7310c9acd37c893d7d6926645c715f425eb9dc8,CM-1-3-2-4,Sales & Distribution Channel Strategy,Commercial & Marketing,enables,Sales & Distribution Channel Design,SoleCandidate,CM-1-3-3-3,Sales & Distribution Channel Design,"unique exact preferred-label match (candidate filter only, per PR #120)",CandidateOnly,HOLD: context-confirmation pass,label filter leaves one candidate: CM-1-3-3-3; resolution requires context evidence,,Q12
REL-01109,d7310c9acd37c893d7d6926645c715f425eb9dc8,CM-1-3-2-4,Sales & Distribution Channel Strategy,Commercial & Marketing,enables,Channel & Partner Management,SoleCandidate,CM-1-3-6-1,Channel & Partner Management,"unique exact preferred-label match (candidate filter only, per PR #120)",CandidateOnly,HOLD: context-confirmation pass,label filter leaves one candidate: CM-1-3-6-1; resolution requires context evidence,,Q12
REL-01110,d7310c9acd37c893d7d6926645c715f425eb9dc8,CM-1-3-6-3,Sales Pricing Management,Commercial & Marketing,informed-by,Pricing Strategy Management,SoleCandidate,CM-1-3-3-2,Pricing Strategy Management,"unique exact preferred-label match (candidate filter only, per PR #120)",CandidateOnly,HOLD: context-confirmation pass,label filter leaves one candidate: CM-1-3-3-2; resolution requires context evidence,,Q12
REL-01111,d7310c9acd37c893d7d6926645c715f425eb9dc8,CM-1-3-6-3,Sales Pricing Management,Commercial & Marketing,enables,Sales Execution,SoleCandidate,CM-1-3-6-2,Sales Execution,"unique exact preferred-label match (candidate filter only, per PR #120)",CandidateOnly,HOLD: context-confirmation pass,label filter leaves one candidate: CM-1-3-6-2; resolution requires context evidence,,Q12
REL-01112,d7310c9acd37c893d7d6926645c715f425eb9dc8,CM-1-3-6-3,Sales Pricing Management,Commercial & Marketing,enables,Analyze Pricing Performance,SoleCandidate,CM-1-3-3-2-3,Analyze Pricing Performance,"unique exact preferred-label match (candidate filter only, per PR #120)",CandidateOnly,HOLD: context-confirmation pass,label filter leaves one candidate: CM-1-3-3-2-3; resolution requires context evidence,,Q12
REL-01113,d7310c9acd37c893d7d6926645c715f425eb9dc8,CM-1-3-6-7,Brand Standards Management,Commercial & Marketing,governed-by,Manage Licensing & IP,SoleCandidate,CM-1-3-4-4,Manage Licensing & IP,"unique exact preferred-label match (candidate filter only, per PR #120)",CandidateOnly,HOLD: context-confirmation pass,label filter leaves one candidate: CM-1-3-4-4; resolution requires context evidence,,Q12
REL-01114,d7310c9acd37c893d7d6926645c715f425eb9dc8,CM-1-3-6-7,Brand Standards Management,Commercial & Marketing,uses-input,Manage Relationship with License Brand Providers,SoleCandidate,CM-1-3-6-1-2,Manage Relationship with License Brand Providers,"unique exact preferred-label match (candidate filter only, per PR #120)",CandidateOnly,HOLD: context-confirmation pass,label filter leaves one candidate: CM-1-3-6-1-2; resolution requires context evidence,,Q12
REL-01115,d7310c9acd37c893d7d6926645c715f425eb9dc8,CM-1-3-6-7,Brand Standards Management,Commercial & Marketing,enables,Ensure Card Design Compliance,SoleCandidate,CM-1-3-6-6-8,Ensure Card Design Compliance,"unique exact preferred-label match (candidate filter only, per PR #120)",CandidateOnly,HOLD: context-confirmation pass,label filter leaves one candidate: CM-1-3-6-6-8; resolution requires context evidence,,Q12
REL-01116,d7310c9acd37c893d7d6926645c715f425eb9dc8,CM-1-1-3-5,Product Scheduling,Commercial & Marketing,informed-by,Regional Optimization,SoleCandidate,CM-1-1-2,Regional Optimization,"unique exact preferred-label match (candidate filter only, per PR #120)",CandidateOnly,HOLD: context-confirmation pass,label filter leaves one candidate: CM-1-1-2; resolution requires context evidence,,Q12
REL-01117,d7310c9acd37c893d7d6926645c715f425eb9dc8,CM-1-1-3-5,Product Scheduling,Commercial & Marketing,precedes,Physical Distribution Scheduling,SoleCandidate,CM-1-1-3-6,Physical Distribution Scheduling,"unique exact preferred-label match (candidate filter only, per PR #120)",CandidateOnly,HOLD: context-confirmation pass,label filter leaves one candidate: CM-1-1-3-6; resolution requires context evidence,,Q12
REL-01118,d7310c9acd37c893d7d6926645c715f425eb9dc8,CM-1-1-3-5,Product Scheduling,Commercial & Marketing,uses-input,Monitor and Control Inventory Positions (CM-1-1-3-7-12),ResolvedToConcept,CM-1-1-3-7-12,Monitor and Control Inventory Positions,stable identifier CM-1-1-3-7-12 carried in mention text,StableIdentifier,emit automatically after subject/target existence checks,target carries its slug; resolves to Monitor and Control Inventory Positions,,Q11+Q12
REL-01119,d7310c9acd37c893d7d6926645c715f425eb9dc8,CM-1-1-7-1,Daily Execution Planning,Refining,follows,Production Scheduling,SoleCandidate,CM-1-1-7-2,Production Scheduling,"unique exact preferred-label match (candidate filter only, per PR #120)",CandidateOnly,HOLD: context-confirmation pass,label filter leaves one candidate: CM-1-1-7-2; resolution requires context evidence,,Q12
REL-01120,d7310c9acd37c893d7d6926645c715f425eb9dc8,CM-1-1-7-1,Daily Execution Planning,Refining,enables,Regional Backcasting,SoleCandidate,CM-1-1-5,Regional Backcasting,"unique exact preferred-label match (candidate filter only, per PR #120)",CandidateOnly,HOLD: context-confirmation pass,label filter leaves one candidate: CM-1-1-5; resolution requires context evidence,,Q12
REL-01121,d7310c9acd37c893d7d6926645c715f425eb9dc8,CM-1-1-7-3,Energy & Utility Management,Refining,informed-by,Production Scheduling,SoleCandidate,CM-1-1-7-2,Production Scheduling,"unique exact preferred-label match (candidate filter only, per PR #120)",CandidateOnly,HOLD: context-confirmation pass,label filter leaves one candidate: CM-1-1-7-2; resolution requires context evidence,,Q12
REL-01122,d7310c9acd37c893d7d6926645c715f425eb9dc8,CM-1-1-7-3,Energy & Utility Management,Refining,enables,Daily Execution Planning,SoleCandidate,CM-1-1-7-1,Daily Execution Planning,"unique exact preferred-label match (candidate filter only, per PR #120)",CandidateOnly,HOLD: context-confirmation pass,label filter leaves one candidate: CM-1-1-7-1; resolution requires context evidence,,Q12
REL-01123,d7310c9acd37c893d7d6926645c715f425eb9dc8,CM-1-2-5-2,Crude/Feed Demand Management,Commercial & Marketing,informed-by,Refinery Planning and Optimization,SoleCandidate,CM-1-1-4,Refinery Planning and Optimization,"unique exact preferred-label match (candidate filter only, per PR #120)",CandidateOnly,HOLD: context-confirmation pass,label filter leaves one candidate: CM-1-1-4; resolution requires context evidence,changed-label review (18-row),Q12; changed-label batch 2026-09-25
REL-01124,d7310c9acd37c893d7d6926645c715f425eb9dc8,CM-1-2-5-2,Crude/Feed Demand Management,Commercial & Marketing,enables,Trading Management,SoleCandidate,CM-1-2-1,Trading Management,"unique exact preferred-label match (candidate filter only, per PR #120)",CandidateOnly,HOLD: context-confirmation pass,label filter leaves one candidate: CM-1-2-1; resolution requires context evidence,,Q12
REL-01125,d7310c9acd37c893d7d6926645c715f425eb9dc8,CM-1-2-5-2,Crude/Feed Demand Management,Commercial & Marketing,uses-input,Crude/Feed Quality Management,SoleCandidate,CM-1-2-5-1,Crude/Feed Quality Management,"unique exact preferred-label match (candidate filter only, per PR #120)",CandidateOnly,HOLD: context-confirmation pass,label filter leaves one candidate: CM-1-2-5-1; resolution requires context evidence,,Q12
REL-01126,d7310c9acd37c893d7d6926645c715f425eb9dc8,CM-1-2-5-3,Crude/Feed Transportation Management,Commercial & Marketing,follows,Coordinate Feedstock Trading,SoleCandidate,CM-1-2-5-2-1,Coordinate Feedstock Trading,"unique exact preferred-label match (candidate filter only, per PR #120)",CandidateOnly,HOLD: context-confirmation pass,label filter leaves one candidate: CM-1-2-5-2-1; resolution requires context evidence,,Q12
REL-01127,d7310c9acd37c893d7d6926645c715f425eb9dc8,CM-1-2-5-3,Crude/Feed Transportation Management,Commercial & Marketing,uses-input,Manage Carrier Contracts,SoleCandidate,CM-1-2-1-2-9,Manage Carrier Contracts,"unique exact preferred-label match (candidate filter only, per PR #120)",CandidateOnly,HOLD: context-confirmation pass,label filter leaves one candidate: CM-1-2-1-2-9; resolution requires context evidence,,Q12
REL-01128,d7310c9acd37c893d7d6926645c715f425eb9dc8,CM-1-2-5-3,Crude/Feed Transportation Management,Commercial & Marketing,precedes,Actualizations,AmbiguousDeferred,CM-1-2-3 | CM-1-2-3-1,Actualizations | Actualizations,exact label matches multiple concepts; no single contextual target,Deferred,no triple; retain candidates + review trigger,label collision across 2 concepts; source context does not isolate one,label remediation or domain-owner clarification,Q12
REL-01129,d7310c9acd37c893d7d6926645c715f425eb9dc8,CM-1-2-6-1,Supply Network Participation Analysis,Commercial & Marketing,enables,Regional Optimization,SoleCandidate,CM-1-1-2,Regional Optimization,"unique exact preferred-label match (candidate filter only, per PR #120)",CandidateOnly,HOLD: context-confirmation pass,label filter leaves one candidate: CM-1-1-2; resolution requires context evidence,,Q12
REL-01130,d7310c9acd37c893d7d6926645c715f425eb9dc8,CM-1-2-6-1,Supply Network Participation Analysis,Commercial & Marketing,informed-by,Assess Cost-to-Serve Performance,SoleCandidate,CM-1-2-6-1-3,Assess Cost-to-Serve Performance,"unique exact preferred-label match (candidate filter only, per PR #120)",CandidateOnly,HOLD: context-confirmation pass,label filter leaves one candidate: CM-1-2-6-1-3; resolution requires context evidence,,Q12
REL-01131,d7310c9acd37c893d7d6926645c715f425eb9dc8,CM-1-2-6-1,Supply Network Participation Analysis,Commercial & Marketing,enables,Refined Product Demand Management,SoleCandidate,CM-1-2-6-2,Refined Product Demand Management,"unique exact preferred-label match (candidate filter only, per PR #120)",CandidateOnly,HOLD — source correction — Hamid 2026-09-25,Not enablement: informs commercial scoping. Correct to informs.,enables sample review (32-row),Q12; review batch 2026-09-25
REL-01132,d7310c9acd37c893d7d6926645c715f425eb9dc8,CM-1-2-6-2,Refined Product Demand Management,Commercial & Marketing,uses-input,Produce Demand Forecast (CM-1-1-1-1),ResolvedToConcept,CM-1-1-1-1,Produce Demand Forecast,stable identifier CM-1-1-1-1 carried in mention text,StableIdentifier,emit automatically after subject/target existence checks,target carries its slug; resolves to Produce Demand Forecast,,Q11+Q12
REL-01133,d7310c9acd37c893d7d6926645c715f425eb9dc8,CM-1-2-6-2,Refined Product Demand Management,Commercial & Marketing,enables,Supply Operations,SoleCandidate,CM-1-2-6-3,Supply Operations,"unique exact preferred-label match (candidate filter only, per PR #120)",CandidateOnly,HOLD: context-confirmation pass,label filter leaves one candidate: CM-1-2-6-3; resolution requires context evidence,,Q12
REL-01134,d7310c9acd37c893d7d6926645c715f425eb9dc8,CM-1-2-6-2,Refined Product Demand Management,Commercial & Marketing,enables,Coordinate Product Trading,SoleCandidate,CM-1-1-3-5-2,Coordinate Product Trading,"unique exact preferred-label match (candidate filter only, per PR #120)",CandidateOnly,HOLD: context-confirmation pass,label filter leaves one candidate: CM-1-1-3-5-2; resolution requires context evidence,,Q12
REL-01135,d7310c9acd37c893d7d6926645c715f425eb9dc8,CM-1-2-6-3,Supply Operations,Commercial & Marketing,uses-input,Refined Product Demand Management,SoleCandidate,CM-1-2-6-2,Refined Product Demand Management,"unique exact preferred-label match (candidate filter only, per PR #120)",CandidateOnly,HOLD: context-confirmation pass,label filter leaves one candidate: CM-1-2-6-2; resolution requires context evidence,,Q12
REL-01136,d7310c9acd37c893d7d6926645c715f425eb9dc8,CM-1-2-6-3,Supply Operations,Commercial & Marketing,uses-input,Manage Inventory Replenishment,SoleCandidate,CM-1-1-3-7-9,Manage Inventory Replenishment,"unique exact preferred-label match (candidate filter only, per PR #120)",CandidateOnly,HOLD: context-confirmation pass,label filter leaves one candidate: CM-1-1-3-7-9; resolution requires context evidence,,Q12
REL-01137,d7310c9acd37c893d7d6926645c715f425eb9dc8,CM-1-2-6-3,Supply Operations,Commercial & Marketing,precedes,Physical Distribution Scheduling,SoleCandidate,CM-1-1-3-6,Physical Distribution Scheduling,"unique exact preferred-label match (candidate filter only, per PR #120)",CandidateOnly,HOLD: context-confirmation pass,label filter leaves one candidate: CM-1-1-3-6; resolution requires context evidence,,Q12
REL-01138,d7310c9acd37c893d7d6926645c715f425eb9dc8,CM-1-2-7-1,Contractual Agreements Management,Commercial & Marketing,enables,Manage Refined Product Exchanges,SoleCandidate,CM-1-2-6-2-2,Manage Refined Product Exchanges,"unique exact preferred-label match (candidate filter only, per PR #120)",CandidateOnly,HOLD: context-confirmation pass,label filter leaves one candidate: CM-1-2-6-2-2; resolution requires context evidence,,Q12
REL-01139,d7310c9acd37c893d7d6926645c715f425eb9dc8,CM-1-2-7-1,Contractual Agreements Management,Commercial & Marketing,enables,Supply Operations,SoleCandidate,CM-1-2-6-3,Supply Operations,"unique exact preferred-label match (candidate filter only, per PR #120)",CandidateOnly,HOLD: context-confirmation pass,label filter leaves one candidate: CM-1-2-6-3; resolution requires context evidence,,Q12
REL-01140,d7310c9acd37c893d7d6926645c715f425eb9dc8,CM-1-2-7-1,Contractual Agreements Management,Commercial & Marketing,informed-by,Contract Management,SoleCandidate,CM-1-2-1-2,Contract Management,"unique exact preferred-label match (candidate filter only, per PR #120)",CandidateOnly,HOLD: context-confirmation pass,label filter leaves one candidate: CM-1-2-1-2; resolution requires context evidence,,Q12
REL-01141,d7310c9acd37c893d7d6926645c715f425eb9dc8,CM-1-2-7-2,Terminal Operations Management,Commercial & Marketing,enables,Secondary Distribution Management,SoleCandidate,CM-1-1-3-8,Secondary Distribution Management,"unique exact preferred-label match (candidate filter only, per PR #120)",CandidateOnly,HOLD: context-confirmation pass,label filter leaves one candidate: CM-1-1-3-8; resolution requires context evidence,,Q12
REL-01142,d7310c9acd37c893d7d6926645c715f425eb9dc8,CM-1-2-7-2,Terminal Operations Management,Commercial & Marketing,enables,Supply Operations,SoleCandidate,CM-1-2-6-3,Supply Operations,"unique exact preferred-label match (candidate filter only, per PR #120)",CandidateOnly,HOLD: context-confirmation pass,label filter leaves one candidate: CM-1-2-6-3; resolution requires context evidence,,Q12
REL-01143,d7310c9acd37c893d7d6926645c715f425eb9dc8,CM-1-2-7-2,Terminal Operations Management,Commercial & Marketing,governed-by,Develop Compliance Policies & Procedures,SoleCandidate,CM-1-2-4-3-1,Develop Compliance Policies & Procedures,"unique exact preferred-label match (candidate filter only, per PR #120)",CandidateOnly,HOLD — known classifier error — Hamid 2026-09-25,"Terminal Operations (EHS/safety/asset) is not governed by trading-compliance policies (market conduct, info barriers, trading reporting).",governed-by review (16-row),Q12; review batch 2026-09-25
REL-01144,d7310c9acd37c893d7d6926645c715f425eb9dc8,CM-1-3-2-5,Customer Experience Strategy,Commercial & Marketing,informed-by,Consumer Analysis,SoleCandidate,CM-1-3-1-3,Consumer Analysis,"unique exact preferred-label match (candidate filter only, per PR #120)",CandidateOnly,HOLD: context-confirmation pass,label filter leaves one candidate: CM-1-3-1-3; resolution requires context evidence,,Q12
REL-01145,d7310c9acd37c893d7d6926645c715f425eb9dc8,CM-1-3-2-5,Customer Experience Strategy,Commercial & Marketing,informed-by,Customer And Marketer Analysis,SoleCandidate,CM-1-3-1-4,Customer And Marketer Analysis,"unique exact preferred-label match (candidate filter only, per PR #120)",CandidateOnly,HOLD: context-confirmation pass,label filter leaves one candidate: CM-1-3-1-4; resolution requires context evidence,,Q12
REL-01146,d7310c9acd37c893d7d6926645c715f425eb9dc8,CM-1-3-2-5,Customer Experience Strategy,Commercial & Marketing,enables,Service & Support Enablement,SoleCandidate,CM-1-3-9-1,Service & Support Enablement,"unique exact preferred-label match (candidate filter only, per PR #120)",CandidateOnly,HOLD: context-confirmation pass,label filter leaves one candidate: CM-1-3-9-1; resolution requires context evidence,,Q12
REL-01147,d7310c9acd37c893d7d6926645c715f425eb9dc8,CM-1-3-4-1,Visioning And Implementation Planning,Commercial & Marketing,informed-by,Marketing Insight and Metrics Stewardship (CM-1-3-1-6),ResolvedToConcept,CM-1-3-1-6,Marketing Insight and Metrics Stewardship,stable identifier CM-1-3-1-6 carried in mention text,StableIdentifier,emit automatically after subject/target existence checks,target carries its slug; resolves to Marketing Insight and Metrics Stewardship,,Q11+Q12
REL-01148,d7310c9acd37c893d7d6926645c715f425eb9dc8,CM-1-3-4-1,Visioning And Implementation Planning,Commercial & Marketing,enables,Concept & Feasibility Study,SoleCandidate,CM-1-3-4-2,Concept & Feasibility Study,"unique exact preferred-label match (candidate filter only, per PR #120)",CandidateOnly,HOLD: context-confirmation pass,label filter leaves one candidate: CM-1-3-4-2; resolution requires context evidence,,Q12
REL-01149,d7310c9acd37c893d7d6926645c715f425eb9dc8,CM-1-3-4-1,Visioning And Implementation Planning,Commercial & Marketing,enables,Product & Service Development,SoleCandidate,CM-1-3-4-3,Product & Service Development,"unique exact preferred-label match (candidate filter only, per PR #120)",CandidateOnly,HOLD: context-confirmation pass,label filter leaves one candidate: CM-1-3-4-3; resolution requires context evidence,,Q12
REL-01150,d7310c9acd37c893d7d6926645c715f425eb9dc8,CM-1-3-4-2,Concept & Feasibility Study,Commercial & Marketing,informed-by,Visioning And Implementation Planning,SoleCandidate,CM-1-3-4-1,Visioning And Implementation Planning,"unique exact preferred-label match (candidate filter only, per PR #120)",CandidateOnly,HOLD: context-confirmation pass,label filter leaves one candidate: CM-1-3-4-1; resolution requires context evidence,,Q12
REL-01151,d7310c9acd37c893d7d6926645c715f425eb9dc8,CM-1-3-4-2,Concept & Feasibility Study,Commercial & Marketing,enables,Product & Service Development,SoleCandidate,CM-1-3-4-3,Product & Service Development,"unique exact preferred-label match (candidate filter only, per PR #120)",CandidateOnly,HOLD: context-confirmation pass,label filter leaves one candidate: CM-1-3-4-3; resolution requires context evidence,,Q12
REL-01152,d7310c9acd37c893d7d6926645c715f425eb9dc8,CM-1-3-4-3,Product & Service Development,Commercial & Marketing,informed-by,Concept & Feasibility Study,SoleCandidate,CM-1-3-4-2,Concept & Feasibility Study,"unique exact preferred-label match (candidate filter only, per PR #120)",CandidateOnly,HOLD: context-confirmation pass,label filter leaves one candidate: CM-1-3-4-2; resolution requires context evidence,,Q12
REL-01153,d7310c9acd37c893d7d6926645c715f425eb9dc8,CM-1-3-4-3,Product & Service Development,Commercial & Marketing,enables,Customer Offer Definition,SoleCandidate,CM-1-3-3-1,Customer Offer Definition,"unique exact preferred-label match (candidate filter only, per PR #120)",CandidateOnly,HOLD: context-confirmation pass,label filter leaves one candidate: CM-1-3-3-1; resolution requires context evidence,,Q12
REL-01154,d7310c9acd37c893d7d6926645c715f425eb9dc8,CM-1-3-4-3,Product & Service Development,Commercial & Marketing,enables,Lifecycle Management,SoleCandidate,CM-1-3-4-5,Lifecycle Management,"unique exact preferred-label match (candidate filter only, per PR #120)",CandidateOnly,HOLD: context-confirmation pass,label filter leaves one candidate: CM-1-3-4-5; resolution requires context evidence,,Q12
REL-01155,d7310c9acd37c893d7d6926645c715f425eb9dc8,CM-1-3-5-5,Marketing Performance Analysis,Commercial & Marketing,uses-input,Marketing Insight and Metrics Stewardship (CM-1-3-1-6),ResolvedToConcept,CM-1-3-1-6,Marketing Insight and Metrics Stewardship,stable identifier CM-1-3-1-6 carried in mention text,StableIdentifier,emit automatically after subject/target existence checks,target carries its slug; resolves to Marketing Insight and Metrics Stewardship,,Q11+Q12
REL-01156,d7310c9acd37c893d7d6926645c715f425eb9dc8,CM-1-3-5-5,Marketing Performance Analysis,Commercial & Marketing,enables,Marketing Communications Planning,SoleCandidate,CM-1-3-5-3,Marketing Communications Planning,"unique exact preferred-label match (candidate filter only, per PR #120)",CandidateOnly,HOLD: context-confirmation pass,label filter leaves one candidate: CM-1-3-5-3; resolution requires context evidence,,Q12
REL-01157,d7310c9acd37c893d7d6926645c715f425eb9dc8,CM-1-3-5-5,Marketing Performance Analysis,Commercial & Marketing,enables,Sales Planning (CM-1-3-5-1),ResolvedToConcept,CM-1-3-5-1,Sales Planning,stable identifier CM-1-3-5-1 carried in mention text,StableIdentifier,emit automatically after subject/target existence checks,target carries its slug; resolves to Sales Planning,,Q11+Q12
REL-01158,d7310c9acd37c893d7d6926645c715f425eb9dc8,CM-1-3-6-4,Rebate Management,Commercial & Marketing,governed-by,Pricing Strategy Management,SoleCandidate,CM-1-3-3-2,Pricing Strategy Management,"unique exact preferred-label match (candidate filter only, per PR #120)",CandidateOnly,HOLD: context-confirmation pass,label filter leaves one candidate: CM-1-3-3-2; resolution requires context evidence,,Q12
REL-01159,d7310c9acd37c893d7d6926645c715f425eb9dc8,CM-1-3-6-4,Rebate Management,Commercial & Marketing,informed-by,Analyze Pricing Performance,SoleCandidate,CM-1-3-3-2-3,Analyze Pricing Performance,"unique exact preferred-label match (candidate filter only, per PR #120)",CandidateOnly,HOLD: context-confirmation pass,label filter leaves one candidate: CM-1-3-3-2-3; resolution requires context evidence,,Q12
REL-01160,d7310c9acd37c893d7d6926645c715f425eb9dc8,CM-1-3-6-5,Marketing Plan Execution,Commercial & Marketing,uses-input,Marketing Communications Planning,SoleCandidate,CM-1-3-5-3,Marketing Communications Planning,"unique exact preferred-label match (candidate filter only, per PR #120)",CandidateOnly,HOLD: context-confirmation pass,label filter leaves one candidate: CM-1-3-5-3; resolution requires context evidence,,Q12
REL-01161,d7310c9acd37c893d7d6926645c715f425eb9dc8,CM-1-3-6-5,Marketing Plan Execution,Commercial & Marketing,enables,Marketing Performance Analysis,SoleCandidate,CM-1-3-5-5,Marketing Performance Analysis,"unique exact preferred-label match (candidate filter only, per PR #120)",CandidateOnly,HOLD: context-confirmation pass,label filter leaves one candidate: CM-1-3-5-5; resolution requires context evidence,,Q12
REL-01162,d7310c9acd37c893d7d6926645c715f425eb9dc8,CM-1-3-9-2,Service & Support Delivery,Commercial & Marketing,uses-input,Manage Customer Requests and Inquiries,SoleCandidate,CM-1-3-7-5,Manage Customer Requests and Inquiries,"unique exact preferred-label match (candidate filter only, per PR #120)",CandidateOnly,HOLD: context-confirmation pass,label filter leaves one candidate: CM-1-3-7-5; resolution requires context evidence,,Q12
REL-01163,d7310c9acd37c893d7d6926645c715f425eb9dc8,CM-1-3-9-2,Service & Support Delivery,Commercial & Marketing,enables,Create and Distribute Bill (CM-1-3-8-1-1),ResolvedToConcept,CM-1-3-8-1-1,Create and Distribute Bill,stable identifier CM-1-3-8-1-1 carried in mention text,StableIdentifier,emit automatically after subject/target existence checks,target carries its slug; resolves to Create and Distribute Bill,,Q11+Q12
REL-01164,d7310c9acd37c893d7d6926645c715f425eb9dc8,CM-1-3-9-2,Service & Support Delivery,Commercial & Marketing,uses-input,Service & Support Enablement,SoleCandidate,CM-1-3-9-1,Service & Support Enablement,"unique exact preferred-label match (candidate filter only, per PR #120)",CandidateOnly,HOLD: context-confirmation pass,label filter leaves one candidate: CM-1-3-9-1; resolution requires context evidence,,Q12
REL-01165,d7310c9acd37c893d7d6926645c715f425eb9dc8,CM-1-3-9-3,Service & Support Measurement,Commercial & Marketing,uses-input,Service & Support Delivery,SoleCandidate,CM-1-3-9-2,Service & Support Delivery,"unique exact preferred-label match (candidate filter only, per PR #120)",CandidateOnly,HOLD: context-confirmation pass,label filter leaves one candidate: CM-1-3-9-2; resolution requires context evidence,,Q12
REL-01166,d7310c9acd37c893d7d6926645c715f425eb9dc8,CM-1-3-9-3,Service & Support Measurement,Commercial & Marketing,uses-input,Perform Customer Follow-Up (CM-1-3-7-5-4),ResolvedToConcept,CM-1-3-7-5-4,Perform Customer Follow-Up,stable identifier CM-1-3-7-5-4 carried in mention text,StableIdentifier,emit automatically after subject/target existence checks,target carries its slug; resolves to Perform Customer Follow-Up,,Q11+Q12
REL-01167,d7310c9acd37c893d7d6926645c715f425eb9dc8,CM-1-3-9-3,Service & Support Measurement,Commercial & Marketing,enables,Define Operating Model,SoleCandidate,CM-1-3-9-1-1,Define Operating Model,"unique exact preferred-label match (candidate filter only, per PR #120)",CandidateOnly,HOLD: context-confirmation pass,label filter leaves one candidate: CM-1-3-9-1-1; resolution requires context evidence,,Q12
REL-01168,d7310c9acd37c893d7d6926645c715f425eb9dc8,CM-1-1-3-6,Physical Distribution Scheduling,Commercial & Marketing,follows,Product Scheduling,SoleCandidate,CM-1-1-3-5,Product Scheduling,"unique exact preferred-label match (candidate filter only, per PR #120)",CandidateOnly,HOLD: context-confirmation pass,label filter leaves one candidate: CM-1-1-3-5; resolution requires context evidence,,Q12
REL-01169,d7310c9acd37c893d7d6926645c715f425eb9dc8,CM-1-1-3-6,Physical Distribution Scheduling,Commercial & Marketing,enables,Distribution Backcasting,SoleCandidate,CM-1-1-6,Distribution Backcasting,"unique exact preferred-label match (candidate filter only, per PR #120)",CandidateOnly,HOLD: context-confirmation pass,label filter leaves one candidate: CM-1-1-6; resolution requires context evidence,,Q12
REL-01170,d7310c9acd37c893d7d6926645c715f425eb9dc8,CM-1-1-3-8,Secondary Distribution Management,Commercial & Marketing,informed-by,Develop Finished Product Inventory Policy,SoleCandidate,CM-1-1-3-7-3,Develop Finished Product Inventory Policy,"unique exact preferred-label match (candidate filter only, per PR #120)",CandidateOnly,HOLD: context-confirmation pass,label filter leaves one candidate: CM-1-1-3-7-3; resolution requires context evidence,,Q12
REL-01171,d7310c9acd37c893d7d6926645c715f425eb9dc8,CM-1-1-3-8,Secondary Distribution Management,Commercial & Marketing,enables,Distribution Backcasting,SoleCandidate,CM-1-1-6,Distribution Backcasting,"unique exact preferred-label match (candidate filter only, per PR #120)",CandidateOnly,HOLD: context-confirmation pass,label filter leaves one candidate: CM-1-1-6; resolution requires context evidence,,Q12
REL-01172,d7310c9acd37c893d7d6926645c715f425eb9dc8,CM-1-2-5-1,Crude/Feed Quality Management,Commercial & Marketing,enables,Recommend Feedstock Slate And Run Rate (CM-1-2-5-2-3),ResolvedToConcept,CM-1-2-5-2-3,Recommend Feedstock Slate And Run Rate,stable identifier CM-1-2-5-2-3 carried in mention text,StableIdentifier,emit automatically after subject/target existence checks,target carries its slug; resolves to Recommend Feedstock Slate And Run Rate,,Q11+Q12
REL-01173,d7310c9acd37c893d7d6926645c715f425eb9dc8,CM-1-2-5-1,Crude/Feed Quality Management,Commercial & Marketing,informed-by,Evaluate Crude & Feedstock,SoleCandidate,CM-1-1-4-7-2,Evaluate Crude & Feedstock,"unique exact preferred-label match (candidate filter only, per PR #120)",CandidateOnly,HOLD: context-confirmation pass,label filter leaves one candidate: CM-1-1-4-7-2; resolution requires context evidence,,Q12
REL-01174,d7310c9acd37c893d7d6926645c715f425eb9dc8,CM-1-2-5-1,Crude/Feed Quality Management,Commercial & Marketing,enables,Coordinate Feedstock Trading,SoleCandidate,CM-1-2-5-2-1,Coordinate Feedstock Trading,"unique exact preferred-label match (candidate filter only, per PR #120)",CandidateOnly,HOLD: context-confirmation pass,label filter leaves one candidate: CM-1-2-5-2-1; resolution requires context evidence,,Q12
REL-01175,d7310c9acd37c893d7d6926645c715f425eb9dc8,CM-1-3-1-1,Market Analysis,Commercial & Marketing,enables,Marketing Insight and Metrics Stewardship (CM-1-3-1-6),ResolvedToConcept,CM-1-3-1-6,Marketing Insight and Metrics Stewardship,stable identifier CM-1-3-1-6 carried in mention text,StableIdentifier,emit automatically after subject/target existence checks,target carries its slug; resolves to Marketing Insight and Metrics Stewardship,,Q11+Q12
REL-01176,d7310c9acd37c893d7d6926645c715f425eb9dc8,CM-1-3-1-1,Market Analysis,Commercial & Marketing,enables,Brand Strategy,SoleCandidate,CM-1-3-2-1,Brand Strategy,"unique exact preferred-label match (candidate filter only, per PR #120)",CandidateOnly,HOLD: context-confirmation pass,label filter leaves one candidate: CM-1-3-2-1; resolution requires context evidence,,Q12
REL-01177,d7310c9acd37c893d7d6926645c715f425eb9dc8,CM-1-3-1-1,Market Analysis,Commercial & Marketing,informed-by,Produce Demand Forecast (CM-1-1-1-1),ResolvedToConcept,CM-1-1-1-1,Produce Demand Forecast,stable identifier CM-1-1-1-1 carried in mention text,StableIdentifier,emit automatically after subject/target existence checks,target carries its slug; resolves to Produce Demand Forecast,,Q11+Q12
REL-01178,d7310c9acd37c893d7d6926645c715f425eb9dc8,CM-1-3-1-2,Company Analysis,Commercial & Marketing,enables,Marketing Insight and Metrics Stewardship (CM-1-3-1-6),ResolvedToConcept,CM-1-3-1-6,Marketing Insight and Metrics Stewardship,stable identifier CM-1-3-1-6 carried in mention text,StableIdentifier,emit automatically after subject/target existence checks,target carries its slug; resolves to Marketing Insight and Metrics Stewardship,,Q11+Q12
REL-01179,d7310c9acd37c893d7d6926645c715f425eb9dc8,CM-1-3-1-2,Company Analysis,Commercial & Marketing,enables,Brand Strategy,SoleCandidate,CM-1-3-2-1,Brand Strategy,"unique exact preferred-label match (candidate filter only, per PR #120)",CandidateOnly,HOLD: context-confirmation pass,label filter leaves one candidate: CM-1-3-2-1; resolution requires context evidence,,Q12
REL-01180,d7310c9acd37c893d7d6926645c715f425eb9dc8,CM-1-3-1-2,Company Analysis,Commercial & Marketing,uses-input,Accounting,SoleCandidate,CM-1-2-4-2,Accounting,"unique exact preferred-label match (candidate filter only, per PR #120)",CandidateOnly,HOLD: context-confirmation pass,label filter leaves one candidate: CM-1-2-4-2; resolution requires context evidence,,Q12
REL-01181,d7310c9acd37c893d7d6926645c715f425eb9dc8,CM-1-3-1-3,Consumer Analysis,Commercial & Marketing,enables,Consumer Value Proposition,SoleCandidate,CM-1-3-2-3,Consumer Value Proposition,"unique exact preferred-label match (candidate filter only, per PR #120)",CandidateOnly,HOLD: context-confirmation pass,label filter leaves one candidate: CM-1-3-2-3; resolution requires context evidence,,Q12
REL-01182,d7310c9acd37c893d7d6926645c715f425eb9dc8,CM-1-3-1-3,Consumer Analysis,Commercial & Marketing,enables,Marketing Insight and Metrics Stewardship (CM-1-3-1-6),ResolvedToConcept,CM-1-3-1-6,Marketing Insight and Metrics Stewardship,stable identifier CM-1-3-1-6 carried in mention text,StableIdentifier,emit automatically after subject/target existence checks,target carries its slug; resolves to Marketing Insight and Metrics Stewardship,,Q11+Q12
REL-01183,d7310c9acd37c893d7d6926645c715f425eb9dc8,CM-1-3-1-3,Consumer Analysis,Commercial & Marketing,informed-by,Market Analysis,SoleCandidate,CM-1-3-1-1,Market Analysis,"unique exact preferred-label match (candidate filter only, per PR #120)",CandidateOnly,HOLD: context-confirmation pass,label filter leaves one candidate: CM-1-3-1-1; resolution requires context evidence,,Q12
REL-01184,d7310c9acd37c893d7d6926645c715f425eb9dc8,CM-1-3-1-4,Customer And Marketer Analysis,Commercial & Marketing,enables,Customer And Marketer Value Proposition,SoleCandidate,CM-1-3-2-2,Customer And Marketer Value Proposition,"unique exact preferred-label match (candidate filter only, per PR #120)",CandidateOnly,HOLD: context-confirmation pass,label filter leaves one candidate: CM-1-3-2-2; resolution requires context evidence,,Q12
REL-01185,d7310c9acd37c893d7d6926645c715f425eb9dc8,CM-1-3-1-4,Customer And Marketer Analysis,Commercial & Marketing,enables,Marketing Insight and Metrics Stewardship (CM-1-3-1-6),ResolvedToConcept,CM-1-3-1-6,Marketing Insight and Metrics Stewardship,stable identifier CM-1-3-1-6 carried in mention text,StableIdentifier,emit automatically after subject/target existence checks,target carries its slug; resolves to Marketing Insight and Metrics Stewardship,,Q11+Q12
REL-01186,d7310c9acd37c893d7d6926645c715f425eb9dc8,CM-1-3-1-4,Customer And Marketer Analysis,Commercial & Marketing,informed-by,Market Analysis,SoleCandidate,CM-1-3-1-1,Market Analysis,"unique exact preferred-label match (candidate filter only, per PR #120)",CandidateOnly,HOLD: context-confirmation pass,label filter leaves one candidate: CM-1-3-1-1; resolution requires context evidence,,Q12
REL-01187,d7310c9acd37c893d7d6926645c715f425eb9dc8,CM-1-3-1-5,Competitor Analysis,Commercial & Marketing,enables,Brand Strategy,SoleCandidate,CM-1-3-2-1,Brand Strategy,"unique exact preferred-label match (candidate filter only, per PR #120)",CandidateOnly,HOLD: context-confirmation pass,label filter leaves one candidate: CM-1-3-2-1; resolution requires context evidence,,Q12
REL-01188,d7310c9acd37c893d7d6926645c715f425eb9dc8,CM-1-3-1-5,Competitor Analysis,Commercial & Marketing,enables,Marketing Insight and Metrics Stewardship (CM-1-3-1-6),ResolvedToConcept,CM-1-3-1-6,Marketing Insight and Metrics Stewardship,stable identifier CM-1-3-1-6 carried in mention text,StableIdentifier,emit automatically after subject/target existence checks,target carries its slug; resolves to Marketing Insight and Metrics Stewardship,,Q11+Q12
REL-01189,d7310c9acd37c893d7d6926645c715f425eb9dc8,CM-1-3-1-5,Competitor Analysis,Commercial & Marketing,informed-by,Market Analysis,SoleCandidate,CM-1-3-1-1,Market Analysis,"unique exact preferred-label match (candidate filter only, per PR #120)",CandidateOnly,HOLD: context-confirmation pass,label filter leaves one candidate: CM-1-3-1-1; resolution requires context evidence,,Q12
REL-01190,d7310c9acd37c893d7d6926645c715f425eb9dc8,CM-1-3-2-1,Brand Strategy,Commercial & Marketing,informed-by,Marketing Insight and Metrics Stewardship (CM-1-3-1-6),ResolvedToConcept,CM-1-3-1-6,Marketing Insight and Metrics Stewardship,stable identifier CM-1-3-1-6 carried in mention text,StableIdentifier,emit automatically after subject/target existence checks,target carries its slug; resolves to Marketing Insight and Metrics Stewardship,,Q11+Q12
REL-01191,d7310c9acd37c893d7d6926645c715f425eb9dc8,CM-1-3-2-1,Brand Strategy,Commercial & Marketing,enables,Marketing Communications Strategy,SoleCandidate,CM-1-3-3-5,Marketing Communications Strategy,"unique exact preferred-label match (candidate filter only, per PR #120)",CandidateOnly,HOLD: context-confirmation pass,label filter leaves one candidate: CM-1-3-3-5; resolution requires context evidence,,Q12
REL-01192,d7310c9acd37c893d7d6926645c715f425eb9dc8,CM-1-3-2-1,Brand Strategy,Commercial & Marketing,enables,Sales & Distribution Channel Strategy,SoleCandidate,CM-1-3-2-4,Sales & Distribution Channel Strategy,"unique exact preferred-label match (candidate filter only, per PR #120)",CandidateOnly,HOLD — source correction — Hamid 2026-09-25,Not enablement: positioning influences but is not prerequisite. Correct to informs.,enables sample review (32-row),Q12; review batch 2026-09-25
REL-01193,d7310c9acd37c893d7d6926645c715f425eb9dc8,CM-1-3-2-2,Customer And Marketer Value Proposition,Commercial & Marketing,informed-by,Customer And Marketer Analysis,SoleCandidate,CM-1-3-1-4,Customer And Marketer Analysis,"unique exact preferred-label match (candidate filter only, per PR #120)",CandidateOnly,HOLD: context-confirmation pass,label filter leaves one candidate: CM-1-3-1-4; resolution requires context evidence,,Q12
REL-01194,d7310c9acd37c893d7d6926645c715f425eb9dc8,CM-1-3-2-2,Customer And Marketer Value Proposition,Commercial & Marketing,enables,Customer Offer Definition,SoleCandidate,CM-1-3-3-1,Customer Offer Definition,"unique exact preferred-label match (candidate filter only, per PR #120)",CandidateOnly,HOLD: context-confirmation pass,label filter leaves one candidate: CM-1-3-3-1; resolution requires context evidence,,Q12
REL-01195,d7310c9acd37c893d7d6926645c715f425eb9dc8,CM-1-3-2-2,Customer And Marketer Value Proposition,Commercial & Marketing,enables,Sales & Distribution Channel Strategy,SoleCandidate,CM-1-3-2-4,Sales & Distribution Channel Strategy,"unique exact preferred-label match (candidate filter only, per PR #120)",CandidateOnly,HOLD: context-confirmation pass,label filter leaves one candidate: CM-1-3-2-4; resolution requires context evidence,,Q12
REL-01196,d7310c9acd37c893d7d6926645c715f425eb9dc8,CM-1-3-2-3,Consumer Value Proposition,Commercial & Marketing,informed-by,Consumer Analysis,SoleCandidate,CM-1-3-1-3,Consumer Analysis,"unique exact preferred-label match (candidate filter only, per PR #120)",CandidateOnly,HOLD: context-confirmation pass,label filter leaves one candidate: CM-1-3-1-3; resolution requires context evidence,,Q12
REL-01197,d7310c9acd37c893d7d6926645c715f425eb9dc8,CM-1-3-2-3,Consumer Value Proposition,Commercial & Marketing,enables,Customer Offer Definition,SoleCandidate,CM-1-3-3-1,Customer Offer Definition,"unique exact preferred-label match (candidate filter only, per PR #120)",CandidateOnly,HOLD: context-confirmation pass,label filter leaves one candidate: CM-1-3-3-1; resolution requires context evidence,,Q12
REL-01198,d7310c9acd37c893d7d6926645c715f425eb9dc8,CM-1-3-2-3,Consumer Value Proposition,Commercial & Marketing,enables,Customer Experience Strategy,SoleCandidate,CM-1-3-2-5,Customer Experience Strategy,"unique exact preferred-label match (candidate filter only, per PR #120)",CandidateOnly,HOLD: context-confirmation pass,label filter leaves one candidate: CM-1-3-2-5; resolution requires context evidence,,Q12
REL-01199,d7310c9acd37c893d7d6926645c715f425eb9dc8,CM-1-3-3-1,Customer Offer Definition,Commercial & Marketing,informed-by,Customer And Marketer Value Proposition,SoleCandidate,CM-1-3-2-2,Customer And Marketer Value Proposition,"unique exact preferred-label match (candidate filter only, per PR #120)",CandidateOnly,HOLD: context-confirmation pass,label filter leaves one candidate: CM-1-3-2-2; resolution requires context evidence,,Q12
REL-01200,d7310c9acd37c893d7d6926645c715f425eb9dc8,CM-1-3-3-1,Customer Offer Definition,Commercial & Marketing,informed-by,Consumer Value Proposition,SoleCandidate,CM-1-3-2-3,Consumer Value Proposition,"unique exact preferred-label match (candidate filter only, per PR #120)",CandidateOnly,HOLD: context-confirmation pass,label filter leaves one candidate: CM-1-3-2-3; resolution requires context evidence,,Q12
REL-01201,d7310c9acd37c893d7d6926645c715f425eb9dc8,CM-1-3-3-1,Customer Offer Definition,Commercial & Marketing,enables,Sales Execution,SoleCandidate,CM-1-3-6-2,Sales Execution,"unique exact preferred-label match (candidate filter only, per PR #120)",CandidateOnly,HOLD: context-confirmation pass,label filter leaves one candidate: CM-1-3-6-2; resolution requires context evidence,,Q12
REL-01202,d7310c9acd37c893d7d6926645c715f425eb9dc8,CM-1-3-3-4,Network Design (Retail),Commercial & Marketing,informed-by,Sales & Distribution Channel Design,SoleCandidate,CM-1-3-3-3,Sales & Distribution Channel Design,"unique exact preferred-label match (candidate filter only, per PR #120)",CandidateOnly,HOLD: context-confirmation pass,label filter leaves one candidate: CM-1-3-3-3; resolution requires context evidence,,Q12
REL-01203,d7310c9acd37c893d7d6926645c715f425eb9dc8,CM-1-3-3-4,Network Design (Retail),Commercial & Marketing,informed-by,Consumer Value Proposition,SoleCandidate,CM-1-3-2-3,Consumer Value Proposition,"unique exact preferred-label match (candidate filter only, per PR #120)",CandidateOnly,HOLD: context-confirmation pass,label filter leaves one candidate: CM-1-3-2-3; resolution requires context evidence,,Q12
REL-01204,d7310c9acd37c893d7d6926645c715f425eb9dc8,CM-1-3-3-4,Network Design (Retail),Commercial & Marketing,enables,Channel & Partner Management,SoleCandidate,CM-1-3-6-1,Channel & Partner Management,"unique exact preferred-label match (candidate filter only, per PR #120)",CandidateOnly,HOLD: context-confirmation pass,label filter leaves one candidate: CM-1-3-6-1; resolution requires context evidence,,Q12
REL-01205,d7310c9acd37c893d7d6926645c715f425eb9dc8,CM-1-3-4-5,Lifecycle Management,Commercial & Marketing,informed-by,Product & Service Development,SoleCandidate,CM-1-3-4-3,Product & Service Development,"unique exact preferred-label match (candidate filter only, per PR #120)",CandidateOnly,HOLD: context-confirmation pass,label filter leaves one candidate: CM-1-3-4-3; resolution requires context evidence,,Q12
REL-01206,d7310c9acd37c893d7d6926645c715f425eb9dc8,CM-1-3-4-5,Lifecycle Management,Commercial & Marketing,enables,Manage Product/Service Change,SoleCandidate,CM-1-3-4-3-3,Manage Product/Service Change,"unique exact preferred-label match (candidate filter only, per PR #120)",CandidateOnly,HOLD: context-confirmation pass,label filter leaves one candidate: CM-1-3-4-3-3; resolution requires context evidence,,Q12
REL-01207,d7310c9acd37c893d7d6926645c715f425eb9dc8,CM-1-3-4-5,Lifecycle Management,Commercial & Marketing,informed-by,Marketing Insight and Metrics Stewardship (CM-1-3-1-6),ResolvedToConcept,CM-1-3-1-6,Marketing Insight and Metrics Stewardship,stable identifier CM-1-3-1-6 carried in mention text,StableIdentifier,emit automatically after subject/target existence checks,target carries its slug; resolves to Marketing Insight and Metrics Stewardship,,Q11+Q12
REL-01208,d7310c9acd37c893d7d6926645c715f425eb9dc8,CM-1-3-4-6,R&D Collaboration,Commercial & Marketing,informed-by,Visioning And Implementation Planning,SoleCandidate,CM-1-3-4-1,Visioning And Implementation Planning,"unique exact preferred-label match (candidate filter only, per PR #120)",CandidateOnly,HOLD: context-confirmation pass,label filter leaves one candidate: CM-1-3-4-1; resolution requires context evidence,,Q12
REL-01209,d7310c9acd37c893d7d6926645c715f425eb9dc8,CM-1-3-4-6,R&D Collaboration,Commercial & Marketing,enables,Concept & Feasibility Study,SoleCandidate,CM-1-3-4-2,Concept & Feasibility Study,"unique exact preferred-label match (candidate filter only, per PR #120)",CandidateOnly,HOLD: context-confirmation pass,label filter leaves one candidate: CM-1-3-4-2; resolution requires context evidence,,Q12
REL-01210,d7310c9acd37c893d7d6926645c715f425eb9dc8,CM-1-3-4-6,R&D Collaboration,Commercial & Marketing,enables,Product & Service Development,SoleCandidate,CM-1-3-4-3,Product & Service Development,"unique exact preferred-label match (candidate filter only, per PR #120)",CandidateOnly,HOLD: context-confirmation pass,label filter leaves one candidate: CM-1-3-4-3; resolution requires context evidence,,Q12
REL-01211,d7310c9acd37c893d7d6926645c715f425eb9dc8,CM-1-3-5-1,Sales Planning,Commercial & Marketing,informed-by,Sales & Distribution Channel Strategy,SoleCandidate,CM-1-3-2-4,Sales & Distribution Channel Strategy,"unique exact preferred-label match (candidate filter only, per PR #120)",CandidateOnly,HOLD: context-confirmation pass,label filter leaves one candidate: CM-1-3-2-4; resolution requires context evidence,,Q12
REL-01212,d7310c9acd37c893d7d6926645c715f425eb9dc8,CM-1-3-5-1,Sales Planning,Commercial & Marketing,uses-input,Produce Demand Forecast (CM-1-1-1-1),ResolvedToConcept,CM-1-1-1-1,Produce Demand Forecast,stable identifier CM-1-1-1-1 carried in mention text,StableIdentifier,emit automatically after subject/target existence checks,target carries its slug; resolves to Produce Demand Forecast,,Q11+Q12
REL-01213,d7310c9acd37c893d7d6926645c715f425eb9dc8,CM-1-3-5-1,Sales Planning,Commercial & Marketing,enables,Sales Execution,SoleCandidate,CM-1-3-6-2,Sales Execution,"unique exact preferred-label match (candidate filter only, per PR #120)",CandidateOnly,HOLD: context-confirmation pass,label filter leaves one candidate: CM-1-3-6-2; resolution requires context evidence,,Q12
REL-01214,d7310c9acd37c893d7d6926645c715f425eb9dc8,CM-1-3-5-4,Promotions Planning,Commercial & Marketing,informed-by,Customer Offer Definition,SoleCandidate,CM-1-3-3-1,Customer Offer Definition,"unique exact preferred-label match (candidate filter only, per PR #120)",CandidateOnly,HOLD: context-confirmation pass,label filter leaves one candidate: CM-1-3-3-1; resolution requires context evidence,,Q12
REL-01215,d7310c9acd37c893d7d6926645c715f425eb9dc8,CM-1-3-5-4,Promotions Planning,Commercial & Marketing,enables,Marketing Plan Execution,SoleCandidate,CM-1-3-6-5,Marketing Plan Execution,"unique exact preferred-label match (candidate filter only, per PR #120)",CandidateOnly,HOLD: context-confirmation pass,label filter leaves one candidate: CM-1-3-6-5; resolution requires context evidence,,Q12
REL-01216,d7310c9acd37c893d7d6926645c715f425eb9dc8,CM-1-3-5-4,Promotions Planning,Commercial & Marketing,enables,Develop & Agree Demand Forecasting Process,SoleCandidate,CM-1-3-5-1-2,Develop & Agree Demand Forecasting Process,"unique exact preferred-label match (candidate filter only, per PR #120)",CandidateOnly,HOLD: context-confirmation pass,label filter leaves one candidate: CM-1-3-5-1-2; resolution requires context evidence,,Q12
REL-01217,d7310c9acd37c893d7d6926645c715f425eb9dc8,CM-1-3-6-1,Channel & Partner Management,Commercial & Marketing,informed-by,Sales & Distribution Channel Design,SoleCandidate,CM-1-3-3-3,Sales & Distribution Channel Design,"unique exact preferred-label match (candidate filter only, per PR #120)",CandidateOnly,HOLD: context-confirmation pass,label filter leaves one candidate: CM-1-3-3-3; resolution requires context evidence,,Q12
REL-01218,d7310c9acd37c893d7d6926645c715f425eb9dc8,CM-1-3-6-1,Channel & Partner Management,Commercial & Marketing,uses-input,Perform Account Planning,SoleCandidate,CM-1-3-5-1-3,Perform Account Planning,"unique exact preferred-label match (candidate filter only, per PR #120)",CandidateOnly,HOLD: context-confirmation pass,label filter leaves one candidate: CM-1-3-5-1-3; resolution requires context evidence,,Q12
REL-01219,d7310c9acd37c893d7d6926645c715f425eb9dc8,CM-1-3-6-1,Channel & Partner Management,Commercial & Marketing,enables,Sales Execution,SoleCandidate,CM-1-3-6-2,Sales Execution,"unique exact preferred-label match (candidate filter only, per PR #120)",CandidateOnly,HOLD: context-confirmation pass,label filter leaves one candidate: CM-1-3-6-2; resolution requires context evidence,,Q12
REL-01220,d7310c9acd37c893d7d6926645c715f425eb9dc8,CM-1-3-8-3,Manage Receivables Resolution,Commercial & Marketing,uses-input,"Manage Cash Application, A/R & Revenue Accounting",SoleCandidate,CM-1-3-8-2,"Manage Cash Application, A/R & Revenue Accounting","unique exact preferred-label match (candidate filter only, per PR #120)",CandidateOnly,HOLD: context-confirmation pass,label filter leaves one candidate: CM-1-3-8-2; resolution requires context evidence,,Q12
REL-01221,d7310c9acd37c893d7d6926645c715f425eb9dc8,CM-1-3-8-3,Manage Receivables Resolution,Commercial & Marketing,uses-input,Monitor Credit Against Limit,SoleCandidate,CM-1-3-7-4-3,Monitor Credit Against Limit,"unique exact preferred-label match (candidate filter only, per PR #120)",CandidateOnly,HOLD: context-confirmation pass,label filter leaves one candidate: CM-1-3-7-4-3; resolution requires context evidence,,Q12
REL-01222,d7310c9acd37c893d7d6926645c715f425eb9dc8,CM-1-3-8-3,Manage Receivables Resolution,Commercial & Marketing,enables,Perform Period-End Processing (CM-1-3-8-4-1),ResolvedToConcept,CM-1-3-8-4-1,Perform Period-End Processing,stable identifier CM-1-3-8-4-1 carried in mention text,StableIdentifier,emit automatically after subject/target existence checks,target carries its slug; resolves to Perform Period-End Processing,,Q11+Q12
REL-01223,d7310c9acd37c893d7d6926645c715f425eb9dc8,CM-1-1-1-1,Produce Demand Forecast,Commercial & Marketing,precedes,Regional Optimization,SoleCandidate,CM-1-1-2,Regional Optimization,"unique exact preferred-label match (candidate filter only, per PR #120)",CandidateOnly,HOLD: context-confirmation pass,label filter leaves one candidate: CM-1-1-2; resolution requires context evidence,,Q12
REL-01224,d7310c9acd37c893d7d6926645c715f425eb9dc8,CM-1-1-1-1,Produce Demand Forecast,Commercial & Marketing,enables,Capture Product Demand Requirements,SoleCandidate,CM-1-1-4-7-1,Capture Product Demand Requirements,"unique exact preferred-label match (candidate filter only, per PR #120)",CandidateOnly,HOLD: context-confirmation pass,label filter leaves one candidate: CM-1-1-4-7-1; resolution requires context evidence,,Q12
REL-01225,d7310c9acd37c893d7d6926645c715f425eb9dc8,CM-1-1-1-1,Produce Demand Forecast,Commercial & Marketing,enables,Receive Demand Forecast,SoleCandidate,CM-1-2-1-1-2,Receive Demand Forecast,"unique exact preferred-label match (candidate filter only, per PR #120)",CandidateOnly,HOLD: context-confirmation pass,label filter leaves one candidate: CM-1-2-1-1-2; resolution requires context evidence,,Q12
REL-01226,d7310c9acd37c893d7d6926645c715f425eb9dc8,CM-1-2-2-2,Confirmations Management,Commercial & Marketing,follows,Trade Capture,SoleCandidate,CM-1-2-1-3,Trade Capture,"unique exact preferred-label match (candidate filter only, per PR #120)",CandidateOnly,HOLD: context-confirmation pass,label filter leaves one candidate: CM-1-2-1-3; resolution requires context evidence,,Q12
REL-01227,d7310c9acd37c893d7d6926645c715f425eb9dc8,CM-1-2-2-2,Confirmations Management,Commercial & Marketing,precedes,Settlements,SoleCandidate,CM-1-2-4-1,Settlements,"unique exact preferred-label match (candidate filter only, per PR #120)",CandidateOnly,HOLD: context-confirmation pass,label filter leaves one candidate: CM-1-2-4-1; resolution requires context evidence,,Q12
REL-01228,d7310c9acd37c893d7d6926645c715f425eb9dc8,CM-1-2-2-2,Confirmations Management,Commercial & Marketing,governed-by,Regulatory & Compliance,SoleCandidate,CM-1-2-4-3,Regulatory & Compliance,"unique exact preferred-label match (candidate filter only, per PR #120)",CandidateOnly,APPROVED as core:governedBy (scope-qualified) — Hamid 2026-09-25,"SCOPE: trading-compliance, reporting, market-rule, and policy boundaries applicable to confirmations — not the full commercial/operational confirmation lifecycle.",governed-by review (16-row),Q12; review batch 2026-09-25
REL-01229,d7310c9acd37c893d7d6926645c715f425eb9dc8,CM-1-3-3-2,Pricing Strategy Management,Commercial & Marketing,informed-by,Marketing Insight and Metrics Stewardship (CM-1-3-1-6),ResolvedToConcept,CM-1-3-1-6,Marketing Insight and Metrics Stewardship,stable identifier CM-1-3-1-6 carried in mention text,StableIdentifier,emit automatically after subject/target existence checks,target carries its slug; resolves to Marketing Insight and Metrics Stewardship,,Q11+Q12
REL-01230,d7310c9acd37c893d7d6926645c715f425eb9dc8,CM-1-3-3-2,Pricing Strategy Management,Commercial & Marketing,enables,Sales Pricing Management,SoleCandidate,CM-1-3-6-3,Sales Pricing Management,"unique exact preferred-label match (candidate filter only, per PR #120)",CandidateOnly,HOLD: context-confirmation pass,label filter leaves one candidate: CM-1-3-6-3; resolution requires context evidence,,Q12
REL-01231,d7310c9acd37c893d7d6926645c715f425eb9dc8,CM-1-3-3-2,Pricing Strategy Management,Commercial & Marketing,enables,Customer Offer Definition,SoleCandidate,CM-1-3-3-1,Customer Offer Definition,"unique exact preferred-label match (candidate filter only, per PR #120)",CandidateOnly,HOLD: context-confirmation pass,label filter leaves one candidate: CM-1-3-3-1; resolution requires context evidence,,Q12
REL-01232,d7310c9acd37c893d7d6926645c715f425eb9dc8,CM-1-3-3-3,Sales & Distribution Channel Design,Commercial & Marketing,informed-by,Sales & Distribution Channel Strategy,SoleCandidate,CM-1-3-2-4,Sales & Distribution Channel Strategy,"unique exact preferred-label match (candidate filter only, per PR #120)",CandidateOnly,HOLD: context-confirmation pass,label filter leaves one candidate: CM-1-3-2-4; resolution requires context evidence,,Q12
REL-01233,d7310c9acd37c893d7d6926645c715f425eb9dc8,CM-1-3-3-3,Sales & Distribution Channel Design,Commercial & Marketing,enables,Channel & Partner Management,SoleCandidate,CM-1-3-6-1,Channel & Partner Management,"unique exact preferred-label match (candidate filter only, per PR #120)",CandidateOnly,HOLD: context-confirmation pass,label filter leaves one candidate: CM-1-3-6-1; resolution requires context evidence,,Q12
REL-01234,d7310c9acd37c893d7d6926645c715f425eb9dc8,CM-1-3-3-3,Sales & Distribution Channel Design,Commercial & Marketing,enables,Network Design (Retail),SoleCandidate,CM-1-3-3-4,Network Design (Retail),"unique exact preferred-label match (candidate filter only, per PR #120)",CandidateOnly,HOLD: context-confirmation pass,label filter leaves one candidate: CM-1-3-3-4; resolution requires context evidence,,Q12
REL-01235,d7310c9acd37c893d7d6926645c715f425eb9dc8,CM-1-3-3-6,Operating Model Design,Commercial & Marketing,informed-by,Sales & Distribution Channel Design,SoleCandidate,CM-1-3-3-3,Sales & Distribution Channel Design,"unique exact preferred-label match (candidate filter only, per PR #120)",CandidateOnly,HOLD: context-confirmation pass,label filter leaves one candidate: CM-1-3-3-3; resolution requires context evidence,,Q12
REL-01236,d7310c9acd37c893d7d6926645c715f425eb9dc8,CM-1-3-3-6,Operating Model Design,Commercial & Marketing,enables,Sales Planning (CM-1-3-5-1),ResolvedToConcept,CM-1-3-5-1,Sales Planning,stable identifier CM-1-3-5-1 carried in mention text,StableIdentifier,emit automatically after subject/target existence checks,target carries its slug; resolves to Sales Planning,,Q11+Q12
REL-01237,d7310c9acd37c893d7d6926645c715f425eb9dc8,CM-1-3-3-6,Operating Model Design,Commercial & Marketing,enables,Marketing Plan Execution,SoleCandidate,CM-1-3-6-5,Marketing Plan Execution,"unique exact preferred-label match (candidate filter only, per PR #120)",CandidateOnly,HOLD: context-confirmation pass,label filter leaves one candidate: CM-1-3-6-5; resolution requires context evidence,,Q12
REL-01238,d7310c9acd37c893d7d6926645c715f425eb9dc8,CM-1-3-8-1,Manage Customer Invoicing and Billing,Commercial & Marketing,uses-input,Manage Fulfillment,SoleCandidate,CM-1-3-7-3-4,Manage Fulfillment,"unique exact preferred-label match (candidate filter only, per PR #120)",CandidateOnly,HOLD: context-confirmation pass,label filter leaves one candidate: CM-1-3-7-3-4; resolution requires context evidence,,Q12
REL-01239,d7310c9acd37c893d7d6926645c715f425eb9dc8,CM-1-3-8-1,Manage Customer Invoicing and Billing,Commercial & Marketing,uses-input,Maintain Price & Discount Master Data,SoleCandidate,CM-1-3-7-1-2,Maintain Price & Discount Master Data,"unique exact preferred-label match (candidate filter only, per PR #120)",CandidateOnly,HOLD: context-confirmation pass,label filter leaves one candidate: CM-1-3-7-1-2; resolution requires context evidence,,Q12
REL-01240,d7310c9acd37c893d7d6926645c715f425eb9dc8,CM-1-3-8-1,Manage Customer Invoicing and Billing,Commercial & Marketing,enables,"Manage Cash Application, A/R & Revenue Accounting",SoleCandidate,CM-1-3-8-2,"Manage Cash Application, A/R & Revenue Accounting","unique exact preferred-label match (candidate filter only, per PR #120)",CandidateOnly,HOLD: context-confirmation pass,label filter leaves one candidate: CM-1-3-8-2; resolution requires context evidence,,Q12
REL-01241,d7310c9acd37c893d7d6926645c715f425eb9dc8,CM-1-1-7-2,Production Scheduling,Refining,follows,Refinery Planning and Optimization,SoleCandidate,CM-1-1-4,Refinery Planning and Optimization,"unique exact preferred-label match (candidate filter only, per PR #120)",CandidateOnly,HOLD: context-confirmation pass,label filter leaves one candidate: CM-1-1-4; resolution requires context evidence,changed-label review (18-row),Q12; changed-label batch 2026-09-25
REL-01242,d7310c9acd37c893d7d6926645c715f425eb9dc8,CM-1-1-7-2,Production Scheduling,Refining,precedes,Daily Execution Planning,SoleCandidate,CM-1-1-7-1,Daily Execution Planning,"unique exact preferred-label match (candidate filter only, per PR #120)",CandidateOnly,HOLD: context-confirmation pass,label filter leaves one candidate: CM-1-1-7-1; resolution requires context evidence,,Q12
REL-01243,d7310c9acd37c893d7d6926645c715f425eb9dc8,CM-1-2-1-1,Forecasting & Optimization,Commercial & Marketing,informed-by,Produce Demand Forecast (CM-1-1-1-1),ResolvedToConcept,CM-1-1-1-1,Produce Demand Forecast,stable identifier CM-1-1-1-1 carried in mention text,StableIdentifier,emit automatically after subject/target existence checks,target carries its slug; resolves to Produce Demand Forecast,,Q11+Q12
REL-01244,d7310c9acd37c893d7d6926645c715f425eb9dc8,CM-1-2-1-1,Forecasting & Optimization,Commercial & Marketing,informed-by,Refinery Planning and Optimization,SoleCandidate,CM-1-1-4,Refinery Planning and Optimization,"unique exact preferred-label match (candidate filter only, per PR #120)",CandidateOnly,HOLD: context-confirmation pass,label filter leaves one candidate: CM-1-1-4; resolution requires context evidence,changed-label review (18-row),Q12; changed-label batch 2026-09-25
REL-01245,d7310c9acd37c893d7d6926645c715f425eb9dc8,CM-1-2-1-1,Forecasting & Optimization,Commercial & Marketing,enables,Trading Strategy Management,SoleCandidate,CM-1-2-1-4,Trading Strategy Management,"unique exact preferred-label match (candidate filter only, per PR #120)",CandidateOnly,HOLD: context-confirmation pass,label filter leaves one candidate: CM-1-2-1-4; resolution requires context evidence,,Q12
REL-01246,d7310c9acd37c893d7d6926645c715f425eb9dc8,CM-1-3-4-4,Manage Licensing & IP,Commercial & Marketing,uses-input,Product & Service Development,SoleCandidate,CM-1-3-4-3,Product & Service Development,"unique exact preferred-label match (candidate filter only, per PR #120)",CandidateOnly,HOLD: context-confirmation pass,label filter leaves one candidate: CM-1-3-4-3; resolution requires context evidence,,Q12
REL-01247,d7310c9acd37c893d7d6926645c715f425eb9dc8,CM-1-3-4-4,Manage Licensing & IP,Commercial & Marketing,informed-by,Brand Strategy,SoleCandidate,CM-1-3-2-1,Brand Strategy,"unique exact preferred-label match (candidate filter only, per PR #120)",CandidateOnly,HOLD: context-confirmation pass,label filter leaves one candidate: CM-1-3-2-1; resolution requires context evidence,,Q12
REL-01248,d7310c9acd37c893d7d6926645c715f425eb9dc8,CM-1-3-4-4,Manage Licensing & IP,Commercial & Marketing,enables,R&D Collaboration,SoleCandidate,CM-1-3-4-6,R&D Collaboration,"unique exact preferred-label match (candidate filter only, per PR #120)",CandidateOnly,HOLD: context-confirmation pass,label filter leaves one candidate: CM-1-3-4-6; resolution requires context evidence,,Q12
REL-01249,d7310c9acd37c893d7d6926645c715f425eb9dc8,CM-1-3-7-1,Manage Commercial Master Data Stewardship,Commercial & Marketing,enables,Capture And Manage Order Fulfillment,SoleCandidate,CM-1-3-7-3,Capture And Manage Order Fulfillment,"unique exact preferred-label match (candidate filter only, per PR #120)",CandidateOnly,HOLD: context-confirmation pass,label filter leaves one candidate: CM-1-3-7-3; resolution requires context evidence,,Q12
REL-01250,d7310c9acd37c893d7d6926645c715f425eb9dc8,CM-1-3-7-1,Manage Commercial Master Data Stewardship,Commercial & Marketing,enables,Manage Customer Invoicing and Billing,SoleCandidate,CM-1-3-8-1,Manage Customer Invoicing and Billing,"unique exact preferred-label match (candidate filter only, per PR #120)",CandidateOnly,HOLD: context-confirmation pass,label filter leaves one candidate: CM-1-3-8-1; resolution requires context evidence,,Q12
REL-01251,d7310c9acd37c893d7d6926645c715f425eb9dc8,CM-1-3-7-1,Manage Commercial Master Data Stewardship,Commercial & Marketing,uses-input,Implement sales price,SoleCandidate,CM-1-3-6-3-2,Implement sales price,"unique exact preferred-label match (candidate filter only, per PR #120)",CandidateOnly,HOLD: context-confirmation pass,label filter leaves one candidate: CM-1-3-6-3-2; resolution requires context evidence,,Q12
REL-01252,d7310c9acd37c893d7d6926645c715f425eb9dc8,CM-1-3-7-2,"Manage Commercial Terms, Quoting, and Customer Commercial Services",Commercial & Marketing,uses-input,Maintain Price & Discount Master Data,SoleCandidate,CM-1-3-7-1-2,Maintain Price & Discount Master Data,"unique exact preferred-label match (candidate filter only, per PR #120)",CandidateOnly,HOLD: context-confirmation pass,label filter leaves one candidate: CM-1-3-7-1-2; resolution requires context evidence,,Q12
REL-01253,d7310c9acd37c893d7d6926645c715f425eb9dc8,CM-1-3-7-2,"Manage Commercial Terms, Quoting, and Customer Commercial Services",Commercial & Marketing,uses-input,Maintain Commercial Policy Content and Approved Parameters (CM-1-3-7-1-6),ResolvedToConcept,CM-1-3-7-1-6,Maintain Commercial Policy Content and Approved Parameters,stable identifier CM-1-3-7-1-6 carried in mention text,StableIdentifier,emit automatically after subject/target existence checks,target carries its slug; resolves to Maintain Commercial Policy Content and Approved Parameters,,Q11+Q12
REL-01254,d7310c9acd37c893d7d6926645c715f425eb9dc8,CM-1-3-7-2,"Manage Commercial Terms, Quoting, and Customer Commercial Services",Commercial & Marketing,enables,Capture And Manage Order Fulfillment,SoleCandidate,CM-1-3-7-3,Capture And Manage Order Fulfillment,"unique exact preferred-label match (candidate filter only, per PR #120)",CandidateOnly,HOLD: context-confirmation pass,label filter leaves one candidate: CM-1-3-7-3; resolution requires context evidence,,Q12
REL-01255,d7310c9acd37c893d7d6926645c715f425eb9dc8,CM-1-3-7-3,Capture And Manage Order Fulfillment,Commercial & Marketing,uses-input,Manage Commercial Master Data Stewardship (CM-1-3-7-1),ResolvedToConcept,CM-1-3-7-1,Manage Commercial Master Data Stewardship,stable identifier CM-1-3-7-1 carried in mention text,StableIdentifier,emit automatically after subject/target existence checks,target carries its slug; resolves to Manage Commercial Master Data Stewardship,,Q11+Q12
REL-01256,d7310c9acd37c893d7d6926645c715f425eb9dc8,CM-1-3-7-3,Capture And Manage Order Fulfillment,Commercial & Marketing,governed-by,Manage Credit & Risk,SoleCandidate,CM-1-3-7-4,Manage Credit & Risk,"unique exact preferred-label match (candidate filter only, per PR #120)",CandidateOnly,APPROVED as core:governedBy (scope-qualified) — Hamid 2026-09-25,"SCOPE: credit-control gates within fulfillment (governed master data, credit, tax, terms controls; no-self-exception rule) — not all order/fulfillment decisions.",governed-by review (16-row),Q12; review batch 2026-09-25
REL-01257,d7310c9acd37c893d7d6926645c715f425eb9dc8,CM-1-3-7-3,Capture And Manage Order Fulfillment,Commercial & Marketing,enables,Manage Customer Invoicing and Billing,SoleCandidate,CM-1-3-8-1,Manage Customer Invoicing and Billing,"unique exact preferred-label match (candidate filter only, per PR #120)",CandidateOnly,HOLD: context-confirmation pass,label filter leaves one candidate: CM-1-3-8-1; resolution requires context evidence,,Q12
REL-01258,d7310c9acd37c893d7d6926645c715f425eb9dc8,CM-1-3-7-4,Manage Credit & Risk,Commercial & Marketing,governed-by,Maintain Credit Policies,SoleCandidate,CM-1-3-7-4-1,Maintain Credit Policies,"unique exact preferred-label match (candidate filter only, per PR #120)",CandidateOnly,HOLD: context-confirmation pass,label filter leaves one candidate: CM-1-3-7-4-1; resolution requires context evidence,,Q12
REL-01259,d7310c9acd37c893d7d6926645c715f425eb9dc8,CM-1-3-7-4,Manage Credit & Risk,Commercial & Marketing,enables,Capture And Manage Order Fulfillment,SoleCandidate,CM-1-3-7-3,Capture And Manage Order Fulfillment,"unique exact preferred-label match (candidate filter only, per PR #120)",CandidateOnly,HOLD: context-confirmation pass,label filter leaves one candidate: CM-1-3-7-3; resolution requires context evidence,,Q12
REL-01260,d7310c9acd37c893d7d6926645c715f425eb9dc8,CM-1-3-7-4,Manage Credit & Risk,Commercial & Marketing,enables,Manage Receivables Resolution (CM-1-3-8-3),ResolvedToConcept,CM-1-3-8-3,Manage Receivables Resolution,stable identifier CM-1-3-8-3 carried in mention text,StableIdentifier,emit automatically after subject/target existence checks,target carries its slug; resolves to Manage Receivables Resolution,,Q11+Q12
REL-01261,d7310c9acd37c893d7d6926645c715f425eb9dc8,CM-1-3-7-5,Manage Customer Requests and Inquiries,Commercial & Marketing,uses-input,Manage Customer Portal,SoleCandidate,CM-1-3-7-2-6,Manage Customer Portal,"unique exact preferred-label match (candidate filter only, per PR #120)",CandidateOnly,HOLD: context-confirmation pass,label filter leaves one candidate: CM-1-3-7-2-6; resolution requires context evidence,,Q12
REL-01262,d7310c9acd37c893d7d6926645c715f425eb9dc8,CM-1-3-7-5,Manage Customer Requests and Inquiries,Commercial & Marketing,enables,Manage Receivables Disputes (CM-1-3-8-3-1),ResolvedToConcept,CM-1-3-8-3-1,Manage Receivables Disputes,stable identifier CM-1-3-8-3-1 carried in mention text,StableIdentifier,emit automatically after subject/target existence checks,target carries its slug; resolves to Manage Receivables Disputes,,Q11+Q12
REL-01263,d7310c9acd37c893d7d6926645c715f425eb9dc8,CM-1-3-7-5,Manage Customer Requests and Inquiries,Commercial & Marketing,uses-input,Track Order Book and Forecast Order Volumes (CM-1-3-7-3-5),ResolvedToConcept,CM-1-3-7-3-5,Track Order Book and Forecast Order Volumes,stable identifier CM-1-3-7-3-5 carried in mention text,StableIdentifier,emit automatically after subject/target existence checks,target carries its slug; resolves to Track Order Book and Forecast Order Volumes,,Q11+Q12
REL-01264,d7310c9acd37c893d7d6926645c715f425eb9dc8,CM-1-3-8-2,"Manage Cash Application, A/R & Revenue Accounting",Commercial & Marketing,uses-input,Manage Customer Invoicing and Billing,SoleCandidate,CM-1-3-8-1,Manage Customer Invoicing and Billing,"unique exact preferred-label match (candidate filter only, per PR #120)",CandidateOnly,HOLD: context-confirmation pass,label filter leaves one candidate: CM-1-3-8-1; resolution requires context evidence,,Q12
REL-01265,d7310c9acd37c893d7d6926645c715f425eb9dc8,CM-1-3-8-2,"Manage Cash Application, A/R & Revenue Accounting",Commercial & Marketing,enables,Manage Receivables Resolution (CM-1-3-8-3),ResolvedToConcept,CM-1-3-8-3,Manage Receivables Resolution,stable identifier CM-1-3-8-3 carried in mention text,StableIdentifier,emit automatically after subject/target existence checks,target carries its slug; resolves to Manage Receivables Resolution,,Q11+Q12
REL-01266,d7310c9acd37c893d7d6926645c715f425eb9dc8,CM-1-3-8-2,"Manage Cash Application, A/R & Revenue Accounting",Commercial & Marketing,enables,Perform Period-End Processing (CM-1-3-8-4-1),ResolvedToConcept,CM-1-3-8-4-1,Perform Period-End Processing,stable identifier CM-1-3-8-4-1 carried in mention text,StableIdentifier,emit automatically after subject/target existence checks,target carries its slug; resolves to Perform Period-End Processing,,Q11+Q12
REL-01267,d7310c9acd37c893d7d6926645c715f425eb9dc8,CM-1-3-9-1,Service & Support Enablement,Commercial & Marketing,enables,Manage Customer Requests and Inquiries,SoleCandidate,CM-1-3-7-5,Manage Customer Requests and Inquiries,"unique exact preferred-label match (candidate filter only, per PR #120)",CandidateOnly,HOLD: context-confirmation pass,label filter leaves one candidate: CM-1-3-7-5; resolution requires context evidence,,Q12
REL-01268,d7310c9acd37c893d7d6926645c715f425eb9dc8,CM-1-3-9-1,Service & Support Enablement,Commercial & Marketing,enables,Service & Support Delivery,SoleCandidate,CM-1-3-9-2,Service & Support Delivery,"unique exact preferred-label match (candidate filter only, per PR #120)",CandidateOnly,HOLD: context-confirmation pass,label filter leaves one candidate: CM-1-3-9-2; resolution requires context evidence,,Q12
REL-01269,d7310c9acd37c893d7d6926645c715f425eb9dc8,CM-1-2-4-3,Regulatory & Compliance,Commercial & Marketing,assures,Trading Management,SoleCandidate,CM-1-2-1,Trading Management,"unique exact preferred-label match (candidate filter only, per PR #120)",CandidateOnly,HOLD: context-confirmation pass,label filter leaves one candidate: CM-1-2-1; resolution requires context evidence,,Q12
REL-01270,d7310c9acd37c893d7d6926645c715f425eb9dc8,CM-1-2-4-3,Regulatory & Compliance,Commercial & Marketing,assures,Settlements,SoleCandidate,CM-1-2-4-1,Settlements,"unique exact preferred-label match (candidate filter only, per PR #120)",CandidateOnly,HOLD: context-confirmation pass,label filter leaves one candidate: CM-1-2-4-1; resolution requires context evidence,,Q12
REL-01271,d7310c9acd37c893d7d6926645c715f425eb9dc8,CM-1-2-4-3,Regulatory & Compliance,Commercial & Marketing,informed-by,Develop Compliance Policies & Procedures,SoleCandidate,CM-1-2-4-3-1,Develop Compliance Policies & Procedures,"unique exact preferred-label match (candidate filter only, per PR #120)",CandidateOnly,HOLD: context-confirmation pass,label filter leaves one candidate: CM-1-2-4-3-1; resolution requires context evidence,,Q12
REL-01272,d7310c9acd37c893d7d6926645c715f425eb9dc8,CM-1-3-3-5,Marketing Communications Strategy,Commercial & Marketing,informed-by,Brand Strategy,SoleCandidate,CM-1-3-2-1,Brand Strategy,"unique exact preferred-label match (candidate filter only, per PR #120)",CandidateOnly,HOLD: context-confirmation pass,label filter leaves one candidate: CM-1-3-2-1; resolution requires context evidence,,Q12
REL-01273,d7310c9acd37c893d7d6926645c715f425eb9dc8,CM-1-3-3-5,Marketing Communications Strategy,Commercial & Marketing,enables,Marketing Communications Planning,SoleCandidate,CM-1-3-5-3,Marketing Communications Planning,"unique exact preferred-label match (candidate filter only, per PR #120)",CandidateOnly,HOLD: context-confirmation pass,label filter leaves one candidate: CM-1-3-5-3; resolution requires context evidence,,Q12
REL-01274,d7310c9acd37c893d7d6926645c715f425eb9dc8,CM-1-3-3-5,Marketing Communications Strategy,Commercial & Marketing,enables,Integrated Marketing Planning (Advertising),SoleCandidate,CM-1-3-5-2,Integrated Marketing Planning (Advertising),"unique exact preferred-label match (candidate filter only, per PR #120)",CandidateOnly,HOLD: context-confirmation pass,label filter leaves one candidate: CM-1-3-5-2; resolution requires context evidence,,Q12
REL-01275,d7310c9acd37c893d7d6926645c715f425eb9dc8,CM-1-3-6-2,Sales Execution,Commercial & Marketing,informed-by,Sales Planning (CM-1-3-5-1),ResolvedToConcept,CM-1-3-5-1,Sales Planning,stable identifier CM-1-3-5-1 carried in mention text,StableIdentifier,emit automatically after subject/target existence checks,target carries its slug; resolves to Sales Planning,,Q11+Q12
REL-01276,d7310c9acd37c893d7d6926645c715f425eb9dc8,CM-1-3-6-2,Sales Execution,Commercial & Marketing,uses-input,Sales Pricing Management,SoleCandidate,CM-1-3-6-3,Sales Pricing Management,"unique exact preferred-label match (candidate filter only, per PR #120)",CandidateOnly,HOLD: context-confirmation pass,label filter leaves one candidate: CM-1-3-6-3; resolution requires context evidence,,Q12
REL-01277,d7310c9acd37c893d7d6926645c715f425eb9dc8,CM-1-3-6-2,Sales Execution,Commercial & Marketing,enables,"Manage Commercial Terms, Quoting, and Customer Commercial Services (CM-1-3-7-2)",ResolvedToConcept,CM-1-3-7-2,"Manage Commercial Terms, Quoting, and Customer Commercial Services",stable identifier CM-1-3-7-2 carried in mention text,StableIdentifier,emit automatically after subject/target existence checks,"target carries its slug; resolves to Manage Commercial Terms, Quoting, and Customer Commercial Services",,Q11+Q12
REL-01278,d7310c9acd37c893d7d6926645c715f425eb9dc8,CM-1-3-8-4,"Manage Accounting, Regulatory Reporting and Compliance",Commercial & Marketing,uses-input,Manage Customer Invoicing and Billing,SoleCandidate,CM-1-3-8-1,Manage Customer Invoicing and Billing,"unique exact preferred-label match (candidate filter only, per PR #120)",CandidateOnly,HOLD: context-confirmation pass,label filter leaves one candidate: CM-1-3-8-1; resolution requires context evidence,,Q12
REL-01279,d7310c9acd37c893d7d6926645c715f425eb9dc8,CM-1-3-8-4,"Manage Accounting, Regulatory Reporting and Compliance",Commercial & Marketing,uses-input,"Manage Cash Application, A/R & Revenue Accounting",SoleCandidate,CM-1-3-8-2,"Manage Cash Application, A/R & Revenue Accounting","unique exact preferred-label match (candidate filter only, per PR #120)",CandidateOnly,HOLD: context-confirmation pass,label filter leaves one candidate: CM-1-3-8-2; resolution requires context evidence,,Q12
REL-01280,d7310c9acd37c893d7d6926645c715f425eb9dc8,CM-1-3-8-4,"Manage Accounting, Regulatory Reporting and Compliance",Commercial & Marketing,uses-input,Manage Receivables Resolution (CM-1-3-8-3),ResolvedToConcept,CM-1-3-8-3,Manage Receivables Resolution,stable identifier CM-1-3-8-3 carried in mention text,StableIdentifier,emit automatically after subject/target existence checks,target carries its slug; resolves to Manage Receivables Resolution,,Q11+Q12
REL-01281,d7310c9acd37c893d7d6926645c715f425eb9dc8,CM-1-1-4-7,Refinery Optimization,Refining,enables,Refinery Planning and Optimization,SoleCandidate,CM-1-1-4,Refinery Planning and Optimization,"unique exact preferred-label match (candidate filter only, per PR #120)",CandidateOnly,HOLD: context-confirmation pass,label filter leaves one candidate: CM-1-1-4; resolution requires context evidence,changed-label review (18-row),Q12; changed-label batch 2026-09-25
REL-01282,d7310c9acd37c893d7d6926645c715f425eb9dc8,CM-1-1-4-7,Refinery Optimization,Refining,informed-by,Produce Demand Forecast (CM-1-1-1-1),ResolvedToConcept,CM-1-1-1-1,Produce Demand Forecast,stable identifier CM-1-1-1-1 carried in mention text,StableIdentifier,emit automatically after subject/target existence checks,target carries its slug; resolves to Produce Demand Forecast,,Q11+Q12
REL-01283,d7310c9acd37c893d7d6926645c715f425eb9dc8,CM-1-1-4-7,Refinery Optimization,Refining,informed-by,Allocate Crude and Feedstock (CM-1-1-2-10),ResolvedToConcept,CM-1-1-2-10,Allocate Crude and Feedstock,stable identifier CM-1-1-2-10 carried in mention text,StableIdentifier,emit automatically after subject/target existence checks,target carries its slug; resolves to Allocate Crude and Feedstock,,Q11+Q12
REL-01284,d7310c9acd37c893d7d6926645c715f425eb9dc8,CM-1-1-4-7,Refinery Optimization,Refining,constrained-by,Inventory Management (CM-1-1-3-7),ResolvedToConcept,CM-1-1-3-7,Inventory Management,stable identifier CM-1-1-3-7 carried in mention text,StableIdentifier,emit automatically after subject/target existence checks,target carries its slug; resolves to Inventory Management,,Q11+Q12
REL-01285,d7310c9acd37c893d7d6926645c715f425eb9dc8,CM-1-1-4-7,Refinery Optimization,Refining,precedes,Refinery Production Planning and Scheduling,SoleCandidate,CM-1-1-7,Refinery Production Planning and Scheduling,"unique exact preferred-label match (candidate filter only, per PR #120)",CandidateOnly,HOLD: context-confirmation pass,label filter leaves one candidate: CM-1-1-7; resolution requires context evidence,changed-label review (18-row),Q12; changed-label batch 2026-09-25
REL-01286,d7310c9acd37c893d7d6926645c715f425eb9dc8,CM-1-2-2-1,Credit Risk Management,Commercial & Marketing,governed-by,Regulatory & Compliance,SoleCandidate,CM-1-2-4-3,Regulatory & Compliance,"unique exact preferred-label match (candidate filter only, per PR #120)",CandidateOnly,HOLD — source review — Hamid 2026-09-25,"Credit Risk Management is an independent risk-control function; compliance monitoring does not establish authority over credit-risk policy. Possible future subjectToComplianceRequirements, not governedBy.",governed-by review (16-row),Q12; review batch 2026-09-25
REL-01287,d7310c9acd37c893d7d6926645c715f425eb9dc8,CM-1-2-2-1,Credit Risk Management,Commercial & Marketing,enables,Trade Capture,SoleCandidate,CM-1-2-1-3,Trade Capture,"unique exact preferred-label match (candidate filter only, per PR #120)",CandidateOnly,HOLD: context-confirmation pass,label filter leaves one candidate: CM-1-2-1-3; resolution requires context evidence,,Q12
REL-01288,d7310c9acd37c893d7d6926645c715f425eb9dc8,CM-1-2-2-1,Credit Risk Management,Commercial & Marketing,enables,Contract Management,SoleCandidate,CM-1-2-1-2,Contract Management,"unique exact preferred-label match (candidate filter only, per PR #120)",CandidateOnly,HOLD: context-confirmation pass,label filter leaves one candidate: CM-1-2-1-2; resolution requires context evidence,,Q12
REL-01289,d7310c9acd37c893d7d6926645c715f425eb9dc8,CM-1-2-3-1,Actualizations,Commercial & Marketing,follows,Trade Capture,SoleCandidate,CM-1-2-1-3,Trade Capture,"unique exact preferred-label match (candidate filter only, per PR #120)",CandidateOnly,HOLD: context-confirmation pass,label filter leaves one candidate: CM-1-2-1-3; resolution requires context evidence,,Q12
REL-01290,d7310c9acd37c893d7d6926645c715f425eb9dc8,CM-1-2-3-1,Actualizations,Commercial & Marketing,informed-by,Confirmations Management,SoleCandidate,CM-1-2-2-2,Confirmations Management,"unique exact preferred-label match (candidate filter only, per PR #120)",CandidateOnly,HOLD: context-confirmation pass,label filter leaves one candidate: CM-1-2-2-2; resolution requires context evidence,,Q12
REL-01291,d7310c9acd37c893d7d6926645c715f425eb9dc8,CM-1-2-3-1,Actualizations,Commercial & Marketing,precedes,Settlements,SoleCandidate,CM-1-2-4-1,Settlements,"unique exact preferred-label match (candidate filter only, per PR #120)",CandidateOnly,HOLD: context-confirmation pass,label filter leaves one candidate: CM-1-2-4-1; resolution requires context evidence,,Q12
REL-01292,d7310c9acd37c893d7d6926645c715f425eb9dc8,CM-1-2-4-4,Demurrage Management,Commercial & Marketing,uses-input,Perform Vessel & Barge Actualization,SoleCandidate,CM-1-2-3-1-4,Perform Vessel & Barge Actualization,"unique exact preferred-label match (candidate filter only, per PR #120)",CandidateOnly,HOLD: context-confirmation pass,label filter leaves one candidate: CM-1-2-3-1-4; resolution requires context evidence,,Q12
REL-01293,d7310c9acd37c893d7d6926645c715f425eb9dc8,CM-1-2-4-4,Demurrage Management,Commercial & Marketing,uses-input,Manage Carrier Contracts,SoleCandidate,CM-1-2-1-2-9,Manage Carrier Contracts,"unique exact preferred-label match (candidate filter only, per PR #120)",CandidateOnly,HOLD: context-confirmation pass,label filter leaves one candidate: CM-1-2-1-2-9; resolution requires context evidence,,Q12
REL-01294,d7310c9acd37c893d7d6926645c715f425eb9dc8,CM-1-2-4-4,Demurrage Management,Commercial & Marketing,precedes,Manage AR/AP & Actuals,SoleCandidate,CM-1-2-4-2-4,Manage AR/AP & Actuals,"unique exact preferred-label match (candidate filter only, per PR #120)",CandidateOnly,HOLD: context-confirmation pass,label filter leaves one candidate: CM-1-2-4-2-4; resolution requires context evidence,,Q12
REL-01295,d7310c9acd37c893d7d6926645c715f425eb9dc8,CM-1-3-5-3,Marketing Communications Planning,Commercial & Marketing,informed-by,Marketing Communications Strategy,SoleCandidate,CM-1-3-3-5,Marketing Communications Strategy,"unique exact preferred-label match (candidate filter only, per PR #120)",CandidateOnly,HOLD: context-confirmation pass,label filter leaves one candidate: CM-1-3-3-5; resolution requires context evidence,,Q12
REL-01296,d7310c9acd37c893d7d6926645c715f425eb9dc8,CM-1-3-5-3,Marketing Communications Planning,Commercial & Marketing,enables,Integrated Marketing Planning (Advertising),SoleCandidate,CM-1-3-5-2,Integrated Marketing Planning (Advertising),"unique exact preferred-label match (candidate filter only, per PR #120)",CandidateOnly,HOLD: context-confirmation pass,label filter leaves one candidate: CM-1-3-5-2; resolution requires context evidence,,Q12
REL-01297,d7310c9acd37c893d7d6926645c715f425eb9dc8,CM-1-3-5-3,Marketing Communications Planning,Commercial & Marketing,enables,Marketing Plan Execution,SoleCandidate,CM-1-3-6-5,Marketing Plan Execution,"unique exact preferred-label match (candidate filter only, per PR #120)",CandidateOnly,HOLD: context-confirmation pass,label filter leaves one candidate: CM-1-3-6-5; resolution requires context evidence,,Q12
REL-01298,d7310c9acd37c893d7d6926645c715f425eb9dc8,CM-1-2-1-2,Contract Management,Commercial & Marketing,enables,Trade Capture,SoleCandidate,CM-1-2-1-3,Trade Capture,"unique exact preferred-label match (candidate filter only, per PR #120)",CandidateOnly,HOLD: context-confirmation pass,label filter leaves one candidate: CM-1-2-1-3; resolution requires context evidence,,Q12
REL-01299,d7310c9acd37c893d7d6926645c715f425eb9dc8,CM-1-2-1-2,Contract Management,Commercial & Marketing,enables,Confirmations Management,SoleCandidate,CM-1-2-2-2,Confirmations Management,"unique exact preferred-label match (candidate filter only, per PR #120)",CandidateOnly,HOLD: context-confirmation pass,label filter leaves one candidate: CM-1-2-2-2; resolution requires context evidence,,Q12
REL-01300,d7310c9acd37c893d7d6926645c715f425eb9dc8,CM-1-2-1-2,Contract Management,Commercial & Marketing,governed-by,Credit Risk Management,SoleCandidate,CM-1-2-2-1,Credit Risk Management,"unique exact preferred-label match (candidate filter only, per PR #120)",CandidateOnly,HOLD: context-confirmation pass,label filter leaves one candidate: CM-1-2-2-1; resolution requires context evidence,,Q12
REL-01301,d7310c9acd37c893d7d6926645c715f425eb9dc8,CM-1-2-1-3,Trade Capture,Commercial & Marketing,follows,Trading Strategy Management,SoleCandidate,CM-1-2-1-4,Trading Strategy Management,"unique exact preferred-label match (candidate filter only, per PR #120)",CandidateOnly,HOLD: context-confirmation pass,label filter leaves one candidate: CM-1-2-1-4; resolution requires context evidence,,Q12
REL-01302,d7310c9acd37c893d7d6926645c715f425eb9dc8,CM-1-2-1-3,Trade Capture,Commercial & Marketing,precedes,Confirmations Management,SoleCandidate,CM-1-2-2-2,Confirmations Management,"unique exact preferred-label match (candidate filter only, per PR #120)",CandidateOnly,HOLD: context-confirmation pass,label filter leaves one candidate: CM-1-2-2-2; resolution requires context evidence,,Q12
REL-01303,d7310c9acd37c893d7d6926645c715f425eb9dc8,CM-1-2-1-3,Trade Capture,Commercial & Marketing,enables,Market Risk Management,SoleCandidate,CM-1-2-2-3,Market Risk Management,"unique exact preferred-label match (candidate filter only, per PR #120)",CandidateOnly,HOLD: context-confirmation pass,label filter leaves one candidate: CM-1-2-2-3; resolution requires context evidence,,Q12
REL-01304,d7310c9acd37c893d7d6926645c715f425eb9dc8,CM-1-1-3-7,Inventory Management,Commercial & Marketing,enables,Regional Optimization,SoleCandidate,CM-1-1-2,Regional Optimization,"unique exact preferred-label match (candidate filter only, per PR #120)",CandidateOnly,HOLD: context-confirmation pass,label filter leaves one candidate: CM-1-1-2; resolution requires context evidence,,Q12
REL-01305,d7310c9acd37c893d7d6926645c715f425eb9dc8,CM-1-1-3-7,Inventory Management,Commercial & Marketing,enables,Capture Inventory,SoleCandidate,CM-1-1-4-7-6,Capture Inventory,"unique exact preferred-label match (candidate filter only, per PR #120)",CandidateOnly,HOLD: context-confirmation pass,label filter leaves one candidate: CM-1-1-4-7-6; resolution requires context evidence,,Q12
REL-01306,d7310c9acd37c893d7d6926645c715f425eb9dc8,CM-1-1-3-7,Inventory Management,Commercial & Marketing,informed-by,Plan Finished Goods Inventory,SoleCandidate,CM-1-1-2-13,Plan Finished Goods Inventory,"unique exact preferred-label match (candidate filter only, per PR #120)",CandidateOnly,HOLD: context-confirmation pass,label filter leaves one candidate: CM-1-1-2-13; resolution requires context evidence,,Q12
REL-01307,d7310c9acd37c893d7d6926645c715f425eb9dc8,CM-1-2-4-2,Accounting,Commercial & Marketing,follows,Settlements,SoleCandidate,CM-1-2-4-1,Settlements,"unique exact preferred-label match (candidate filter only, per PR #120)",CandidateOnly,HOLD: context-confirmation pass,label filter leaves one candidate: CM-1-2-4-1; resolution requires context evidence,,Q12
REL-01308,d7310c9acd37c893d7d6926645c715f425eb9dc8,CM-1-2-4-2,Accounting,Commercial & Marketing,uses-input,Perform End-of-Month (EOM) Process,SoleCandidate,CM-1-2-2-3-5,Perform End-of-Month (EOM) Process,"unique exact preferred-label match (candidate filter only, per PR #120)",CandidateOnly,HOLD: context-confirmation pass,label filter leaves one candidate: CM-1-2-2-3-5; resolution requires context evidence,,Q12
REL-01309,d7310c9acd37c893d7d6926645c715f425eb9dc8,CM-1-2-4-2,Accounting,Commercial & Marketing,governed-by,Maintain Trading Accounting Procedures and Guidance (CM-1-2-4-2-12),ResolvedToConcept,CM-1-2-4-2-12,Maintain Trading Accounting Procedures and Guidance,stable identifier CM-1-2-4-2-12 carried in mention text,StableIdentifier,emit automatically after subject/target existence checks,target carries its slug; resolves to Maintain Trading Accounting Procedures and Guidance,,Q11+Q12
REL-01310,d7310c9acd37c893d7d6926645c715f425eb9dc8,CM-1-2-2-3,Market Risk Management,Commercial & Marketing,governed-by,Regulatory & Compliance,SoleCandidate,CM-1-2-4-3,Regulatory & Compliance,"unique exact preferred-label match (candidate filter only, per PR #120)",CandidateOnly,HOLD: context-confirmation pass,label filter leaves one candidate: CM-1-2-4-3; resolution requires context evidence,,Q12
REL-01311,d7310c9acd37c893d7d6926645c715f425eb9dc8,CM-1-2-2-3,Market Risk Management,Commercial & Marketing,enables,Trading Strategy Management,SoleCandidate,CM-1-2-1-4,Trading Strategy Management,"unique exact preferred-label match (candidate filter only, per PR #120)",CandidateOnly,HOLD: context-confirmation pass,label filter leaves one candidate: CM-1-2-1-4; resolution requires context evidence,,Q12
REL-01312,d7310c9acd37c893d7d6926645c715f425eb9dc8,CM-1-2-2-3,Market Risk Management,Commercial & Marketing,enables,Trade Capture,SoleCandidate,CM-1-2-1-3,Trade Capture,"unique exact preferred-label match (candidate filter only, per PR #120)",CandidateOnly,HOLD: context-confirmation pass,label filter leaves one candidate: CM-1-2-1-3; resolution requires context evidence,,Q12
REL-01313,d7310c9acd37c893d7d6926645c715f425eb9dc8,CM-1-3-6-6,Loyalty and Cards Management (Marketing),Commercial & Marketing,governed-by,Manage Credit & Risk,SoleCandidate,CM-1-3-7-4,Manage Credit & Risk,"unique exact preferred-label match (candidate filter only, per PR #120)",CandidateOnly,APPROVED as core:governedBy (scope-qualified) — Hamid 2026-09-25,"SCOPE: credit eligibility, limits, holds/releases, risk-control constraints applied by the loyalty/card program — not total governance of loyalty/card operations.",governed-by review (16-row),Q12; review batch 2026-09-25
REL-01314,d7310c9acd37c893d7d6926645c715f425eb9dc8,CM-1-3-6-6,Loyalty and Cards Management (Marketing),Commercial & Marketing,uses-input,Manage Customer Invoicing and Billing,SoleCandidate,CM-1-3-8-1,Manage Customer Invoicing and Billing,"unique exact preferred-label match (candidate filter only, per PR #120)",CandidateOnly,HOLD: context-confirmation pass,label filter leaves one candidate: CM-1-3-8-1; resolution requires context evidence,,Q12
REL-01315,d7310c9acd37c893d7d6926645c715f425eb9dc8,CM-1-3-6-6,Loyalty and Cards Management (Marketing),Commercial & Marketing,enables,Customer Program Analysis,SoleCandidate,CM-1-3-5-5-3,Customer Program Analysis,"unique exact preferred-label match (candidate filter only, per PR #120)",CandidateOnly,HOLD: context-confirmation pass,label filter leaves one candidate: CM-1-3-5-5-3; resolution requires context evidence,,Q12
REL-01316,d7310c9acd37c893d7d6926645c715f425eb9dc8,CM-1-2-4-1,Settlements,Commercial & Marketing,follows,Actualizations,AmbiguousDeferred,CM-1-2-3 | CM-1-2-3-1,Actualizations | Actualizations,exact label matches multiple concepts; no single contextual target,Deferred,no triple; retain candidates + review trigger,label collision across 2 concepts; source context does not isolate one,label remediation or domain-owner clarification,Q12
REL-01317,d7310c9acd37c893d7d6926645c715f425eb9dc8,CM-1-2-4-1,Settlements,Commercial & Marketing,informed-by,Confirmations Management,SoleCandidate,CM-1-2-2-2,Confirmations Management,"unique exact preferred-label match (candidate filter only, per PR #120)",CandidateOnly,HOLD: context-confirmation pass,label filter leaves one candidate: CM-1-2-2-2; resolution requires context evidence,,Q12
REL-01318,d7310c9acd37c893d7d6926645c715f425eb9dc8,CM-1-2-4-1,Settlements,Commercial & Marketing,enables,Manage AR/AP & Actuals,SoleCandidate,CM-1-2-4-2-4,Manage AR/AP & Actuals,"unique exact preferred-label match (candidate filter only, per PR #120)",CandidateOnly,HOLD: context-confirmation pass,label filter leaves one candidate: CM-1-2-4-2-4; resolution requires context evidence,,Q12
