source_slug,source_label,branch_domain,verb,raw_target,disposition,candidate_slugs,candidate_labels,evidence,confidence,emission_decision,reason,review_trigger,decision_reference,resolution_pattern
CM-1-1-1-1-1,Prepare Master Data To Create Demand Forecast,Commercial & Marketing,precedes,Develop Statistical Baseline,ResolvedToConcept,CM-1-1-1-1-2,Develop Statistical Baseline,unique exact preferred-label match,ContextualResolved,emit after mechanical uniqueness validation,unique label match to CM-1-1-1-1-2; no contradicting context,,Q11+Q12,UniquePreferredLabel
CM-1-1-1-1-1,Prepare Master Data To Create Demand Forecast,Commercial & Marketing,enables,Produce Demand Forecast (CM-1-1-1-1),ResolvedToConcept,CM-1-1-1-1,Produce Demand Forecast,stable identifier CM-1-1-1-1 carried in mention text,Resolved,emit automatically after subject/target existence checks,target carries its slug; resolves to Produce Demand Forecast,,Q11+Q12,StableIdentifier
CM-1-1-1-1-2,Develop Statistical Baseline,Commercial & Marketing,follows,Prepare Master Data To Create Demand Forecast,ResolvedToConcept,CM-1-1-1-1-1,Prepare Master Data To Create Demand Forecast,unique exact preferred-label match,ContextualResolved,emit after mechanical uniqueness validation,unique label match to CM-1-1-1-1-1; no contradicting context,,Q11+Q12,UniquePreferredLabel
CM-1-1-1-1-2,Develop Statistical Baseline,Commercial & Marketing,precedes,Adjust Forecast Incorporating Customer Input and Market Intelligence,ResolvedToConcept,CM-1-1-1-1-3,Adjust Forecast Incorporating Customer Input and Market Intelligence,unique exact preferred-label match,ContextualResolved,emit after mechanical uniqueness validation,unique label match to CM-1-1-1-1-3; no contradicting context,,Q11+Q12,UniquePreferredLabel
CM-1-1-1-1-3,Adjust Forecast Incorporating Customer Input and Market Intelligence,Commercial & Marketing,follows,Develop Statistical Baseline,ResolvedToConcept,CM-1-1-1-1-2,Develop Statistical Baseline,unique exact preferred-label match,ContextualResolved,emit after mechanical uniqueness validation,unique label match to CM-1-1-1-1-2; no contradicting context,,Q11+Q12,UniquePreferredLabel
CM-1-1-1-1-3,Adjust Forecast Incorporating Customer Input and Market Intelligence,Commercial & Marketing,precedes,Publish Forecast and Generate Component Level Forecast Plan,ResolvedToConcept,CM-1-1-1-1-4,Publish Forecast and Generate Component Level Forecast Plan,unique exact preferred-label match,ContextualResolved,emit after mechanical uniqueness validation,unique label match to CM-1-1-1-1-4; no contradicting context,,Q11+Q12,UniquePreferredLabel
CM-1-1-1-1-4,Publish Forecast and Generate Component Level Forecast Plan,Commercial & Marketing,follows,Adjust Forecast Incorporating Customer Input and Market Intelligence,ResolvedToConcept,CM-1-1-1-1-3,Adjust Forecast Incorporating Customer Input and Market Intelligence,unique exact preferred-label match,ContextualResolved,emit after mechanical uniqueness validation,unique label match to CM-1-1-1-1-3; no contradicting context,,Q11+Q12,UniquePreferredLabel
CM-1-1-1-1-4,Publish Forecast and Generate Component Level Forecast Plan,Commercial & Marketing,precedes,Regional Optimization,ResolvedToConcept,CM-1-1-2,Regional Optimization,unique exact preferred-label match,ContextualResolved,emit after mechanical uniqueness validation,unique label match to CM-1-1-2; no contradicting context,,Q11+Q12,UniquePreferredLabel
CM-1-1-1-1-4,Publish Forecast and Generate Component Level Forecast Plan,Commercial & Marketing,enables,Capture Product Demand Requirements,ResolvedToConcept,CM-1-1-4-7-1,Capture Product Demand Requirements,unique exact preferred-label match,ContextualResolved,emit after mechanical uniqueness validation,unique label match to CM-1-1-4-7-1; no contradicting context,,Q11+Q12,UniquePreferredLabel
CM-1-1-1-1-4,Publish Forecast and Generate Component Level Forecast Plan,Commercial & Marketing,enables,Receive Demand Forecast,ResolvedToConcept,CM-1-2-1-1-2,Receive Demand Forecast,unique exact preferred-label match,ContextualResolved,emit after mechanical uniqueness validation,unique label match to CM-1-2-1-1-2; no contradicting context,,Q11+Q12,UniquePreferredLabel
CM-1-1-1-1-5,Monitor Demand Forecasting Performance and Reporting,Commercial & Marketing,follows,Publish Forecast and Generate Component Level Forecast Plan,ResolvedToConcept,CM-1-1-1-1-4,Publish Forecast and Generate Component Level Forecast Plan,unique exact preferred-label match,ContextualResolved,emit after mechanical uniqueness validation,unique label match to CM-1-1-1-1-4; no contradicting context,,Q11+Q12,UniquePreferredLabel
CM-1-1-1-1-5,Monitor Demand Forecasting Performance and Reporting,Commercial & Marketing,uses-input,Adjust Forecast Incorporating Customer Input and Market Intelligence,ResolvedToConcept,CM-1-1-1-1-3,Adjust Forecast Incorporating Customer Input and Market Intelligence,unique exact preferred-label match,ContextualResolved,emit after mechanical uniqueness validation,unique label match to CM-1-1-1-1-3; no contradicting context,,Q11+Q12,UniquePreferredLabel
CM-1-1-1-1-5,Monitor Demand Forecasting Performance and Reporting,Commercial & Marketing,enables,Produce Demand Forecast (CM-1-1-1-1),ResolvedToConcept,CM-1-1-1-1,Produce Demand Forecast,stable identifier CM-1-1-1-1 carried in mention text,Resolved,emit automatically after subject/target existence checks,target carries its slug; resolves to Produce Demand Forecast,,Q11+Q12,StableIdentifier
CM-1-1-2-10,Crude Allocation Decision,Commercial & Marketing,informed-by,Refinery Planning,ResolvedToConcept,CM-1-1-4,Refinery Planning,unique exact preferred-label match,ContextualResolved,emit after mechanical uniqueness validation,unique label match to CM-1-1-4; no contradicting context,,Q11+Q12,UniquePreferredLabel
CM-1-1-2-10,Crude Allocation Decision,Commercial & Marketing,constrained-by,Inventory Management (CM-1-1-3-7),ResolvedToConcept,CM-1-1-3-7,Inventory Management,stable identifier CM-1-1-3-7 carried in mention text,Resolved,emit automatically after subject/target existence checks,target carries its slug; resolves to Inventory Management,,Q11+Q12,StableIdentifier
CM-1-1-2-10,Crude Allocation Decision,Commercial & Marketing,precedes,Refinery Scheduling,ResolvedToConcept,CM-1-1-7,Refinery Scheduling,unique exact preferred-label match,ContextualResolved,emit after mechanical uniqueness validation,unique label match to CM-1-1-7; no contradicting context,,Q11+Q12,UniquePreferredLabel
CM-1-1-2-11,Product Allocation Decision,Commercial & Marketing,informed-by,Produce Demand Forecast (CM-1-1-1-1),ResolvedToConcept,CM-1-1-1-1,Produce Demand Forecast,stable identifier CM-1-1-1-1 carried in mention text,Resolved,emit automatically after subject/target existence checks,target carries its slug; resolves to Produce Demand Forecast,,Q11+Q12,StableIdentifier
CM-1-1-2-11,Product Allocation Decision,Commercial & Marketing,constrained-by,Inventory Management (CM-1-1-3-7),ResolvedToConcept,CM-1-1-3-7,Inventory Management,stable identifier CM-1-1-3-7 carried in mention text,Resolved,emit automatically after subject/target existence checks,target carries its slug; resolves to Inventory Management,,Q11+Q12,StableIdentifier
CM-1-1-2-11,Product Allocation Decision,Commercial & Marketing,enables,Order Management,ResolvedToConcept,CM-1-3-7,Order Management,unique exact preferred-label match,ContextualResolved,emit after mechanical uniqueness validation,unique label match to CM-1-3-7; no contradicting context,,Q11+Q12,UniquePreferredLabel
CM-1-1-2-11,Product Allocation Decision,Commercial & Marketing,enables,Terminal Loading,ResolvedToConcept,CM-1-3-10,Terminal Loading,unique exact preferred-label match,ContextualResolved,emit after mechanical uniqueness validation,unique label match to CM-1-3-10; no contradicting context,,Q11+Q12,UniquePreferredLabel
CM-1-1-2-12,Maintain Supply Planning Master Data,Commercial & Marketing,enables,Regional Optimization,ResolvedToConcept,CM-1-1-2,Regional Optimization,unique exact preferred-label match,ContextualResolved,emit after mechanical uniqueness validation,unique label match to CM-1-1-2; no contradicting context,,Q11+Q12,UniquePreferredLabel
CM-1-1-2-12,Maintain Supply Planning Master Data,Commercial & Marketing,governed-by,Data Governance,ExternalGovernanceReference,,,Q11: cross-cutting enterprise domain,Deferred,retain via approved future property; no process triple,"Data Governance is an enterprise governance domain, never a proc: node under Commercial",implementation design of governance-reference property,Q11,ExternalGovernanceReference
CM-1-1-2-12,Maintain Supply Planning Master Data,Commercial & Marketing,informed-by,Refinery Planning,ResolvedToConcept,CM-1-1-4,Refinery Planning,unique exact preferred-label match,ContextualResolved,emit after mechanical uniqueness validation,unique label match to CM-1-1-4; no contradicting context,,Q11+Q12,UniquePreferredLabel
CM-1-1-2-13,Plan Finished Goods Inventory,Commercial & Marketing,constrained-by,Inventory Management (CM-1-1-3-7),ResolvedToConcept,CM-1-1-3-7,Inventory Management,stable identifier CM-1-1-3-7 carried in mention text,Resolved,emit automatically after subject/target existence checks,target carries its slug; resolves to Inventory Management,,Q11+Q12,StableIdentifier
CM-1-1-2-13,Plan Finished Goods Inventory,Commercial & Marketing,informed-by,Produce Demand Forecast (CM-1-1-1-1),ResolvedToConcept,CM-1-1-1-1,Produce Demand Forecast,stable identifier CM-1-1-1-1 carried in mention text,Resolved,emit automatically after subject/target existence checks,target carries its slug; resolves to Produce Demand Forecast,,Q11+Q12,StableIdentifier
CM-1-1-2-13,Plan Finished Goods Inventory,Commercial & Marketing,informed-by,Refinery Planning,ResolvedToConcept,CM-1-1-4,Refinery Planning,unique exact preferred-label match,ContextualResolved,emit after mechanical uniqueness validation,unique label match to CM-1-1-4; no contradicting context,,Q11+Q12,UniquePreferredLabel
CM-1-1-2-13,Plan Finished Goods Inventory,Commercial & Marketing,enables,Product Allocation Decision,ResolvedToConcept,CM-1-1-2-11,Product Allocation Decision,unique exact preferred-label match,ContextualResolved,emit after mechanical uniqueness validation,unique label match to CM-1-1-2-11; no contradicting context,,Q11+Q12,UniquePreferredLabel
CM-1-1-3-5-1,Develop Short-Term Network Plan,Commercial & Marketing,informed-by,Regional Optimization,ResolvedToConcept,CM-1-1-2,Regional Optimization,unique exact preferred-label match,ContextualResolved,emit after mechanical uniqueness validation,unique label match to CM-1-1-2; no contradicting context,,Q11+Q12,UniquePreferredLabel
CM-1-1-3-5-1,Develop Short-Term Network Plan,Commercial & Marketing,uses-input,Manage Inventory Replenishment,ResolvedToConcept,CM-1-1-3-7-9,Manage Inventory Replenishment,unique exact preferred-label match,ContextualResolved,emit after mechanical uniqueness validation,unique label match to CM-1-1-3-7-9; no contradicting context,,Q11+Q12,UniquePreferredLabel
CM-1-1-3-5-1,Develop Short-Term Network Plan,Commercial & Marketing,precedes,Plan & Execute Nominations,ResolvedToConcept,CM-1-1-3-6-1,Plan & Execute Nominations,unique exact preferred-label match,ContextualResolved,emit after mechanical uniqueness validation,unique label match to CM-1-1-3-6-1; no contradicting context,,Q11+Q12,UniquePreferredLabel
CM-1-1-3-5-2,Coordinate Product Trading,Commercial & Marketing,enables,Develop Short-Term Network Plan,ResolvedToConcept,CM-1-1-3-5-1,Develop Short-Term Network Plan,unique exact preferred-label match,ContextualResolved,emit after mechanical uniqueness validation,unique label match to CM-1-1-3-5-1; no contradicting context,,Q11+Q12,UniquePreferredLabel
CM-1-1-3-6-1,Plan & Execute Nominations,Commercial & Marketing,follows,Develop Short-Term Network Plan,ResolvedToConcept,CM-1-1-3-5-1,Develop Short-Term Network Plan,unique exact preferred-label match,ContextualResolved,emit after mechanical uniqueness validation,unique label match to CM-1-1-3-5-1; no contradicting context,,Q11+Q12,UniquePreferredLabel
CM-1-1-3-6-1,Plan & Execute Nominations,Commercial & Marketing,precedes,Administer Scheduled Shipment Loading (CM-1-1-3-6-2),ResolvedToConcept,CM-1-1-3-6-2,Administer Scheduled Shipment Loading,stable identifier CM-1-1-3-6-2 carried in mention text,Resolved,emit automatically after subject/target existence checks,target carries its slug; resolves to Administer Scheduled Shipment Loading,,Q11+Q12,StableIdentifier
CM-1-1-3-6-2,Administer Scheduled Shipment Loading,Commercial & Marketing,follows,Plan & Execute Nominations,ResolvedToConcept,CM-1-1-3-6-1,Plan & Execute Nominations,unique exact preferred-label match,ContextualResolved,emit after mechanical uniqueness validation,unique label match to CM-1-1-3-6-1; no contradicting context,,Q11+Q12,UniquePreferredLabel
CM-1-1-3-6-2,Administer Scheduled Shipment Loading,Commercial & Marketing,precedes,Track Movements and Inventory Management,ResolvedToConcept,CM-1-1-3-6-3,Track Movements and Inventory Management,unique exact preferred-label match,ContextualResolved,emit after mechanical uniqueness validation,unique label match to CM-1-1-3-6-3; no contradicting context,,Q11+Q12,UniquePreferredLabel
CM-1-1-3-6-3,Track Movements and Inventory Management,Commercial & Marketing,follows,Administer Scheduled Shipment Loading (CM-1-1-3-6-2),ResolvedToConcept,CM-1-1-3-6-2,Administer Scheduled Shipment Loading,stable identifier CM-1-1-3-6-2 carried in mention text,Resolved,emit automatically after subject/target existence checks,target carries its slug; resolves to Administer Scheduled Shipment Loading,,Q11+Q12,StableIdentifier
CM-1-1-3-6-3,Track Movements and Inventory Management,Commercial & Marketing,enables,Monitor and Control Inventory Positions (CM-1-1-3-7-12),ResolvedToConcept,CM-1-1-3-7-12,Monitor and Control Inventory Positions,stable identifier CM-1-1-3-7-12 carried in mention text,Resolved,emit automatically after subject/target existence checks,target carries its slug; resolves to Monitor and Control Inventory Positions,,Q11+Q12,StableIdentifier
CM-1-1-3-6-3,Track Movements and Inventory Management,Commercial & Marketing,precedes,Discharge & Reconcile Load,ResolvedToConcept,CM-1-1-3-6-4,Discharge & Reconcile Load,unique exact preferred-label match,ContextualResolved,emit after mechanical uniqueness validation,unique label match to CM-1-1-3-6-4; no contradicting context,,Q11+Q12,UniquePreferredLabel
CM-1-1-3-6-4,Discharge & Reconcile Load,Commercial & Marketing,follows,Track Movements and Inventory Management,ResolvedToConcept,CM-1-1-3-6-3,Track Movements and Inventory Management,unique exact preferred-label match,ContextualResolved,emit after mechanical uniqueness validation,unique label match to CM-1-1-3-6-3; no contradicting context,,Q11+Q12,UniquePreferredLabel
CM-1-1-3-6-4,Discharge & Reconcile Load,Commercial & Marketing,enables,Perform Inventory Reconciliation,ResolvedToConcept,CM-1-1-3-7-5,Perform Inventory Reconciliation,unique exact preferred-label match,ContextualResolved,emit after mechanical uniqueness validation,unique label match to CM-1-1-3-7-5; no contradicting context,,Q11+Q12,UniquePreferredLabel
CM-1-1-3-7-1,Develop Crude/Feedstock Inventory Policy,Commercial & Marketing,informed-by,Refinery Planning,ResolvedToConcept,CM-1-1-4,Refinery Planning,unique exact preferred-label match,ContextualResolved,emit after mechanical uniqueness validation,unique label match to CM-1-1-4; no contradicting context,,Q11+Q12,UniquePreferredLabel
CM-1-1-3-7-1,Develop Crude/Feedstock Inventory Policy,Commercial & Marketing,enables,Monitor and Control Inventory Positions (CM-1-1-3-7-12),ResolvedToConcept,CM-1-1-3-7-12,Monitor and Control Inventory Positions,stable identifier CM-1-1-3-7-12 carried in mention text,Resolved,emit automatically after subject/target existence checks,target carries its slug; resolves to Monitor and Control Inventory Positions,,Q11+Q12,StableIdentifier
CM-1-1-3-7-10,Manage Lot/Batch Inventory,Commercial & Marketing,enables,Perform Inventory Reconciliation,ResolvedToConcept,CM-1-1-3-7-5,Perform Inventory Reconciliation,unique exact preferred-label match,ContextualResolved,emit after mechanical uniqueness validation,unique label match to CM-1-1-3-7-5; no contradicting context,,Q11+Q12,UniquePreferredLabel
CM-1-1-3-7-10,Manage Lot/Batch Inventory,Commercial & Marketing,informed-by,Develop Finished Product Inventory Policy,ResolvedToConcept,CM-1-1-3-7-3,Develop Finished Product Inventory Policy,unique exact preferred-label match,ContextualResolved,emit after mechanical uniqueness validation,unique label match to CM-1-1-3-7-3; no contradicting context,,Q11+Q12,UniquePreferredLabel
CM-1-1-3-7-11,Manage Third Party Storage,Commercial & Marketing,enables,Perform Inventory Reconciliation,ResolvedToConcept,CM-1-1-3-7-5,Perform Inventory Reconciliation,unique exact preferred-label match,ContextualResolved,emit after mechanical uniqueness validation,unique label match to CM-1-1-3-7-5; no contradicting context,,Q11+Q12,UniquePreferredLabel
CM-1-1-3-7-11,Manage Third Party Storage,Commercial & Marketing,uses-input,Measure Inventory,ResolvedToConcept,CM-1-1-3-7-4,Measure Inventory,unique exact preferred-label match,ContextualResolved,emit after mechanical uniqueness validation,unique label match to CM-1-1-3-7-4; no contradicting context,,Q11+Q12,UniquePreferredLabel
CM-1-1-3-7-12,Monitor and Control Inventory Positions,Commercial & Marketing,uses-input,Measure Inventory,ResolvedToConcept,CM-1-1-3-7-4,Measure Inventory,unique exact preferred-label match,ContextualResolved,emit after mechanical uniqueness validation,unique label match to CM-1-1-3-7-4; no contradicting context,,Q11+Q12,UniquePreferredLabel
CM-1-1-3-7-12,Monitor and Control Inventory Positions,Commercial & Marketing,triggers,Manage Inventory Replenishment,ResolvedToConcept,CM-1-1-3-7-9,Manage Inventory Replenishment,unique exact preferred-label match,ContextualResolved,emit after mechanical uniqueness validation,unique label match to CM-1-1-3-7-9; no contradicting context,,Q11+Q12,UniquePreferredLabel
CM-1-1-3-7-12,Monitor and Control Inventory Positions,Commercial & Marketing,governed-by,Develop Finished Product Inventory Policy,ResolvedToConcept,CM-1-1-3-7-3,Develop Finished Product Inventory Policy,unique exact preferred-label match,ContextualResolved,emit after mechanical uniqueness validation,unique label match to CM-1-1-3-7-3; no contradicting context,,Q11+Q12,UniquePreferredLabel
CM-1-1-3-7-2,Develop Intermediates Inventory Policy,Commercial & Marketing,informed-by,Refinery Planning,ResolvedToConcept,CM-1-1-4,Refinery Planning,unique exact preferred-label match,ContextualResolved,emit after mechanical uniqueness validation,unique label match to CM-1-1-4; no contradicting context,,Q11+Q12,UniquePreferredLabel
CM-1-1-3-7-2,Develop Intermediates Inventory Policy,Commercial & Marketing,enables,Monitor and Control Inventory Positions (CM-1-1-3-7-12),ResolvedToConcept,CM-1-1-3-7-12,Monitor and Control Inventory Positions,stable identifier CM-1-1-3-7-12 carried in mention text,Resolved,emit automatically after subject/target existence checks,target carries its slug; resolves to Monitor and Control Inventory Positions,,Q11+Q12,StableIdentifier
CM-1-1-3-7-3,Develop Finished Product Inventory Policy,Commercial & Marketing,enables,Plan Finished Goods Inventory,ResolvedToConcept,CM-1-1-2-13,Plan Finished Goods Inventory,unique exact preferred-label match,ContextualResolved,emit after mechanical uniqueness validation,unique label match to CM-1-1-2-13; no contradicting context,,Q11+Q12,UniquePreferredLabel
CM-1-1-3-7-3,Develop Finished Product Inventory Policy,Commercial & Marketing,enables,Manage Inventory Replenishment,ResolvedToConcept,CM-1-1-3-7-9,Manage Inventory Replenishment,unique exact preferred-label match,ContextualResolved,emit after mechanical uniqueness validation,unique label match to CM-1-1-3-7-9; no contradicting context,,Q11+Q12,UniquePreferredLabel
CM-1-1-3-7-3,Develop Finished Product Inventory Policy,Commercial & Marketing,informed-by,Produce Demand Forecast (CM-1-1-1-1),ResolvedToConcept,CM-1-1-1-1,Produce Demand Forecast,stable identifier CM-1-1-1-1 carried in mention text,Resolved,emit automatically after subject/target existence checks,target carries its slug; resolves to Produce Demand Forecast,,Q11+Q12,StableIdentifier
CM-1-1-3-7-4,Measure Inventory,Commercial & Marketing,precedes,Perform Inventory Reconciliation,ResolvedToConcept,CM-1-1-3-7-5,Perform Inventory Reconciliation,unique exact preferred-label match,ContextualResolved,emit after mechanical uniqueness validation,unique label match to CM-1-1-3-7-5; no contradicting context,,Q11+Q12,UniquePreferredLabel
CM-1-1-3-7-4,Measure Inventory,Commercial & Marketing,enables,Monitor and Control Inventory Positions (CM-1-1-3-7-12),ResolvedToConcept,CM-1-1-3-7-12,Monitor and Control Inventory Positions,stable identifier CM-1-1-3-7-12 carried in mention text,Resolved,emit automatically after subject/target existence checks,target carries its slug; resolves to Monitor and Control Inventory Positions,,Q11+Q12,StableIdentifier
CM-1-1-3-7-5,Perform Inventory Reconciliation,Commercial & Marketing,follows,Measure Inventory,ResolvedToConcept,CM-1-1-3-7-4,Measure Inventory,unique exact preferred-label match,ContextualResolved,emit after mechanical uniqueness validation,unique label match to CM-1-1-3-7-4; no contradicting context,,Q11+Q12,UniquePreferredLabel
CM-1-1-3-7-5,Perform Inventory Reconciliation,Commercial & Marketing,enables,Distribution Backcasting,ResolvedToConcept,CM-1-1-6,Distribution Backcasting,unique exact preferred-label match,ContextualResolved,emit after mechanical uniqueness validation,unique label match to CM-1-1-6; no contradicting context,,Q11+Q12,UniquePreferredLabel
CM-1-1-3-7-5,Perform Inventory Reconciliation,Commercial & Marketing,enables,Monitor and Control Inventory Positions (CM-1-1-3-7-12),ResolvedToConcept,CM-1-1-3-7-12,Monitor and Control Inventory Positions,stable identifier CM-1-1-3-7-12 carried in mention text,Resolved,emit automatically after subject/target existence checks,target carries its slug; resolves to Monitor and Control Inventory Positions,,Q11+Q12,StableIdentifier
CM-1-1-3-7-6,Manage Consignment Inventory,Commercial & Marketing,enables,Perform Inventory Reconciliation,ResolvedToConcept,CM-1-1-3-7-5,Perform Inventory Reconciliation,unique exact preferred-label match,ContextualResolved,emit after mechanical uniqueness validation,unique label match to CM-1-1-3-7-5; no contradicting context,,Q11+Q12,UniquePreferredLabel
CM-1-1-3-7-6,Manage Consignment Inventory,Commercial & Marketing,informed-by,Develop Finished Product Inventory Policy,ResolvedToConcept,CM-1-1-3-7-3,Develop Finished Product Inventory Policy,unique exact preferred-label match,ContextualResolved,emit after mechanical uniqueness validation,unique label match to CM-1-1-3-7-3; no contradicting context,,Q11+Q12,UniquePreferredLabel
CM-1-1-3-7-7,Manage Commingled Inventory,Commercial & Marketing,enables,Perform Inventory Reconciliation,ResolvedToConcept,CM-1-1-3-7-5,Perform Inventory Reconciliation,unique exact preferred-label match,ContextualResolved,emit after mechanical uniqueness validation,unique label match to CM-1-1-3-7-5; no contradicting context,,Q11+Q12,UniquePreferredLabel
CM-1-1-3-7-7,Manage Commingled Inventory,Commercial & Marketing,uses-input,Measure Inventory,ResolvedToConcept,CM-1-1-3-7-4,Measure Inventory,unique exact preferred-label match,ContextualResolved,emit after mechanical uniqueness validation,unique label match to CM-1-1-3-7-4; no contradicting context,,Q11+Q12,UniquePreferredLabel
CM-1-1-3-7-8,Manage Inventory Re-brands,Commercial & Marketing,enables,Monitor and Control Inventory Positions (CM-1-1-3-7-12),ResolvedToConcept,CM-1-1-3-7-12,Monitor and Control Inventory Positions,stable identifier CM-1-1-3-7-12 carried in mention text,Resolved,emit automatically after subject/target existence checks,target carries its slug; resolves to Monitor and Control Inventory Positions,,Q11+Q12,StableIdentifier
CM-1-1-3-7-8,Manage Inventory Re-brands,Commercial & Marketing,uses-input,Measure Inventory,ResolvedToConcept,CM-1-1-3-7-4,Measure Inventory,unique exact preferred-label match,ContextualResolved,emit after mechanical uniqueness validation,unique label match to CM-1-1-3-7-4; no contradicting context,,Q11+Q12,UniquePreferredLabel
CM-1-1-3-7-9,Manage Inventory Replenishment,Commercial & Marketing,governed-by,Develop Finished Product Inventory Policy,ResolvedToConcept,CM-1-1-3-7-3,Develop Finished Product Inventory Policy,unique exact preferred-label match,ContextualResolved,emit after mechanical uniqueness validation,unique label match to CM-1-1-3-7-3; no contradicting context,,Q11+Q12,UniquePreferredLabel
CM-1-1-3-7-9,Manage Inventory Replenishment,Commercial & Marketing,precedes,Physical Distribution Scheduling,ResolvedToConcept,CM-1-1-3-6,Physical Distribution Scheduling,unique exact preferred-label match,ContextualResolved,emit after mechanical uniqueness validation,unique label match to CM-1-1-3-6; no contradicting context,,Q11+Q12,UniquePreferredLabel
CM-1-1-3-7-9,Manage Inventory Replenishment,Commercial & Marketing,informed-by,Plan Finished Goods Inventory,ResolvedToConcept,CM-1-1-2-13,Plan Finished Goods Inventory,unique exact preferred-label match,ContextualResolved,emit after mechanical uniqueness validation,unique label match to CM-1-1-2-13; no contradicting context,,Q11+Q12,UniquePreferredLabel
CM-1-1-3-8-1,Generate Orders,Commercial & Marketing,precedes,Schedule Secondary Distribution,ResolvedToConcept,CM-1-1-3-8-2,Schedule Secondary Distribution,unique exact preferred-label match,ContextualResolved,emit after mechanical uniqueness validation,unique label match to CM-1-1-3-8-2; no contradicting context,,Q11+Q12,UniquePreferredLabel
CM-1-1-3-8-1,Generate Orders,Commercial & Marketing,informed-by,Produce Demand Forecast (CM-1-1-1-1),ResolvedToConcept,CM-1-1-1-1,Produce Demand Forecast,stable identifier CM-1-1-1-1 carried in mention text,Resolved,emit automatically after subject/target existence checks,target carries its slug; resolves to Produce Demand Forecast,,Q11+Q12,StableIdentifier
CM-1-1-3-8-2,Schedule Secondary Distribution,Commercial & Marketing,follows,Generate Orders,ResolvedToConcept,CM-1-1-3-8-1,Generate Orders,unique exact preferred-label match,ContextualResolved,emit after mechanical uniqueness validation,unique label match to CM-1-1-3-8-1; no contradicting context,,Q11+Q12,UniquePreferredLabel
CM-1-1-3-8-2,Schedule Secondary Distribution,Commercial & Marketing,precedes,Monitor Secondary Distribution Performance,ResolvedToConcept,CM-1-1-3-8-4,Monitor Secondary Distribution Performance,unique exact preferred-label match,ContextualResolved,emit after mechanical uniqueness validation,unique label match to CM-1-1-3-8-4; no contradicting context,,Q11+Q12,UniquePreferredLabel
CM-1-1-3-8-3,Maintain Secondary Distribution Scheduling Basis,Commercial & Marketing,enables,Schedule Secondary Distribution,ResolvedToConcept,CM-1-1-3-8-2,Schedule Secondary Distribution,unique exact preferred-label match,ContextualResolved,emit after mechanical uniqueness validation,unique label match to CM-1-1-3-8-2; no contradicting context,,Q11+Q12,UniquePreferredLabel
CM-1-1-3-8-3,Maintain Secondary Distribution Scheduling Basis,Commercial & Marketing,enables,Generate Orders,ResolvedToConcept,CM-1-1-3-8-1,Generate Orders,unique exact preferred-label match,ContextualResolved,emit after mechanical uniqueness validation,unique label match to CM-1-1-3-8-1; no contradicting context,,Q11+Q12,UniquePreferredLabel
CM-1-1-3-8-4,Monitor Secondary Distribution Performance,Commercial & Marketing,follows,Schedule Secondary Distribution,ResolvedToConcept,CM-1-1-3-8-2,Schedule Secondary Distribution,unique exact preferred-label match,ContextualResolved,emit after mechanical uniqueness validation,unique label match to CM-1-1-3-8-2; no contradicting context,,Q11+Q12,UniquePreferredLabel
CM-1-1-3-8-4,Monitor Secondary Distribution Performance,Commercial & Marketing,enables,Distribution Backcasting,ResolvedToConcept,CM-1-1-6,Distribution Backcasting,unique exact preferred-label match,ContextualResolved,emit after mechanical uniqueness validation,unique label match to CM-1-1-6; no contradicting context,,Q11+Q12,UniquePreferredLabel
CM-1-1-4-6-2,Plan Budgets,Finance,governed-by,Financial Planning and Performance Management,ResolvedToConcept,L2-financial-planning-and-performance-management,Financial Planning and Performance Management,unique exact preferred-label match,ContextualResolved,emit after mechanical uniqueness validation,unique label match to L2-financial-planning-and-performance-management; no contradicting context,,Q11+Q12,UniquePreferredLabel
CM-1-1-4-6-3,Coordinate Site Business Risk Management,Refining,governed-by,Refinery Performance and Risk Coordination,ResolvedToConcept,L2-refinery-performance-and-risk-coordination,Refinery Performance and Risk Coordination,unique exact preferred-label match,ContextualResolved,emit after mechanical uniqueness validation,unique label match to L2-refinery-performance-and-risk-coordination; no contradicting context,,Q11+Q12,UniquePreferredLabel
CM-1-1-4-7-1,Capture Product Demand Requirements,Commercial & Marketing,enables,Refinery Optimization,ResolvedToConcept,CM-1-1-4-7,Refinery Optimization,unique exact preferred-label match,ContextualResolved,emit after mechanical uniqueness validation,unique label match to CM-1-1-4-7; no contradicting context,,Q11+Q12,UniquePreferredLabel
CM-1-1-4-7-1,Capture Product Demand Requirements,Commercial & Marketing,informed-by,Produce Demand Forecast (CM-1-1-1-1),ResolvedToConcept,CM-1-1-1-1,Produce Demand Forecast,stable identifier CM-1-1-1-1 carried in mention text,Resolved,emit automatically after subject/target existence checks,target carries its slug; resolves to Produce Demand Forecast,,Q11+Q12,StableIdentifier
CM-1-1-4-7-1,Capture Product Demand Requirements,Commercial & Marketing,informed-by,Refined Product Demand Management,ResolvedToConcept,CM-1-2-6-2,Refined Product Demand Management,unique exact preferred-label match,ContextualResolved,emit after mechanical uniqueness validation,unique label match to CM-1-2-6-2; no contradicting context,,Q11+Q12,UniquePreferredLabel
CM-1-1-4-7-1,Capture Product Demand Requirements,Commercial & Marketing,precedes,Perform Scenario Analysis,ResolvedToConcept,CM-1-1-4-7-8,Perform Scenario Analysis,unique exact preferred-label match,ContextualResolved,emit after mechanical uniqueness validation,unique label match to CM-1-1-4-7-8; no contradicting context,,Q11+Q12,UniquePreferredLabel
CM-1-1-4-7-2,Evaluate Crude & Feedstock,Commercial & Marketing,enables,Refinery Optimization,ResolvedToConcept,CM-1-1-4-7,Refinery Optimization,unique exact preferred-label match,ContextualResolved,emit after mechanical uniqueness validation,unique label match to CM-1-1-4-7; no contradicting context,,Q11+Q12,UniquePreferredLabel
CM-1-1-4-7-2,Evaluate Crude & Feedstock,Commercial & Marketing,uses-input,Capture Crude Availability,ResolvedToConcept,CM-1-1-4-7-3,Capture Crude Availability,unique exact preferred-label match,ContextualResolved,emit after mechanical uniqueness validation,unique label match to CM-1-1-4-7-3; no contradicting context,,Q11+Q12,UniquePreferredLabel
CM-1-1-4-7-2,Evaluate Crude & Feedstock,Commercial & Marketing,uses-input,Capture Product/Crude/Feedstock Price,ResolvedToConcept,CM-1-1-4-7-4,Capture Product/Crude/Feedstock Price,unique exact preferred-label match,ContextualResolved,emit after mechanical uniqueness validation,unique label match to CM-1-1-4-7-4; no contradicting context,,Q11+Q12,UniquePreferredLabel
CM-1-1-4-7-2,Evaluate Crude & Feedstock,Commercial & Marketing,constrained-by,Capture Refinery Level Constraints,ResolvedToConcept,CM-1-1-4-7-5,Capture Refinery Level Constraints,unique exact preferred-label match,ContextualResolved,emit after mechanical uniqueness validation,unique label match to CM-1-1-4-7-5; no contradicting context,,Q11+Q12,UniquePreferredLabel
CM-1-1-4-7-3,Capture Crude Availability,Commercial & Marketing,enables,Refinery Optimization,ResolvedToConcept,CM-1-1-4-7,Refinery Optimization,unique exact preferred-label match,ContextualResolved,emit after mechanical uniqueness validation,unique label match to CM-1-1-4-7; no contradicting context,,Q11+Q12,UniquePreferredLabel
CM-1-1-4-7-3,Capture Crude Availability,Commercial & Marketing,enables,Evaluate Crude & Feedstock,ResolvedToConcept,CM-1-1-4-7-2,Evaluate Crude & Feedstock,unique exact preferred-label match,ContextualResolved,emit after mechanical uniqueness validation,unique label match to CM-1-1-4-7-2; no contradicting context,,Q11+Q12,UniquePreferredLabel
CM-1-1-4-7-3,Capture Crude Availability,Commercial & Marketing,informed-by,Supply And Trading,ResolvedToConcept,CM-1-2,Supply And Trading,unique exact preferred-label match,ContextualResolved,emit after mechanical uniqueness validation,unique label match to CM-1-2; no contradicting context,,Q11+Q12,UniquePreferredLabel
CM-1-1-4-7-3,Capture Crude Availability,Commercial & Marketing,constrained-by,Capture Refinery Level Constraints,ResolvedToConcept,CM-1-1-4-7-5,Capture Refinery Level Constraints,unique exact preferred-label match,ContextualResolved,emit after mechanical uniqueness validation,unique label match to CM-1-1-4-7-5; no contradicting context,,Q11+Q12,UniquePreferredLabel
CM-1-1-4-7-4,Capture Product/Crude/Feedstock Price,Commercial & Marketing,enables,Refinery Optimization,ResolvedToConcept,CM-1-1-4-7,Refinery Optimization,unique exact preferred-label match,ContextualResolved,emit after mechanical uniqueness validation,unique label match to CM-1-1-4-7; no contradicting context,,Q11+Q12,UniquePreferredLabel
CM-1-1-4-7-4,Capture Product/Crude/Feedstock Price,Commercial & Marketing,enables,Evaluate Crude & Feedstock,ResolvedToConcept,CM-1-1-4-7-2,Evaluate Crude & Feedstock,unique exact preferred-label match,ContextualResolved,emit after mechanical uniqueness validation,unique label match to CM-1-1-4-7-2; no contradicting context,,Q11+Q12,UniquePreferredLabel
CM-1-1-4-7-4,Capture Product/Crude/Feedstock Price,Commercial & Marketing,informed-by,Supply And Trading,ResolvedToConcept,CM-1-2,Supply And Trading,unique exact preferred-label match,ContextualResolved,emit after mechanical uniqueness validation,unique label match to CM-1-2; no contradicting context,,Q11+Q12,UniquePreferredLabel
CM-1-1-4-7-4,Capture Product/Crude/Feedstock Price,Commercial & Marketing,produces,contemporaneous assumption basis for Regional Backcasting,StructuredFlowValue,,,Q11/Q5: produced information value (intake:primaryOutput-style produces: verb),Deferred,retain as governed structured flow value; no process triple,"information flowing into Regional Backcasting, not an activity; governed structured flow value per Q5",consumer needing InformationObject identity (Q5 revisit trigger),Q11,StructuredFlowValue
CM-1-1-4-7-5,Capture Refinery Level Constraints,Commercial & Marketing,enables,Refinery Optimization,ResolvedToConcept,CM-1-1-4-7,Refinery Optimization,unique exact preferred-label match,ContextualResolved,emit after mechanical uniqueness validation,unique label match to CM-1-1-4-7; no contradicting context,,Q11+Q12,UniquePreferredLabel
CM-1-1-4-7-5,Capture Refinery Level Constraints,Commercial & Marketing,constrained-by,Refining,ResolvedToConcept,L1-refining,Refining,unique exact preferred-label match,ContextualResolved,emit after mechanical uniqueness validation,unique label match to L1-refining; no contradicting context,,Q11+Q12,UniquePreferredLabel
CM-1-1-4-7-5,Capture Refinery Level Constraints,Commercial & Marketing,informed-by,EHS & Gov Reporting,ResolvedToConcept,L1-ehs-gov-reporting,EHS & Gov Reporting,unique exact preferred-label match,ContextualResolved,emit after mechanical uniqueness validation,unique label match to L1-ehs-gov-reporting; no contradicting context,,Q11+Q12,UniquePreferredLabel
CM-1-1-4-7-5,Capture Refinery Level Constraints,Commercial & Marketing,constrains,Perform Scenario Analysis,ResolvedToConcept,CM-1-1-4-7-8,Perform Scenario Analysis,unique exact preferred-label match,ContextualResolved,emit after mechanical uniqueness validation,unique label match to CM-1-1-4-7-8; no contradicting context,,Q11+Q12,UniquePreferredLabel
CM-1-1-4-7-6,Capture Inventory,Commercial & Marketing,enables,Refinery Optimization,ResolvedToConcept,CM-1-1-4-7,Refinery Optimization,unique exact preferred-label match,ContextualResolved,emit after mechanical uniqueness validation,unique label match to CM-1-1-4-7; no contradicting context,,Q11+Q12,UniquePreferredLabel
CM-1-1-4-7-6,Capture Inventory,Commercial & Marketing,uses-input,Plan Finished Goods Inventory,ResolvedToConcept,CM-1-1-2-13,Plan Finished Goods Inventory,unique exact preferred-label match,ContextualResolved,emit after mechanical uniqueness validation,unique label match to CM-1-1-2-13; no contradicting context,,Q11+Q12,UniquePreferredLabel
CM-1-1-4-7-6,Capture Inventory,Commercial & Marketing,informed-by,Measure Inventory,ResolvedToConcept,CM-1-1-3-7-4,Measure Inventory,unique exact preferred-label match,ContextualResolved,emit after mechanical uniqueness validation,unique label match to CM-1-1-3-7-4; no contradicting context,,Q11+Q12,UniquePreferredLabel
CM-1-1-4-7-6,Capture Inventory,Commercial & Marketing,constrained-by,Inventory Management (CM-1-1-3-7),ResolvedToConcept,CM-1-1-3-7,Inventory Management,stable identifier CM-1-1-3-7 carried in mention text,Resolved,emit automatically after subject/target existence checks,target carries its slug; resolves to Inventory Management,,Q11+Q12,StableIdentifier
CM-1-1-4-7-7,Capture Monthly Operating Plan,Commercial & Marketing,produces,Monthly Operating Plan,StructuredFlowValue,,,Q11: plan-of-record artifact (produces: verb),Deferred,retain as governed structured flow value; no process triple,"plan artifact, not a process, per the R1 plan-vs-artifact distinction",consumer needing plan-artifact identity,Q11,StructuredFlowValue
CM-1-1-4-7-7,Capture Monthly Operating Plan,Commercial & Marketing,informed-by,Perform Scenario Analysis,ResolvedToConcept,CM-1-1-4-7-8,Perform Scenario Analysis,unique exact preferred-label match,ContextualResolved,emit after mechanical uniqueness validation,unique label match to CM-1-1-4-7-8; no contradicting context,,Q11+Q12,UniquePreferredLabel
CM-1-1-4-7-7,Capture Monthly Operating Plan,Commercial & Marketing,governed-by,Refinery Planning,ResolvedToConcept,CM-1-1-4,Refinery Planning,unique exact preferred-label match,ContextualResolved,emit after mechanical uniqueness validation,unique label match to CM-1-1-4; no contradicting context,,Q11+Q12,UniquePreferredLabel
CM-1-1-4-7-7,Capture Monthly Operating Plan,Commercial & Marketing,precedes,Refining,ResolvedToConcept,L1-refining,Refining,unique exact preferred-label match,ContextualResolved,emit after mechanical uniqueness validation,unique label match to L1-refining; no contradicting context,,Q11+Q12,UniquePreferredLabel
CM-1-1-4-7-7,Capture Monthly Operating Plan,Commercial & Marketing,enables,Regional Backcasting,ResolvedToConcept,CM-1-1-5,Regional Backcasting,unique exact preferred-label match,ContextualResolved,emit after mechanical uniqueness validation,unique label match to CM-1-1-5; no contradicting context,,Q11+Q12,UniquePreferredLabel
CM-1-1-4-7-8,Perform Scenario Analysis,Commercial & Marketing,enables,Refinery Optimization,ResolvedToConcept,CM-1-1-4-7,Refinery Optimization,unique exact preferred-label match,ContextualResolved,emit after mechanical uniqueness validation,unique label match to CM-1-1-4-7; no contradicting context,,Q11+Q12,UniquePreferredLabel
CM-1-1-4-7-8,Perform Scenario Analysis,Commercial & Marketing,uses-input,Capture Product Demand Requirements,ResolvedToConcept,CM-1-1-4-7-1,Capture Product Demand Requirements,unique exact preferred-label match,ContextualResolved,emit after mechanical uniqueness validation,unique label match to CM-1-1-4-7-1; no contradicting context,,Q11+Q12,UniquePreferredLabel
CM-1-1-4-7-8,Perform Scenario Analysis,Commercial & Marketing,uses-input,Capture Refinery Level Constraints,ResolvedToConcept,CM-1-1-4-7-5,Capture Refinery Level Constraints,unique exact preferred-label match,ContextualResolved,emit after mechanical uniqueness validation,unique label match to CM-1-1-4-7-5; no contradicting context,,Q11+Q12,UniquePreferredLabel
CM-1-1-4-7-8,Perform Scenario Analysis,Commercial & Marketing,precedes,Refinery Planning,ResolvedToConcept,CM-1-1-4,Refinery Planning,unique exact preferred-label match,ContextualResolved,emit after mechanical uniqueness validation,unique label match to CM-1-1-4; no contradicting context,,Q11+Q12,UniquePreferredLabel
CM-1-1-7-1-1,Update Refinery Execution Instructions,Commercial & Marketing,enables,Daily Execution Planning,ResolvedToConcept,CM-1-1-7-1,Daily Execution Planning,unique exact preferred-label match,ContextualResolved,emit after mechanical uniqueness validation,unique label match to CM-1-1-7-1; no contradicting context,,Q11+Q12,UniquePreferredLabel
CM-1-1-7-1-1,Update Refinery Execution Instructions,Commercial & Marketing,informed-by,Manage Production Schedule Exceptions,ResolvedToConcept,CM-1-1-7-2-4,Manage Production Schedule Exceptions,unique exact preferred-label match,ContextualResolved,emit after mechanical uniqueness validation,unique label match to CM-1-1-7-2-4; no contradicting context,,Q11+Q12,UniquePreferredLabel
CM-1-1-7-1-2,Schedule Resources,Commercial & Marketing,enables,Daily Execution Planning,ResolvedToConcept,CM-1-1-7-1,Daily Execution Planning,unique exact preferred-label match,ContextualResolved,emit after mechanical uniqueness validation,unique label match to CM-1-1-7-1; no contradicting context,,Q11+Q12,UniquePreferredLabel
CM-1-1-7-1-2,Schedule Resources,Commercial & Marketing,informed-by,"Manage The Interface to Planning, Operations, Engineering & Maintenance",ResolvedToConcept,CM-1-1-7-2-6,"Manage The Interface to Planning, Operations, Engineering & Maintenance",unique exact preferred-label match,ContextualResolved,emit after mechanical uniqueness validation,unique label match to CM-1-1-7-2-6; no contradicting context,,Q11+Q12,UniquePreferredLabel
CM-1-1-7-1-3,Perform Production Accounting,Commercial & Marketing,uses-input,Measure Inventory,ResolvedToConcept,CM-1-1-3-7-4,Measure Inventory,unique exact preferred-label match,ContextualResolved,emit after mechanical uniqueness validation,unique label match to CM-1-1-3-7-4; no contradicting context,,Q11+Q12,UniquePreferredLabel
CM-1-1-7-1-3,Perform Production Accounting,Commercial & Marketing,enables,Perform Inventory Reconciliation,ResolvedToConcept,CM-1-1-3-7-5,Perform Inventory Reconciliation,unique exact preferred-label match,ContextualResolved,emit after mechanical uniqueness validation,unique label match to CM-1-1-3-7-5; no contradicting context,,Q11+Q12,UniquePreferredLabel
CM-1-1-7-1-3,Perform Production Accounting,Commercial & Marketing,enables,Regional Backcasting,ResolvedToConcept,CM-1-1-5,Regional Backcasting,unique exact preferred-label match,ContextualResolved,emit after mechanical uniqueness validation,unique label match to CM-1-1-5; no contradicting context,,Q11+Q12,UniquePreferredLabel
CM-1-1-7-2-1,Maintain Production Scheduling Master Data,Commercial & Marketing,enables,Create Production Scheduling and Sequencing Plan,ResolvedToConcept,CM-1-1-7-2-3,Create Production Scheduling and Sequencing Plan,unique exact preferred-label match,ContextualResolved,emit after mechanical uniqueness validation,unique label match to CM-1-1-7-2-3; no contradicting context,,Q11+Q12,UniquePreferredLabel
CM-1-1-7-2-1,Maintain Production Scheduling Master Data,Commercial & Marketing,enables,Review Production Wheel and Run Length,ResolvedToConcept,CM-1-1-7-2-2,Review Production Wheel and Run Length,unique exact preferred-label match,ContextualResolved,emit after mechanical uniqueness validation,unique label match to CM-1-1-7-2-2; no contradicting context,,Q11+Q12,UniquePreferredLabel
CM-1-1-7-2-2,Review Production Wheel and Run Length,Commercial & Marketing,enables,Create Production Scheduling and Sequencing Plan,ResolvedToConcept,CM-1-1-7-2-3,Create Production Scheduling and Sequencing Plan,unique exact preferred-label match,ContextualResolved,emit after mechanical uniqueness validation,unique label match to CM-1-1-7-2-3; no contradicting context,,Q11+Q12,UniquePreferredLabel
CM-1-1-7-2-2,Review Production Wheel and Run Length,Commercial & Marketing,informed-by,Produce Demand Forecast (CM-1-1-1-1),ResolvedToConcept,CM-1-1-1-1,Produce Demand Forecast,stable identifier CM-1-1-1-1 carried in mention text,Resolved,emit automatically after subject/target existence checks,target carries its slug; resolves to Produce Demand Forecast,,Q11+Q12,StableIdentifier
CM-1-1-7-2-3,Create Production Scheduling and Sequencing Plan,Commercial & Marketing,uses-input,Maintain Production Scheduling Master Data,ResolvedToConcept,CM-1-1-7-2-1,Maintain Production Scheduling Master Data,unique exact preferred-label match,ContextualResolved,emit after mechanical uniqueness validation,unique label match to CM-1-1-7-2-1; no contradicting context,,Q11+Q12,UniquePreferredLabel
CM-1-1-7-2-3,Create Production Scheduling and Sequencing Plan,Commercial & Marketing,follows,Review Production Wheel and Run Length,ResolvedToConcept,CM-1-1-7-2-2,Review Production Wheel and Run Length,unique exact preferred-label match,ContextualResolved,emit after mechanical uniqueness validation,unique label match to CM-1-1-7-2-2; no contradicting context,,Q11+Q12,UniquePreferredLabel
CM-1-1-7-2-3,Create Production Scheduling and Sequencing Plan,Commercial & Marketing,precedes,Daily Execution Planning,ResolvedToConcept,CM-1-1-7-1,Daily Execution Planning,unique exact preferred-label match,ContextualResolved,emit after mechanical uniqueness validation,unique label match to CM-1-1-7-1; no contradicting context,,Q11+Q12,UniquePreferredLabel
CM-1-1-7-2-4,Manage Production Schedule Exceptions,Commercial & Marketing,triggers,Create Production Scheduling and Sequencing Plan,ResolvedToConcept,CM-1-1-7-2-3,Create Production Scheduling and Sequencing Plan,unique exact preferred-label match,ContextualResolved,emit after mechanical uniqueness validation,unique label match to CM-1-1-7-2-3; no contradicting context,,Q11+Q12,UniquePreferredLabel
CM-1-1-7-2-4,Manage Production Schedule Exceptions,Commercial & Marketing,informed-by,Daily Execution Planning,ResolvedToConcept,CM-1-1-7-1,Daily Execution Planning,unique exact preferred-label match,ContextualResolved,emit after mechanical uniqueness validation,unique label match to CM-1-1-7-1; no contradicting context,,Q11+Q12,UniquePreferredLabel
CM-1-1-7-2-4,Manage Production Schedule Exceptions,Commercial & Marketing,enables,Measure Production Scheduling Performance,ResolvedToConcept,CM-1-1-7-2-5,Measure Production Scheduling Performance,unique exact preferred-label match,ContextualResolved,emit after mechanical uniqueness validation,unique label match to CM-1-1-7-2-5; no contradicting context,,Q11+Q12,UniquePreferredLabel
CM-1-1-7-2-5,Measure Production Scheduling Performance,Commercial & Marketing,uses-input,Perform Production Accounting,ResolvedToConcept,CM-1-1-7-1-3,Perform Production Accounting,unique exact preferred-label match,ContextualResolved,emit after mechanical uniqueness validation,unique label match to CM-1-1-7-1-3; no contradicting context,,Q11+Q12,UniquePreferredLabel
CM-1-1-7-2-5,Measure Production Scheduling Performance,Commercial & Marketing,follows,Manage Production Schedule Exceptions,ResolvedToConcept,CM-1-1-7-2-4,Manage Production Schedule Exceptions,unique exact preferred-label match,ContextualResolved,emit after mechanical uniqueness validation,unique label match to CM-1-1-7-2-4; no contradicting context,,Q11+Q12,UniquePreferredLabel
CM-1-1-7-2-5,Measure Production Scheduling Performance,Commercial & Marketing,enables,Production Scheduling,ResolvedToConcept,CM-1-1-7-2,Production Scheduling,unique exact preferred-label match,ContextualResolved,emit after mechanical uniqueness validation,unique label match to CM-1-1-7-2; no contradicting context,,Q11+Q12,UniquePreferredLabel
CM-1-1-7-2-6,"Manage The Interface to Planning, Operations, Engineering & Maintenance",Commercial & Marketing,enables,Create Production Scheduling and Sequencing Plan,ResolvedToConcept,CM-1-1-7-2-3,Create Production Scheduling and Sequencing Plan,unique exact preferred-label match,ContextualResolved,emit after mechanical uniqueness validation,unique label match to CM-1-1-7-2-3; no contradicting context,,Q11+Q12,UniquePreferredLabel
CM-1-1-7-2-6,"Manage The Interface to Planning, Operations, Engineering & Maintenance",Commercial & Marketing,informed-by,Refinery Planning,ResolvedToConcept,CM-1-1-4,Refinery Planning,unique exact preferred-label match,ContextualResolved,emit after mechanical uniqueness validation,unique label match to CM-1-1-4; no contradicting context,,Q11+Q12,UniquePreferredLabel
CM-1-1-7-3-1,Optimize Internal vs. External Energy Sources,Commercial & Marketing,enables,Optimize Plant Energy Balance,ResolvedToConcept,CM-1-1-7-3-2,Optimize Plant Energy Balance,unique exact preferred-label match,ContextualResolved,emit after mechanical uniqueness validation,unique label match to CM-1-1-7-3-2; no contradicting context,,Q11+Q12,UniquePreferredLabel
CM-1-1-7-3-1,Optimize Internal vs. External Energy Sources,Commercial & Marketing,informed-by,Manage and Support Emissions Trading (CM-1-1-7-3-3),ResolvedToConcept,CM-1-1-7-3-3,Manage and Support Emissions Trading,stable identifier CM-1-1-7-3-3 carried in mention text,Resolved,emit automatically after subject/target existence checks,target carries its slug; resolves to Manage and Support Emissions Trading,,Q11+Q12,StableIdentifier
CM-1-1-7-3-2,Optimize Plant Energy Balance,Commercial & Marketing,follows,Optimize Internal vs. External Energy Sources,ResolvedToConcept,CM-1-1-7-3-1,Optimize Internal vs. External Energy Sources,unique exact preferred-label match,ContextualResolved,emit after mechanical uniqueness validation,unique label match to CM-1-1-7-3-1; no contradicting context,,Q11+Q12,UniquePreferredLabel
CM-1-1-7-3-2,Optimize Plant Energy Balance,Commercial & Marketing,enables,Daily Execution Planning,ResolvedToConcept,CM-1-1-7-1,Daily Execution Planning,unique exact preferred-label match,ContextualResolved,emit after mechanical uniqueness validation,unique label match to CM-1-1-7-1; no contradicting context,,Q11+Q12,UniquePreferredLabel
CM-1-1-7-3-3,Manage and Support Emissions Trading,Commercial & Marketing,informed-by,Production Scheduling,ResolvedToConcept,CM-1-1-7-2,Production Scheduling,unique exact preferred-label match,ContextualResolved,emit after mechanical uniqueness validation,unique label match to CM-1-1-7-2; no contradicting context,,Q11+Q12,UniquePreferredLabel
CM-1-1-7-3-3,Manage and Support Emissions Trading,Commercial & Marketing,enables,Optimize Internal vs. External Energy Sources,ResolvedToConcept,CM-1-1-7-3-1,Optimize Internal vs. External Energy Sources,unique exact preferred-label match,ContextualResolved,emit after mechanical uniqueness validation,unique label match to CM-1-1-7-3-1; no contradicting context,,Q11+Q12,UniquePreferredLabel
CM-1-2-1-1-1,Receive Production Forecast,Commercial & Marketing,informed-by,Refinery Planning,ResolvedToConcept,CM-1-1-4,Refinery Planning,unique exact preferred-label match,ContextualResolved,emit after mechanical uniqueness validation,unique label match to CM-1-1-4; no contradicting context,,Q11+Q12,UniquePreferredLabel
CM-1-2-1-1-1,Receive Production Forecast,Commercial & Marketing,informed-by,Production Scheduling,ResolvedToConcept,CM-1-1-7-2,Production Scheduling,unique exact preferred-label match,ContextualResolved,emit after mechanical uniqueness validation,unique label match to CM-1-1-7-2; no contradicting context,,Q11+Q12,UniquePreferredLabel
CM-1-2-1-1-1,Receive Production Forecast,Commercial & Marketing,enables,Perform Asset Optimization,ResolvedToConcept,CM-1-2-1-1-4,Perform Asset Optimization,unique exact preferred-label match,ContextualResolved,emit after mechanical uniqueness validation,unique label match to CM-1-2-1-1-4; no contradicting context,,Q11+Q12,UniquePreferredLabel
CM-1-2-1-1-2,Receive Demand Forecast,Commercial & Marketing,informed-by,Produce Demand Forecast (CM-1-1-1-1),ResolvedToConcept,CM-1-1-1-1,Produce Demand Forecast,stable identifier CM-1-1-1-1 carried in mention text,Resolved,emit automatically after subject/target existence checks,target carries its slug; resolves to Produce Demand Forecast,,Q11+Q12,StableIdentifier
CM-1-2-1-1-2,Receive Demand Forecast,Commercial & Marketing,uses-input,Publish Forecast and Generate Component Level Forecast Plan,ResolvedToConcept,CM-1-1-1-1-4,Publish Forecast and Generate Component Level Forecast Plan,unique exact preferred-label match,ContextualResolved,emit after mechanical uniqueness validation,unique label match to CM-1-1-1-1-4; no contradicting context,,Q11+Q12,UniquePreferredLabel
CM-1-2-1-1-2,Receive Demand Forecast,Commercial & Marketing,enables,Perform Asset Optimization,ResolvedToConcept,CM-1-2-1-1-4,Perform Asset Optimization,unique exact preferred-label match,ContextualResolved,emit after mechanical uniqueness validation,unique label match to CM-1-2-1-1-4; no contradicting context,,Q11+Q12,UniquePreferredLabel
CM-1-2-1-1-3,Forecast Renewables,Commercial & Marketing,uses-input,Receive Production Forecast,ResolvedToConcept,CM-1-2-1-1-1,Receive Production Forecast,unique exact preferred-label match,ContextualResolved,emit after mechanical uniqueness validation,unique label match to CM-1-2-1-1-1; no contradicting context,,Q11+Q12,UniquePreferredLabel
CM-1-2-1-1-3,Forecast Renewables,Commercial & Marketing,enables,Perform Asset Optimization,ResolvedToConcept,CM-1-2-1-1-4,Perform Asset Optimization,unique exact preferred-label match,ContextualResolved,emit after mechanical uniqueness validation,unique label match to CM-1-2-1-1-4; no contradicting context,,Q11+Q12,UniquePreferredLabel
CM-1-2-1-1-3,Forecast Renewables,Commercial & Marketing,precedes,Perform RINs/REC Actualization,ResolvedToConcept,CM-1-2-3-1-7,Perform RINs/REC Actualization,unique exact preferred-label match,ContextualResolved,emit after mechanical uniqueness validation,unique label match to CM-1-2-3-1-7; no contradicting context,,Q11+Q12,UniquePreferredLabel
CM-1-2-1-1-4,Perform Asset Optimization,Commercial & Marketing,uses-input,Receive Production Forecast,ResolvedToConcept,CM-1-2-1-1-1,Receive Production Forecast,unique exact preferred-label match,ContextualResolved,emit after mechanical uniqueness validation,unique label match to CM-1-2-1-1-1; no contradicting context,,Q11+Q12,UniquePreferredLabel
CM-1-2-1-1-4,Perform Asset Optimization,Commercial & Marketing,uses-input,Receive Demand Forecast,ResolvedToConcept,CM-1-2-1-1-2,Receive Demand Forecast,unique exact preferred-label match,ContextualResolved,emit after mechanical uniqueness validation,unique label match to CM-1-2-1-1-2; no contradicting context,,Q11+Q12,UniquePreferredLabel
CM-1-2-1-1-4,Perform Asset Optimization,Commercial & Marketing,enables,Trading Strategy Management,ResolvedToConcept,CM-1-2-1-4,Trading Strategy Management,unique exact preferred-label match,ContextualResolved,emit after mechanical uniqueness validation,unique label match to CM-1-2-1-4; no contradicting context,,Q11+Q12,UniquePreferredLabel
CM-1-2-1-1-5,Forecast Revenue,Commercial & Marketing,uses-input,Perform Asset Optimization,ResolvedToConcept,CM-1-2-1-1-4,Perform Asset Optimization,unique exact preferred-label match,ContextualResolved,emit after mechanical uniqueness validation,unique label match to CM-1-2-1-1-4; no contradicting context,,Q11+Q12,UniquePreferredLabel
CM-1-2-1-1-5,Forecast Revenue,Commercial & Marketing,enables,Trading Strategy Management,ResolvedToConcept,CM-1-2-1-4,Trading Strategy Management,unique exact preferred-label match,ContextualResolved,emit after mechanical uniqueness validation,unique label match to CM-1-2-1-4; no contradicting context,,Q11+Q12,UniquePreferredLabel
CM-1-2-1-1-6,Receive Power Generation Forecast,Commercial & Marketing,informed-by,Energy & Utility Management,ResolvedToConcept,CM-1-1-7-3,Energy & Utility Management,unique exact preferred-label match,ContextualResolved,emit after mechanical uniqueness validation,unique label match to CM-1-1-7-3; no contradicting context,,Q11+Q12,UniquePreferredLabel
CM-1-2-1-1-6,Receive Power Generation Forecast,Commercial & Marketing,enables,Perform Asset Optimization,ResolvedToConcept,CM-1-2-1-1-4,Perform Asset Optimization,unique exact preferred-label match,ContextualResolved,emit after mechanical uniqueness validation,unique label match to CM-1-2-1-1-4; no contradicting context,,Q11+Q12,UniquePreferredLabel
CM-1-2-1-2-1,Create New Counterparty,Commercial & Marketing,precedes,Create New Contract,ResolvedToConcept,CM-1-2-1-2-5,Create New Contract,unique exact preferred-label match,ContextualResolved,emit after mechanical uniqueness validation,unique label match to CM-1-2-1-2-5; no contradicting context,,Q11+Q12,UniquePreferredLabel
CM-1-2-1-2-1,Create New Counterparty,Commercial & Marketing,requires,Perform Counterparty Credit Reviews,ResolvedToConcept,CM-1-2-2-1-1,Perform Counterparty Credit Reviews,unique exact preferred-label match,ContextualResolved,emit after mechanical uniqueness validation,unique label match to CM-1-2-2-1-1; no contradicting context,,Q11+Q12,UniquePreferredLabel
CM-1-2-1-2-10,Manage Storage Contract,Commercial & Marketing,follows,Negotiate Storage / Throughput Agreements,ResolvedToConcept,CM-1-2-7-1-3,Negotiate Storage / Throughput Agreements,unique exact preferred-label match,ContextualResolved,emit after mechanical uniqueness validation,unique label match to CM-1-2-7-1-3; no contradicting context,,Q11+Q12,UniquePreferredLabel
CM-1-2-1-2-10,Manage Storage Contract,Commercial & Marketing,enables,Capture Storage Deals,ResolvedToConcept,CM-1-2-1-3-5,Capture Storage Deals,unique exact preferred-label match,ContextualResolved,emit after mechanical uniqueness validation,unique label match to CM-1-2-1-3-5; no contradicting context,,Q11+Q12,UniquePreferredLabel
CM-1-2-1-2-10,Manage Storage Contract,Commercial & Marketing,enables,Manage Third Party Storage,ResolvedToConcept,CM-1-1-3-7-11,Manage Third Party Storage,unique exact preferred-label match,ContextualResolved,emit after mechanical uniqueness validation,unique label match to CM-1-1-3-7-11; no contradicting context,,Q11+Q12,UniquePreferredLabel
CM-1-2-1-2-11,Monitor Contracts,Commercial & Marketing,follows,Manage Existing Contract,ResolvedToConcept,CM-1-2-1-2-6,Manage Existing Contract,unique exact preferred-label match,ContextualResolved,emit after mechanical uniqueness validation,unique label match to CM-1-2-1-2-6; no contradicting context,,Q11+Q12,UniquePreferredLabel
CM-1-2-1-2-11,Monitor Contracts,Commercial & Marketing,triggers,Manage Existing Contract,ResolvedToConcept,CM-1-2-1-2-6,Manage Existing Contract,unique exact preferred-label match,ContextualResolved,emit after mechanical uniqueness validation,unique label match to CM-1-2-1-2-6; no contradicting context,,Q11+Q12,UniquePreferredLabel
CM-1-2-1-2-11,Monitor Contracts,Commercial & Marketing,enables,Trading Strategy Management,ResolvedToConcept,CM-1-2-1-4,Trading Strategy Management,unique exact preferred-label match,ContextualResolved,emit after mechanical uniqueness validation,unique label match to CM-1-2-1-4; no contradicting context,,Q11+Q12,UniquePreferredLabel
CM-1-2-1-2-2,Manage Existing Counterparty,Commercial & Marketing,follows,Create New Counterparty,ResolvedToConcept,CM-1-2-1-2-1,Create New Counterparty,unique exact preferred-label match,ContextualResolved,emit after mechanical uniqueness validation,unique label match to CM-1-2-1-2-1; no contradicting context,,Q11+Q12,UniquePreferredLabel
CM-1-2-1-2-2,Manage Existing Counterparty,Commercial & Marketing,enables,Trade Capture,ResolvedToConcept,CM-1-2-1-3,Trade Capture,unique exact preferred-label match,ContextualResolved,emit after mechanical uniqueness validation,unique label match to CM-1-2-1-3; no contradicting context,,Q11+Q12,UniquePreferredLabel
CM-1-2-1-2-3,Terminate/Novate Counterparty,Commercial & Marketing,follows,Manage Existing Counterparty,ResolvedToConcept,CM-1-2-1-2-2,Manage Existing Counterparty,unique exact preferred-label match,ContextualResolved,emit after mechanical uniqueness validation,unique label match to CM-1-2-1-2-2; no contradicting context,,Q11+Q12,UniquePreferredLabel
CM-1-2-1-2-3,Terminate/Novate Counterparty,Commercial & Marketing,requires,Manage Collateral,ResolvedToConcept,CM-1-2-2-1-3,Manage Collateral,unique exact preferred-label match,ContextualResolved,emit after mechanical uniqueness validation,unique label match to CM-1-2-2-1-3; no contradicting context,,Q11+Q12,UniquePreferredLabel
CM-1-2-1-2-4,Manage M&A Activity,Commercial & Marketing,triggers,Terminate/Novate Counterparty,ResolvedToConcept,CM-1-2-1-2-3,Terminate/Novate Counterparty,unique exact preferred-label match,ContextualResolved,emit after mechanical uniqueness validation,unique label match to CM-1-2-1-2-3; no contradicting context,,Q11+Q12,UniquePreferredLabel
CM-1-2-1-2-4,Manage M&A Activity,Commercial & Marketing,triggers,Terminate/Novate Contract,ResolvedToConcept,CM-1-2-1-2-7,Terminate/Novate Contract,unique exact preferred-label match,ContextualResolved,emit after mechanical uniqueness validation,unique label match to CM-1-2-1-2-7; no contradicting context,,Q11+Q12,UniquePreferredLabel
CM-1-2-1-2-5,Create New Contract,Commercial & Marketing,follows,Create New Counterparty,ResolvedToConcept,CM-1-2-1-2-1,Create New Counterparty,unique exact preferred-label match,ContextualResolved,emit after mechanical uniqueness validation,unique label match to CM-1-2-1-2-1; no contradicting context,,Q11+Q12,UniquePreferredLabel
CM-1-2-1-2-5,Create New Contract,Commercial & Marketing,enables,Trade Capture,ResolvedToConcept,CM-1-2-1-3,Trade Capture,unique exact preferred-label match,ContextualResolved,emit after mechanical uniqueness validation,unique label match to CM-1-2-1-3; no contradicting context,,Q11+Q12,UniquePreferredLabel
CM-1-2-1-2-6,Manage Existing Contract,Commercial & Marketing,follows,Create New Contract,ResolvedToConcept,CM-1-2-1-2-5,Create New Contract,unique exact preferred-label match,ContextualResolved,emit after mechanical uniqueness validation,unique label match to CM-1-2-1-2-5; no contradicting context,,Q11+Q12,UniquePreferredLabel
CM-1-2-1-2-6,Manage Existing Contract,Commercial & Marketing,enables,Monitor Contracts,ResolvedToConcept,CM-1-2-1-2-11,Monitor Contracts,unique exact preferred-label match,ContextualResolved,emit after mechanical uniqueness validation,unique label match to CM-1-2-1-2-11; no contradicting context,,Q11+Q12,UniquePreferredLabel
CM-1-2-1-2-7,Terminate/Novate Contract,Commercial & Marketing,follows,Manage Existing Contract,ResolvedToConcept,CM-1-2-1-2-6,Manage Existing Contract,unique exact preferred-label match,ContextualResolved,emit after mechanical uniqueness validation,unique label match to CM-1-2-1-2-6; no contradicting context,,Q11+Q12,UniquePreferredLabel
CM-1-2-1-2-7,Terminate/Novate Contract,Commercial & Marketing,enables,Settlements,ResolvedToConcept,CM-1-2-4-1,Settlements,unique exact preferred-label match,ContextualResolved,emit after mechanical uniqueness validation,unique label match to CM-1-2-4-1; no contradicting context,,Q11+Q12,UniquePreferredLabel
CM-1-2-1-2-8,Manage Lease Contract,Commercial & Marketing,enables,Perform Lease Actualization,ResolvedToConcept,CM-1-2-3-1-6,Perform Lease Actualization,unique exact preferred-label match,ContextualResolved,emit after mechanical uniqueness validation,unique label match to CM-1-2-3-1-6; no contradicting context,,Q11+Q12,UniquePreferredLabel
CM-1-2-1-2-8,Manage Lease Contract,Commercial & Marketing,enables,Settle First Purchaser/Leases,ResolvedToConcept,CM-1-2-4-1-6,Settle First Purchaser/Leases,unique exact preferred-label match,ContextualResolved,emit after mechanical uniqueness validation,unique label match to CM-1-2-4-1-6; no contradicting context,,Q11+Q12,UniquePreferredLabel
CM-1-2-1-2-9,Manage Carrier Contracts,Commercial & Marketing,enables,Capture Transportation Deals,ResolvedToConcept,CM-1-2-1-3-9,Capture Transportation Deals,unique exact preferred-label match,ContextualResolved,emit after mechanical uniqueness validation,unique label match to CM-1-2-1-3-9; no contradicting context,,Q11+Q12,UniquePreferredLabel
CM-1-2-1-2-9,Manage Carrier Contracts,Commercial & Marketing,enables,Plan & Execute Nominations,ResolvedToConcept,CM-1-1-3-6-1,Plan & Execute Nominations,unique exact preferred-label match,ContextualResolved,emit after mechanical uniqueness validation,unique label match to CM-1-1-3-6-1; no contradicting context,,Q11+Q12,UniquePreferredLabel
CM-1-2-1-3-1,Manage Pre-Trade Analysis,Commercial & Marketing,uses-input,Perform Asset Optimization,ResolvedToConcept,CM-1-2-1-1-4,Perform Asset Optimization,unique exact preferred-label match,ContextualResolved,emit after mechanical uniqueness validation,unique label match to CM-1-2-1-1-4; no contradicting context,,Q11+Q12,UniquePreferredLabel
CM-1-2-1-3-1,Manage Pre-Trade Analysis,Commercial & Marketing,precedes,Obtain Trade Approval,ResolvedToConcept,CM-1-2-1-3-2,Obtain Trade Approval,unique exact preferred-label match,ContextualResolved,emit after mechanical uniqueness validation,unique label match to CM-1-2-1-3-2; no contradicting context,,Q11+Q12,UniquePreferredLabel
CM-1-2-1-3-10,Report Trades to SDR,Commercial & Marketing,follows,Capture Financial (OTC) Trades,ResolvedToConcept,CM-1-2-1-3-7,Capture Financial (OTC) Trades,unique exact preferred-label match,ContextualResolved,emit after mechanical uniqueness validation,unique label match to CM-1-2-1-3-7; no contradicting context,,Q11+Q12,UniquePreferredLabel
CM-1-2-1-3-10,Report Trades to SDR,Commercial & Marketing,precedes,Report Confirmation To SDR,ResolvedToConcept,CM-1-2-2-2-4,Report Confirmation To SDR,unique exact preferred-label match,ContextualResolved,emit after mechanical uniqueness validation,unique label match to CM-1-2-2-2-4; no contradicting context,,Q11+Q12,UniquePreferredLabel
CM-1-2-1-3-10,Report Trades to SDR,Commercial & Marketing,governed-by,Regulatory & Compliance,ResolvedToConcept,CM-1-2-4-3,Regulatory & Compliance,unique exact preferred-label match,ContextualResolved,emit after mechanical uniqueness validation,unique label match to CM-1-2-4-3; no contradicting context,,Q11+Q12,UniquePreferredLabel
CM-1-2-1-3-11,Capture Transmission Deals,Commercial & Marketing,follows,Obtain Trade Approval,ResolvedToConcept,CM-1-2-1-3-2,Obtain Trade Approval,unique exact preferred-label match,ContextualResolved,emit after mechanical uniqueness validation,unique label match to CM-1-2-1-3-2; no contradicting context,,Q11+Q12,UniquePreferredLabel
CM-1-2-1-3-11,Capture Transmission Deals,Commercial & Marketing,informed-by,Receive Power Generation Forecast,ResolvedToConcept,CM-1-2-1-1-6,Receive Power Generation Forecast,unique exact preferred-label match,ContextualResolved,emit after mechanical uniqueness validation,unique label match to CM-1-2-1-1-6; no contradicting context,,Q11+Q12,UniquePreferredLabel
CM-1-2-1-3-11,Capture Transmission Deals,Commercial & Marketing,precedes,Settle Power,ResolvedToConcept,CM-1-2-4-1-15,Settle Power,unique exact preferred-label match,ContextualResolved,emit after mechanical uniqueness validation,unique label match to CM-1-2-4-1-15; no contradicting context,,Q11+Q12,UniquePreferredLabel
CM-1-2-1-3-2,Obtain Trade Approval,Commercial & Marketing,follows,Manage Pre-Trade Analysis,ResolvedToConcept,CM-1-2-1-3-1,Manage Pre-Trade Analysis,unique exact preferred-label match,ContextualResolved,emit after mechanical uniqueness validation,unique label match to CM-1-2-1-3-1; no contradicting context,,Q11+Q12,UniquePreferredLabel
CM-1-2-1-3-2,Obtain Trade Approval,Commercial & Marketing,governed-by,Market Risk Management,ResolvedToConcept,CM-1-2-2-3,Market Risk Management,unique exact preferred-label match,ContextualResolved,emit after mechanical uniqueness validation,unique label match to CM-1-2-2-3; no contradicting context,,Q11+Q12,UniquePreferredLabel
CM-1-2-1-3-2,Obtain Trade Approval,Commercial & Marketing,precedes,Capture Physical Trades,ResolvedToConcept,CM-1-2-1-3-3,Capture Physical Trades,unique exact preferred-label match,ContextualResolved,emit after mechanical uniqueness validation,unique label match to CM-1-2-1-3-3; no contradicting context,,Q11+Q12,UniquePreferredLabel
CM-1-2-1-3-3,Capture Physical Trades,Commercial & Marketing,follows,Obtain Trade Approval,ResolvedToConcept,CM-1-2-1-3-2,Obtain Trade Approval,unique exact preferred-label match,ContextualResolved,emit after mechanical uniqueness validation,unique label match to CM-1-2-1-3-2; no contradicting context,,Q11+Q12,UniquePreferredLabel
CM-1-2-1-3-3,Capture Physical Trades,Commercial & Marketing,precedes,Confirmations Management,ResolvedToConcept,CM-1-2-2-2,Confirmations Management,unique exact preferred-label match,ContextualResolved,emit after mechanical uniqueness validation,unique label match to CM-1-2-2-2; no contradicting context,,Q11+Q12,UniquePreferredLabel
CM-1-2-1-3-3,Capture Physical Trades,Commercial & Marketing,enables,Actualizations,AmbiguousDeferred,CM-1-2-3 | CM-1-2-3-1,Actualizations | Actualizations,exact label matches multiple concepts; no single contextual target,Deferred,no triple; retain candidates + review trigger,label collision across 2 concepts; source context does not isolate one,label remediation or domain-owner clarification,Q12,AmbiguousDeferred
CM-1-2-1-3-4,Capture Exchange Trades,Commercial & Marketing,follows,Obtain Trade Approval,ResolvedToConcept,CM-1-2-1-3-2,Obtain Trade Approval,unique exact preferred-label match,ContextualResolved,emit after mechanical uniqueness validation,unique label match to CM-1-2-1-3-2; no contradicting context,,Q11+Q12,UniquePreferredLabel
CM-1-2-1-3-4,Capture Exchange Trades,Commercial & Marketing,enables,Perform Margining,ResolvedToConcept,CM-1-2-2-1-5,Perform Margining,unique exact preferred-label match,ContextualResolved,emit after mechanical uniqueness validation,unique label match to CM-1-2-2-1-5; no contradicting context,,Q11+Q12,UniquePreferredLabel
CM-1-2-1-3-4,Capture Exchange Trades,Commercial & Marketing,precedes,Settle Exchange Trades,ResolvedToConcept,CM-1-2-4-1-3,Settle Exchange Trades,unique exact preferred-label match,ContextualResolved,emit after mechanical uniqueness validation,unique label match to CM-1-2-4-1-3; no contradicting context,,Q11+Q12,UniquePreferredLabel
CM-1-2-1-3-5,Capture Storage Deals,Commercial & Marketing,follows,Obtain Trade Approval,ResolvedToConcept,CM-1-2-1-3-2,Obtain Trade Approval,unique exact preferred-label match,ContextualResolved,emit after mechanical uniqueness validation,unique label match to CM-1-2-1-3-2; no contradicting context,,Q11+Q12,UniquePreferredLabel
CM-1-2-1-3-5,Capture Storage Deals,Commercial & Marketing,enables,Manage Third Party Storage,ResolvedToConcept,CM-1-1-3-7-11,Manage Third Party Storage,unique exact preferred-label match,ContextualResolved,emit after mechanical uniqueness validation,unique label match to CM-1-1-3-7-11; no contradicting context,,Q11+Q12,UniquePreferredLabel
CM-1-2-1-3-5,Capture Storage Deals,Commercial & Marketing,precedes,Settle Terminal/Storage,ResolvedToConcept,CM-1-2-4-1-14,Settle Terminal/Storage,unique exact preferred-label match,ContextualResolved,emit after mechanical uniqueness validation,unique label match to CM-1-2-4-1-14; no contradicting context,,Q11+Q12,UniquePreferredLabel
CM-1-2-1-3-6,Capture Environmental/Renewable Deals,Commercial & Marketing,follows,Obtain Trade Approval,ResolvedToConcept,CM-1-2-1-3-2,Obtain Trade Approval,unique exact preferred-label match,ContextualResolved,emit after mechanical uniqueness validation,unique label match to CM-1-2-1-3-2; no contradicting context,,Q11+Q12,UniquePreferredLabel
CM-1-2-1-3-6,Capture Environmental/Renewable Deals,Commercial & Marketing,informed-by,Forecast Renewables,ResolvedToConcept,CM-1-2-1-1-3,Forecast Renewables,unique exact preferred-label match,ContextualResolved,emit after mechanical uniqueness validation,unique label match to CM-1-2-1-1-3; no contradicting context,,Q11+Q12,UniquePreferredLabel
CM-1-2-1-3-6,Capture Environmental/Renewable Deals,Commercial & Marketing,precedes,Perform RINs/REC Actualization,ResolvedToConcept,CM-1-2-3-1-7,Perform RINs/REC Actualization,unique exact preferred-label match,ContextualResolved,emit after mechanical uniqueness validation,unique label match to CM-1-2-3-1-7; no contradicting context,,Q11+Q12,UniquePreferredLabel
CM-1-2-1-3-7,Capture Financial (OTC) Trades,Commercial & Marketing,follows,Obtain Trade Approval,ResolvedToConcept,CM-1-2-1-3-2,Obtain Trade Approval,unique exact preferred-label match,ContextualResolved,emit after mechanical uniqueness validation,unique label match to CM-1-2-1-3-2; no contradicting context,,Q11+Q12,UniquePreferredLabel
CM-1-2-1-3-7,Capture Financial (OTC) Trades,Commercial & Marketing,precedes,Report Trades to SDR,ResolvedToConcept,CM-1-2-1-3-10,Report Trades to SDR,unique exact preferred-label match,ContextualResolved,emit after mechanical uniqueness validation,unique label match to CM-1-2-1-3-10; no contradicting context,,Q11+Q12,UniquePreferredLabel
CM-1-2-1-3-7,Capture Financial (OTC) Trades,Commercial & Marketing,precedes,Confirmations Management,ResolvedToConcept,CM-1-2-2-2,Confirmations Management,unique exact preferred-label match,ContextualResolved,emit after mechanical uniqueness validation,unique label match to CM-1-2-2-2; no contradicting context,,Q11+Q12,UniquePreferredLabel
CM-1-2-1-3-8,Capture Structured Deals,Commercial & Marketing,follows,Obtain Trade Approval,ResolvedToConcept,CM-1-2-1-3-2,Obtain Trade Approval,unique exact preferred-label match,ContextualResolved,emit after mechanical uniqueness validation,unique label match to CM-1-2-1-3-2; no contradicting context,,Q11+Q12,UniquePreferredLabel
CM-1-2-1-3-8,Capture Structured Deals,Commercial & Marketing,requires,Manage Commodity Valuations,ResolvedToConcept,CM-1-2-2-3-15,Manage Commodity Valuations,unique exact preferred-label match,ContextualResolved,emit after mechanical uniqueness validation,unique label match to CM-1-2-2-3-15; no contradicting context,,Q11+Q12,UniquePreferredLabel
CM-1-2-1-3-8,Capture Structured Deals,Commercial & Marketing,precedes,Confirmations Management,ResolvedToConcept,CM-1-2-2-2,Confirmations Management,unique exact preferred-label match,ContextualResolved,emit after mechanical uniqueness validation,unique label match to CM-1-2-2-2; no contradicting context,,Q11+Q12,UniquePreferredLabel
CM-1-2-1-3-9,Capture Transportation Deals,Commercial & Marketing,follows,Obtain Trade Approval,ResolvedToConcept,CM-1-2-1-3-2,Obtain Trade Approval,unique exact preferred-label match,ContextualResolved,emit after mechanical uniqueness validation,unique label match to CM-1-2-1-3-2; no contradicting context,,Q11+Q12,UniquePreferredLabel
CM-1-2-1-3-9,Capture Transportation Deals,Commercial & Marketing,enables,Plan & Execute Nominations,ResolvedToConcept,CM-1-1-3-6-1,Plan & Execute Nominations,unique exact preferred-label match,ContextualResolved,emit after mechanical uniqueness validation,unique label match to CM-1-1-3-6-1; no contradicting context,,Q11+Q12,UniquePreferredLabel
CM-1-2-1-3-9,Capture Transportation Deals,Commercial & Marketing,precedes,Settle Pipelines,ResolvedToConcept,CM-1-2-4-1-12,Settle Pipelines,unique exact preferred-label match,ContextualResolved,emit after mechanical uniqueness validation,unique label match to CM-1-2-4-1-12; no contradicting context,,Q11+Q12,UniquePreferredLabel
CM-1-2-1-4,Trading Strategy Management,Commercial & Marketing,uses-input,Forecast Revenue,ResolvedToConcept,CM-1-2-1-1-5,Forecast Revenue,unique exact preferred-label match,ContextualResolved,emit after mechanical uniqueness validation,unique label match to CM-1-2-1-1-5; no contradicting context,,Q11+Q12,UniquePreferredLabel
CM-1-2-1-4,Trading Strategy Management,Commercial & Marketing,uses-input,Perform Asset Optimization,ResolvedToConcept,CM-1-2-1-1-4,Perform Asset Optimization,unique exact preferred-label match,ContextualResolved,emit after mechanical uniqueness validation,unique label match to CM-1-2-1-1-4; no contradicting context,,Q11+Q12,UniquePreferredLabel
CM-1-2-1-4,Trading Strategy Management,Commercial & Marketing,governed-by,Market Risk Management,ResolvedToConcept,CM-1-2-2-3,Market Risk Management,unique exact preferred-label match,ContextualResolved,emit after mechanical uniqueness validation,unique label match to CM-1-2-2-3; no contradicting context,,Q11+Q12,UniquePreferredLabel
CM-1-2-2-1-1,Perform Counterparty Credit Reviews,Commercial & Marketing,enables,Manage Credit Limits,ResolvedToConcept,CM-1-2-2-1-2,Manage Credit Limits,unique exact preferred-label match,ContextualResolved,emit after mechanical uniqueness validation,unique label match to CM-1-2-2-1-2; no contradicting context,,Q11+Q12,UniquePreferredLabel
CM-1-2-2-1-1,Perform Counterparty Credit Reviews,Commercial & Marketing,enables,Create New Counterparty,ResolvedToConcept,CM-1-2-1-2-1,Create New Counterparty,unique exact preferred-label match,ContextualResolved,emit after mechanical uniqueness validation,unique label match to CM-1-2-1-2-1; no contradicting context,,Q11+Q12,UniquePreferredLabel
CM-1-2-2-1-1,Perform Counterparty Credit Reviews,Commercial & Marketing,informed-by,Monitor & Analyze Credit,ResolvedToConcept,CM-1-2-2-1-7,Monitor & Analyze Credit,unique exact preferred-label match,ContextualResolved,emit after mechanical uniqueness validation,unique label match to CM-1-2-2-1-7; no contradicting context,,Q11+Q12,UniquePreferredLabel
CM-1-2-2-1-2,Manage Credit Limits,Commercial & Marketing,follows,Perform Counterparty Credit Reviews,ResolvedToConcept,CM-1-2-2-1-1,Perform Counterparty Credit Reviews,unique exact preferred-label match,ContextualResolved,emit after mechanical uniqueness validation,unique label match to CM-1-2-2-1-1; no contradicting context,,Q11+Q12,UniquePreferredLabel
CM-1-2-2-1-2,Manage Credit Limits,Commercial & Marketing,enables,Manage Pre-Trade Analysis,ResolvedToConcept,CM-1-2-1-3-1,Manage Pre-Trade Analysis,unique exact preferred-label match,ContextualResolved,emit after mechanical uniqueness validation,unique label match to CM-1-2-1-3-1; no contradicting context,,Q11+Q12,UniquePreferredLabel
CM-1-2-2-1-2,Manage Credit Limits,Commercial & Marketing,enables,Monitor & Analyze Credit,ResolvedToConcept,CM-1-2-2-1-7,Monitor & Analyze Credit,unique exact preferred-label match,ContextualResolved,emit after mechanical uniqueness validation,unique label match to CM-1-2-2-1-7; no contradicting context,,Q11+Q12,UniquePreferredLabel
CM-1-2-2-1-3,Manage Collateral,Commercial & Marketing,uses-input,Calculate Credit Exposure,ResolvedToConcept,CM-1-2-2-1-4,Calculate Credit Exposure,unique exact preferred-label match,ContextualResolved,emit after mechanical uniqueness validation,unique label match to CM-1-2-2-1-4; no contradicting context,,Q11+Q12,UniquePreferredLabel
CM-1-2-2-1-3,Manage Collateral,Commercial & Marketing,enables,Terminate/Novate Counterparty,ResolvedToConcept,CM-1-2-1-2-3,Terminate/Novate Counterparty,unique exact preferred-label match,ContextualResolved,emit after mechanical uniqueness validation,unique label match to CM-1-2-1-2-3; no contradicting context,,Q11+Q12,UniquePreferredLabel
CM-1-2-2-1-3,Manage Collateral,Commercial & Marketing,informed-by,Contract Management,ResolvedToConcept,CM-1-2-1-2,Contract Management,unique exact preferred-label match,ContextualResolved,emit after mechanical uniqueness validation,unique label match to CM-1-2-1-2; no contradicting context,,Q11+Q12,UniquePreferredLabel
CM-1-2-2-1-4,Calculate Credit Exposure,Commercial & Marketing,uses-input,Manage Commodity Valuations,ResolvedToConcept,CM-1-2-2-3-15,Manage Commodity Valuations,unique exact preferred-label match,ContextualResolved,emit after mechanical uniqueness validation,unique label match to CM-1-2-2-3-15; no contradicting context,,Q11+Q12,UniquePreferredLabel
CM-1-2-2-1-4,Calculate Credit Exposure,Commercial & Marketing,enables,Manage Credit Limits,ResolvedToConcept,CM-1-2-2-1-2,Manage Credit Limits,unique exact preferred-label match,ContextualResolved,emit after mechanical uniqueness validation,unique label match to CM-1-2-2-1-2; no contradicting context,,Q11+Q12,UniquePreferredLabel
CM-1-2-2-1-4,Calculate Credit Exposure,Commercial & Marketing,enables,Manage Collateral,ResolvedToConcept,CM-1-2-2-1-3,Manage Collateral,unique exact preferred-label match,ContextualResolved,emit after mechanical uniqueness validation,unique label match to CM-1-2-2-1-3; no contradicting context,,Q11+Q12,UniquePreferredLabel
CM-1-2-2-1-5,Perform Margining,Commercial & Marketing,follows,Capture Exchange Trades,ResolvedToConcept,CM-1-2-1-3-4,Capture Exchange Trades,unique exact preferred-label match,ContextualResolved,emit after mechanical uniqueness validation,unique label match to CM-1-2-1-3-4; no contradicting context,,Q11+Q12,UniquePreferredLabel
CM-1-2-2-1-5,Perform Margining,Commercial & Marketing,uses-input,Calculate Credit Exposure,ResolvedToConcept,CM-1-2-2-1-4,Calculate Credit Exposure,unique exact preferred-label match,ContextualResolved,emit after mechanical uniqueness validation,unique label match to CM-1-2-2-1-4; no contradicting context,,Q11+Q12,UniquePreferredLabel
CM-1-2-2-1-5,Perform Margining,Commercial & Marketing,precedes,Settle Broker,ResolvedToConcept,CM-1-2-4-1-16,Settle Broker,unique exact preferred-label match,ContextualResolved,emit after mechanical uniqueness validation,unique label match to CM-1-2-4-1-16; no contradicting context,,Q11+Q12,UniquePreferredLabel
CM-1-2-2-1-6,Perform Advanced Credit Risk Analytics,Commercial & Marketing,uses-input,Calculate Credit Exposure,ResolvedToConcept,CM-1-2-2-1-4,Calculate Credit Exposure,unique exact preferred-label match,ContextualResolved,emit after mechanical uniqueness validation,unique label match to CM-1-2-2-1-4; no contradicting context,,Q11+Q12,UniquePreferredLabel
CM-1-2-2-1-6,Perform Advanced Credit Risk Analytics,Commercial & Marketing,enables,Manage Credit Limits,ResolvedToConcept,CM-1-2-2-1-2,Manage Credit Limits,unique exact preferred-label match,ContextualResolved,emit after mechanical uniqueness validation,unique label match to CM-1-2-2-1-2; no contradicting context,,Q11+Q12,UniquePreferredLabel
CM-1-2-2-1-6,Perform Advanced Credit Risk Analytics,Commercial & Marketing,enables,Manage Credit Risk Reporting,ResolvedToConcept,CM-1-2-2-1-8,Manage Credit Risk Reporting,unique exact preferred-label match,ContextualResolved,emit after mechanical uniqueness validation,unique label match to CM-1-2-2-1-8; no contradicting context,,Q11+Q12,UniquePreferredLabel
CM-1-2-2-1-7,Monitor & Analyze Credit,Commercial & Marketing,uses-input,Calculate Credit Exposure,ResolvedToConcept,CM-1-2-2-1-4,Calculate Credit Exposure,unique exact preferred-label match,ContextualResolved,emit after mechanical uniqueness validation,unique label match to CM-1-2-2-1-4; no contradicting context,,Q11+Q12,UniquePreferredLabel
CM-1-2-2-1-7,Monitor & Analyze Credit,Commercial & Marketing,triggers,Perform Counterparty Credit Reviews,ResolvedToConcept,CM-1-2-2-1-1,Perform Counterparty Credit Reviews,unique exact preferred-label match,ContextualResolved,emit after mechanical uniqueness validation,unique label match to CM-1-2-2-1-1; no contradicting context,,Q11+Q12,UniquePreferredLabel
CM-1-2-2-1-7,Monitor & Analyze Credit,Commercial & Marketing,triggers,Manage Credit Limits,ResolvedToConcept,CM-1-2-2-1-2,Manage Credit Limits,unique exact preferred-label match,ContextualResolved,emit after mechanical uniqueness validation,unique label match to CM-1-2-2-1-2; no contradicting context,,Q11+Q12,UniquePreferredLabel
CM-1-2-2-1-8,Manage Credit Risk Reporting,Commercial & Marketing,uses-input,Monitor & Analyze Credit,ResolvedToConcept,CM-1-2-2-1-7,Monitor & Analyze Credit,unique exact preferred-label match,ContextualResolved,emit after mechanical uniqueness validation,unique label match to CM-1-2-2-1-7; no contradicting context,,Q11+Q12,UniquePreferredLabel
CM-1-2-2-1-8,Manage Credit Risk Reporting,Commercial & Marketing,uses-input,Perform Advanced Credit Risk Analytics,ResolvedToConcept,CM-1-2-2-1-6,Perform Advanced Credit Risk Analytics,unique exact preferred-label match,ContextualResolved,emit after mechanical uniqueness validation,unique label match to CM-1-2-2-1-6; no contradicting context,,Q11+Q12,UniquePreferredLabel
CM-1-2-2-1-8,Manage Credit Risk Reporting,Commercial & Marketing,enables,Trading Strategy Management,ResolvedToConcept,CM-1-2-1-4,Trading Strategy Management,unique exact preferred-label match,ContextualResolved,emit after mechanical uniqueness validation,unique label match to CM-1-2-1-4; no contradicting context,,Q11+Q12,UniquePreferredLabel
CM-1-2-2-2-1,Generate Confirms,Commercial & Marketing,follows,Trade Capture,ResolvedToConcept,CM-1-2-1-3,Trade Capture,unique exact preferred-label match,ContextualResolved,emit after mechanical uniqueness validation,unique label match to CM-1-2-1-3; no contradicting context,,Q11+Q12,UniquePreferredLabel
CM-1-2-2-2-1,Generate Confirms,Commercial & Marketing,precedes,Manage Confirm Disputes,ResolvedToConcept,CM-1-2-2-2-5,Manage Confirm Disputes,unique exact preferred-label match,ContextualResolved,emit after mechanical uniqueness validation,unique label match to CM-1-2-2-2-5; no contradicting context,,Q11+Q12,UniquePreferredLabel
CM-1-2-2-2-1,Generate Confirms,Commercial & Marketing,uses-input,Manage Confirmation Documentation,ResolvedToConcept,CM-1-2-2-2-2,Manage Confirmation Documentation,unique exact preferred-label match,ContextualResolved,emit after mechanical uniqueness validation,unique label match to CM-1-2-2-2-2; no contradicting context,,Q11+Q12,UniquePreferredLabel
CM-1-2-2-2-2,Manage Confirmation Documentation,Commercial & Marketing,enables,Generate Confirms,ResolvedToConcept,CM-1-2-2-2-1,Generate Confirms,unique exact preferred-label match,ContextualResolved,emit after mechanical uniqueness validation,unique label match to CM-1-2-2-2-1; no contradicting context,,Q11+Q12,UniquePreferredLabel
CM-1-2-2-2-2,Manage Confirmation Documentation,Commercial & Marketing,informed-by,Contract Management,ResolvedToConcept,CM-1-2-1-2,Contract Management,unique exact preferred-label match,ContextualResolved,emit after mechanical uniqueness validation,unique label match to CM-1-2-1-2; no contradicting context,,Q11+Q12,UniquePreferredLabel
CM-1-2-2-2-3,Manage Trade Modifications,Commercial & Marketing,follows,Generate Confirms,ResolvedToConcept,CM-1-2-2-2-1,Generate Confirms,unique exact preferred-label match,ContextualResolved,emit after mechanical uniqueness validation,unique label match to CM-1-2-2-2-1; no contradicting context,,Q11+Q12,UniquePreferredLabel
CM-1-2-2-2-3,Manage Trade Modifications,Commercial & Marketing,triggers,Report Confirmation To SDR,ResolvedToConcept,CM-1-2-2-2-4,Report Confirmation To SDR,unique exact preferred-label match,ContextualResolved,emit after mechanical uniqueness validation,unique label match to CM-1-2-2-2-4; no contradicting context,,Q11+Q12,UniquePreferredLabel
CM-1-2-2-2-3,Manage Trade Modifications,Commercial & Marketing,requires,Trade Capture,ResolvedToConcept,CM-1-2-1-3,Trade Capture,unique exact preferred-label match,ContextualResolved,emit after mechanical uniqueness validation,unique label match to CM-1-2-1-3; no contradicting context,,Q11+Q12,UniquePreferredLabel
CM-1-2-2-2-4,Report Confirmation To SDR,Commercial & Marketing,informed-by,Report Trades to SDR,ResolvedToConcept,CM-1-2-1-3-10,Report Trades to SDR,unique exact preferred-label match,ContextualResolved,emit after mechanical uniqueness validation,unique label match to CM-1-2-1-3-10; no contradicting context,,Q11+Q12,UniquePreferredLabel
CM-1-2-2-2-4,Report Confirmation To SDR,Commercial & Marketing,informed-by,Manage Trade Modifications,ResolvedToConcept,CM-1-2-2-2-3,Manage Trade Modifications,unique exact preferred-label match,ContextualResolved,emit after mechanical uniqueness validation,unique label match to CM-1-2-2-2-3; no contradicting context,,Q11+Q12,UniquePreferredLabel
CM-1-2-2-2-4,Report Confirmation To SDR,Commercial & Marketing,governed-by,Regulatory & Compliance,ResolvedToConcept,CM-1-2-4-3,Regulatory & Compliance,unique exact preferred-label match,ContextualResolved,emit after mechanical uniqueness validation,unique label match to CM-1-2-4-3; no contradicting context,,Q11+Q12,UniquePreferredLabel
CM-1-2-2-2-5,Manage Confirm Disputes,Commercial & Marketing,follows,Generate Confirms,ResolvedToConcept,CM-1-2-2-2-1,Generate Confirms,unique exact preferred-label match,ContextualResolved,emit after mechanical uniqueness validation,unique label match to CM-1-2-2-2-1; no contradicting context,,Q11+Q12,UniquePreferredLabel
CM-1-2-2-2-5,Manage Confirm Disputes,Commercial & Marketing,triggers,Manage Trade Modifications,ResolvedToConcept,CM-1-2-2-2-3,Manage Trade Modifications,unique exact preferred-label match,ContextualResolved,emit after mechanical uniqueness validation,unique label match to CM-1-2-2-2-3; no contradicting context,,Q11+Q12,UniquePreferredLabel
CM-1-2-2-2-5,Manage Confirm Disputes,Commercial & Marketing,enables,Settlements,ResolvedToConcept,CM-1-2-4-1,Settlements,unique exact preferred-label match,ContextualResolved,emit after mechanical uniqueness validation,unique label match to CM-1-2-4-1; no contradicting context,,Q11+Q12,UniquePreferredLabel
CM-1-2-2-3-1,Establish And Maintain Book Structure,Commercial & Marketing,enables,Trade Capture,ResolvedToConcept,CM-1-2-1-3,Trade Capture,unique exact preferred-label match,ContextualResolved,emit after mechanical uniqueness validation,unique label match to CM-1-2-1-3; no contradicting context,,Q11+Q12,UniquePreferredLabel
CM-1-2-2-3-1,Establish And Maintain Book Structure,Commercial & Marketing,enables,Perform Position & P&L Analysis (CM-1-2-2-3-9),ResolvedToConcept,CM-1-2-2-3-9,Perform Position & P&L Analysis,stable identifier CM-1-2-2-3-9 carried in mention text,Resolved,emit automatically after subject/target existence checks,target carries its slug; resolves to Perform Position & P&L Analysis,,Q11+Q12,StableIdentifier
CM-1-2-2-3-10,Monitor Risk Policy Compliance,Commercial & Marketing,uses-input,Establish & Maintain Delegation Of Authority (DOA),ResolvedToConcept,CM-1-2-2-3-2,Establish & Maintain Delegation Of Authority (DOA),unique exact preferred-label match,ContextualResolved,emit after mechanical uniqueness validation,unique label match to CM-1-2-2-3-2; no contradicting context,,Q11+Q12,UniquePreferredLabel
CM-1-2-2-3-10,Monitor Risk Policy Compliance,Commercial & Marketing,enables,Manage Risk Reporting,ResolvedToConcept,CM-1-2-2-3-13,Manage Risk Reporting,unique exact preferred-label match,ContextualResolved,emit after mechanical uniqueness validation,unique label match to CM-1-2-2-3-13; no contradicting context,,Q11+Q12,UniquePreferredLabel
CM-1-2-2-3-11,Manage And Run Risk Scenarios,Commercial & Marketing,uses-input,Measure Risk,ResolvedToConcept,CM-1-2-2-3-7,Measure Risk,unique exact preferred-label match,ContextualResolved,emit after mechanical uniqueness validation,unique label match to CM-1-2-2-3-7; no contradicting context,,Q11+Q12,UniquePreferredLabel
CM-1-2-2-3-11,Manage And Run Risk Scenarios,Commercial & Marketing,enables,Manage Risk Limits,ResolvedToConcept,CM-1-2-2-3-6,Manage Risk Limits,unique exact preferred-label match,ContextualResolved,emit after mechanical uniqueness validation,unique label match to CM-1-2-2-3-6; no contradicting context,,Q11+Q12,UniquePreferredLabel
CM-1-2-2-3-11,Manage And Run Risk Scenarios,Commercial & Marketing,enables,Manage Risk Reporting,ResolvedToConcept,CM-1-2-2-3-13,Manage Risk Reporting,unique exact preferred-label match,ContextualResolved,emit after mechanical uniqueness validation,unique label match to CM-1-2-2-3-13; no contradicting context,,Q11+Q12,UniquePreferredLabel
CM-1-2-2-3-12,Conduct Advanced Risk Analytics,Commercial & Marketing,uses-input,Measure Risk,ResolvedToConcept,CM-1-2-2-3-7,Measure Risk,unique exact preferred-label match,ContextualResolved,emit after mechanical uniqueness validation,unique label match to CM-1-2-2-3-7; no contradicting context,,Q11+Q12,UniquePreferredLabel
CM-1-2-2-3-12,Conduct Advanced Risk Analytics,Commercial & Marketing,enables,Manage Risk Limits,ResolvedToConcept,CM-1-2-2-3-6,Manage Risk Limits,unique exact preferred-label match,ContextualResolved,emit after mechanical uniqueness validation,unique label match to CM-1-2-2-3-6; no contradicting context,,Q11+Q12,UniquePreferredLabel
CM-1-2-2-3-12,Conduct Advanced Risk Analytics,Commercial & Marketing,enables,Manage Risk Reporting,ResolvedToConcept,CM-1-2-2-3-13,Manage Risk Reporting,unique exact preferred-label match,ContextualResolved,emit after mechanical uniqueness validation,unique label match to CM-1-2-2-3-13; no contradicting context,,Q11+Q12,UniquePreferredLabel
CM-1-2-2-3-13,Manage Risk Reporting,Commercial & Marketing,uses-input,Monitor Risk,ResolvedToConcept,CM-1-2-2-3-8,Monitor Risk,unique exact preferred-label match,ContextualResolved,emit after mechanical uniqueness validation,unique label match to CM-1-2-2-3-8; no contradicting context,,Q11+Q12,UniquePreferredLabel
CM-1-2-2-3-13,Manage Risk Reporting,Commercial & Marketing,uses-input,Perform Position & P&L Analysis (CM-1-2-2-3-9),ResolvedToConcept,CM-1-2-2-3-9,Perform Position & P&L Analysis,stable identifier CM-1-2-2-3-9 carried in mention text,Resolved,emit automatically after subject/target existence checks,target carries its slug; resolves to Perform Position & P&L Analysis,,Q11+Q12,StableIdentifier
CM-1-2-2-3-13,Manage Risk Reporting,Commercial & Marketing,enables,Trading Strategy Management,ResolvedToConcept,CM-1-2-1-4,Trading Strategy Management,unique exact preferred-label match,ContextualResolved,emit after mechanical uniqueness validation,unique label match to CM-1-2-1-4; no contradicting context,,Q11+Q12,UniquePreferredLabel
CM-1-2-2-3-14,Manage Volatilities And Correlations,Commercial & Marketing,enables,Manage Commodity Valuations,ResolvedToConcept,CM-1-2-2-3-15,Manage Commodity Valuations,unique exact preferred-label match,ContextualResolved,emit after mechanical uniqueness validation,unique label match to CM-1-2-2-3-15; no contradicting context,,Q11+Q12,UniquePreferredLabel
CM-1-2-2-3-14,Manage Volatilities And Correlations,Commercial & Marketing,enables,Measure Risk,ResolvedToConcept,CM-1-2-2-3-7,Measure Risk,unique exact preferred-label match,ContextualResolved,emit after mechanical uniqueness validation,unique label match to CM-1-2-2-3-7; no contradicting context,,Q11+Q12,UniquePreferredLabel
CM-1-2-2-3-15,Manage Commodity Valuations,Commercial & Marketing,uses-input,Setup And Manage Curves,ResolvedToConcept,CM-1-2-2-3-3,Setup And Manage Curves,unique exact preferred-label match,ContextualResolved,emit after mechanical uniqueness validation,unique label match to CM-1-2-2-3-3; no contradicting context,,Q11+Q12,UniquePreferredLabel
CM-1-2-2-3-15,Manage Commodity Valuations,Commercial & Marketing,uses-input,Manage Volatilities And Correlations,ResolvedToConcept,CM-1-2-2-3-14,Manage Volatilities And Correlations,unique exact preferred-label match,ContextualResolved,emit after mechanical uniqueness validation,unique label match to CM-1-2-2-3-14; no contradicting context,,Q11+Q12,UniquePreferredLabel
CM-1-2-2-3-15,Manage Commodity Valuations,Commercial & Marketing,enables,Perform Position & P&L Analysis (CM-1-2-2-3-9),ResolvedToConcept,CM-1-2-2-3-9,Perform Position & P&L Analysis,stable identifier CM-1-2-2-3-9 carried in mention text,Resolved,emit automatically after subject/target existence checks,target carries its slug; resolves to Perform Position & P&L Analysis,,Q11+Q12,StableIdentifier
CM-1-2-2-3-2,Establish & Maintain Delegation Of Authority (DOA),Commercial & Marketing,enables,Obtain Trade Approval,ResolvedToConcept,CM-1-2-1-3-2,Obtain Trade Approval,unique exact preferred-label match,ContextualResolved,emit after mechanical uniqueness validation,unique label match to CM-1-2-1-3-2; no contradicting context,,Q11+Q12,UniquePreferredLabel
CM-1-2-2-3-2,Establish & Maintain Delegation Of Authority (DOA),Commercial & Marketing,enables,Trading Strategy Management,ResolvedToConcept,CM-1-2-1-4,Trading Strategy Management,unique exact preferred-label match,ContextualResolved,emit after mechanical uniqueness validation,unique label match to CM-1-2-1-4; no contradicting context,,Q11+Q12,UniquePreferredLabel
CM-1-2-2-3-2,Establish & Maintain Delegation Of Authority (DOA),Commercial & Marketing,governed-by,Regulatory & Compliance,ResolvedToConcept,CM-1-2-4-3,Regulatory & Compliance,unique exact preferred-label match,ContextualResolved,emit after mechanical uniqueness validation,unique label match to CM-1-2-4-3; no contradicting context,,Q11+Q12,UniquePreferredLabel
CM-1-2-2-3-3,Setup And Manage Curves,Commercial & Marketing,enables,Manage Commodity Valuations,ResolvedToConcept,CM-1-2-2-3-15,Manage Commodity Valuations,unique exact preferred-label match,ContextualResolved,emit after mechanical uniqueness validation,unique label match to CM-1-2-2-3-15; no contradicting context,,Q11+Q12,UniquePreferredLabel
CM-1-2-2-3-3,Setup And Manage Curves,Commercial & Marketing,enables,Calculate Credit Exposure,ResolvedToConcept,CM-1-2-2-1-4,Calculate Credit Exposure,unique exact preferred-label match,ContextualResolved,emit after mechanical uniqueness validation,unique label match to CM-1-2-2-1-4; no contradicting context,,Q11+Q12,UniquePreferredLabel
CM-1-2-2-3-3,Setup And Manage Curves,Commercial & Marketing,enables,Measure Risk,ResolvedToConcept,CM-1-2-2-3-7,Measure Risk,unique exact preferred-label match,ContextualResolved,emit after mechanical uniqueness validation,unique label match to CM-1-2-2-3-7; no contradicting context,,Q11+Q12,UniquePreferredLabel
CM-1-2-2-3-4,Perform End-of-day (EOD) Process,Commercial & Marketing,uses-input,Setup And Manage Curves,ResolvedToConcept,CM-1-2-2-3-3,Setup And Manage Curves,unique exact preferred-label match,ContextualResolved,emit after mechanical uniqueness validation,unique label match to CM-1-2-2-3-3; no contradicting context,,Q11+Q12,UniquePreferredLabel
CM-1-2-2-3-4,Perform End-of-day (EOD) Process,Commercial & Marketing,uses-input,Manage Commodity Valuations,ResolvedToConcept,CM-1-2-2-3-15,Manage Commodity Valuations,unique exact preferred-label match,ContextualResolved,emit after mechanical uniqueness validation,unique label match to CM-1-2-2-3-15; no contradicting context,,Q11+Q12,UniquePreferredLabel
CM-1-2-2-3-4,Perform End-of-day (EOD) Process,Commercial & Marketing,precedes,Perform End-of-Month (EOM) Process,ResolvedToConcept,CM-1-2-2-3-5,Perform End-of-Month (EOM) Process,unique exact preferred-label match,ContextualResolved,emit after mechanical uniqueness validation,unique label match to CM-1-2-2-3-5; no contradicting context,,Q11+Q12,UniquePreferredLabel
CM-1-2-2-3-5,Perform End-of-Month (EOM) Process,Commercial & Marketing,follows,Perform End-of-day (EOD) Process,ResolvedToConcept,CM-1-2-2-3-4,Perform End-of-day (EOD) Process,unique exact preferred-label match,ContextualResolved,emit after mechanical uniqueness validation,unique label match to CM-1-2-2-3-4; no contradicting context,,Q11+Q12,UniquePreferredLabel
CM-1-2-2-3-5,Perform End-of-Month (EOM) Process,Commercial & Marketing,enables,Reconcile Economic PNL To Accounting PNL,ResolvedToConcept,CM-1-2-4-2-6,Reconcile Economic PNL To Accounting PNL,unique exact preferred-label match,ContextualResolved,emit after mechanical uniqueness validation,unique label match to CM-1-2-4-2-6; no contradicting context,,Q11+Q12,UniquePreferredLabel
CM-1-2-2-3-5,Perform End-of-Month (EOM) Process,Commercial & Marketing,enables,Manage Risk Reporting,ResolvedToConcept,CM-1-2-2-3-13,Manage Risk Reporting,unique exact preferred-label match,ContextualResolved,emit after mechanical uniqueness validation,unique label match to CM-1-2-2-3-13; no contradicting context,,Q11+Q12,UniquePreferredLabel
CM-1-2-2-3-6,Manage Risk Limits,Commercial & Marketing,enables,Monitor Risk,ResolvedToConcept,CM-1-2-2-3-8,Monitor Risk,unique exact preferred-label match,ContextualResolved,emit after mechanical uniqueness validation,unique label match to CM-1-2-2-3-8; no contradicting context,,Q11+Q12,UniquePreferredLabel
CM-1-2-2-3-6,Manage Risk Limits,Commercial & Marketing,enables,Trading Strategy Management,ResolvedToConcept,CM-1-2-1-4,Trading Strategy Management,unique exact preferred-label match,ContextualResolved,emit after mechanical uniqueness validation,unique label match to CM-1-2-1-4; no contradicting context,,Q11+Q12,UniquePreferredLabel
CM-1-2-2-3-6,Manage Risk Limits,Commercial & Marketing,informed-by,Measure Risk,ResolvedToConcept,CM-1-2-2-3-7,Measure Risk,unique exact preferred-label match,ContextualResolved,emit after mechanical uniqueness validation,unique label match to CM-1-2-2-3-7; no contradicting context,,Q11+Q12,UniquePreferredLabel
CM-1-2-2-3-7,Measure Risk,Commercial & Marketing,uses-input,Setup And Manage Curves,ResolvedToConcept,CM-1-2-2-3-3,Setup And Manage Curves,unique exact preferred-label match,ContextualResolved,emit after mechanical uniqueness validation,unique label match to CM-1-2-2-3-3; no contradicting context,,Q11+Q12,UniquePreferredLabel
CM-1-2-2-3-7,Measure Risk,Commercial & Marketing,uses-input,Manage Volatilities And Correlations,ResolvedToConcept,CM-1-2-2-3-14,Manage Volatilities And Correlations,unique exact preferred-label match,ContextualResolved,emit after mechanical uniqueness validation,unique label match to CM-1-2-2-3-14; no contradicting context,,Q11+Q12,UniquePreferredLabel
CM-1-2-2-3-7,Measure Risk,Commercial & Marketing,enables,Monitor Risk,ResolvedToConcept,CM-1-2-2-3-8,Monitor Risk,unique exact preferred-label match,ContextualResolved,emit after mechanical uniqueness validation,unique label match to CM-1-2-2-3-8; no contradicting context,,Q11+Q12,UniquePreferredLabel
CM-1-2-2-3-8,Monitor Risk,Commercial & Marketing,uses-input,Measure Risk,ResolvedToConcept,CM-1-2-2-3-7,Measure Risk,unique exact preferred-label match,ContextualResolved,emit after mechanical uniqueness validation,unique label match to CM-1-2-2-3-7; no contradicting context,,Q11+Q12,UniquePreferredLabel
CM-1-2-2-3-8,Monitor Risk,Commercial & Marketing,triggers,Manage Risk Limits,ResolvedToConcept,CM-1-2-2-3-6,Manage Risk Limits,unique exact preferred-label match,ContextualResolved,emit after mechanical uniqueness validation,unique label match to CM-1-2-2-3-6; no contradicting context,,Q11+Q12,UniquePreferredLabel
CM-1-2-2-3-8,Monitor Risk,Commercial & Marketing,enables,Manage Risk Reporting,ResolvedToConcept,CM-1-2-2-3-13,Manage Risk Reporting,unique exact preferred-label match,ContextualResolved,emit after mechanical uniqueness validation,unique label match to CM-1-2-2-3-13; no contradicting context,,Q11+Q12,UniquePreferredLabel
CM-1-2-2-3-9,Perform Position & P&L Analysis,Commercial & Marketing,uses-input,Manage Commodity Valuations,ResolvedToConcept,CM-1-2-2-3-15,Manage Commodity Valuations,unique exact preferred-label match,ContextualResolved,emit after mechanical uniqueness validation,unique label match to CM-1-2-2-3-15; no contradicting context,,Q11+Q12,UniquePreferredLabel
CM-1-2-2-3-9,Perform Position & P&L Analysis,Commercial & Marketing,enables,Reconcile Economic PNL To Accounting PNL,ResolvedToConcept,CM-1-2-4-2-6,Reconcile Economic PNL To Accounting PNL,unique exact preferred-label match,ContextualResolved,emit after mechanical uniqueness validation,unique label match to CM-1-2-4-2-6; no contradicting context,,Q11+Q12,UniquePreferredLabel
CM-1-2-2-3-9,Perform Position & P&L Analysis,Commercial & Marketing,enables,Manage Risk Reporting,ResolvedToConcept,CM-1-2-2-3-13,Manage Risk Reporting,unique exact preferred-label match,ContextualResolved,emit after mechanical uniqueness validation,unique label match to CM-1-2-2-3-13; no contradicting context,,Q11+Q12,UniquePreferredLabel
CM-1-2-3-1-1,Perform Pipeline Actualization,Commercial & Marketing,precedes,Settle Pipelines,ResolvedToConcept,CM-1-2-4-1-12,Settle Pipelines,unique exact preferred-label match,ContextualResolved,emit after mechanical uniqueness validation,unique label match to CM-1-2-4-1-12; no contradicting context,,Q11+Q12,UniquePreferredLabel
CM-1-2-3-1-1,Perform Pipeline Actualization,Commercial & Marketing,follows,Capture Physical Trades,ResolvedToConcept,CM-1-2-1-3-3,Capture Physical Trades,unique exact preferred-label match,ContextualResolved,emit after mechanical uniqueness validation,unique label match to CM-1-2-1-3-3; no contradicting context,,Q11+Q12,UniquePreferredLabel
CM-1-2-3-1-2,Perform Truck Actualization,Commercial & Marketing,precedes,Settle Trucks,ResolvedToConcept,CM-1-2-4-1-4,Settle Trucks,unique exact preferred-label match,ContextualResolved,emit after mechanical uniqueness validation,unique label match to CM-1-2-4-1-4; no contradicting context,,Q11+Q12,UniquePreferredLabel
CM-1-2-3-1-2,Perform Truck Actualization,Commercial & Marketing,follows,Capture Physical Trades,ResolvedToConcept,CM-1-2-1-3-3,Capture Physical Trades,unique exact preferred-label match,ContextualResolved,emit after mechanical uniqueness validation,unique label match to CM-1-2-1-3-3; no contradicting context,,Q11+Q12,UniquePreferredLabel
CM-1-2-3-1-3,Perform Railcar Actualization,Commercial & Marketing,precedes,Settle Rail,ResolvedToConcept,CM-1-2-4-1-13,Settle Rail,unique exact preferred-label match,ContextualResolved,emit after mechanical uniqueness validation,unique label match to CM-1-2-4-1-13; no contradicting context,,Q11+Q12,UniquePreferredLabel
CM-1-2-3-1-3,Perform Railcar Actualization,Commercial & Marketing,follows,Capture Physical Trades,ResolvedToConcept,CM-1-2-1-3-3,Capture Physical Trades,unique exact preferred-label match,ContextualResolved,emit after mechanical uniqueness validation,unique label match to CM-1-2-1-3-3; no contradicting context,,Q11+Q12,UniquePreferredLabel
CM-1-2-3-1-4,Perform Vessel & Barge Actualization,Commercial & Marketing,precedes,Settle Vessels & Barge,ResolvedToConcept,CM-1-2-4-1-5,Settle Vessels & Barge,unique exact preferred-label match,ContextualResolved,emit after mechanical uniqueness validation,unique label match to CM-1-2-4-1-5; no contradicting context,,Q11+Q12,UniquePreferredLabel
CM-1-2-3-1-4,Perform Vessel & Barge Actualization,Commercial & Marketing,follows,Capture Physical Trades,ResolvedToConcept,CM-1-2-1-3-3,Capture Physical Trades,unique exact preferred-label match,ContextualResolved,emit after mechanical uniqueness validation,unique label match to CM-1-2-1-3-3; no contradicting context,,Q11+Q12,UniquePreferredLabel
CM-1-2-3-1-4,Perform Vessel & Barge Actualization,Commercial & Marketing,enables,Identify Potential Demurrage,ResolvedToConcept,CM-1-2-4-4-1,Identify Potential Demurrage,unique exact preferred-label match,ContextualResolved,emit after mechanical uniqueness validation,unique label match to CM-1-2-4-4-1; no contradicting context,,Q11+Q12,UniquePreferredLabel
CM-1-2-3-1-5,Perform Terminal/Storage Actualization,Commercial & Marketing,precedes,Settle Terminal/Storage,ResolvedToConcept,CM-1-2-4-1-14,Settle Terminal/Storage,unique exact preferred-label match,ContextualResolved,emit after mechanical uniqueness validation,unique label match to CM-1-2-4-1-14; no contradicting context,,Q11+Q12,UniquePreferredLabel
CM-1-2-3-1-5,Perform Terminal/Storage Actualization,Commercial & Marketing,follows,Capture Storage Deals,ResolvedToConcept,CM-1-2-1-3-5,Capture Storage Deals,unique exact preferred-label match,ContextualResolved,emit after mechanical uniqueness validation,unique label match to CM-1-2-1-3-5; no contradicting context,,Q11+Q12,UniquePreferredLabel
CM-1-2-3-1-6,Perform Lease Actualization,Commercial & Marketing,follows,Manage Lease Contract,ResolvedToConcept,CM-1-2-1-2-8,Manage Lease Contract,unique exact preferred-label match,ContextualResolved,emit after mechanical uniqueness validation,unique label match to CM-1-2-1-2-8; no contradicting context,,Q11+Q12,UniquePreferredLabel
CM-1-2-3-1-6,Perform Lease Actualization,Commercial & Marketing,precedes,Settle First Purchaser/Leases,ResolvedToConcept,CM-1-2-4-1-6,Settle First Purchaser/Leases,unique exact preferred-label match,ContextualResolved,emit after mechanical uniqueness validation,unique label match to CM-1-2-4-1-6; no contradicting context,,Q11+Q12,UniquePreferredLabel
CM-1-2-3-1-7,Perform RINs/REC Actualization,Commercial & Marketing,follows,Capture Environmental/Renewable Deals,ResolvedToConcept,CM-1-2-1-3-6,Capture Environmental/Renewable Deals,unique exact preferred-label match,ContextualResolved,emit after mechanical uniqueness validation,unique label match to CM-1-2-1-3-6; no contradicting context,,Q11+Q12,UniquePreferredLabel
CM-1-2-3-1-7,Perform RINs/REC Actualization,Commercial & Marketing,informed-by,Forecast Renewables,ResolvedToConcept,CM-1-2-1-1-3,Forecast Renewables,unique exact preferred-label match,ContextualResolved,emit after mechanical uniqueness validation,unique label match to CM-1-2-1-1-3; no contradicting context,,Q11+Q12,UniquePreferredLabel
CM-1-2-3-1-7,Perform RINs/REC Actualization,Commercial & Marketing,precedes,Settle Environmental Instruments (CM-1-2-4-1-8),ResolvedToConcept,CM-1-2-4-1-8,Settle Environmental Instruments,stable identifier CM-1-2-4-1-8 carried in mention text,Resolved,emit automatically after subject/target existence checks,target carries its slug; resolves to Settle Environmental Instruments,,Q11+Q12,StableIdentifier
CM-1-2-3-1-8,Manage Actualization Disputes,Commercial & Marketing,follows,Actualizations,AmbiguousDeferred,CM-1-2-3 | CM-1-2-3-1,Actualizations | Actualizations,exact label matches multiple concepts; no single contextual target,Deferred,no triple; retain candidates + review trigger,label collision across 2 concepts; source context does not isolate one,label remediation or domain-owner clarification,Q12,AmbiguousDeferred
CM-1-2-3-1-8,Manage Actualization Disputes,Commercial & Marketing,informed-by,Manage Confirm Disputes,ResolvedToConcept,CM-1-2-2-2-5,Manage Confirm Disputes,unique exact preferred-label match,ContextualResolved,emit after mechanical uniqueness validation,unique label match to CM-1-2-2-2-5; no contradicting context,,Q11+Q12,UniquePreferredLabel
CM-1-2-4-1-1,Settle Crude Oil,Commercial & Marketing,follows,Perform Pipeline Actualization,ResolvedToConcept,CM-1-2-3-1-1,Perform Pipeline Actualization,unique exact preferred-label match,ContextualResolved,emit after mechanical uniqueness validation,unique label match to CM-1-2-3-1-1; no contradicting context,,Q11+Q12,UniquePreferredLabel
CM-1-2-4-1-1,Settle Crude Oil,Commercial & Marketing,follows,Perform Vessel & Barge Actualization,ResolvedToConcept,CM-1-2-3-1-4,Perform Vessel & Barge Actualization,unique exact preferred-label match,ContextualResolved,emit after mechanical uniqueness validation,unique label match to CM-1-2-3-1-4; no contradicting context,,Q11+Q12,UniquePreferredLabel
CM-1-2-4-1-1,Settle Crude Oil,Commercial & Marketing,precedes,Manage AR/AP & Actuals,ResolvedToConcept,CM-1-2-4-2-4,Manage AR/AP & Actuals,unique exact preferred-label match,ContextualResolved,emit after mechanical uniqueness validation,unique label match to CM-1-2-4-2-4; no contradicting context,,Q11+Q12,UniquePreferredLabel
CM-1-2-4-1-10,Settle Natural Gas,Commercial & Marketing,follows,Capture Physical Trades,ResolvedToConcept,CM-1-2-1-3-3,Capture Physical Trades,unique exact preferred-label match,ContextualResolved,emit after mechanical uniqueness validation,unique label match to CM-1-2-1-3-3; no contradicting context,,Q11+Q12,UniquePreferredLabel
CM-1-2-4-1-10,Settle Natural Gas,Commercial & Marketing,precedes,Manage AR/AP & Actuals,ResolvedToConcept,CM-1-2-4-2-4,Manage AR/AP & Actuals,unique exact preferred-label match,ContextualResolved,emit after mechanical uniqueness validation,unique label match to CM-1-2-4-2-4; no contradicting context,,Q11+Q12,UniquePreferredLabel
CM-1-2-4-1-11,Settle Financial OTC Trades,Commercial & Marketing,follows,Capture Financial (OTC) Trades,ResolvedToConcept,CM-1-2-1-3-7,Capture Financial (OTC) Trades,unique exact preferred-label match,ContextualResolved,emit after mechanical uniqueness validation,unique label match to CM-1-2-1-3-7; no contradicting context,,Q11+Q12,UniquePreferredLabel
CM-1-2-4-1-11,Settle Financial OTC Trades,Commercial & Marketing,informed-by,Confirmations Management,ResolvedToConcept,CM-1-2-2-2,Confirmations Management,unique exact preferred-label match,ContextualResolved,emit after mechanical uniqueness validation,unique label match to CM-1-2-2-2; no contradicting context,,Q11+Q12,UniquePreferredLabel
CM-1-2-4-1-11,Settle Financial OTC Trades,Commercial & Marketing,precedes,Manage AR/AP & Actuals,ResolvedToConcept,CM-1-2-4-2-4,Manage AR/AP & Actuals,unique exact preferred-label match,ContextualResolved,emit after mechanical uniqueness validation,unique label match to CM-1-2-4-2-4; no contradicting context,,Q11+Q12,UniquePreferredLabel
CM-1-2-4-1-12,Settle Pipelines,Commercial & Marketing,follows,Perform Pipeline Actualization,ResolvedToConcept,CM-1-2-3-1-1,Perform Pipeline Actualization,unique exact preferred-label match,ContextualResolved,emit after mechanical uniqueness validation,unique label match to CM-1-2-3-1-1; no contradicting context,,Q11+Q12,UniquePreferredLabel
CM-1-2-4-1-12,Settle Pipelines,Commercial & Marketing,precedes,Manage AR/AP & Actuals,ResolvedToConcept,CM-1-2-4-2-4,Manage AR/AP & Actuals,unique exact preferred-label match,ContextualResolved,emit after mechanical uniqueness validation,unique label match to CM-1-2-4-2-4; no contradicting context,,Q11+Q12,UniquePreferredLabel
CM-1-2-4-1-13,Settle Rail,Commercial & Marketing,follows,Perform Railcar Actualization,ResolvedToConcept,CM-1-2-3-1-3,Perform Railcar Actualization,unique exact preferred-label match,ContextualResolved,emit after mechanical uniqueness validation,unique label match to CM-1-2-3-1-3; no contradicting context,,Q11+Q12,UniquePreferredLabel
CM-1-2-4-1-13,Settle Rail,Commercial & Marketing,precedes,Manage AR/AP & Actuals,ResolvedToConcept,CM-1-2-4-2-4,Manage AR/AP & Actuals,unique exact preferred-label match,ContextualResolved,emit after mechanical uniqueness validation,unique label match to CM-1-2-4-2-4; no contradicting context,,Q11+Q12,UniquePreferredLabel
CM-1-2-4-1-14,Settle Terminal/Storage,Commercial & Marketing,follows,Perform Terminal/Storage Actualization,ResolvedToConcept,CM-1-2-3-1-5,Perform Terminal/Storage Actualization,unique exact preferred-label match,ContextualResolved,emit after mechanical uniqueness validation,unique label match to CM-1-2-3-1-5; no contradicting context,,Q11+Q12,UniquePreferredLabel
CM-1-2-4-1-14,Settle Terminal/Storage,Commercial & Marketing,precedes,Manage AR/AP & Actuals,ResolvedToConcept,CM-1-2-4-2-4,Manage AR/AP & Actuals,unique exact preferred-label match,ContextualResolved,emit after mechanical uniqueness validation,unique label match to CM-1-2-4-2-4; no contradicting context,,Q11+Q12,UniquePreferredLabel
CM-1-2-4-1-15,Settle Power,Commercial & Marketing,follows,Capture Physical Trades,ResolvedToConcept,CM-1-2-1-3-3,Capture Physical Trades,unique exact preferred-label match,ContextualResolved,emit after mechanical uniqueness validation,unique label match to CM-1-2-1-3-3; no contradicting context,,Q11+Q12,UniquePreferredLabel
CM-1-2-4-1-15,Settle Power,Commercial & Marketing,precedes,Manage AR/AP & Actuals,ResolvedToConcept,CM-1-2-4-2-4,Manage AR/AP & Actuals,unique exact preferred-label match,ContextualResolved,emit after mechanical uniqueness validation,unique label match to CM-1-2-4-2-4; no contradicting context,,Q11+Q12,UniquePreferredLabel
CM-1-2-4-1-16,Settle Broker,Commercial & Marketing,follows,Settle Exchange Trades,ResolvedToConcept,CM-1-2-4-1-3,Settle Exchange Trades,unique exact preferred-label match,ContextualResolved,emit after mechanical uniqueness validation,unique label match to CM-1-2-4-1-3; no contradicting context,,Q11+Q12,UniquePreferredLabel
CM-1-2-4-1-16,Settle Broker,Commercial & Marketing,informed-by,Perform Margining,ResolvedToConcept,CM-1-2-2-1-5,Perform Margining,unique exact preferred-label match,ContextualResolved,emit after mechanical uniqueness validation,unique label match to CM-1-2-2-1-5; no contradicting context,,Q11+Q12,UniquePreferredLabel
CM-1-2-4-1-16,Settle Broker,Commercial & Marketing,precedes,Manage AR/AP & Actuals,ResolvedToConcept,CM-1-2-4-2-4,Manage AR/AP & Actuals,unique exact preferred-label match,ContextualResolved,emit after mechanical uniqueness validation,unique label match to CM-1-2-4-2-4; no contradicting context,,Q11+Q12,UniquePreferredLabel
CM-1-2-4-1-17,Manage Settlement Disputes,Commercial & Marketing,follows,Settlements,ResolvedToConcept,CM-1-2-4-1,Settlements,unique exact preferred-label match,ContextualResolved,emit after mechanical uniqueness validation,unique label match to CM-1-2-4-1; no contradicting context,,Q11+Q12,UniquePreferredLabel
CM-1-2-4-1-17,Manage Settlement Disputes,Commercial & Marketing,informed-by,Manage Actualization Disputes,ResolvedToConcept,CM-1-2-3-1-8,Manage Actualization Disputes,unique exact preferred-label match,ContextualResolved,emit after mechanical uniqueness validation,unique label match to CM-1-2-3-1-8; no contradicting context,,Q11+Q12,UniquePreferredLabel
CM-1-2-4-1-17,Manage Settlement Disputes,Commercial & Marketing,informed-by,Manage Confirm Disputes,ResolvedToConcept,CM-1-2-2-2-5,Manage Confirm Disputes,unique exact preferred-label match,ContextualResolved,emit after mechanical uniqueness validation,unique label match to CM-1-2-2-2-5; no contradicting context,,Q11+Q12,UniquePreferredLabel
CM-1-2-4-1-18,Settle Intermediates,Commercial & Marketing,follows,Actualizations,AmbiguousDeferred,CM-1-2-3 | CM-1-2-3-1,Actualizations | Actualizations,exact label matches multiple concepts; no single contextual target,Deferred,no triple; retain candidates + review trigger,label collision across 2 concepts; source context does not isolate one,label remediation or domain-owner clarification,Q12,AmbiguousDeferred
CM-1-2-4-1-18,Settle Intermediates,Commercial & Marketing,precedes,Manage AR/AP & Actuals,ResolvedToConcept,CM-1-2-4-2-4,Manage AR/AP & Actuals,unique exact preferred-label match,ContextualResolved,emit after mechanical uniqueness validation,unique label match to CM-1-2-4-2-4; no contradicting context,,Q11+Q12,UniquePreferredLabel
CM-1-2-4-1-19,Settle Other Commodities,Commercial & Marketing,follows,Actualizations,AmbiguousDeferred,CM-1-2-3 | CM-1-2-3-1,Actualizations | Actualizations,exact label matches multiple concepts; no single contextual target,Deferred,no triple; retain candidates + review trigger,label collision across 2 concepts; source context does not isolate one,label remediation or domain-owner clarification,Q12,AmbiguousDeferred
CM-1-2-4-1-19,Settle Other Commodities,Commercial & Marketing,precedes,Manage AR/AP & Actuals,ResolvedToConcept,CM-1-2-4-2-4,Manage AR/AP & Actuals,unique exact preferred-label match,ContextualResolved,emit after mechanical uniqueness validation,unique label match to CM-1-2-4-2-4; no contradicting context,,Q11+Q12,UniquePreferredLabel
CM-1-2-4-1-2,Settle Products,Commercial & Marketing,follows,Actualizations,AmbiguousDeferred,CM-1-2-3 | CM-1-2-3-1,Actualizations | Actualizations,exact label matches multiple concepts; no single contextual target,Deferred,no triple; retain candidates + review trigger,label collision across 2 concepts; source context does not isolate one,label remediation or domain-owner clarification,Q12,AmbiguousDeferred
CM-1-2-4-1-2,Settle Products,Commercial & Marketing,precedes,Manage AR/AP & Actuals,ResolvedToConcept,CM-1-2-4-2-4,Manage AR/AP & Actuals,unique exact preferred-label match,ContextualResolved,emit after mechanical uniqueness validation,unique label match to CM-1-2-4-2-4; no contradicting context,,Q11+Q12,UniquePreferredLabel
CM-1-2-4-1-3,Settle Exchange Trades,Commercial & Marketing,follows,Capture Exchange Trades,ResolvedToConcept,CM-1-2-1-3-4,Capture Exchange Trades,unique exact preferred-label match,ContextualResolved,emit after mechanical uniqueness validation,unique label match to CM-1-2-1-3-4; no contradicting context,,Q11+Q12,UniquePreferredLabel
CM-1-2-4-1-3,Settle Exchange Trades,Commercial & Marketing,informed-by,Perform Margining,ResolvedToConcept,CM-1-2-2-1-5,Perform Margining,unique exact preferred-label match,ContextualResolved,emit after mechanical uniqueness validation,unique label match to CM-1-2-2-1-5; no contradicting context,,Q11+Q12,UniquePreferredLabel
CM-1-2-4-1-3,Settle Exchange Trades,Commercial & Marketing,precedes,Settle Broker,ResolvedToConcept,CM-1-2-4-1-16,Settle Broker,unique exact preferred-label match,ContextualResolved,emit after mechanical uniqueness validation,unique label match to CM-1-2-4-1-16; no contradicting context,,Q11+Q12,UniquePreferredLabel
CM-1-2-4-1-4,Settle Trucks,Commercial & Marketing,follows,Perform Truck Actualization,ResolvedToConcept,CM-1-2-3-1-2,Perform Truck Actualization,unique exact preferred-label match,ContextualResolved,emit after mechanical uniqueness validation,unique label match to CM-1-2-3-1-2; no contradicting context,,Q11+Q12,UniquePreferredLabel
CM-1-2-4-1-4,Settle Trucks,Commercial & Marketing,precedes,Manage AR/AP & Actuals,ResolvedToConcept,CM-1-2-4-2-4,Manage AR/AP & Actuals,unique exact preferred-label match,ContextualResolved,emit after mechanical uniqueness validation,unique label match to CM-1-2-4-2-4; no contradicting context,,Q11+Q12,UniquePreferredLabel
CM-1-2-4-1-5,Settle Vessels & Barge,Commercial & Marketing,follows,Perform Vessel & Barge Actualization,ResolvedToConcept,CM-1-2-3-1-4,Perform Vessel & Barge Actualization,unique exact preferred-label match,ContextualResolved,emit after mechanical uniqueness validation,unique label match to CM-1-2-3-1-4; no contradicting context,,Q11+Q12,UniquePreferredLabel
CM-1-2-4-1-5,Settle Vessels & Barge,Commercial & Marketing,precedes,Manage AR/AP & Actuals,ResolvedToConcept,CM-1-2-4-2-4,Manage AR/AP & Actuals,unique exact preferred-label match,ContextualResolved,emit after mechanical uniqueness validation,unique label match to CM-1-2-4-2-4; no contradicting context,,Q11+Q12,UniquePreferredLabel
CM-1-2-4-1-6,Settle First Purchaser/Leases,Commercial & Marketing,follows,Perform Lease Actualization,ResolvedToConcept,CM-1-2-3-1-6,Perform Lease Actualization,unique exact preferred-label match,ContextualResolved,emit after mechanical uniqueness validation,unique label match to CM-1-2-3-1-6; no contradicting context,,Q11+Q12,UniquePreferredLabel
CM-1-2-4-1-6,Settle First Purchaser/Leases,Commercial & Marketing,precedes,Manage Marketing Interests & Royalty Payments,ResolvedToConcept,CM-1-2-4-2-3,Manage Marketing Interests & Royalty Payments,unique exact preferred-label match,ContextualResolved,emit after mechanical uniqueness validation,unique label match to CM-1-2-4-2-3; no contradicting context,,Q11+Q12,UniquePreferredLabel
CM-1-2-4-1-7,Settle ISO/Power Pools,Commercial & Marketing,follows,Capture Transmission Deals,ResolvedToConcept,CM-1-2-1-3-11,Capture Transmission Deals,unique exact preferred-label match,ContextualResolved,emit after mechanical uniqueness validation,unique label match to CM-1-2-1-3-11; no contradicting context,,Q11+Q12,UniquePreferredLabel
CM-1-2-4-1-7,Settle ISO/Power Pools,Commercial & Marketing,precedes,Manage AR/AP & Actuals,ResolvedToConcept,CM-1-2-4-2-4,Manage AR/AP & Actuals,unique exact preferred-label match,ContextualResolved,emit after mechanical uniqueness validation,unique label match to CM-1-2-4-2-4; no contradicting context,,Q11+Q12,UniquePreferredLabel
CM-1-2-4-1-8,Settle Environmental Instruments,Commercial & Marketing,follows,Perform RINs/REC Actualization,ResolvedToConcept,CM-1-2-3-1-7,Perform RINs/REC Actualization,unique exact preferred-label match,ContextualResolved,emit after mechanical uniqueness validation,unique label match to CM-1-2-3-1-7; no contradicting context,,Q11+Q12,UniquePreferredLabel
CM-1-2-4-1-8,Settle Environmental Instruments,Commercial & Marketing,precedes,Manage AR/AP & Actuals,ResolvedToConcept,CM-1-2-4-2-4,Manage AR/AP & Actuals,unique exact preferred-label match,ContextualResolved,emit after mechanical uniqueness validation,unique label match to CM-1-2-4-2-4; no contradicting context,,Q11+Q12,UniquePreferredLabel
CM-1-2-4-1-9,Manage Settlement Documents,Commercial & Marketing,assures,Settlements,ResolvedToConcept,CM-1-2-4-1,Settlements,unique exact preferred-label match,ContextualResolved,emit after mechanical uniqueness validation,unique label match to CM-1-2-4-1; no contradicting context,,Q11+Q12,UniquePreferredLabel
CM-1-2-4-1-9,Manage Settlement Documents,Commercial & Marketing,informed-by,Manage Confirmation Documentation,ResolvedToConcept,CM-1-2-2-2-2,Manage Confirmation Documentation,unique exact preferred-label match,ContextualResolved,emit after mechanical uniqueness validation,unique label match to CM-1-2-2-2-2; no contradicting context,,Q11+Q12,UniquePreferredLabel
CM-1-2-4-2-1,Manage Accounting Treatments,Commercial & Marketing,informed-by,Trade Capture,ResolvedToConcept,CM-1-2-1-3,Trade Capture,unique exact preferred-label match,ContextualResolved,emit after mechanical uniqueness validation,unique label match to CM-1-2-1-3; no contradicting context,,Q11+Q12,UniquePreferredLabel
CM-1-2-4-2-1,Manage Accounting Treatments,Commercial & Marketing,enables,Manage Trading Sub-Ledger,ResolvedToConcept,CM-1-2-4-2-5,Manage Trading Sub-Ledger,unique exact preferred-label match,ContextualResolved,emit after mechanical uniqueness validation,unique label match to CM-1-2-4-2-5; no contradicting context,,Q11+Q12,UniquePreferredLabel
CM-1-2-4-2-1,Manage Accounting Treatments,Commercial & Marketing,governed-by,Maintain Trading Accounting Procedures and Guidance (CM-1-2-4-2-12),ResolvedToConcept,CM-1-2-4-2-12,Maintain Trading Accounting Procedures and Guidance,stable identifier CM-1-2-4-2-12 carried in mention text,Resolved,emit automatically after subject/target existence checks,target carries its slug; resolves to Maintain Trading Accounting Procedures and Guidance,,Q11+Q12,StableIdentifier
CM-1-2-4-2-10,Manage Accruals,Commercial & Marketing,uses-input,Actualizations,AmbiguousDeferred,CM-1-2-3 | CM-1-2-3-1,Actualizations | Actualizations,exact label matches multiple concepts; no single contextual target,Deferred,no triple; retain candidates + review trigger,label collision across 2 concepts; source context does not isolate one,label remediation or domain-owner clarification,Q12,AmbiguousDeferred
CM-1-2-4-2-10,Manage Accruals,Commercial & Marketing,uses-input,Settlements,ResolvedToConcept,CM-1-2-4-1,Settlements,unique exact preferred-label match,ContextualResolved,emit after mechanical uniqueness validation,unique label match to CM-1-2-4-1; no contradicting context,,Q11+Q12,UniquePreferredLabel
CM-1-2-4-2-10,Manage Accruals,Commercial & Marketing,enables,Manage Trading Sub-Ledger,ResolvedToConcept,CM-1-2-4-2-5,Manage Trading Sub-Ledger,unique exact preferred-label match,ContextualResolved,emit after mechanical uniqueness validation,unique label match to CM-1-2-4-2-5; no contradicting context,,Q11+Q12,UniquePreferredLabel
CM-1-2-4-2-11,Manage Taxes,Commercial & Marketing,uses-input,Actualizations,AmbiguousDeferred,CM-1-2-3 | CM-1-2-3-1,Actualizations | Actualizations,exact label matches multiple concepts; no single contextual target,Deferred,no triple; retain candidates + review trigger,label collision across 2 concepts; source context does not isolate one,label remediation or domain-owner clarification,Q12,AmbiguousDeferred
CM-1-2-4-2-11,Manage Taxes,Commercial & Marketing,enables,Manage Trading Sub-Ledger,ResolvedToConcept,CM-1-2-4-2-5,Manage Trading Sub-Ledger,unique exact preferred-label match,ContextualResolved,emit after mechanical uniqueness validation,unique label match to CM-1-2-4-2-5; no contradicting context,,Q11+Q12,UniquePreferredLabel
CM-1-2-4-2-11,Manage Taxes,Commercial & Marketing,informed-by,Maintain Trading Accounting Procedures and Guidance (CM-1-2-4-2-12),ResolvedToConcept,CM-1-2-4-2-12,Maintain Trading Accounting Procedures and Guidance,stable identifier CM-1-2-4-2-12 carried in mention text,Resolved,emit automatically after subject/target existence checks,target carries its slug; resolves to Maintain Trading Accounting Procedures and Guidance,,Q11+Q12,StableIdentifier
CM-1-2-4-2-12,Maintain Trading Accounting Procedures and Guidance,Commercial & Marketing,governed-by,Accounting,ResolvedToConcept,CM-1-2-4-2,Accounting,unique exact preferred-label match,ContextualResolved,emit after mechanical uniqueness validation,unique label match to CM-1-2-4-2; no contradicting context,,Q11+Q12,UniquePreferredLabel
CM-1-2-4-2-12,Maintain Trading Accounting Procedures and Guidance,Commercial & Marketing,enables,Manage Accounting Treatments,ResolvedToConcept,CM-1-2-4-2-1,Manage Accounting Treatments,unique exact preferred-label match,ContextualResolved,emit after mechanical uniqueness validation,unique label match to CM-1-2-4-2-1; no contradicting context,,Q11+Q12,UniquePreferredLabel
CM-1-2-4-2-12,Maintain Trading Accounting Procedures and Guidance,Commercial & Marketing,informed-by,Trade Capture,ResolvedToConcept,CM-1-2-1-3,Trade Capture,unique exact preferred-label match,ContextualResolved,emit after mechanical uniqueness validation,unique label match to CM-1-2-1-3; no contradicting context,,Q11+Q12,UniquePreferredLabel
CM-1-2-4-2-2,Manage Production & Inventory Accounting,Commercial & Marketing,uses-input,Perform Production Accounting,ResolvedToConcept,CM-1-1-7-1-3,Perform Production Accounting,unique exact preferred-label match,ContextualResolved,emit after mechanical uniqueness validation,unique label match to CM-1-1-7-1-3; no contradicting context,,Q11+Q12,UniquePreferredLabel
CM-1-2-4-2-2,Manage Production & Inventory Accounting,Commercial & Marketing,uses-input,Perform Inventory Reconciliation,ResolvedToConcept,CM-1-1-3-7-5,Perform Inventory Reconciliation,unique exact preferred-label match,ContextualResolved,emit after mechanical uniqueness validation,unique label match to CM-1-1-3-7-5; no contradicting context,,Q11+Q12,UniquePreferredLabel
CM-1-2-4-2-2,Manage Production & Inventory Accounting,Commercial & Marketing,enables,Manage Trading Sub-Ledger,ResolvedToConcept,CM-1-2-4-2-5,Manage Trading Sub-Ledger,unique exact preferred-label match,ContextualResolved,emit after mechanical uniqueness validation,unique label match to CM-1-2-4-2-5; no contradicting context,,Q11+Q12,UniquePreferredLabel
CM-1-2-4-2-3,Manage Marketing Interests & Royalty Payments,Commercial & Marketing,follows,Settle First Purchaser/Leases,ResolvedToConcept,CM-1-2-4-1-6,Settle First Purchaser/Leases,unique exact preferred-label match,ContextualResolved,emit after mechanical uniqueness validation,unique label match to CM-1-2-4-1-6; no contradicting context,,Q11+Q12,UniquePreferredLabel
CM-1-2-4-2-3,Manage Marketing Interests & Royalty Payments,Commercial & Marketing,uses-input,Manage Lease Contract,ResolvedToConcept,CM-1-2-1-2-8,Manage Lease Contract,unique exact preferred-label match,ContextualResolved,emit after mechanical uniqueness validation,unique label match to CM-1-2-1-2-8; no contradicting context,,Q11+Q12,UniquePreferredLabel
CM-1-2-4-2-4,Manage AR/AP & Actuals,Commercial & Marketing,follows,Settlements,ResolvedToConcept,CM-1-2-4-1,Settlements,unique exact preferred-label match,ContextualResolved,emit after mechanical uniqueness validation,unique label match to CM-1-2-4-1; no contradicting context,,Q11+Q12,UniquePreferredLabel
CM-1-2-4-2-4,Manage AR/AP & Actuals,Commercial & Marketing,enables,Manage Cash Application,ResolvedToConcept,CM-1-2-4-2-9,Manage Cash Application,unique exact preferred-label match,ContextualResolved,emit after mechanical uniqueness validation,unique label match to CM-1-2-4-2-9; no contradicting context,,Q11+Q12,UniquePreferredLabel
CM-1-2-4-2-4,Manage AR/AP & Actuals,Commercial & Marketing,enables,Manage Trading Sub-Ledger,ResolvedToConcept,CM-1-2-4-2-5,Manage Trading Sub-Ledger,unique exact preferred-label match,ContextualResolved,emit after mechanical uniqueness validation,unique label match to CM-1-2-4-2-5; no contradicting context,,Q11+Q12,UniquePreferredLabel
CM-1-2-4-2-5,Manage Trading Sub-Ledger,Commercial & Marketing,uses-input,Manage AR/AP & Actuals,ResolvedToConcept,CM-1-2-4-2-4,Manage AR/AP & Actuals,unique exact preferred-label match,ContextualResolved,emit after mechanical uniqueness validation,unique label match to CM-1-2-4-2-4; no contradicting context,,Q11+Q12,UniquePreferredLabel
CM-1-2-4-2-5,Manage Trading Sub-Ledger,Commercial & Marketing,uses-input,Manage Accounting Treatments,ResolvedToConcept,CM-1-2-4-2-1,Manage Accounting Treatments,unique exact preferred-label match,ContextualResolved,emit after mechanical uniqueness validation,unique label match to CM-1-2-4-2-1; no contradicting context,,Q11+Q12,UniquePreferredLabel
CM-1-2-4-2-5,Manage Trading Sub-Ledger,Commercial & Marketing,enables,Reconcile Economic PNL To Accounting PNL,ResolvedToConcept,CM-1-2-4-2-6,Reconcile Economic PNL To Accounting PNL,unique exact preferred-label match,ContextualResolved,emit after mechanical uniqueness validation,unique label match to CM-1-2-4-2-6; no contradicting context,,Q11+Q12,UniquePreferredLabel
CM-1-2-4-2-6,Reconcile Economic PNL To Accounting PNL,Commercial & Marketing,uses-input,Perform End-of-Month (EOM) Process,ResolvedToConcept,CM-1-2-2-3-5,Perform End-of-Month (EOM) Process,unique exact preferred-label match,ContextualResolved,emit after mechanical uniqueness validation,unique label match to CM-1-2-2-3-5; no contradicting context,,Q11+Q12,UniquePreferredLabel
CM-1-2-4-2-6,Reconcile Economic PNL To Accounting PNL,Commercial & Marketing,uses-input,Manage Trading Sub-Ledger,ResolvedToConcept,CM-1-2-4-2-5,Manage Trading Sub-Ledger,unique exact preferred-label match,ContextualResolved,emit after mechanical uniqueness validation,unique label match to CM-1-2-4-2-5; no contradicting context,,Q11+Q12,UniquePreferredLabel
CM-1-2-4-2-6,Reconcile Economic PNL To Accounting PNL,Commercial & Marketing,informed-by,Manage Accounting Treatments,ResolvedToConcept,CM-1-2-4-2-1,Manage Accounting Treatments,unique exact preferred-label match,ContextualResolved,emit after mechanical uniqueness validation,unique label match to CM-1-2-4-2-1; no contradicting context,,Q11+Q12,UniquePreferredLabel
CM-1-2-4-2-7,Manage Financial Information Documentation and Reporting,Commercial & Marketing,uses-input,Reconcile Economic PNL To Accounting PNL,ResolvedToConcept,CM-1-2-4-2-6,Reconcile Economic PNL To Accounting PNL,unique exact preferred-label match,ContextualResolved,emit after mechanical uniqueness validation,unique label match to CM-1-2-4-2-6; no contradicting context,,Q11+Q12,UniquePreferredLabel
CM-1-2-4-2-7,Manage Financial Information Documentation and Reporting,Commercial & Marketing,uses-input,Manage Trading Sub-Ledger,ResolvedToConcept,CM-1-2-4-2-5,Manage Trading Sub-Ledger,unique exact preferred-label match,ContextualResolved,emit after mechanical uniqueness validation,unique label match to CM-1-2-4-2-5; no contradicting context,,Q11+Q12,UniquePreferredLabel
CM-1-2-4-2-7,Manage Financial Information Documentation and Reporting,Commercial & Marketing,assures,Accounting,ResolvedToConcept,CM-1-2-4-2,Accounting,unique exact preferred-label match,ContextualResolved,emit after mechanical uniqueness validation,unique label match to CM-1-2-4-2; no contradicting context,,Q11+Q12,UniquePreferredLabel
CM-1-2-4-2-8,Manage Financial System/GL,Commercial & Marketing,enables,Manage Trading Sub-Ledger,ResolvedToConcept,CM-1-2-4-2-5,Manage Trading Sub-Ledger,unique exact preferred-label match,ContextualResolved,emit after mechanical uniqueness validation,unique label match to CM-1-2-4-2-5; no contradicting context,,Q11+Q12,UniquePreferredLabel
CM-1-2-4-2-8,Manage Financial System/GL,Commercial & Marketing,enables,Manage AR/AP & Actuals,ResolvedToConcept,CM-1-2-4-2-4,Manage AR/AP & Actuals,unique exact preferred-label match,ContextualResolved,emit after mechanical uniqueness validation,unique label match to CM-1-2-4-2-4; no contradicting context,,Q11+Q12,UniquePreferredLabel
CM-1-2-4-2-8,Manage Financial System/GL,Commercial & Marketing,informed-by,Manage Trading Books & Strategies Structure,ResolvedToConcept,CM-1-2-2-3-1,Establish And Maintain Book Structure,Q11 correction (2026-09-22): batch 12 split this into Establish And Maintain Book Structure,ContextualResolved,emit process-dependency triple,phrase maps to CM-1-2-2-3-1 per the approved batch 12 split; labels aren't identity,,Q11,UniquePreferredLabel
CM-1-2-4-2-9,Manage Cash Application,Commercial & Marketing,follows,Manage AR/AP & Actuals,ResolvedToConcept,CM-1-2-4-2-4,Manage AR/AP & Actuals,unique exact preferred-label match,ContextualResolved,emit after mechanical uniqueness validation,unique label match to CM-1-2-4-2-4; no contradicting context,,Q11+Q12,UniquePreferredLabel
CM-1-2-4-2-9,Manage Cash Application,Commercial & Marketing,uses-input,Settlements,ResolvedToConcept,CM-1-2-4-1,Settlements,unique exact preferred-label match,ContextualResolved,emit after mechanical uniqueness validation,unique label match to CM-1-2-4-1; no contradicting context,,Q11+Q12,UniquePreferredLabel
CM-1-2-4-3-1,Develop Compliance Policies & Procedures,Commercial & Marketing,enables,Monitor External Trading Compliance,ResolvedToConcept,CM-1-2-4-3-2,Monitor External Trading Compliance,unique exact preferred-label match,ContextualResolved,emit after mechanical uniqueness validation,unique label match to CM-1-2-4-3-2; no contradicting context,,Q11+Q12,UniquePreferredLabel
CM-1-2-4-3-1,Develop Compliance Policies & Procedures,Commercial & Marketing,enables,Monitor Internal Trading Compliance,ResolvedToConcept,CM-1-2-4-3-3,Monitor Internal Trading Compliance,unique exact preferred-label match,ContextualResolved,emit after mechanical uniqueness validation,unique label match to CM-1-2-4-3-3; no contradicting context,,Q11+Q12,UniquePreferredLabel
CM-1-2-4-3-1,Develop Compliance Policies & Procedures,Commercial & Marketing,governed-by,Regulatory & Compliance,ResolvedToConcept,CM-1-2-4-3,Regulatory & Compliance,unique exact preferred-label match,ContextualResolved,emit after mechanical uniqueness validation,unique label match to CM-1-2-4-3; no contradicting context,,Q11+Q12,UniquePreferredLabel
CM-1-2-4-3-2,Monitor External Trading Compliance,Commercial & Marketing,governed-by,Develop Compliance Policies & Procedures,ResolvedToConcept,CM-1-2-4-3-1,Develop Compliance Policies & Procedures,unique exact preferred-label match,ContextualResolved,emit after mechanical uniqueness validation,unique label match to CM-1-2-4-3-1; no contradicting context,,Q11+Q12,UniquePreferredLabel
CM-1-2-4-3-2,Monitor External Trading Compliance,Commercial & Marketing,informed-by,Trade Capture,ResolvedToConcept,CM-1-2-1-3,Trade Capture,unique exact preferred-label match,ContextualResolved,emit after mechanical uniqueness validation,unique label match to CM-1-2-1-3; no contradicting context,,Q11+Q12,UniquePreferredLabel
CM-1-2-4-3-2,Monitor External Trading Compliance,Commercial & Marketing,triggers,Manage Exceptions,ResolvedToConcept,CM-1-2-4-3-7,Manage Exceptions,unique exact preferred-label match,ContextualResolved,emit after mechanical uniqueness validation,unique label match to CM-1-2-4-3-7; no contradicting context,,Q11+Q12,UniquePreferredLabel
CM-1-2-4-3-3,Monitor Internal Trading Compliance,Commercial & Marketing,governed-by,Develop Compliance Policies & Procedures,ResolvedToConcept,CM-1-2-4-3-1,Develop Compliance Policies & Procedures,unique exact preferred-label match,ContextualResolved,emit after mechanical uniqueness validation,unique label match to CM-1-2-4-3-1; no contradicting context,,Q11+Q12,UniquePreferredLabel
CM-1-2-4-3-3,Monitor Internal Trading Compliance,Commercial & Marketing,triggers,Manage Exceptions,ResolvedToConcept,CM-1-2-4-3-7,Manage Exceptions,unique exact preferred-label match,ContextualResolved,emit after mechanical uniqueness validation,unique label match to CM-1-2-4-3-7; no contradicting context,,Q11+Q12,UniquePreferredLabel
CM-1-2-4-3-4,Monitor Internal Trade Controls,Commercial & Marketing,governed-by,Develop Compliance Policies & Procedures,ResolvedToConcept,CM-1-2-4-3-1,Develop Compliance Policies & Procedures,unique exact preferred-label match,ContextualResolved,emit after mechanical uniqueness validation,unique label match to CM-1-2-4-3-1; no contradicting context,,Q11+Q12,UniquePreferredLabel
CM-1-2-4-3-4,Monitor Internal Trade Controls,Commercial & Marketing,triggers,Manage Exceptions,ResolvedToConcept,CM-1-2-4-3-7,Manage Exceptions,unique exact preferred-label match,ContextualResolved,emit after mechanical uniqueness validation,unique label match to CM-1-2-4-3-7; no contradicting context,,Q11+Q12,UniquePreferredLabel
CM-1-2-4-3-5,Manage Tax Compliance,Commercial & Marketing,assures,Manage Taxes,ResolvedToConcept,CM-1-2-4-2-11,Manage Taxes,unique exact preferred-label match,ContextualResolved,emit after mechanical uniqueness validation,unique label match to CM-1-2-4-2-11; no contradicting context,,Q11+Q12,UniquePreferredLabel
CM-1-2-4-3-5,Manage Tax Compliance,Commercial & Marketing,informed-by,Develop Compliance Policies & Procedures,ResolvedToConcept,CM-1-2-4-3-1,Develop Compliance Policies & Procedures,unique exact preferred-label match,ContextualResolved,emit after mechanical uniqueness validation,unique label match to CM-1-2-4-3-1; no contradicting context,,Q11+Q12,UniquePreferredLabel
CM-1-2-4-3-5,Manage Tax Compliance,Commercial & Marketing,triggers,Manage Exceptions,ResolvedToConcept,CM-1-2-4-3-7,Manage Exceptions,unique exact preferred-label match,ContextualResolved,emit after mechanical uniqueness validation,unique label match to CM-1-2-4-3-7; no contradicting context,,Q11+Q12,UniquePreferredLabel
CM-1-2-4-3-6,Manage RINs Reporting,Commercial & Marketing,uses-input,Perform RINs/REC Actualization,ResolvedToConcept,CM-1-2-3-1-7,Perform RINs/REC Actualization,unique exact preferred-label match,ContextualResolved,emit after mechanical uniqueness validation,unique label match to CM-1-2-3-1-7; no contradicting context,,Q11+Q12,UniquePreferredLabel
CM-1-2-4-3-6,Manage RINs Reporting,Commercial & Marketing,enables,Monitor External Trading Compliance,ResolvedToConcept,CM-1-2-4-3-2,Monitor External Trading Compliance,unique exact preferred-label match,ContextualResolved,emit after mechanical uniqueness validation,unique label match to CM-1-2-4-3-2; no contradicting context,,Q11+Q12,UniquePreferredLabel
CM-1-2-4-3-6,Manage RINs Reporting,Commercial & Marketing,governed-by,Develop Compliance Policies & Procedures,ResolvedToConcept,CM-1-2-4-3-1,Develop Compliance Policies & Procedures,unique exact preferred-label match,ContextualResolved,emit after mechanical uniqueness validation,unique label match to CM-1-2-4-3-1; no contradicting context,,Q11+Q12,UniquePreferredLabel
CM-1-2-4-3-7,Manage Exceptions,Commercial & Marketing,follows,Monitor External Trading Compliance,ResolvedToConcept,CM-1-2-4-3-2,Monitor External Trading Compliance,unique exact preferred-label match,ContextualResolved,emit after mechanical uniqueness validation,unique label match to CM-1-2-4-3-2; no contradicting context,,Q11+Q12,UniquePreferredLabel
CM-1-2-4-3-7,Manage Exceptions,Commercial & Marketing,follows,Monitor Internal Trade Controls,ResolvedToConcept,CM-1-2-4-3-4,Monitor Internal Trade Controls,unique exact preferred-label match,ContextualResolved,emit after mechanical uniqueness validation,unique label match to CM-1-2-4-3-4; no contradicting context,,Q11+Q12,UniquePreferredLabel
CM-1-2-4-3-7,Manage Exceptions,Commercial & Marketing,enables,Develop Compliance Policies & Procedures,ResolvedToConcept,CM-1-2-4-3-1,Develop Compliance Policies & Procedures,unique exact preferred-label match,ContextualResolved,emit after mechanical uniqueness validation,unique label match to CM-1-2-4-3-1; no contradicting context,,Q11+Q12,UniquePreferredLabel
CM-1-2-4-4-1,Identify Potential Demurrage,Commercial & Marketing,uses-input,Perform Vessel & Barge Actualization,ResolvedToConcept,CM-1-2-3-1-4,Perform Vessel & Barge Actualization,unique exact preferred-label match,ContextualResolved,emit after mechanical uniqueness validation,unique label match to CM-1-2-3-1-4; no contradicting context,,Q11+Q12,UniquePreferredLabel
CM-1-2-4-4-1,Identify Potential Demurrage,Commercial & Marketing,precedes,Create Outbound Delay Compensation Claim (CM-1-2-4-4-2),ResolvedToConcept,CM-1-2-4-4-2,Create Outbound Delay Compensation Claim,stable identifier CM-1-2-4-4-2 carried in mention text,Resolved,emit automatically after subject/target existence checks,target carries its slug; resolves to Create Outbound Delay Compensation Claim,,Q11+Q12,StableIdentifier
CM-1-2-4-4-2,Create Outbound Delay Compensation Claim,Commercial & Marketing,follows,Identify Potential Demurrage,ResolvedToConcept,CM-1-2-4-4-1,Identify Potential Demurrage,unique exact preferred-label match,ContextualResolved,emit after mechanical uniqueness validation,unique label match to CM-1-2-4-4-1; no contradicting context,,Q11+Q12,UniquePreferredLabel
CM-1-2-4-4-2,Create Outbound Delay Compensation Claim,Commercial & Marketing,precedes,Negotiate Outbound Claim (CM-1-2-4-4-5),ResolvedToConcept,CM-1-2-4-4-5,Negotiate Outbound Claim,stable identifier CM-1-2-4-4-5 carried in mention text,Resolved,emit automatically after subject/target existence checks,target carries its slug; resolves to Negotiate Outbound Claim,,Q11+Q12,StableIdentifier
CM-1-2-4-4-3,Receive Inbound Delay Compensation Claim,Commercial & Marketing,precedes,Assess Inbound Claim (CM-1-2-4-4-4),ResolvedToConcept,CM-1-2-4-4-4,Assess Inbound Claim,stable identifier CM-1-2-4-4-4 carried in mention text,Resolved,emit automatically after subject/target existence checks,target carries its slug; resolves to Assess Inbound Claim,,Q11+Q12,StableIdentifier
CM-1-2-4-4-3,Receive Inbound Delay Compensation Claim,Commercial & Marketing,uses-input,Manage Carrier Contracts,ResolvedToConcept,CM-1-2-1-2-9,Manage Carrier Contracts,unique exact preferred-label match,ContextualResolved,emit after mechanical uniqueness validation,unique label match to CM-1-2-1-2-9; no contradicting context,,Q11+Q12,UniquePreferredLabel
CM-1-2-4-4-4,Assess Inbound Claim,Commercial & Marketing,follows,Receive Inbound Delay Compensation Claim (CM-1-2-4-4-3),ResolvedToConcept,CM-1-2-4-4-3,Receive Inbound Delay Compensation Claim,stable identifier CM-1-2-4-4-3 carried in mention text,Resolved,emit automatically after subject/target existence checks,target carries its slug; resolves to Receive Inbound Delay Compensation Claim,,Q11+Q12,StableIdentifier
CM-1-2-4-4-4,Assess Inbound Claim,Commercial & Marketing,precedes,Validate and Negotiate Inbound Claim (CM-1-2-4-4-6),ResolvedToConcept,CM-1-2-4-4-6,Validate and Negotiate Inbound Claim,stable identifier CM-1-2-4-4-6 carried in mention text,Resolved,emit automatically after subject/target existence checks,target carries its slug; resolves to Validate and Negotiate Inbound Claim,,Q11+Q12,StableIdentifier
CM-1-2-4-4-4,Assess Inbound Claim,Commercial & Marketing,informed-by,Perform Vessel & Barge Actualization,ResolvedToConcept,CM-1-2-3-1-4,Perform Vessel & Barge Actualization,unique exact preferred-label match,ContextualResolved,emit after mechanical uniqueness validation,unique label match to CM-1-2-3-1-4; no contradicting context,,Q11+Q12,UniquePreferredLabel
CM-1-2-4-4-5,Negotiate Outbound Claim,Commercial & Marketing,follows,Create Outbound Delay Compensation Claim (CM-1-2-4-4-2),ResolvedToConcept,CM-1-2-4-4-2,Create Outbound Delay Compensation Claim,stable identifier CM-1-2-4-4-2 carried in mention text,Resolved,emit automatically after subject/target existence checks,target carries its slug; resolves to Create Outbound Delay Compensation Claim,,Q11+Q12,StableIdentifier
CM-1-2-4-4-5,Negotiate Outbound Claim,Commercial & Marketing,precedes,Invoice Agreed Outbound Claim (CM-1-2-4-4-7),ResolvedToConcept,CM-1-2-4-4-7,Invoice Agreed Outbound Claim,stable identifier CM-1-2-4-4-7 carried in mention text,Resolved,emit automatically after subject/target existence checks,target carries its slug; resolves to Invoice Agreed Outbound Claim,,Q11+Q12,StableIdentifier
CM-1-2-4-4-6,Validate and Negotiate Inbound Claim,Commercial & Marketing,follows,Assess Inbound Claim (CM-1-2-4-4-4),ResolvedToConcept,CM-1-2-4-4-4,Assess Inbound Claim,stable identifier CM-1-2-4-4-4 carried in mention text,Resolved,emit automatically after subject/target existence checks,target carries its slug; resolves to Assess Inbound Claim,,Q11+Q12,StableIdentifier
CM-1-2-4-4-6,Validate and Negotiate Inbound Claim,Commercial & Marketing,precedes,Process Invoice for Agreed Inbound Claim (CM-1-2-4-4-8),ResolvedToConcept,CM-1-2-4-4-8,Process Invoice for Agreed Inbound Claim,stable identifier CM-1-2-4-4-8 carried in mention text,Resolved,emit automatically after subject/target existence checks,target carries its slug; resolves to Process Invoice for Agreed Inbound Claim,,Q11+Q12,StableIdentifier
CM-1-2-4-4-7,Invoice Agreed Outbound Claim,Commercial & Marketing,follows,Negotiate Outbound Claim (CM-1-2-4-4-5),ResolvedToConcept,CM-1-2-4-4-5,Negotiate Outbound Claim,stable identifier CM-1-2-4-4-5 carried in mention text,Resolved,emit automatically after subject/target existence checks,target carries its slug; resolves to Negotiate Outbound Claim,,Q11+Q12,StableIdentifier
CM-1-2-4-4-7,Invoice Agreed Outbound Claim,Commercial & Marketing,precedes,Manage AR/AP & Actuals,ResolvedToConcept,CM-1-2-4-2-4,Manage AR/AP & Actuals,unique exact preferred-label match,ContextualResolved,emit after mechanical uniqueness validation,unique label match to CM-1-2-4-2-4; no contradicting context,,Q11+Q12,UniquePreferredLabel
CM-1-2-4-4-8,Process Invoice for Agreed Inbound Claim,Commercial & Marketing,follows,Validate and Negotiate Inbound Claim (CM-1-2-4-4-6),ResolvedToConcept,CM-1-2-4-4-6,Validate and Negotiate Inbound Claim,stable identifier CM-1-2-4-4-6 carried in mention text,Resolved,emit automatically after subject/target existence checks,target carries its slug; resolves to Validate and Negotiate Inbound Claim,,Q11+Q12,StableIdentifier
CM-1-2-4-4-8,Process Invoice for Agreed Inbound Claim,Commercial & Marketing,precedes,Manage AR/AP & Actuals,ResolvedToConcept,CM-1-2-4-2-4,Manage AR/AP & Actuals,unique exact preferred-label match,ContextualResolved,emit after mechanical uniqueness validation,unique label match to CM-1-2-4-2-4; no contradicting context,,Q11+Q12,UniquePreferredLabel
CM-1-2-5-1-1,Manage Feedstock Data Quality,Commercial & Marketing,enables,Review LP Model Integrity,ResolvedToConcept,CM-1-2-5-1-2,Review LP Model Integrity,unique exact preferred-label match,ContextualResolved,emit after mechanical uniqueness validation,unique label match to CM-1-2-5-1-2; no contradicting context,,Q11+Q12,UniquePreferredLabel
CM-1-2-5-1-1,Manage Feedstock Data Quality,Commercial & Marketing,enables,Develop Term Slate,ResolvedToConcept,CM-1-2-5-1-3,Develop Term Slate,unique exact preferred-label match,ContextualResolved,emit after mechanical uniqueness validation,unique label match to CM-1-2-5-1-3; no contradicting context,,Q11+Q12,UniquePreferredLabel
CM-1-2-5-1-1,Manage Feedstock Data Quality,Commercial & Marketing,uses-input,Perform Vessel & Barge Actualization,ResolvedToConcept,CM-1-2-3-1-4,Perform Vessel & Barge Actualization,unique exact preferred-label match,ContextualResolved,emit after mechanical uniqueness validation,unique label match to CM-1-2-3-1-4; no contradicting context,,Q11+Q12,UniquePreferredLabel
CM-1-2-5-1-2,Review LP Model Integrity,Commercial & Marketing,uses-input,Manage Feedstock Data Quality (CM-1-2-5-1-1),ResolvedToConcept,CM-1-2-5-1-1,Manage Feedstock Data Quality,stable identifier CM-1-2-5-1-1 carried in mention text,Resolved,emit automatically after subject/target existence checks,target carries its slug; resolves to Manage Feedstock Data Quality,,Q11+Q12,StableIdentifier
CM-1-2-5-1-2,Review LP Model Integrity,Commercial & Marketing,enables,Develop Term Slate,ResolvedToConcept,CM-1-2-5-1-3,Develop Term Slate,unique exact preferred-label match,ContextualResolved,emit after mechanical uniqueness validation,unique label match to CM-1-2-5-1-3; no contradicting context,,Q11+Q12,UniquePreferredLabel
CM-1-2-5-1-2,Review LP Model Integrity,Commercial & Marketing,informed-by,Refinery Planning,ResolvedToConcept,CM-1-1-4,Refinery Planning,unique exact preferred-label match,ContextualResolved,emit after mechanical uniqueness validation,unique label match to CM-1-1-4; no contradicting context,,Q11+Q12,UniquePreferredLabel
CM-1-2-5-1-3,Develop Term Slate,Commercial & Marketing,enables,Recommend Feedstock Slate And Run Rate (CM-1-2-5-2-3),ResolvedToConcept,CM-1-2-5-2-3,Recommend Feedstock Slate And Run Rate,stable identifier CM-1-2-5-2-3 carried in mention text,Resolved,emit automatically after subject/target existence checks,target carries its slug; resolves to Recommend Feedstock Slate And Run Rate,,Q11+Q12,StableIdentifier
CM-1-2-5-1-3,Develop Term Slate,Commercial & Marketing,informed-by,Evaluate Crude & Feedstock,ResolvedToConcept,CM-1-1-4-7-2,Evaluate Crude & Feedstock,unique exact preferred-label match,ContextualResolved,emit after mechanical uniqueness validation,unique label match to CM-1-1-4-7-2; no contradicting context,,Q11+Q12,UniquePreferredLabel
CM-1-2-5-1-3,Develop Term Slate,Commercial & Marketing,precedes,Create New Contract,ResolvedToConcept,CM-1-2-1-2-5,Create New Contract,unique exact preferred-label match,ContextualResolved,emit after mechanical uniqueness validation,unique label match to CM-1-2-1-2-5; no contradicting context,,Q11+Q12,UniquePreferredLabel
CM-1-2-5-1-4,Develop Spot Slate,Commercial & Marketing,enables,Recommend Feedstock Slate And Run Rate (CM-1-2-5-2-3),ResolvedToConcept,CM-1-2-5-2-3,Recommend Feedstock Slate And Run Rate,stable identifier CM-1-2-5-2-3 carried in mention text,Resolved,emit automatically after subject/target existence checks,target carries its slug; resolves to Recommend Feedstock Slate And Run Rate,,Q11+Q12,StableIdentifier
CM-1-2-5-1-4,Develop Spot Slate,Commercial & Marketing,enables,Coordinate Feedstock Trading,ResolvedToConcept,CM-1-2-5-2-1,Coordinate Feedstock Trading,unique exact preferred-label match,ContextualResolved,emit after mechanical uniqueness validation,unique label match to CM-1-2-5-2-1; no contradicting context,,Q11+Q12,UniquePreferredLabel
CM-1-2-5-1-4,Develop Spot Slate,Commercial & Marketing,informed-by,Develop Term Slate,ResolvedToConcept,CM-1-2-5-1-3,Develop Term Slate,unique exact preferred-label match,ContextualResolved,emit after mechanical uniqueness validation,unique label match to CM-1-2-5-1-3; no contradicting context,,Q11+Q12,UniquePreferredLabel
CM-1-2-5-2-1,Coordinate Feedstock Trading,Commercial & Marketing,follows,Develop Feedstock Demand,ResolvedToConcept,CM-1-2-5-2-2,Develop Feedstock Demand,unique exact preferred-label match,ContextualResolved,emit after mechanical uniqueness validation,unique label match to CM-1-2-5-2-2; no contradicting context,,Q11+Q12,UniquePreferredLabel
CM-1-2-5-2-1,Coordinate Feedstock Trading,Commercial & Marketing,enables,Trade Capture,ResolvedToConcept,CM-1-2-1-3,Trade Capture,unique exact preferred-label match,ContextualResolved,emit after mechanical uniqueness validation,unique label match to CM-1-2-1-3; no contradicting context,,Q11+Q12,UniquePreferredLabel
CM-1-2-5-2-1,Coordinate Feedstock Trading,Commercial & Marketing,precedes,Manage Feedstock Transportation,ResolvedToConcept,CM-1-2-5-3-1,Manage Feedstock Transportation,unique exact preferred-label match,ContextualResolved,emit after mechanical uniqueness validation,unique label match to CM-1-2-5-3-1; no contradicting context,,Q11+Q12,UniquePreferredLabel
CM-1-2-5-2-2,Develop Feedstock Demand,Commercial & Marketing,uses-input,Refinery Planning,ResolvedToConcept,CM-1-1-4,Refinery Planning,unique exact preferred-label match,ContextualResolved,emit after mechanical uniqueness validation,unique label match to CM-1-1-4; no contradicting context,,Q11+Q12,UniquePreferredLabel
CM-1-2-5-2-2,Develop Feedstock Demand,Commercial & Marketing,uses-input,Manage Feedstock Inventory,ResolvedToConcept,CM-1-2-5-4-2,Manage Feedstock Inventory,unique exact preferred-label match,ContextualResolved,emit after mechanical uniqueness validation,unique label match to CM-1-2-5-4-2; no contradicting context,,Q11+Q12,UniquePreferredLabel
CM-1-2-5-2-2,Develop Feedstock Demand,Commercial & Marketing,precedes,Coordinate Feedstock Trading,ResolvedToConcept,CM-1-2-5-2-1,Coordinate Feedstock Trading,unique exact preferred-label match,ContextualResolved,emit after mechanical uniqueness validation,unique label match to CM-1-2-5-2-1; no contradicting context,,Q11+Q12,UniquePreferredLabel
CM-1-2-5-2-3,Recommend Feedstock Slate And Run Rate,Commercial & Marketing,enables,Refinery Planning,ResolvedToConcept,CM-1-1-4,Refinery Planning,unique exact preferred-label match,ContextualResolved,emit after mechanical uniqueness validation,unique label match to CM-1-1-4; no contradicting context,,Q11+Q12,UniquePreferredLabel
CM-1-2-5-2-3,Recommend Feedstock Slate And Run Rate,Commercial & Marketing,uses-input,Develop Feedstock Demand,ResolvedToConcept,CM-1-2-5-2-2,Develop Feedstock Demand,unique exact preferred-label match,ContextualResolved,emit after mechanical uniqueness validation,unique label match to CM-1-2-5-2-2; no contradicting context,,Q11+Q12,UniquePreferredLabel
CM-1-2-5-2-3,Recommend Feedstock Slate And Run Rate,Commercial & Marketing,uses-input,Develop Spot Slate,ResolvedToConcept,CM-1-2-5-1-4,Develop Spot Slate,unique exact preferred-label match,ContextualResolved,emit after mechanical uniqueness validation,unique label match to CM-1-2-5-1-4; no contradicting context,,Q11+Q12,UniquePreferredLabel
CM-1-2-5-3-1,Manage Feedstock Transportation,Commercial & Marketing,follows,Coordinate Feedstock Trading,ResolvedToConcept,CM-1-2-5-2-1,Coordinate Feedstock Trading,unique exact preferred-label match,ContextualResolved,emit after mechanical uniqueness validation,unique label match to CM-1-2-5-2-1; no contradicting context,,Q11+Q12,UniquePreferredLabel
CM-1-2-5-3-1,Manage Feedstock Transportation,Commercial & Marketing,precedes,Schedule Feedstock Delivery,ResolvedToConcept,CM-1-2-5-3-2,Schedule Feedstock Delivery,unique exact preferred-label match,ContextualResolved,emit after mechanical uniqueness validation,unique label match to CM-1-2-5-3-2; no contradicting context,,Q11+Q12,UniquePreferredLabel
CM-1-2-5-3-1,Manage Feedstock Transportation,Commercial & Marketing,uses-input,Manage Carrier Contracts,ResolvedToConcept,CM-1-2-1-2-9,Manage Carrier Contracts,unique exact preferred-label match,ContextualResolved,emit after mechanical uniqueness validation,unique label match to CM-1-2-1-2-9; no contradicting context,,Q11+Q12,UniquePreferredLabel
CM-1-2-5-3-2,Schedule Feedstock Delivery,Commercial & Marketing,follows,Manage Feedstock Transportation,ResolvedToConcept,CM-1-2-5-3-1,Manage Feedstock Transportation,unique exact preferred-label match,ContextualResolved,emit after mechanical uniqueness validation,unique label match to CM-1-2-5-3-1; no contradicting context,,Q11+Q12,UniquePreferredLabel
CM-1-2-5-3-2,Schedule Feedstock Delivery,Commercial & Marketing,precedes,Plan Feedstock Arrival,ResolvedToConcept,CM-1-2-5-3-3,Plan Feedstock Arrival,unique exact preferred-label match,ContextualResolved,emit after mechanical uniqueness validation,unique label match to CM-1-2-5-3-3; no contradicting context,,Q11+Q12,UniquePreferredLabel
CM-1-2-5-3-2,Schedule Feedstock Delivery,Commercial & Marketing,informed-by,Production Scheduling,ResolvedToConcept,CM-1-1-7-2,Production Scheduling,unique exact preferred-label match,ContextualResolved,emit after mechanical uniqueness validation,unique label match to CM-1-1-7-2; no contradicting context,,Q11+Q12,UniquePreferredLabel
CM-1-2-5-3-3,Plan Feedstock Arrival,Commercial & Marketing,follows,Schedule Feedstock Delivery,ResolvedToConcept,CM-1-2-5-3-2,Schedule Feedstock Delivery,unique exact preferred-label match,ContextualResolved,emit after mechanical uniqueness validation,unique label match to CM-1-2-5-3-2; no contradicting context,,Q11+Q12,UniquePreferredLabel
CM-1-2-5-3-3,Plan Feedstock Arrival,Commercial & Marketing,enables,Perform Vessel & Barge Actualization,ResolvedToConcept,CM-1-2-3-1-4,Perform Vessel & Barge Actualization,unique exact preferred-label match,ContextualResolved,emit after mechanical uniqueness validation,unique label match to CM-1-2-3-1-4; no contradicting context,,Q11+Q12,UniquePreferredLabel
CM-1-2-5-3-3,Plan Feedstock Arrival,Commercial & Marketing,informed-by,Manage Feedstock Inventory,ResolvedToConcept,CM-1-2-5-4-2,Manage Feedstock Inventory,unique exact preferred-label match,ContextualResolved,emit after mechanical uniqueness validation,unique label match to CM-1-2-5-4-2; no contradicting context,,Q11+Q12,UniquePreferredLabel
CM-1-2-5-4-1,Assess & Manage Inventory Risk,Commercial & Marketing,uses-input,Manage Feedstock Inventory,ResolvedToConcept,CM-1-2-5-4-2,Manage Feedstock Inventory,unique exact preferred-label match,ContextualResolved,emit after mechanical uniqueness validation,unique label match to CM-1-2-5-4-2; no contradicting context,,Q11+Q12,UniquePreferredLabel
CM-1-2-5-4-1,Assess & Manage Inventory Risk,Commercial & Marketing,enables,Trading Management,ResolvedToConcept,CM-1-2-1,Trading Management,unique exact preferred-label match,ContextualResolved,emit after mechanical uniqueness validation,unique label match to CM-1-2-1; no contradicting context,,Q11+Q12,UniquePreferredLabel
CM-1-2-5-4-1,Assess & Manage Inventory Risk,Commercial & Marketing,informed-by,Market Risk Management,ResolvedToConcept,CM-1-2-2-3,Market Risk Management,unique exact preferred-label match,ContextualResolved,emit after mechanical uniqueness validation,unique label match to CM-1-2-2-3; no contradicting context,,Q11+Q12,UniquePreferredLabel
CM-1-2-5-4-2,Manage Feedstock Inventory,Commercial & Marketing,enables,Develop Feedstock Demand,ResolvedToConcept,CM-1-2-5-2-2,Develop Feedstock Demand,unique exact preferred-label match,ContextualResolved,emit after mechanical uniqueness validation,unique label match to CM-1-2-5-2-2; no contradicting context,,Q11+Q12,UniquePreferredLabel
CM-1-2-5-4-2,Manage Feedstock Inventory,Commercial & Marketing,enables,Assess & Manage Inventory Risk,ResolvedToConcept,CM-1-2-5-4-1,Assess & Manage Inventory Risk,unique exact preferred-label match,ContextualResolved,emit after mechanical uniqueness validation,unique label match to CM-1-2-5-4-1; no contradicting context,,Q11+Q12,UniquePreferredLabel
CM-1-2-5-4-2,Manage Feedstock Inventory,Commercial & Marketing,informed-by,Crude/Feed Transportation Management,ResolvedToConcept,CM-1-2-5-3,Crude/Feed Transportation Management,unique exact preferred-label match,ContextualResolved,emit after mechanical uniqueness validation,unique label match to CM-1-2-5-3; no contradicting context,,Q11+Q12,UniquePreferredLabel
CM-1-2-6-1-1,Segment Customers,Commercial & Marketing,enables,Evaluate Market Attractiveness,ResolvedToConcept,CM-1-2-6-1-2,Evaluate Market Attractiveness,unique exact preferred-label match,ContextualResolved,emit after mechanical uniqueness validation,unique label match to CM-1-2-6-1-2; no contradicting context,,Q11+Q12,UniquePreferredLabel
CM-1-2-6-1-1,Segment Customers,Commercial & Marketing,enables,Assess Cost-to-Serve Performance,ResolvedToConcept,CM-1-2-6-1-3,Assess Cost-to-Serve Performance,unique exact preferred-label match,ContextualResolved,emit after mechanical uniqueness validation,unique label match to CM-1-2-6-1-3; no contradicting context,,Q11+Q12,UniquePreferredLabel
CM-1-2-6-1-2,Evaluate Market Attractiveness,Commercial & Marketing,uses-input,Segment Customers,ResolvedToConcept,CM-1-2-6-1-1,Segment Customers,unique exact preferred-label match,ContextualResolved,emit after mechanical uniqueness validation,unique label match to CM-1-2-6-1-1; no contradicting context,,Q11+Q12,UniquePreferredLabel
CM-1-2-6-1-2,Evaluate Market Attractiveness,Commercial & Marketing,enables,Supply Network Participation Analysis (CM-1-2-6-1),ResolvedToConcept,CM-1-2-6-1,Supply Network Participation Analysis,stable identifier CM-1-2-6-1 carried in mention text,Resolved,emit automatically after subject/target existence checks,target carries its slug; resolves to Supply Network Participation Analysis,,Q11+Q12,StableIdentifier
CM-1-2-6-1-2,Evaluate Market Attractiveness,Commercial & Marketing,informed-by,Assess Cost-to-Serve Performance,ResolvedToConcept,CM-1-2-6-1-3,Assess Cost-to-Serve Performance,unique exact preferred-label match,ContextualResolved,emit after mechanical uniqueness validation,unique label match to CM-1-2-6-1-3; no contradicting context,,Q11+Q12,UniquePreferredLabel
CM-1-2-6-1-3,Assess Cost-to-Serve Performance,Commercial & Marketing,uses-input,Segment Customers,ResolvedToConcept,CM-1-2-6-1-1,Segment Customers,unique exact preferred-label match,ContextualResolved,emit after mechanical uniqueness validation,unique label match to CM-1-2-6-1-1; no contradicting context,,Q11+Q12,UniquePreferredLabel
CM-1-2-6-1-3,Assess Cost-to-Serve Performance,Commercial & Marketing,enables,Supply Network Participation Analysis (CM-1-2-6-1),ResolvedToConcept,CM-1-2-6-1,Supply Network Participation Analysis,stable identifier CM-1-2-6-1 carried in mention text,Resolved,emit automatically after subject/target existence checks,target carries its slug; resolves to Supply Network Participation Analysis,,Q11+Q12,StableIdentifier
CM-1-2-6-1-3,Assess Cost-to-Serve Performance,Commercial & Marketing,uses-input,Accounting,ResolvedToConcept,CM-1-2-4-2,Accounting,unique exact preferred-label match,ContextualResolved,emit after mechanical uniqueness validation,unique label match to CM-1-2-4-2; no contradicting context,,Q11+Q12,UniquePreferredLabel
CM-1-2-6-2-1,Manage Refined Product Demand,Commercial & Marketing,uses-input,Forecast Operational Refined Product Demand (CM-1-2-6-2-3),ResolvedToConcept,CM-1-2-6-2-3,Forecast Operational Refined Product Demand,stable identifier CM-1-2-6-2-3 carried in mention text,Resolved,emit automatically after subject/target existence checks,target carries its slug; resolves to Forecast Operational Refined Product Demand,,Q11+Q12,StableIdentifier
CM-1-2-6-2-1,Manage Refined Product Demand,Commercial & Marketing,enables,Fulfill Replenishment From Trading Sources (CM-1-2-6-3-2),ResolvedToConcept,CM-1-2-6-3-2,Fulfill Replenishment From Trading Sources,stable identifier CM-1-2-6-3-2 carried in mention text,Resolved,emit automatically after subject/target existence checks,target carries its slug; resolves to Fulfill Replenishment From Trading Sources,,Q11+Q12,StableIdentifier
CM-1-2-6-2-1,Manage Refined Product Demand,Commercial & Marketing,enables,Coordinate Product Trading,ResolvedToConcept,CM-1-1-3-5-2,Coordinate Product Trading,unique exact preferred-label match,ContextualResolved,emit after mechanical uniqueness validation,unique label match to CM-1-1-3-5-2; no contradicting context,,Q11+Q12,UniquePreferredLabel
CM-1-2-6-2-2,Manage Refined Product Exchanges,Commercial & Marketing,uses-input,Manage Refined Product Demand,ResolvedToConcept,CM-1-2-6-2-1,Manage Refined Product Demand,unique exact preferred-label match,ContextualResolved,emit after mechanical uniqueness validation,unique label match to CM-1-2-6-2-1; no contradicting context,,Q11+Q12,UniquePreferredLabel
CM-1-2-6-2-2,Manage Refined Product Exchanges,Commercial & Marketing,enables,Supply Operations,ResolvedToConcept,CM-1-2-6-3,Supply Operations,unique exact preferred-label match,ContextualResolved,emit after mechanical uniqueness validation,unique label match to CM-1-2-6-3; no contradicting context,,Q11+Q12,UniquePreferredLabel
CM-1-2-6-2-2,Manage Refined Product Exchanges,Commercial & Marketing,informed-by,Manage Product Exchange Agreements,ResolvedToConcept,CM-1-2-7-1-1,Manage Product Exchange Agreements,unique exact preferred-label match,ContextualResolved,emit after mechanical uniqueness validation,unique label match to CM-1-2-7-1-1; no contradicting context,,Q11+Q12,UniquePreferredLabel
CM-1-2-6-2-3,Forecast Operational Refined Product Demand,Commercial & Marketing,uses-input,Produce Demand Forecast (CM-1-1-1-1),ResolvedToConcept,CM-1-1-1-1,Produce Demand Forecast,stable identifier CM-1-1-1-1 carried in mention text,Resolved,emit automatically after subject/target existence checks,target carries its slug; resolves to Produce Demand Forecast,,Q11+Q12,StableIdentifier
CM-1-2-6-2-3,Forecast Operational Refined Product Demand,Commercial & Marketing,enables,Manage Refined Product Demand,ResolvedToConcept,CM-1-2-6-2-1,Manage Refined Product Demand,unique exact preferred-label match,ContextualResolved,emit after mechanical uniqueness validation,unique label match to CM-1-2-6-2-1; no contradicting context,,Q11+Q12,UniquePreferredLabel
CM-1-2-6-2-3,Forecast Operational Refined Product Demand,Commercial & Marketing,enables,Fulfill Replenishment From Trading Sources (CM-1-2-6-3-2),ResolvedToConcept,CM-1-2-6-3-2,Fulfill Replenishment From Trading Sources,stable identifier CM-1-2-6-3-2 carried in mention text,Resolved,emit automatically after subject/target existence checks,target carries its slug; resolves to Fulfill Replenishment From Trading Sources,,Q11+Q12,StableIdentifier
CM-1-2-6-3-1,Coordinate S&T Source-Point Supply Operations,Commercial & Marketing,enables,Fulfill Replenishment From Trading Sources (CM-1-2-6-3-2),ResolvedToConcept,CM-1-2-6-3-2,Fulfill Replenishment From Trading Sources,stable identifier CM-1-2-6-3-2 carried in mention text,Resolved,emit automatically after subject/target existence checks,target carries its slug; resolves to Fulfill Replenishment From Trading Sources,,Q11+Q12,StableIdentifier
CM-1-2-6-3-1,Coordinate S&T Source-Point Supply Operations,Commercial & Marketing,uses-input,Manage Refined Product Exchanges,ResolvedToConcept,CM-1-2-6-2-2,Manage Refined Product Exchanges,unique exact preferred-label match,ContextualResolved,emit after mechanical uniqueness validation,unique label match to CM-1-2-6-2-2; no contradicting context,,Q11+Q12,UniquePreferredLabel
CM-1-2-6-3-1,Coordinate S&T Source-Point Supply Operations,Commercial & Marketing,uses-input,Coordinate Product Trading,ResolvedToConcept,CM-1-1-3-5-2,Coordinate Product Trading,unique exact preferred-label match,ContextualResolved,emit after mechanical uniqueness validation,unique label match to CM-1-1-3-5-2; no contradicting context,,Q11+Q12,UniquePreferredLabel
CM-1-2-6-3-2,Fulfill Replenishment From Trading Sources,Commercial & Marketing,uses-input,Manage Inventory Replenishment,ResolvedToConcept,CM-1-1-3-7-9,Manage Inventory Replenishment,unique exact preferred-label match,ContextualResolved,emit after mechanical uniqueness validation,unique label match to CM-1-1-3-7-9; no contradicting context,,Q11+Q12,UniquePreferredLabel
CM-1-2-6-3-2,Fulfill Replenishment From Trading Sources,Commercial & Marketing,uses-input,Coordinate S&T Source-Point Supply Operations (CM-1-2-6-3-1),ResolvedToConcept,CM-1-2-6-3-1,Coordinate S&T Source-Point Supply Operations,stable identifier CM-1-2-6-3-1 carried in mention text,Resolved,emit automatically after subject/target existence checks,target carries its slug; resolves to Coordinate S&T Source-Point Supply Operations,,Q11+Q12,StableIdentifier
CM-1-2-6-3-2,Fulfill Replenishment From Trading Sources,Commercial & Marketing,enables,Coordinate Product Trading,ResolvedToConcept,CM-1-1-3-5-2,Coordinate Product Trading,unique exact preferred-label match,ContextualResolved,emit after mechanical uniqueness validation,unique label match to CM-1-1-3-5-2; no contradicting context,,Q11+Q12,UniquePreferredLabel
CM-1-2-6-3-3,Coordinate S&T-Sourced Primary Transportation,Commercial & Marketing,follows,Fulfill Replenishment From Trading Sources (CM-1-2-6-3-2),ResolvedToConcept,CM-1-2-6-3-2,Fulfill Replenishment From Trading Sources,stable identifier CM-1-2-6-3-2 carried in mention text,Resolved,emit automatically after subject/target existence checks,target carries its slug; resolves to Fulfill Replenishment From Trading Sources,,Q11+Q12,StableIdentifier
CM-1-2-6-3-3,Coordinate S&T-Sourced Primary Transportation,Commercial & Marketing,uses-input,Manage Carrier Contracts,ResolvedToConcept,CM-1-2-1-2-9,Manage Carrier Contracts,unique exact preferred-label match,ContextualResolved,emit after mechanical uniqueness validation,unique label match to CM-1-2-1-2-9; no contradicting context,,Q11+Q12,UniquePreferredLabel
CM-1-2-6-3-3,Coordinate S&T-Sourced Primary Transportation,Commercial & Marketing,precedes,Physical Distribution Scheduling,ResolvedToConcept,CM-1-1-3-6,Physical Distribution Scheduling,unique exact preferred-label match,ContextualResolved,emit after mechanical uniqueness validation,unique label match to CM-1-1-3-6; no contradicting context,,Q11+Q12,UniquePreferredLabel
CM-1-2-7-1-1,Manage Product Exchange Agreements,Commercial & Marketing,enables,Manage Refined Product Exchanges,ResolvedToConcept,CM-1-2-6-2-2,Manage Refined Product Exchanges,unique exact preferred-label match,ContextualResolved,emit after mechanical uniqueness validation,unique label match to CM-1-2-6-2-2; no contradicting context,,Q11+Q12,UniquePreferredLabel
CM-1-2-7-1-1,Manage Product Exchange Agreements,Commercial & Marketing,informed-by,Actualizations,AmbiguousDeferred,CM-1-2-3 | CM-1-2-3-1,Actualizations | Actualizations,exact label matches multiple concepts; no single contextual target,Deferred,no triple; retain candidates + review trigger,label collision across 2 concepts; source context does not isolate one,label remediation or domain-owner clarification,Q12,AmbiguousDeferred
CM-1-2-7-1-1,Manage Product Exchange Agreements,Commercial & Marketing,precedes,Settle Products,ResolvedToConcept,CM-1-2-4-1-2,Settle Products,unique exact preferred-label match,ContextualResolved,emit after mechanical uniqueness validation,unique label match to CM-1-2-4-1-2; no contradicting context,,Q11+Q12,UniquePreferredLabel
CM-1-2-7-1-2,Manage Product Transport Agreements,Commercial & Marketing,informed-by,Manage Carrier Contracts,ResolvedToConcept,CM-1-2-1-2-9,Manage Carrier Contracts,unique exact preferred-label match,ContextualResolved,emit after mechanical uniqueness validation,unique label match to CM-1-2-1-2-9; no contradicting context,,Q11+Q12,UniquePreferredLabel
CM-1-2-7-1-2,Manage Product Transport Agreements,Commercial & Marketing,enables,Secondary Distribution Management,ResolvedToConcept,CM-1-1-3-8,Secondary Distribution Management,unique exact preferred-label match,ContextualResolved,emit after mechanical uniqueness validation,unique label match to CM-1-1-3-8; no contradicting context,,Q11+Q12,UniquePreferredLabel
CM-1-2-7-1-2,Manage Product Transport Agreements,Commercial & Marketing,enables,Settlements,ResolvedToConcept,CM-1-2-4-1,Settlements,unique exact preferred-label match,ContextualResolved,emit after mechanical uniqueness validation,unique label match to CM-1-2-4-1; no contradicting context,,Q11+Q12,UniquePreferredLabel
CM-1-2-7-1-3,Negotiate Storage / Throughput Agreements,Commercial & Marketing,precedes,Manage Storage Contract,ResolvedToConcept,CM-1-2-1-2-10,Manage Storage Contract,unique exact preferred-label match,ContextualResolved,emit after mechanical uniqueness validation,unique label match to CM-1-2-1-2-10; no contradicting context,,Q11+Q12,UniquePreferredLabel
CM-1-2-7-1-3,Negotiate Storage / Throughput Agreements,Commercial & Marketing,precedes,Capture Storage Deals,ResolvedToConcept,CM-1-2-1-3-5,Capture Storage Deals,unique exact preferred-label match,ContextualResolved,emit after mechanical uniqueness validation,unique label match to CM-1-2-1-3-5; no contradicting context,,Q11+Q12,UniquePreferredLabel
CM-1-2-7-1-3,Negotiate Storage / Throughput Agreements,Commercial & Marketing,informed-by,Supply Operations,ResolvedToConcept,CM-1-2-6-3,Supply Operations,unique exact preferred-label match,ContextualResolved,emit after mechanical uniqueness validation,unique label match to CM-1-2-6-3; no contradicting context,,Q11+Q12,UniquePreferredLabel
CM-1-2-7-2-1,"Manage Safety (Materials, Staff, Contractor)",Commercial & Marketing,governed-by,Terminal Operations Management,ResolvedToConcept,CM-1-2-7-2,Terminal Operations Management,unique exact preferred-label match,ContextualResolved,emit after mechanical uniqueness validation,unique label match to CM-1-2-7-2; no contradicting context,,Q11+Q12,UniquePreferredLabel
CM-1-2-7-2-1,"Manage Safety (Materials, Staff, Contractor)",Commercial & Marketing,enables,"Manage Site Assets (Tank, Rack, Etc.)",ResolvedToConcept,CM-1-2-7-2-3,"Manage Site Assets (Tank, Rack, Etc.)",unique exact preferred-label match,ContextualResolved,emit after mechanical uniqueness validation,unique label match to CM-1-2-7-2-3; no contradicting context,,Q11+Q12,UniquePreferredLabel
CM-1-2-7-2-1,"Manage Safety (Materials, Staff, Contractor)",Commercial & Marketing,informed-by,Manage Fleet (Own/Third Party),ResolvedToConcept,CM-1-2-7-2-2,Manage Fleet (Own/Third Party),unique exact preferred-label match,ContextualResolved,emit after mechanical uniqueness validation,unique label match to CM-1-2-7-2-2; no contradicting context,,Q11+Q12,UniquePreferredLabel
CM-1-2-7-2-2,Manage Fleet (Own/Third Party),Commercial & Marketing,enables,Secondary Distribution Management,ResolvedToConcept,CM-1-1-3-8,Secondary Distribution Management,unique exact preferred-label match,ContextualResolved,emit after mechanical uniqueness validation,unique label match to CM-1-1-3-8; no contradicting context,,Q11+Q12,UniquePreferredLabel
CM-1-2-7-2-2,Manage Fleet (Own/Third Party),Commercial & Marketing,governed-by,Terminal Operations Management,ResolvedToConcept,CM-1-2-7-2,Terminal Operations Management,unique exact preferred-label match,ContextualResolved,emit after mechanical uniqueness validation,unique label match to CM-1-2-7-2; no contradicting context,,Q11+Q12,UniquePreferredLabel
CM-1-2-7-2-2,Manage Fleet (Own/Third Party),Commercial & Marketing,informed-by,"Manage Safety (Materials, Staff, Contractor)",ResolvedToConcept,CM-1-2-7-2-1,"Manage Safety (Materials, Staff, Contractor)",unique exact preferred-label match,ContextualResolved,emit after mechanical uniqueness validation,unique label match to CM-1-2-7-2-1; no contradicting context,,Q11+Q12,UniquePreferredLabel
CM-1-2-7-2-3,"Manage Site Assets (Tank, Rack, Etc.)",Commercial & Marketing,governed-by,Terminal Operations Management,ResolvedToConcept,CM-1-2-7-2,Terminal Operations Management,unique exact preferred-label match,ContextualResolved,emit after mechanical uniqueness validation,unique label match to CM-1-2-7-2; no contradicting context,,Q11+Q12,UniquePreferredLabel
CM-1-2-7-2-3,"Manage Site Assets (Tank, Rack, Etc.)",Commercial & Marketing,informed-by,"Manage Safety (Materials, Staff, Contractor)",ResolvedToConcept,CM-1-2-7-2-1,"Manage Safety (Materials, Staff, Contractor)",unique exact preferred-label match,ContextualResolved,emit after mechanical uniqueness validation,unique label match to CM-1-2-7-2-1; no contradicting context,,Q11+Q12,UniquePreferredLabel
CM-1-2-7-2-3,"Manage Site Assets (Tank, Rack, Etc.)",Commercial & Marketing,enables,Supply Operations,ResolvedToConcept,CM-1-2-6-3,Supply Operations,unique exact preferred-label match,ContextualResolved,emit after mechanical uniqueness validation,unique label match to CM-1-2-6-3; no contradicting context,,Q11+Q12,UniquePreferredLabel
CM-1-3-1-1-1,Source & Collect Information,Commercial & Marketing,follows,Define Analysis Objectives & Scope,ResolvedToConcept,CM-1-3-1-1-2,Define Analysis Objectives & Scope,source and candidate share parent CM-1-3-1-1 (same decomposition pattern) — sibling review package: APPROVED,ContextualInferredSibling,emit: approved pattern row; subject to promotion-script exact-row guards,sibling-step inference within CM-1-3-1-1 — held for human review,revalidate if either concept is renamed/reparented,Q12,ApprovedLocalAnalysisCycle
CM-1-3-1-1-1,Source & Collect Information,Commercial & Marketing,precedes,Analyze Data,ResolvedToConcept,CM-1-3-1-1-3,Analyze Data,source and candidate share parent CM-1-3-1-1 (same decomposition pattern) — sibling review package: APPROVED,ContextualInferredSibling,emit: approved pattern row; subject to promotion-script exact-row guards,sibling-step inference within CM-1-3-1-1 — held for human review,revalidate if either concept is renamed/reparented,Q12,ApprovedLocalAnalysisCycle
CM-1-3-1-1-1,Source & Collect Information,Commercial & Marketing,governed-by,Market Analysis,ResolvedToConcept,CM-1-3-1-1,Market Analysis,unique exact preferred-label match,ContextualResolved,emit after mechanical uniqueness validation,unique label match to CM-1-3-1-1; no contradicting context,,Q11+Q12,UniquePreferredLabel
CM-1-3-1-1-2,Define Analysis Objectives & Scope,Commercial & Marketing,precedes,Source & Collect Information,ResolvedToConcept,CM-1-3-1-1-1,Source & Collect Information,source and candidate share parent CM-1-3-1-1 (same decomposition pattern) — sibling review package: APPROVED,ContextualInferredSibling,emit: approved pattern row; subject to promotion-script exact-row guards,sibling-step inference within CM-1-3-1-1 — held for human review,revalidate if either concept is renamed/reparented,Q12,ApprovedLocalAnalysisCycle
CM-1-3-1-1-2,Define Analysis Objectives & Scope,Commercial & Marketing,precedes,Analyze Data,ResolvedToConcept,CM-1-3-1-1-3,Analyze Data,source and candidate share parent CM-1-3-1-1 (same decomposition pattern) — sibling review package: APPROVED,ContextualInferredSibling,emit: approved pattern row; subject to promotion-script exact-row guards,sibling-step inference within CM-1-3-1-1 — held for human review,revalidate if either concept is renamed/reparented,Q12,ApprovedLocalAnalysisCycle
CM-1-3-1-1-2,Define Analysis Objectives & Scope,Commercial & Marketing,precedes,Document Findings,ResolvedToConcept,CM-1-3-1-1-4,Document Findings,source and candidate share parent CM-1-3-1-1 (same decomposition pattern) — sibling review package: APPROVED,ContextualInferredSibling,emit: approved pattern row; subject to promotion-script exact-row guards,sibling-step inference within CM-1-3-1-1 — held for human review,revalidate if either concept is renamed/reparented,Q12,ApprovedLocalAnalysisCycle
CM-1-3-1-1-2,Define Analysis Objectives & Scope,Commercial & Marketing,governed-by,Market Analysis,ResolvedToConcept,CM-1-3-1-1,Market Analysis,unique exact preferred-label match,ContextualResolved,emit after mechanical uniqueness validation,unique label match to CM-1-3-1-1; no contradicting context,,Q11+Q12,UniquePreferredLabel
CM-1-3-1-1-3,Analyze Data,Commercial & Marketing,follows,Source & Collect Information,ResolvedToConcept,CM-1-3-1-1-1,Source & Collect Information,source and candidate share parent CM-1-3-1-1 (same decomposition pattern) — sibling review package: APPROVED,ContextualInferredSibling,emit: approved pattern row; subject to promotion-script exact-row guards,sibling-step inference within CM-1-3-1-1 — held for human review,revalidate if either concept is renamed/reparented,Q12,ApprovedLocalAnalysisCycle
CM-1-3-1-1-3,Analyze Data,Commercial & Marketing,precedes,Document Findings,ResolvedToConcept,CM-1-3-1-1-4,Document Findings,source and candidate share parent CM-1-3-1-1 (same decomposition pattern) — sibling review package: APPROVED,ContextualInferredSibling,emit: approved pattern row; subject to promotion-script exact-row guards,sibling-step inference within CM-1-3-1-1 — held for human review,revalidate if either concept is renamed/reparented,Q12,ApprovedLocalAnalysisCycle
CM-1-3-1-1-4,Document Findings,Commercial & Marketing,follows,Analyze Data,ResolvedToConcept,CM-1-3-1-1-3,Analyze Data,source and candidate share parent CM-1-3-1-1 (same decomposition pattern) — sibling review package: APPROVED,ContextualInferredSibling,emit: approved pattern row; subject to promotion-script exact-row guards,sibling-step inference within CM-1-3-1-1 — held for human review,revalidate if either concept is renamed/reparented,Q12,ApprovedLocalAnalysisCycle
CM-1-3-1-1-4,Document Findings,Commercial & Marketing,enables,Marketing Insight and Metrics Stewardship (CM-1-3-1-6),ResolvedToConcept,CM-1-3-1-6,Marketing Insight and Metrics Stewardship,stable identifier CM-1-3-1-6 carried in mention text,Resolved,emit automatically after subject/target existence checks,target carries its slug; resolves to Marketing Insight and Metrics Stewardship,,Q11+Q12,StableIdentifier
CM-1-3-1-2-1,Source & Collect Information,Commercial & Marketing,follows,Define Analysis Objectives & Scope,ResolvedToConcept,CM-1-3-1-2-2,Define Analysis Objectives & Scope,source and candidate share parent CM-1-3-1-2 (same decomposition pattern) — sibling review package: APPROVED,ContextualInferredSibling,emit: approved pattern row; subject to promotion-script exact-row guards,sibling-step inference within CM-1-3-1-2 — held for human review,revalidate if either concept is renamed/reparented,Q12,ApprovedLocalAnalysisCycle
CM-1-3-1-2-1,Source & Collect Information,Commercial & Marketing,precedes,Analyze Data,ResolvedToConcept,CM-1-3-1-2-3,Analyze Data,source and candidate share parent CM-1-3-1-2 (same decomposition pattern) — sibling review package: APPROVED,ContextualInferredSibling,emit: approved pattern row; subject to promotion-script exact-row guards,sibling-step inference within CM-1-3-1-2 — held for human review,revalidate if either concept is renamed/reparented,Q12,ApprovedLocalAnalysisCycle
CM-1-3-1-2-1,Source & Collect Information,Commercial & Marketing,governed-by,Company Analysis,ResolvedToConcept,CM-1-3-1-2,Company Analysis,unique exact preferred-label match,ContextualResolved,emit after mechanical uniqueness validation,unique label match to CM-1-3-1-2; no contradicting context,,Q11+Q12,UniquePreferredLabel
CM-1-3-1-2-2,Define Analysis Objectives & Scope,Commercial & Marketing,precedes,Source & Collect Information,ResolvedToConcept,CM-1-3-1-2-1,Source & Collect Information,source and candidate share parent CM-1-3-1-2 (same decomposition pattern) — sibling review package: APPROVED,ContextualInferredSibling,emit: approved pattern row; subject to promotion-script exact-row guards,sibling-step inference within CM-1-3-1-2 — held for human review,revalidate if either concept is renamed/reparented,Q12,ApprovedLocalAnalysisCycle
CM-1-3-1-2-2,Define Analysis Objectives & Scope,Commercial & Marketing,precedes,Analyze Data,ResolvedToConcept,CM-1-3-1-2-3,Analyze Data,source and candidate share parent CM-1-3-1-2 (same decomposition pattern) — sibling review package: APPROVED,ContextualInferredSibling,emit: approved pattern row; subject to promotion-script exact-row guards,sibling-step inference within CM-1-3-1-2 — held for human review,revalidate if either concept is renamed/reparented,Q12,ApprovedLocalAnalysisCycle
CM-1-3-1-2-2,Define Analysis Objectives & Scope,Commercial & Marketing,precedes,Document Findings,ResolvedToConcept,CM-1-3-1-2-4,Document Findings,source and candidate share parent CM-1-3-1-2 (same decomposition pattern) — sibling review package: APPROVED,ContextualInferredSibling,emit: approved pattern row; subject to promotion-script exact-row guards,sibling-step inference within CM-1-3-1-2 — held for human review,revalidate if either concept is renamed/reparented,Q12,ApprovedLocalAnalysisCycle
CM-1-3-1-2-2,Define Analysis Objectives & Scope,Commercial & Marketing,governed-by,Company Analysis,ResolvedToConcept,CM-1-3-1-2,Company Analysis,unique exact preferred-label match,ContextualResolved,emit after mechanical uniqueness validation,unique label match to CM-1-3-1-2; no contradicting context,,Q11+Q12,UniquePreferredLabel
CM-1-3-1-2-3,Analyze Data,Commercial & Marketing,follows,Source & Collect Information,ResolvedToConcept,CM-1-3-1-2-1,Source & Collect Information,source and candidate share parent CM-1-3-1-2 (same decomposition pattern) — sibling review package: APPROVED,ContextualInferredSibling,emit: approved pattern row; subject to promotion-script exact-row guards,sibling-step inference within CM-1-3-1-2 — held for human review,revalidate if either concept is renamed/reparented,Q12,ApprovedLocalAnalysisCycle
CM-1-3-1-2-3,Analyze Data,Commercial & Marketing,precedes,Document Findings,ResolvedToConcept,CM-1-3-1-2-4,Document Findings,source and candidate share parent CM-1-3-1-2 (same decomposition pattern) — sibling review package: APPROVED,ContextualInferredSibling,emit: approved pattern row; subject to promotion-script exact-row guards,sibling-step inference within CM-1-3-1-2 — held for human review,revalidate if either concept is renamed/reparented,Q12,ApprovedLocalAnalysisCycle
CM-1-3-1-2-4,Document Findings,Commercial & Marketing,follows,Analyze Data,ResolvedToConcept,CM-1-3-1-2-3,Analyze Data,source and candidate share parent CM-1-3-1-2 (same decomposition pattern) — sibling review package: APPROVED,ContextualInferredSibling,emit: approved pattern row; subject to promotion-script exact-row guards,sibling-step inference within CM-1-3-1-2 — held for human review,revalidate if either concept is renamed/reparented,Q12,ApprovedLocalAnalysisCycle
CM-1-3-1-2-4,Document Findings,Commercial & Marketing,enables,Marketing Insight and Metrics Stewardship (CM-1-3-1-6),ResolvedToConcept,CM-1-3-1-6,Marketing Insight and Metrics Stewardship,stable identifier CM-1-3-1-6 carried in mention text,Resolved,emit automatically after subject/target existence checks,target carries its slug; resolves to Marketing Insight and Metrics Stewardship,,Q11+Q12,StableIdentifier
CM-1-3-1-3-1,Source & Collect Information,Commercial & Marketing,follows,Define Analysis Objectives & Scope,ResolvedToConcept,CM-1-3-1-3-2,Define Analysis Objectives & Scope,source and candidate share parent CM-1-3-1-3 (same decomposition pattern) — sibling review package: APPROVED,ContextualInferredSibling,emit: approved pattern row; subject to promotion-script exact-row guards,sibling-step inference within CM-1-3-1-3 — held for human review,revalidate if either concept is renamed/reparented,Q12,ApprovedLocalAnalysisCycle
CM-1-3-1-3-1,Source & Collect Information,Commercial & Marketing,precedes,Analyze Data,ResolvedToConcept,CM-1-3-1-3-3,Analyze Data,source and candidate share parent CM-1-3-1-3 (same decomposition pattern) — sibling review package: APPROVED,ContextualInferredSibling,emit: approved pattern row; subject to promotion-script exact-row guards,sibling-step inference within CM-1-3-1-3 — held for human review,revalidate if either concept is renamed/reparented,Q12,ApprovedLocalAnalysisCycle
CM-1-3-1-3-1,Source & Collect Information,Commercial & Marketing,governed-by,Consumer Analysis,ResolvedToConcept,CM-1-3-1-3,Consumer Analysis,unique exact preferred-label match,ContextualResolved,emit after mechanical uniqueness validation,unique label match to CM-1-3-1-3; no contradicting context,,Q11+Q12,UniquePreferredLabel
CM-1-3-1-3-2,Define Analysis Objectives & Scope,Commercial & Marketing,precedes,Source & Collect Information,ResolvedToConcept,CM-1-3-1-3-1,Source & Collect Information,source and candidate share parent CM-1-3-1-3 (same decomposition pattern) — sibling review package: APPROVED,ContextualInferredSibling,emit: approved pattern row; subject to promotion-script exact-row guards,sibling-step inference within CM-1-3-1-3 — held for human review,revalidate if either concept is renamed/reparented,Q12,ApprovedLocalAnalysisCycle
CM-1-3-1-3-2,Define Analysis Objectives & Scope,Commercial & Marketing,precedes,Analyze Data,ResolvedToConcept,CM-1-3-1-3-3,Analyze Data,source and candidate share parent CM-1-3-1-3 (same decomposition pattern) — sibling review package: APPROVED,ContextualInferredSibling,emit: approved pattern row; subject to promotion-script exact-row guards,sibling-step inference within CM-1-3-1-3 — held for human review,revalidate if either concept is renamed/reparented,Q12,ApprovedLocalAnalysisCycle
CM-1-3-1-3-2,Define Analysis Objectives & Scope,Commercial & Marketing,precedes,Document Findings,ResolvedToConcept,CM-1-3-1-3-4,Document Findings,source and candidate share parent CM-1-3-1-3 (same decomposition pattern) — sibling review package: APPROVED,ContextualInferredSibling,emit: approved pattern row; subject to promotion-script exact-row guards,sibling-step inference within CM-1-3-1-3 — held for human review,revalidate if either concept is renamed/reparented,Q12,ApprovedLocalAnalysisCycle
CM-1-3-1-3-2,Define Analysis Objectives & Scope,Commercial & Marketing,governed-by,Consumer Analysis,ResolvedToConcept,CM-1-3-1-3,Consumer Analysis,unique exact preferred-label match,ContextualResolved,emit after mechanical uniqueness validation,unique label match to CM-1-3-1-3; no contradicting context,,Q11+Q12,UniquePreferredLabel
CM-1-3-1-3-3,Analyze Data,Commercial & Marketing,follows,Source & Collect Information,ResolvedToConcept,CM-1-3-1-3-1,Source & Collect Information,source and candidate share parent CM-1-3-1-3 (same decomposition pattern) — sibling review package: APPROVED,ContextualInferredSibling,emit: approved pattern row; subject to promotion-script exact-row guards,sibling-step inference within CM-1-3-1-3 — held for human review,revalidate if either concept is renamed/reparented,Q12,ApprovedLocalAnalysisCycle
CM-1-3-1-3-3,Analyze Data,Commercial & Marketing,precedes,Document Findings,ResolvedToConcept,CM-1-3-1-3-4,Document Findings,source and candidate share parent CM-1-3-1-3 (same decomposition pattern) — sibling review package: APPROVED,ContextualInferredSibling,emit: approved pattern row; subject to promotion-script exact-row guards,sibling-step inference within CM-1-3-1-3 — held for human review,revalidate if either concept is renamed/reparented,Q12,ApprovedLocalAnalysisCycle
CM-1-3-1-3-4,Document Findings,Commercial & Marketing,follows,Analyze Data,ResolvedToConcept,CM-1-3-1-3-3,Analyze Data,source and candidate share parent CM-1-3-1-3 (same decomposition pattern) — sibling review package: APPROVED,ContextualInferredSibling,emit: approved pattern row; subject to promotion-script exact-row guards,sibling-step inference within CM-1-3-1-3 — held for human review,revalidate if either concept is renamed/reparented,Q12,ApprovedLocalAnalysisCycle
CM-1-3-1-3-4,Document Findings,Commercial & Marketing,enables,Marketing Insight and Metrics Stewardship (CM-1-3-1-6),ResolvedToConcept,CM-1-3-1-6,Marketing Insight and Metrics Stewardship,stable identifier CM-1-3-1-6 carried in mention text,Resolved,emit automatically after subject/target existence checks,target carries its slug; resolves to Marketing Insight and Metrics Stewardship,,Q11+Q12,StableIdentifier
CM-1-3-1-4-1,Source & Collect Information,Commercial & Marketing,follows,Define Analysis Objectives & Scope,ResolvedToConcept,CM-1-3-1-4-2,Define Analysis Objectives & Scope,source and candidate share parent CM-1-3-1-4 (same decomposition pattern) — sibling review package: APPROVED,ContextualInferredSibling,emit: approved pattern row; subject to promotion-script exact-row guards,sibling-step inference within CM-1-3-1-4 — held for human review,revalidate if either concept is renamed/reparented,Q12,ApprovedLocalAnalysisCycle
CM-1-3-1-4-1,Source & Collect Information,Commercial & Marketing,precedes,Analyze Data,ResolvedToConcept,CM-1-3-1-4-3,Analyze Data,source and candidate share parent CM-1-3-1-4 (same decomposition pattern) — sibling review package: APPROVED,ContextualInferredSibling,emit: approved pattern row; subject to promotion-script exact-row guards,sibling-step inference within CM-1-3-1-4 — held for human review,revalidate if either concept is renamed/reparented,Q12,ApprovedLocalAnalysisCycle
CM-1-3-1-4-1,Source & Collect Information,Commercial & Marketing,governed-by,Customer And Marketer Analysis,ResolvedToConcept,CM-1-3-1-4,Customer And Marketer Analysis,unique exact preferred-label match,ContextualResolved,emit after mechanical uniqueness validation,unique label match to CM-1-3-1-4; no contradicting context,,Q11+Q12,UniquePreferredLabel
CM-1-3-1-4-2,Define Analysis Objectives & Scope,Commercial & Marketing,precedes,Source & Collect Information,ResolvedToConcept,CM-1-3-1-4-1,Source & Collect Information,source and candidate share parent CM-1-3-1-4 (same decomposition pattern) — sibling review package: APPROVED,ContextualInferredSibling,emit: approved pattern row; subject to promotion-script exact-row guards,sibling-step inference within CM-1-3-1-4 — held for human review,revalidate if either concept is renamed/reparented,Q12,ApprovedLocalAnalysisCycle
CM-1-3-1-4-2,Define Analysis Objectives & Scope,Commercial & Marketing,precedes,Analyze Data,ResolvedToConcept,CM-1-3-1-4-3,Analyze Data,source and candidate share parent CM-1-3-1-4 (same decomposition pattern) — sibling review package: APPROVED,ContextualInferredSibling,emit: approved pattern row; subject to promotion-script exact-row guards,sibling-step inference within CM-1-3-1-4 — held for human review,revalidate if either concept is renamed/reparented,Q12,ApprovedLocalAnalysisCycle
CM-1-3-1-4-2,Define Analysis Objectives & Scope,Commercial & Marketing,precedes,Document Findings,ResolvedToConcept,CM-1-3-1-4-4,Document Findings,source and candidate share parent CM-1-3-1-4 (same decomposition pattern) — sibling review package: APPROVED,ContextualInferredSibling,emit: approved pattern row; subject to promotion-script exact-row guards,sibling-step inference within CM-1-3-1-4 — held for human review,revalidate if either concept is renamed/reparented,Q12,ApprovedLocalAnalysisCycle
CM-1-3-1-4-2,Define Analysis Objectives & Scope,Commercial & Marketing,governed-by,Customer And Marketer Analysis,ResolvedToConcept,CM-1-3-1-4,Customer And Marketer Analysis,unique exact preferred-label match,ContextualResolved,emit after mechanical uniqueness validation,unique label match to CM-1-3-1-4; no contradicting context,,Q11+Q12,UniquePreferredLabel
CM-1-3-1-4-3,Analyze Data,Commercial & Marketing,follows,Source & Collect Information,ResolvedToConcept,CM-1-3-1-4-1,Source & Collect Information,source and candidate share parent CM-1-3-1-4 (same decomposition pattern) — sibling review package: APPROVED,ContextualInferredSibling,emit: approved pattern row; subject to promotion-script exact-row guards,sibling-step inference within CM-1-3-1-4 — held for human review,revalidate if either concept is renamed/reparented,Q12,ApprovedLocalAnalysisCycle
CM-1-3-1-4-3,Analyze Data,Commercial & Marketing,precedes,Document Findings,ResolvedToConcept,CM-1-3-1-4-4,Document Findings,source and candidate share parent CM-1-3-1-4 (same decomposition pattern) — sibling review package: APPROVED,ContextualInferredSibling,emit: approved pattern row; subject to promotion-script exact-row guards,sibling-step inference within CM-1-3-1-4 — held for human review,revalidate if either concept is renamed/reparented,Q12,ApprovedLocalAnalysisCycle
CM-1-3-1-4-3,Analyze Data,Commercial & Marketing,uses-input,Assess Cost-to-Serve Performance,ResolvedToConcept,CM-1-2-6-1-3,Assess Cost-to-Serve Performance,unique exact preferred-label match,ContextualResolved,emit after mechanical uniqueness validation,unique label match to CM-1-2-6-1-3; no contradicting context,,Q11+Q12,UniquePreferredLabel
CM-1-3-1-4-4,Document Findings,Commercial & Marketing,follows,Analyze Data,ResolvedToConcept,CM-1-3-1-4-3,Analyze Data,source and candidate share parent CM-1-3-1-4 (same decomposition pattern) — sibling review package: APPROVED,ContextualInferredSibling,emit: approved pattern row; subject to promotion-script exact-row guards,sibling-step inference within CM-1-3-1-4 — held for human review,revalidate if either concept is renamed/reparented,Q12,ApprovedLocalAnalysisCycle
CM-1-3-1-4-4,Document Findings,Commercial & Marketing,enables,Marketing Insight and Metrics Stewardship (CM-1-3-1-6),ResolvedToConcept,CM-1-3-1-6,Marketing Insight and Metrics Stewardship,stable identifier CM-1-3-1-6 carried in mention text,Resolved,emit automatically after subject/target existence checks,target carries its slug; resolves to Marketing Insight and Metrics Stewardship,,Q11+Q12,StableIdentifier
CM-1-3-1-5-1,Source & Collect Information,Commercial & Marketing,follows,Define Analysis Objectives & Scope,ResolvedToConcept,CM-1-3-1-5-2,Define Analysis Objectives & Scope,source and candidate share parent CM-1-3-1-5 (same decomposition pattern) — sibling review package: APPROVED,ContextualInferredSibling,emit: approved pattern row; subject to promotion-script exact-row guards,sibling-step inference within CM-1-3-1-5 — held for human review,revalidate if either concept is renamed/reparented,Q12,ApprovedLocalAnalysisCycle
CM-1-3-1-5-1,Source & Collect Information,Commercial & Marketing,precedes,Analyze Data,ResolvedToConcept,CM-1-3-1-5-3,Analyze Data,source and candidate share parent CM-1-3-1-5 (same decomposition pattern) — sibling review package: APPROVED,ContextualInferredSibling,emit: approved pattern row; subject to promotion-script exact-row guards,sibling-step inference within CM-1-3-1-5 — held for human review,revalidate if either concept is renamed/reparented,Q12,ApprovedLocalAnalysisCycle
CM-1-3-1-5-1,Source & Collect Information,Commercial & Marketing,governed-by,Competitor Analysis,ResolvedToConcept,CM-1-3-1-5,Competitor Analysis,unique exact preferred-label match,ContextualResolved,emit after mechanical uniqueness validation,unique label match to CM-1-3-1-5; no contradicting context,,Q11+Q12,UniquePreferredLabel
CM-1-3-1-5-2,Define Analysis Objectives & Scope,Commercial & Marketing,precedes,Source & Collect Information,ResolvedToConcept,CM-1-3-1-5-1,Source & Collect Information,source and candidate share parent CM-1-3-1-5 (same decomposition pattern) — sibling review package: APPROVED,ContextualInferredSibling,emit: approved pattern row; subject to promotion-script exact-row guards,sibling-step inference within CM-1-3-1-5 — held for human review,revalidate if either concept is renamed/reparented,Q12,ApprovedLocalAnalysisCycle
CM-1-3-1-5-2,Define Analysis Objectives & Scope,Commercial & Marketing,precedes,Analyze Data,ResolvedToConcept,CM-1-3-1-5-3,Analyze Data,source and candidate share parent CM-1-3-1-5 (same decomposition pattern) — sibling review package: APPROVED,ContextualInferredSibling,emit: approved pattern row; subject to promotion-script exact-row guards,sibling-step inference within CM-1-3-1-5 — held for human review,revalidate if either concept is renamed/reparented,Q12,ApprovedLocalAnalysisCycle
CM-1-3-1-5-2,Define Analysis Objectives & Scope,Commercial & Marketing,precedes,Document Findings,ResolvedToConcept,CM-1-3-1-5-4,Document Findings,source and candidate share parent CM-1-3-1-5 (same decomposition pattern) — sibling review package: APPROVED,ContextualInferredSibling,emit: approved pattern row; subject to promotion-script exact-row guards,sibling-step inference within CM-1-3-1-5 — held for human review,revalidate if either concept is renamed/reparented,Q12,ApprovedLocalAnalysisCycle
CM-1-3-1-5-2,Define Analysis Objectives & Scope,Commercial & Marketing,governed-by,Competitor Analysis,ResolvedToConcept,CM-1-3-1-5,Competitor Analysis,unique exact preferred-label match,ContextualResolved,emit after mechanical uniqueness validation,unique label match to CM-1-3-1-5; no contradicting context,,Q11+Q12,UniquePreferredLabel
CM-1-3-1-5-3,Analyze Data,Commercial & Marketing,follows,Source & Collect Information,ResolvedToConcept,CM-1-3-1-5-1,Source & Collect Information,source and candidate share parent CM-1-3-1-5 (same decomposition pattern) — sibling review package: APPROVED,ContextualInferredSibling,emit: approved pattern row; subject to promotion-script exact-row guards,sibling-step inference within CM-1-3-1-5 — held for human review,revalidate if either concept is renamed/reparented,Q12,ApprovedLocalAnalysisCycle
CM-1-3-1-5-3,Analyze Data,Commercial & Marketing,precedes,Document Findings,ResolvedToConcept,CM-1-3-1-5-4,Document Findings,source and candidate share parent CM-1-3-1-5 (same decomposition pattern) — sibling review package: APPROVED,ContextualInferredSibling,emit: approved pattern row; subject to promotion-script exact-row guards,sibling-step inference within CM-1-3-1-5 — held for human review,revalidate if either concept is renamed/reparented,Q12,ApprovedLocalAnalysisCycle
CM-1-3-1-5-4,Document Findings,Commercial & Marketing,follows,Analyze Data,ResolvedToConcept,CM-1-3-1-5-3,Analyze Data,source and candidate share parent CM-1-3-1-5 (same decomposition pattern) — sibling review package: APPROVED,ContextualInferredSibling,emit: approved pattern row; subject to promotion-script exact-row guards,sibling-step inference within CM-1-3-1-5 — held for human review,revalidate if either concept is renamed/reparented,Q12,ApprovedLocalAnalysisCycle
CM-1-3-1-5-4,Document Findings,Commercial & Marketing,enables,Marketing Insight and Metrics Stewardship (CM-1-3-1-6),ResolvedToConcept,CM-1-3-1-6,Marketing Insight and Metrics Stewardship,stable identifier CM-1-3-1-6 carried in mention text,Resolved,emit automatically after subject/target existence checks,target carries its slug; resolves to Marketing Insight and Metrics Stewardship,,Q11+Q12,StableIdentifier
CM-1-3-1-6,Marketing Insight and Metrics Stewardship,Commercial & Marketing,uses-input,Market Analysis,ResolvedToConcept,CM-1-3-1-1,Market Analysis,unique exact preferred-label match,ContextualResolved,emit after mechanical uniqueness validation,unique label match to CM-1-3-1-1; no contradicting context,,Q11+Q12,UniquePreferredLabel
CM-1-3-1-6,Marketing Insight and Metrics Stewardship,Commercial & Marketing,uses-input,Competitor Analysis,ResolvedToConcept,CM-1-3-1-5,Competitor Analysis,unique exact preferred-label match,ContextualResolved,emit after mechanical uniqueness validation,unique label match to CM-1-3-1-5; no contradicting context,,Q11+Q12,UniquePreferredLabel
CM-1-3-1-6,Marketing Insight and Metrics Stewardship,Commercial & Marketing,enables,Brand Strategy,ResolvedToConcept,CM-1-3-2-1,Brand Strategy,unique exact preferred-label match,ContextualResolved,emit after mechanical uniqueness validation,unique label match to CM-1-3-2-1; no contradicting context,,Q11+Q12,UniquePreferredLabel
CM-1-3-10-1,Set Up and Maintain Terminal Customer Authorization,Commercial & Marketing,uses-input,Maintain Customer and Commercial Account Master Data (CM-1-3-7-1-1),ResolvedToConcept,CM-1-3-7-1-1,Maintain Customer and Commercial Account Master Data,stable identifier CM-1-3-7-1-1 carried in mention text,Resolved,emit automatically after subject/target existence checks,target carries its slug; resolves to Maintain Customer and Commercial Account Master Data,,Q11+Q12,StableIdentifier
CM-1-3-10-1,Set Up and Maintain Terminal Customer Authorization,Commercial & Marketing,informed-by,Manage Credit & Risk,ResolvedToConcept,CM-1-3-7-4,Manage Credit & Risk,unique exact preferred-label match,ContextualResolved,emit after mechanical uniqueness validation,unique label match to CM-1-3-7-4; no contradicting context,,Q11+Q12,UniquePreferredLabel
CM-1-3-10-1,Set Up and Maintain Terminal Customer Authorization,Commercial & Marketing,informed-by,Perform KYC Due Diligence (CM-1-3-7-4-6),ResolvedToConcept,CM-1-3-7-4-6,Perform KYC Due Diligence,stable identifier CM-1-3-7-4-6 carried in mention text,Resolved,emit automatically after subject/target existence checks,target carries its slug; resolves to Perform KYC Due Diligence,,Q11+Q12,StableIdentifier
CM-1-3-10-1,Set Up and Maintain Terminal Customer Authorization,Commercial & Marketing,uses-input,Capture Terminal Sales Deal (CM-1-3-10-4),ResolvedToConcept,CM-1-3-10-4,Capture Terminal Sales Deal,stable identifier CM-1-3-10-4 carried in mention text,Resolved,emit automatically after subject/target existence checks,target carries its slug; resolves to Capture Terminal Sales Deal,,Q11+Q12,StableIdentifier
CM-1-3-10-1,Set Up and Maintain Terminal Customer Authorization,Commercial & Marketing,enables,Process Customer Lifting Forecasts and Nominations (CM-1-3-10-2),ResolvedToConcept,CM-1-3-10-2,Process Customer Lifting Forecasts and Nominations,stable identifier CM-1-3-10-2 carried in mention text,Resolved,emit automatically after subject/target existence checks,target carries its slug; resolves to Process Customer Lifting Forecasts and Nominations,,Q11+Q12,StableIdentifier
CM-1-3-10-1,Set Up and Maintain Terminal Customer Authorization,Commercial & Marketing,enables,Manage Terminal Lifting Allocation (CM-1-3-10-3),ResolvedToConcept,CM-1-3-10-3,Manage Terminal Lifting Allocation,stable identifier CM-1-3-10-3 carried in mention text,Resolved,emit automatically after subject/target existence checks,target carries its slug; resolves to Manage Terminal Lifting Allocation,,Q11+Q12,StableIdentifier
CM-1-3-10-2,Process Customer Lifting Forecasts and Nominations,Commercial & Marketing,uses-input,Set Up and Maintain Terminal Customer Authorization (CM-1-3-10-1),ResolvedToConcept,CM-1-3-10-1,Set Up and Maintain Terminal Customer Authorization,stable identifier CM-1-3-10-1 carried in mention text,Resolved,emit automatically after subject/target existence checks,target carries its slug; resolves to Set Up and Maintain Terminal Customer Authorization,,Q11+Q12,StableIdentifier
CM-1-3-10-2,Process Customer Lifting Forecasts and Nominations,Commercial & Marketing,uses-input,Capture Terminal Sales Deal (CM-1-3-10-4),ResolvedToConcept,CM-1-3-10-4,Capture Terminal Sales Deal,stable identifier CM-1-3-10-4 carried in mention text,Resolved,emit automatically after subject/target existence checks,target carries its slug; resolves to Capture Terminal Sales Deal,,Q11+Q12,StableIdentifier
CM-1-3-10-2,Process Customer Lifting Forecasts and Nominations,Commercial & Marketing,constrained-by,Manage Terminal Lifting Allocation (CM-1-3-10-3),ResolvedToConcept,CM-1-3-10-3,Manage Terminal Lifting Allocation,stable identifier CM-1-3-10-3 carried in mention text,Resolved,emit automatically after subject/target existence checks,target carries its slug; resolves to Manage Terminal Lifting Allocation,,Q11+Q12,StableIdentifier
CM-1-3-10-2,Process Customer Lifting Forecasts and Nominations,Commercial & Marketing,informed-by,Manage Refined Product Demand,ResolvedToConcept,CM-1-2-6-2-1,Manage Refined Product Demand,unique exact preferred-label match,ContextualResolved,emit after mechanical uniqueness validation,unique label match to CM-1-2-6-2-1; no contradicting context,,Q11+Q12,UniquePreferredLabel
CM-1-3-10-2,Process Customer Lifting Forecasts and Nominations,Commercial & Marketing,precedes,Administer Scheduled Shipment Loading (CM-1-1-3-6-2),ResolvedToConcept,CM-1-1-3-6-2,Administer Scheduled Shipment Loading,stable identifier CM-1-1-3-6-2 carried in mention text,Resolved,emit automatically after subject/target existence checks,target carries its slug; resolves to Administer Scheduled Shipment Loading,,Q11+Q12,StableIdentifier
CM-1-3-10-3,Manage Terminal Lifting Allocation,Commercial & Marketing,governed-by,Product Allocation Decision,ResolvedToConcept,CM-1-1-2-11,Product Allocation Decision,unique exact preferred-label match,ContextualResolved,emit after mechanical uniqueness validation,unique label match to CM-1-1-2-11; no contradicting context,,Q11+Q12,UniquePreferredLabel
CM-1-3-10-3,Manage Terminal Lifting Allocation,Commercial & Marketing,uses-input,Process Customer Lifting Forecasts and Nominations (CM-1-3-10-2),ResolvedToConcept,CM-1-3-10-2,Process Customer Lifting Forecasts and Nominations,stable identifier CM-1-3-10-2 carried in mention text,Resolved,emit automatically after subject/target existence checks,target carries its slug; resolves to Process Customer Lifting Forecasts and Nominations,,Q11+Q12,StableIdentifier
CM-1-3-10-3,Manage Terminal Lifting Allocation,Commercial & Marketing,uses-input,Set Up and Maintain Terminal Customer Authorization (CM-1-3-10-1),ResolvedToConcept,CM-1-3-10-1,Set Up and Maintain Terminal Customer Authorization,stable identifier CM-1-3-10-1 carried in mention text,Resolved,emit automatically after subject/target existence checks,target carries its slug; resolves to Set Up and Maintain Terminal Customer Authorization,,Q11+Q12,StableIdentifier
CM-1-3-10-3,Manage Terminal Lifting Allocation,Commercial & Marketing,informed-by,Manage Credit & Risk,ResolvedToConcept,CM-1-3-7-4,Manage Credit & Risk,unique exact preferred-label match,ContextualResolved,emit after mechanical uniqueness validation,unique label match to CM-1-3-7-4; no contradicting context,,Q11+Q12,UniquePreferredLabel
CM-1-3-10-3,Manage Terminal Lifting Allocation,Commercial & Marketing,follows,Allocate & Release Order,ResolvedToConcept,CM-1-3-7-3-2,Allocate & Release Order,unique exact preferred-label match,ContextualResolved,emit after mechanical uniqueness validation,unique label match to CM-1-3-7-3-2; no contradicting context,,Q11+Q12,UniquePreferredLabel
CM-1-3-10-4,Capture Terminal Sales Deal,Commercial & Marketing,enables,Set Up and Maintain Terminal Customer Authorization (CM-1-3-10-1),ResolvedToConcept,CM-1-3-10-1,Set Up and Maintain Terminal Customer Authorization,stable identifier CM-1-3-10-1 carried in mention text,Resolved,emit automatically after subject/target existence checks,target carries its slug; resolves to Set Up and Maintain Terminal Customer Authorization,,Q11+Q12,StableIdentifier
CM-1-3-10-4,Capture Terminal Sales Deal,Commercial & Marketing,enables,Process Customer Lifting Forecasts and Nominations (CM-1-3-10-2),ResolvedToConcept,CM-1-3-10-2,Process Customer Lifting Forecasts and Nominations,stable identifier CM-1-3-10-2 carried in mention text,Resolved,emit automatically after subject/target existence checks,target carries its slug; resolves to Process Customer Lifting Forecasts and Nominations,,Q11+Q12,StableIdentifier
CM-1-3-10-4,Capture Terminal Sales Deal,Commercial & Marketing,uses-input,Maintain Customer and Commercial Account Master Data (CM-1-3-7-1-1),ResolvedToConcept,CM-1-3-7-1-1,Maintain Customer and Commercial Account Master Data,stable identifier CM-1-3-7-1-1 carried in mention text,Resolved,emit automatically after subject/target existence checks,target carries its slug; resolves to Maintain Customer and Commercial Account Master Data,,Q11+Q12,StableIdentifier
CM-1-3-10-4,Capture Terminal Sales Deal,Commercial & Marketing,informed-by,Manage Credit & Risk,ResolvedToConcept,CM-1-3-7-4,Manage Credit & Risk,unique exact preferred-label match,ContextualResolved,emit after mechanical uniqueness validation,unique label match to CM-1-3-7-4; no contradicting context,,Q11+Q12,UniquePreferredLabel
CM-1-3-2-1-1,Formulate and Evaluate Strategic Operating Alternatives,Commercial & Marketing,follows,Establish Brand Objectives and hypothesis,ResolvedToConcept,CM-1-3-2-1-2,Establish Brand Objectives and hypothesis,unique exact preferred-label match,ContextualResolved,emit after mechanical uniqueness validation,unique label match to CM-1-3-2-1-2; no contradicting context,,Q11+Q12,UniquePreferredLabel
CM-1-3-2-1-1,Formulate and Evaluate Strategic Operating Alternatives,Commercial & Marketing,precedes,Develop & Test Brand Hypothesis,ResolvedToConcept,CM-1-3-2-1-3,Develop & Test Brand Hypothesis,unique exact preferred-label match,ContextualResolved,emit after mechanical uniqueness validation,unique label match to CM-1-3-2-1-3; no contradicting context,,Q11+Q12,UniquePreferredLabel
CM-1-3-2-1-1,Formulate and Evaluate Strategic Operating Alternatives,Commercial & Marketing,governed-by,Brand Strategy,ResolvedToConcept,CM-1-3-2-1,Brand Strategy,unique exact preferred-label match,ContextualResolved,emit after mechanical uniqueness validation,unique label match to CM-1-3-2-1; no contradicting context,,Q11+Q12,UniquePreferredLabel
CM-1-3-2-1-2,Establish Brand Objectives and hypothesis,Commercial & Marketing,precedes,Formulate and Evaluate Strategic Operating Alternatives (CM-1-3-2-1-1),ResolvedToConcept,CM-1-3-2-1-1,Formulate and Evaluate Strategic Operating Alternatives,stable identifier CM-1-3-2-1-1 carried in mention text,Resolved,emit automatically after subject/target existence checks,target carries its slug; resolves to Formulate and Evaluate Strategic Operating Alternatives,,Q11+Q12,StableIdentifier
CM-1-3-2-1-2,Establish Brand Objectives and hypothesis,Commercial & Marketing,precedes,Develop & Test Brand Hypothesis,ResolvedToConcept,CM-1-3-2-1-3,Develop & Test Brand Hypothesis,unique exact preferred-label match,ContextualResolved,emit after mechanical uniqueness validation,unique label match to CM-1-3-2-1-3; no contradicting context,,Q11+Q12,UniquePreferredLabel
CM-1-3-2-1-2,Establish Brand Objectives and hypothesis,Commercial & Marketing,governed-by,Brand Strategy,ResolvedToConcept,CM-1-3-2-1,Brand Strategy,unique exact preferred-label match,ContextualResolved,emit after mechanical uniqueness validation,unique label match to CM-1-3-2-1; no contradicting context,,Q11+Q12,UniquePreferredLabel
CM-1-3-2-1-3,Develop & Test Brand Hypothesis,Commercial & Marketing,follows,Formulate and Evaluate Strategic Operating Alternatives (CM-1-3-2-1-1),ResolvedToConcept,CM-1-3-2-1-1,Formulate and Evaluate Strategic Operating Alternatives,stable identifier CM-1-3-2-1-1 carried in mention text,Resolved,emit automatically after subject/target existence checks,target carries its slug; resolves to Formulate and Evaluate Strategic Operating Alternatives,,Q11+Q12,StableIdentifier
CM-1-3-2-1-3,Develop & Test Brand Hypothesis,Commercial & Marketing,precedes,Develop / update Brand,ResolvedToConcept,CM-1-3-2-1-4,Develop / update Brand,unique exact preferred-label match,ContextualResolved,emit after mechanical uniqueness validation,unique label match to CM-1-3-2-1-4; no contradicting context,,Q11+Q12,UniquePreferredLabel
CM-1-3-2-1-4,Develop / update Brand,Commercial & Marketing,follows,Develop & Test Brand Hypothesis,ResolvedToConcept,CM-1-3-2-1-3,Develop & Test Brand Hypothesis,unique exact preferred-label match,ContextualResolved,emit after mechanical uniqueness validation,unique label match to CM-1-3-2-1-3; no contradicting context,,Q11+Q12,UniquePreferredLabel
CM-1-3-2-1-4,Develop / update Brand,Commercial & Marketing,enables,Marketing Communications Strategy,ResolvedToConcept,CM-1-3-3-5,Marketing Communications Strategy,unique exact preferred-label match,ContextualResolved,emit after mechanical uniqueness validation,unique label match to CM-1-3-3-5; no contradicting context,,Q11+Q12,UniquePreferredLabel
CM-1-3-2-1-4,Develop / update Brand,Commercial & Marketing,enables,Brand Standard Management,ResolvedToConcept,CM-1-3-6-7,Brand Standard Management,unique exact preferred-label match,ContextualResolved,emit after mechanical uniqueness validation,unique label match to CM-1-3-6-7; no contradicting context,,Q11+Q12,UniquePreferredLabel
CM-1-3-2-2-1,Test Customer value proposition,Commercial & Marketing,follows,Formulate and Evaluate Strategic Operating Alternatives (CVP),ResolvedToConcept,CM-1-3-2-2-2,Formulate and Evaluate Strategic Operating Alternatives (CVP),unique exact preferred-label match,ContextualResolved,emit after mechanical uniqueness validation,unique label match to CM-1-3-2-2-2; no contradicting context,,Q11+Q12,UniquePreferredLabel
CM-1-3-2-2-1,Test Customer value proposition,Commercial & Marketing,precedes,Develop/Update Strategy (CVP),ResolvedToConcept,CM-1-3-2-2-4,Develop/Update Strategy (CVP),unique exact preferred-label match,ContextualResolved,emit after mechanical uniqueness validation,unique label match to CM-1-3-2-2-4; no contradicting context,,Q11+Q12,UniquePreferredLabel
CM-1-3-2-2-2,Formulate and Evaluate Strategic Operating Alternatives (CVP),Commercial & Marketing,follows,Establish CVP principles and objectives,ResolvedToConcept,CM-1-3-2-2-3,Establish CVP principles and objectives,unique exact preferred-label match,ContextualResolved,emit after mechanical uniqueness validation,unique label match to CM-1-3-2-2-3; no contradicting context,,Q11+Q12,UniquePreferredLabel
CM-1-3-2-2-2,Formulate and Evaluate Strategic Operating Alternatives (CVP),Commercial & Marketing,precedes,Test Customer value proposition,ResolvedToConcept,CM-1-3-2-2-1,Test Customer value proposition,unique exact preferred-label match,ContextualResolved,emit after mechanical uniqueness validation,unique label match to CM-1-3-2-2-1; no contradicting context,,Q11+Q12,UniquePreferredLabel
CM-1-3-2-2-2,Formulate and Evaluate Strategic Operating Alternatives (CVP),Commercial & Marketing,governed-by,Customer And Marketer Value Proposition,ResolvedToConcept,CM-1-3-2-2,Customer And Marketer Value Proposition,unique exact preferred-label match,ContextualResolved,emit after mechanical uniqueness validation,unique label match to CM-1-3-2-2; no contradicting context,,Q11+Q12,UniquePreferredLabel
CM-1-3-2-2-3,Establish CVP principles and objectives,Commercial & Marketing,precedes,Formulate and Evaluate Strategic Operating Alternatives (CVP),ResolvedToConcept,CM-1-3-2-2-2,Formulate and Evaluate Strategic Operating Alternatives (CVP),unique exact preferred-label match,ContextualResolved,emit after mechanical uniqueness validation,unique label match to CM-1-3-2-2-2; no contradicting context,,Q11+Q12,UniquePreferredLabel
CM-1-3-2-2-3,Establish CVP principles and objectives,Commercial & Marketing,precedes,Test Customer value proposition,ResolvedToConcept,CM-1-3-2-2-1,Test Customer value proposition,unique exact preferred-label match,ContextualResolved,emit after mechanical uniqueness validation,unique label match to CM-1-3-2-2-1; no contradicting context,,Q11+Q12,UniquePreferredLabel
CM-1-3-2-2-3,Establish CVP principles and objectives,Commercial & Marketing,governed-by,Customer And Marketer Value Proposition,ResolvedToConcept,CM-1-3-2-2,Customer And Marketer Value Proposition,unique exact preferred-label match,ContextualResolved,emit after mechanical uniqueness validation,unique label match to CM-1-3-2-2; no contradicting context,,Q11+Q12,UniquePreferredLabel
CM-1-3-2-2-4,Develop/Update Strategy (CVP),Commercial & Marketing,follows,Test Customer value proposition,ResolvedToConcept,CM-1-3-2-2-1,Test Customer value proposition,unique exact preferred-label match,ContextualResolved,emit after mechanical uniqueness validation,unique label match to CM-1-3-2-2-1; no contradicting context,,Q11+Q12,UniquePreferredLabel
CM-1-3-2-2-4,Develop/Update Strategy (CVP),Commercial & Marketing,enables,Customer Offer Definition,ResolvedToConcept,CM-1-3-3-1,Customer Offer Definition,unique exact preferred-label match,ContextualResolved,emit after mechanical uniqueness validation,unique label match to CM-1-3-3-1; no contradicting context,,Q11+Q12,UniquePreferredLabel
CM-1-3-2-2-4,Develop/Update Strategy (CVP),Commercial & Marketing,enables,Channel & Partner Management,ResolvedToConcept,CM-1-3-6-1,Channel & Partner Management,unique exact preferred-label match,ContextualResolved,emit after mechanical uniqueness validation,unique label match to CM-1-3-6-1; no contradicting context,,Q11+Q12,UniquePreferredLabel
CM-1-3-2-3-1,Test Consumer Value Proposition,Commercial & Marketing,follows,Formulate and Evaluate Consumer Value Proposition Alternatives (CM-1-3-2-3-2),ResolvedToConcept,CM-1-3-2-3-2,Formulate and Evaluate Consumer Value Proposition Alternatives,stable identifier CM-1-3-2-3-2 carried in mention text,Resolved,emit automatically after subject/target existence checks,target carries its slug; resolves to Formulate and Evaluate Consumer Value Proposition Alternatives,,Q11+Q12,StableIdentifier
CM-1-3-2-3-1,Test Consumer Value Proposition,Commercial & Marketing,precedes,Develop and Update Consumer Value Proposition Strategy (CM-1-3-2-3-4),ResolvedToConcept,CM-1-3-2-3-4,Develop and Update Consumer Value Proposition Strategy,stable identifier CM-1-3-2-3-4 carried in mention text,Resolved,emit automatically after subject/target existence checks,target carries its slug; resolves to Develop and Update Consumer Value Proposition Strategy,,Q11+Q12,StableIdentifier
CM-1-3-2-3-2,Formulate and Evaluate Consumer Value Proposition Alternatives,Commercial & Marketing,follows,Establish Consumer Value Proposition Principles and Objectives (CM-1-3-2-3-3),ResolvedToConcept,CM-1-3-2-3-3,Establish Consumer Value Proposition Principles and Objectives,stable identifier CM-1-3-2-3-3 carried in mention text,Resolved,emit automatically after subject/target existence checks,target carries its slug; resolves to Establish Consumer Value Proposition Principles and Objectives,,Q11+Q12,StableIdentifier
CM-1-3-2-3-2,Formulate and Evaluate Consumer Value Proposition Alternatives,Commercial & Marketing,precedes,Test Consumer Value Proposition (CM-1-3-2-3-1),ResolvedToConcept,CM-1-3-2-3-1,Test Consumer Value Proposition,stable identifier CM-1-3-2-3-1 carried in mention text,Resolved,emit automatically after subject/target existence checks,target carries its slug; resolves to Test Consumer Value Proposition,,Q11+Q12,StableIdentifier
CM-1-3-2-3-2,Formulate and Evaluate Consumer Value Proposition Alternatives,Commercial & Marketing,governed-by,Consumer Value Proposition,ResolvedToConcept,CM-1-3-2-3,Consumer Value Proposition,unique exact preferred-label match,ContextualResolved,emit after mechanical uniqueness validation,unique label match to CM-1-3-2-3; no contradicting context,,Q11+Q12,UniquePreferredLabel
CM-1-3-2-3-3,Establish Consumer Value Proposition Principles and Objectives,Commercial & Marketing,precedes,Formulate and Evaluate Consumer Value Proposition Alternatives (CM-1-3-2-3-2),ResolvedToConcept,CM-1-3-2-3-2,Formulate and Evaluate Consumer Value Proposition Alternatives,stable identifier CM-1-3-2-3-2 carried in mention text,Resolved,emit automatically after subject/target existence checks,target carries its slug; resolves to Formulate and Evaluate Consumer Value Proposition Alternatives,,Q11+Q12,StableIdentifier
CM-1-3-2-3-3,Establish Consumer Value Proposition Principles and Objectives,Commercial & Marketing,precedes,Test Consumer Value Proposition (CM-1-3-2-3-1),ResolvedToConcept,CM-1-3-2-3-1,Test Consumer Value Proposition,stable identifier CM-1-3-2-3-1 carried in mention text,Resolved,emit automatically after subject/target existence checks,target carries its slug; resolves to Test Consumer Value Proposition,,Q11+Q12,StableIdentifier
CM-1-3-2-3-3,Establish Consumer Value Proposition Principles and Objectives,Commercial & Marketing,governed-by,Consumer Value Proposition,ResolvedToConcept,CM-1-3-2-3,Consumer Value Proposition,unique exact preferred-label match,ContextualResolved,emit after mechanical uniqueness validation,unique label match to CM-1-3-2-3; no contradicting context,,Q11+Q12,UniquePreferredLabel
CM-1-3-2-3-4,Develop and Update Consumer Value Proposition Strategy,Commercial & Marketing,follows,Test Consumer Value Proposition (CM-1-3-2-3-1),ResolvedToConcept,CM-1-3-2-3-1,Test Consumer Value Proposition,stable identifier CM-1-3-2-3-1 carried in mention text,Resolved,emit automatically after subject/target existence checks,target carries its slug; resolves to Test Consumer Value Proposition,,Q11+Q12,StableIdentifier
CM-1-3-2-3-4,Develop and Update Consumer Value Proposition Strategy,Commercial & Marketing,enables,Customer Offer Definition,ResolvedToConcept,CM-1-3-3-1,Customer Offer Definition,unique exact preferred-label match,ContextualResolved,emit after mechanical uniqueness validation,unique label match to CM-1-3-3-1; no contradicting context,,Q11+Q12,UniquePreferredLabel
CM-1-3-2-3-4,Develop and Update Consumer Value Proposition Strategy,Commercial & Marketing,enables,Customer Experience Strategy,ResolvedToConcept,CM-1-3-2-5,Customer Experience Strategy,unique exact preferred-label match,ContextualResolved,emit after mechanical uniqueness validation,unique label match to CM-1-3-2-5; no contradicting context,,Q11+Q12,UniquePreferredLabel
CM-1-3-2-4-1,Conduct Channel of trade diagnostics,Commercial & Marketing,precedes,Establish operating Objectives and develop Channel Strategy Hypothesis,ResolvedToConcept,CM-1-3-2-4-2,Establish operating Objectives and develop Channel Strategy Hypothesis,unique exact preferred-label match,ContextualResolved,emit after mechanical uniqueness validation,unique label match to CM-1-3-2-4-2; no contradicting context,,Q11+Q12,UniquePreferredLabel
CM-1-3-2-4-1,Conduct Channel of trade diagnostics,Commercial & Marketing,governed-by,Sales & Distribution Channel Strategy,ResolvedToConcept,CM-1-3-2-4,Sales & Distribution Channel Strategy,unique exact preferred-label match,ContextualResolved,emit after mechanical uniqueness validation,unique label match to CM-1-3-2-4; no contradicting context,,Q11+Q12,UniquePreferredLabel
CM-1-3-2-4-1,Conduct Channel of trade diagnostics,Commercial & Marketing,uses-input,Assess Cost-to-Serve Performance,ResolvedToConcept,CM-1-2-6-1-3,Assess Cost-to-Serve Performance,unique exact preferred-label match,ContextualResolved,emit after mechanical uniqueness validation,unique label match to CM-1-2-6-1-3; no contradicting context,,Q11+Q12,UniquePreferredLabel
CM-1-3-2-4-2,Establish operating Objectives and develop Channel Strategy Hypothesis,Commercial & Marketing,follows,Conduct Channel of trade diagnostics,ResolvedToConcept,CM-1-3-2-4-1,Conduct Channel of trade diagnostics,unique exact preferred-label match,ContextualResolved,emit after mechanical uniqueness validation,unique label match to CM-1-3-2-4-1; no contradicting context,,Q11+Q12,UniquePreferredLabel
CM-1-3-2-4-2,Establish operating Objectives and develop Channel Strategy Hypothesis,Commercial & Marketing,governed-by,Sales & Distribution Channel Strategy,ResolvedToConcept,CM-1-3-2-4,Sales & Distribution Channel Strategy,unique exact preferred-label match,ContextualResolved,emit after mechanical uniqueness validation,unique label match to CM-1-3-2-4; no contradicting context,,Q11+Q12,UniquePreferredLabel
CM-1-3-2-5-1,Identify Customer Experience Aspiration,Commercial & Marketing,precedes,Define Customer Experience Guiding Principles,ResolvedToConcept,CM-1-3-2-5-2,Define Customer Experience Guiding Principles,unique exact preferred-label match,ContextualResolved,emit after mechanical uniqueness validation,unique label match to CM-1-3-2-5-2; no contradicting context,,Q11+Q12,UniquePreferredLabel
CM-1-3-2-5-1,Identify Customer Experience Aspiration,Commercial & Marketing,governed-by,Customer Experience Strategy,ResolvedToConcept,CM-1-3-2-5,Customer Experience Strategy,unique exact preferred-label match,ContextualResolved,emit after mechanical uniqueness validation,unique label match to CM-1-3-2-5; no contradicting context,,Q11+Q12,UniquePreferredLabel
CM-1-3-2-5-2,Define Customer Experience Guiding Principles,Commercial & Marketing,follows,Identify Customer Experience Aspiration,ResolvedToConcept,CM-1-3-2-5-1,Identify Customer Experience Aspiration,unique exact preferred-label match,ContextualResolved,emit after mechanical uniqueness validation,unique label match to CM-1-3-2-5-1; no contradicting context,,Q11+Q12,UniquePreferredLabel
CM-1-3-2-5-2,Define Customer Experience Guiding Principles,Commercial & Marketing,precedes,Establish Customer Experience Strategic Pillars,ResolvedToConcept,CM-1-3-2-5-3,Establish Customer Experience Strategic Pillars,unique exact preferred-label match,ContextualResolved,emit after mechanical uniqueness validation,unique label match to CM-1-3-2-5-3; no contradicting context,,Q11+Q12,UniquePreferredLabel
CM-1-3-2-5-3,Establish Customer Experience Strategic Pillars,Commercial & Marketing,follows,Define Customer Experience Guiding Principles,ResolvedToConcept,CM-1-3-2-5-2,Define Customer Experience Guiding Principles,unique exact preferred-label match,ContextualResolved,emit after mechanical uniqueness validation,unique label match to CM-1-3-2-5-2; no contradicting context,,Q11+Q12,UniquePreferredLabel
CM-1-3-2-5-3,Establish Customer Experience Strategic Pillars,Commercial & Marketing,governed-by,Customer Experience Strategy,ResolvedToConcept,CM-1-3-2-5,Customer Experience Strategy,unique exact preferred-label match,ContextualResolved,emit after mechanical uniqueness validation,unique label match to CM-1-3-2-5; no contradicting context,,Q11+Q12,UniquePreferredLabel
CM-1-3-3-1-1,Define Target Customer Groups,Commercial & Marketing,precedes,Define Customer Offer,ResolvedToConcept,CM-1-3-3-1-2,Define Customer Offer,unique exact preferred-label match,ContextualResolved,emit after mechanical uniqueness validation,unique label match to CM-1-3-3-1-2; no contradicting context,,Q11+Q12,UniquePreferredLabel
CM-1-3-3-1-1,Define Target Customer Groups,Commercial & Marketing,governed-by,Customer Offer Definition,ResolvedToConcept,CM-1-3-3-1,Customer Offer Definition,unique exact preferred-label match,ContextualResolved,emit after mechanical uniqueness validation,unique label match to CM-1-3-3-1; no contradicting context,,Q11+Q12,UniquePreferredLabel
CM-1-3-3-1-2,Define Customer Offer,Commercial & Marketing,follows,Define Target Customer Groups,ResolvedToConcept,CM-1-3-3-1-1,Define Target Customer Groups,unique exact preferred-label match,ContextualResolved,emit after mechanical uniqueness validation,unique label match to CM-1-3-3-1-1; no contradicting context,,Q11+Q12,UniquePreferredLabel
CM-1-3-3-1-2,Define Customer Offer,Commercial & Marketing,precedes,Validate Customer Offer,ResolvedToConcept,CM-1-3-3-1-3,Validate Customer Offer,unique exact preferred-label match,ContextualResolved,emit after mechanical uniqueness validation,unique label match to CM-1-3-3-1-3; no contradicting context,,Q11+Q12,UniquePreferredLabel
CM-1-3-3-1-3,Validate Customer Offer,Commercial & Marketing,follows,Define Customer Offer,ResolvedToConcept,CM-1-3-3-1-2,Define Customer Offer,unique exact preferred-label match,ContextualResolved,emit after mechanical uniqueness validation,unique label match to CM-1-3-3-1-2; no contradicting context,,Q11+Q12,UniquePreferredLabel
CM-1-3-3-1-3,Validate Customer Offer,Commercial & Marketing,precedes,Define Offer Measurement Framework (CM-1-3-3-1-4),ResolvedToConcept,CM-1-3-3-1-4,Define Offer Measurement Framework,stable identifier CM-1-3-3-1-4 carried in mention text,Resolved,emit automatically after subject/target existence checks,target carries its slug; resolves to Define Offer Measurement Framework,,Q11+Q12,StableIdentifier
CM-1-3-3-1-4,Define Offer Measurement Framework,Commercial & Marketing,follows,Validate Customer Offer,ResolvedToConcept,CM-1-3-3-1-3,Validate Customer Offer,unique exact preferred-label match,ContextualResolved,emit after mechanical uniqueness validation,unique label match to CM-1-3-3-1-3; no contradicting context,,Q11+Q12,UniquePreferredLabel
CM-1-3-3-1-4,Define Offer Measurement Framework,Commercial & Marketing,uses-input,Marketing Insight and Metrics Stewardship (CM-1-3-1-6),ResolvedToConcept,CM-1-3-1-6,Marketing Insight and Metrics Stewardship,stable identifier CM-1-3-1-6 carried in mention text,Resolved,emit automatically after subject/target existence checks,target carries its slug; resolves to Marketing Insight and Metrics Stewardship,,Q11+Q12,StableIdentifier
CM-1-3-3-2-1,Define Strategic Pricing Approach,Commercial & Marketing,precedes,Develop Integrated Pricing Strategy,ResolvedToConcept,CM-1-3-3-2-2,Develop Integrated Pricing Strategy,unique exact preferred-label match,ContextualResolved,emit after mechanical uniqueness validation,unique label match to CM-1-3-3-2-2; no contradicting context,,Q11+Q12,UniquePreferredLabel
CM-1-3-3-2-1,Define Strategic Pricing Approach,Commercial & Marketing,governed-by,Pricing Strategy Management,ResolvedToConcept,CM-1-3-3-2,Pricing Strategy Management,unique exact preferred-label match,ContextualResolved,emit after mechanical uniqueness validation,unique label match to CM-1-3-3-2; no contradicting context,,Q11+Q12,UniquePreferredLabel
CM-1-3-3-2-2,Develop Integrated Pricing Strategy,Commercial & Marketing,follows,Define Strategic Pricing Approach,ResolvedToConcept,CM-1-3-3-2-1,Define Strategic Pricing Approach,unique exact preferred-label match,ContextualResolved,emit after mechanical uniqueness validation,unique label match to CM-1-3-3-2-1; no contradicting context,,Q11+Q12,UniquePreferredLabel
CM-1-3-3-2-2,Develop Integrated Pricing Strategy,Commercial & Marketing,precedes,Define Pricing Measurement Framework (CM-1-3-3-2-5),ResolvedToConcept,CM-1-3-3-2-5,Define Pricing Measurement Framework,stable identifier CM-1-3-3-2-5 carried in mention text,Resolved,emit automatically after subject/target existence checks,target carries its slug; resolves to Define Pricing Measurement Framework,,Q11+Q12,StableIdentifier
CM-1-3-3-2-2,Develop Integrated Pricing Strategy,Commercial & Marketing,informed-by,Conduct Pricing Pilots,ResolvedToConcept,CM-1-3-3-2-4,Conduct Pricing Pilots,unique exact preferred-label match,ContextualResolved,emit after mechanical uniqueness validation,unique label match to CM-1-3-3-2-4; no contradicting context,,Q11+Q12,UniquePreferredLabel
CM-1-3-3-2-2,Develop Integrated Pricing Strategy,Commercial & Marketing,informed-by,Analyze Pricing Performance,ResolvedToConcept,CM-1-3-3-2-3,Analyze Pricing Performance,unique exact preferred-label match,ContextualResolved,emit after mechanical uniqueness validation,unique label match to CM-1-3-3-2-3; no contradicting context,,Q11+Q12,UniquePreferredLabel
CM-1-3-3-2-2,Develop Integrated Pricing Strategy,Commercial & Marketing,enables,Sales Pricing Management,ResolvedToConcept,CM-1-3-6-3,Sales Pricing Management,unique exact preferred-label match,ContextualResolved,emit after mechanical uniqueness validation,unique label match to CM-1-3-6-3; no contradicting context,,Q11+Q12,UniquePreferredLabel
CM-1-3-3-2-3,Analyze Pricing Performance,Commercial & Marketing,follows,Define Pricing Measurement Framework (CM-1-3-3-2-5),ResolvedToConcept,CM-1-3-3-2-5,Define Pricing Measurement Framework,stable identifier CM-1-3-3-2-5 carried in mention text,Resolved,emit automatically after subject/target existence checks,target carries its slug; resolves to Define Pricing Measurement Framework,,Q11+Q12,StableIdentifier
CM-1-3-3-2-3,Analyze Pricing Performance,Commercial & Marketing,informed-by,Sales Pricing Management,ResolvedToConcept,CM-1-3-6-3,Sales Pricing Management,unique exact preferred-label match,ContextualResolved,emit after mechanical uniqueness validation,unique label match to CM-1-3-6-3; no contradicting context,,Q11+Q12,UniquePreferredLabel
CM-1-3-3-2-3,Analyze Pricing Performance,Commercial & Marketing,informed-by,Conduct Pricing Pilots,ResolvedToConcept,CM-1-3-3-2-4,Conduct Pricing Pilots,unique exact preferred-label match,ContextualResolved,emit after mechanical uniqueness validation,unique label match to CM-1-3-3-2-4; no contradicting context,,Q11+Q12,UniquePreferredLabel
CM-1-3-3-2-3,Analyze Pricing Performance,Commercial & Marketing,enables,Develop Integrated Pricing Strategy,ResolvedToConcept,CM-1-3-3-2-2,Develop Integrated Pricing Strategy,unique exact preferred-label match,ContextualResolved,emit after mechanical uniqueness validation,unique label match to CM-1-3-3-2-2; no contradicting context,,Q11+Q12,UniquePreferredLabel
CM-1-3-3-2-4,Conduct Pricing Pilots,Commercial & Marketing,follows,Develop Integrated Pricing Strategy,ResolvedToConcept,CM-1-3-3-2-2,Develop Integrated Pricing Strategy,unique exact preferred-label match,ContextualResolved,emit after mechanical uniqueness validation,unique label match to CM-1-3-3-2-2; no contradicting context,,Q11+Q12,UniquePreferredLabel
CM-1-3-3-2-4,Conduct Pricing Pilots,Commercial & Marketing,uses-input,Sales Pricing Management,ResolvedToConcept,CM-1-3-6-3,Sales Pricing Management,unique exact preferred-label match,ContextualResolved,emit after mechanical uniqueness validation,unique label match to CM-1-3-6-3; no contradicting context,,Q11+Q12,UniquePreferredLabel
CM-1-3-3-2-5,Define Pricing Measurement Framework,Commercial & Marketing,follows,Develop Integrated Pricing Strategy,ResolvedToConcept,CM-1-3-3-2-2,Develop Integrated Pricing Strategy,unique exact preferred-label match,ContextualResolved,emit after mechanical uniqueness validation,unique label match to CM-1-3-3-2-2; no contradicting context,,Q11+Q12,UniquePreferredLabel
CM-1-3-3-2-5,Define Pricing Measurement Framework,Commercial & Marketing,precedes,Analyze Pricing Performance,ResolvedToConcept,CM-1-3-3-2-3,Analyze Pricing Performance,unique exact preferred-label match,ContextualResolved,emit after mechanical uniqueness validation,unique label match to CM-1-3-3-2-3; no contradicting context,,Q11+Q12,UniquePreferredLabel
CM-1-3-3-2-5,Define Pricing Measurement Framework,Commercial & Marketing,uses-input,Marketing Insight and Metrics Stewardship (CM-1-3-1-6),ResolvedToConcept,CM-1-3-1-6,Marketing Insight and Metrics Stewardship,stable identifier CM-1-3-1-6 carried in mention text,Resolved,emit automatically after subject/target existence checks,target carries its slug; resolves to Marketing Insight and Metrics Stewardship,,Q11+Q12,StableIdentifier
CM-1-3-3-3-1,Create Channel Offering & Value Proposition,Commercial & Marketing,follows,Define Channel Portfolio,ResolvedToConcept,CM-1-3-3-3-2,Define Channel Portfolio,unique exact preferred-label match,ContextualResolved,emit after mechanical uniqueness validation,unique label match to CM-1-3-3-3-2; no contradicting context,,Q11+Q12,UniquePreferredLabel
CM-1-3-3-3-1,Create Channel Offering & Value Proposition,Commercial & Marketing,precedes,"Develop Channel Structure, Size & Engagement Model",ResolvedToConcept,CM-1-3-3-3-4,"Develop Channel Structure, Size & Engagement Model",unique exact preferred-label match,ContextualResolved,emit after mechanical uniqueness validation,unique label match to CM-1-3-3-3-4; no contradicting context,,Q11+Q12,UniquePreferredLabel
CM-1-3-3-3-1,Create Channel Offering & Value Proposition,Commercial & Marketing,governed-by,Sales & Distribution Channel Design,ResolvedToConcept,CM-1-3-3-3,Sales & Distribution Channel Design,unique exact preferred-label match,ContextualResolved,emit after mechanical uniqueness validation,unique label match to CM-1-3-3-3; no contradicting context,,Q11+Q12,UniquePreferredLabel
CM-1-3-3-3-2,Define Channel Portfolio,Commercial & Marketing,follows,Segment Channels,ResolvedToConcept,CM-1-3-3-3-3,Segment Channels,unique exact preferred-label match,ContextualResolved,emit after mechanical uniqueness validation,unique label match to CM-1-3-3-3-3; no contradicting context,,Q11+Q12,UniquePreferredLabel
CM-1-3-3-3-2,Define Channel Portfolio,Commercial & Marketing,precedes,Create Channel Offering & Value Proposition,ResolvedToConcept,CM-1-3-3-3-1,Create Channel Offering & Value Proposition,unique exact preferred-label match,ContextualResolved,emit after mechanical uniqueness validation,unique label match to CM-1-3-3-3-1; no contradicting context,,Q11+Q12,UniquePreferredLabel
CM-1-3-3-3-2,Define Channel Portfolio,Commercial & Marketing,governed-by,Sales & Distribution Channel Design,ResolvedToConcept,CM-1-3-3-3,Sales & Distribution Channel Design,unique exact preferred-label match,ContextualResolved,emit after mechanical uniqueness validation,unique label match to CM-1-3-3-3; no contradicting context,,Q11+Q12,UniquePreferredLabel
CM-1-3-3-3-3,Segment Channels,Commercial & Marketing,precedes,Define Channel Portfolio,ResolvedToConcept,CM-1-3-3-3-2,Define Channel Portfolio,unique exact preferred-label match,ContextualResolved,emit after mechanical uniqueness validation,unique label match to CM-1-3-3-3-2; no contradicting context,,Q11+Q12,UniquePreferredLabel
CM-1-3-3-3-3,Segment Channels,Commercial & Marketing,governed-by,Sales & Distribution Channel Design,ResolvedToConcept,CM-1-3-3-3,Sales & Distribution Channel Design,unique exact preferred-label match,ContextualResolved,emit after mechanical uniqueness validation,unique label match to CM-1-3-3-3; no contradicting context,,Q11+Q12,UniquePreferredLabel
CM-1-3-3-3-3,Segment Channels,Commercial & Marketing,uses-input,Assess Cost-to-Serve Performance,ResolvedToConcept,CM-1-2-6-1-3,Assess Cost-to-Serve Performance,unique exact preferred-label match,ContextualResolved,emit after mechanical uniqueness validation,unique label match to CM-1-2-6-1-3; no contradicting context,,Q11+Q12,UniquePreferredLabel
CM-1-3-3-3-4,"Develop Channel Structure, Size & Engagement Model",Commercial & Marketing,follows,Create Channel Offering & Value Proposition,ResolvedToConcept,CM-1-3-3-3-1,Create Channel Offering & Value Proposition,unique exact preferred-label match,ContextualResolved,emit after mechanical uniqueness validation,unique label match to CM-1-3-3-3-1; no contradicting context,,Q11+Q12,UniquePreferredLabel
CM-1-3-3-3-4,"Develop Channel Structure, Size & Engagement Model",Commercial & Marketing,precedes,Define Channel Measurement Framework (CM-1-3-3-3-5),ResolvedToConcept,CM-1-3-3-3-5,Define Channel Measurement Framework,stable identifier CM-1-3-3-3-5 carried in mention text,Resolved,emit automatically after subject/target existence checks,target carries its slug; resolves to Define Channel Measurement Framework,,Q11+Q12,StableIdentifier
CM-1-3-3-3-4,"Develop Channel Structure, Size & Engagement Model",Commercial & Marketing,enables,Channel & Partner Management,ResolvedToConcept,CM-1-3-6-1,Channel & Partner Management,unique exact preferred-label match,ContextualResolved,emit after mechanical uniqueness validation,unique label match to CM-1-3-6-1; no contradicting context,,Q11+Q12,UniquePreferredLabel
CM-1-3-3-3-5,Define Channel Measurement Framework,Commercial & Marketing,follows,"Develop Channel Structure, Size & Engagement Model",ResolvedToConcept,CM-1-3-3-3-4,"Develop Channel Structure, Size & Engagement Model",unique exact preferred-label match,ContextualResolved,emit after mechanical uniqueness validation,unique label match to CM-1-3-3-3-4; no contradicting context,,Q11+Q12,UniquePreferredLabel
CM-1-3-3-3-5,Define Channel Measurement Framework,Commercial & Marketing,uses-input,Marketing Insight and Metrics Stewardship (CM-1-3-1-6),ResolvedToConcept,CM-1-3-1-6,Marketing Insight and Metrics Stewardship,stable identifier CM-1-3-1-6 carried in mention text,Resolved,emit automatically after subject/target existence checks,target carries its slug; resolves to Marketing Insight and Metrics Stewardship,,Q11+Q12,StableIdentifier
CM-1-3-3-4-1,Define Target Location,Commercial & Marketing,follows,Define Target Network Size,ResolvedToConcept,CM-1-3-3-4-3,Define Target Network Size,unique exact preferred-label match,ContextualResolved,emit after mechanical uniqueness validation,unique label match to CM-1-3-3-4-3; no contradicting context,,Q11+Q12,UniquePreferredLabel
CM-1-3-3-4-1,Define Target Location,Commercial & Marketing,precedes,Define Network Measurement Framework (CM-1-3-3-4-4),ResolvedToConcept,CM-1-3-3-4-4,Define Network Measurement Framework,stable identifier CM-1-3-3-4-4 carried in mention text,Resolved,emit automatically after subject/target existence checks,target carries its slug; resolves to Define Network Measurement Framework,,Q11+Q12,StableIdentifier
CM-1-3-3-4-1,Define Target Location,Commercial & Marketing,governed-by,Network Design (Retail),ResolvedToConcept,CM-1-3-3-4,Network Design (Retail),unique exact preferred-label match,ContextualResolved,emit after mechanical uniqueness validation,unique label match to CM-1-3-3-4; no contradicting context,,Q11+Q12,UniquePreferredLabel
CM-1-3-3-4-2,Formulate And Evaluate Strategic Operating Alternatives (network Strategy),Commercial & Marketing,precedes,Define Target Network Size,ResolvedToConcept,CM-1-3-3-4-3,Define Target Network Size,unique exact preferred-label match,ContextualResolved,emit after mechanical uniqueness validation,unique label match to CM-1-3-3-4-3; no contradicting context,,Q11+Q12,UniquePreferredLabel
CM-1-3-3-4-2,Formulate And Evaluate Strategic Operating Alternatives (network Strategy),Commercial & Marketing,governed-by,Network Design (Retail),ResolvedToConcept,CM-1-3-3-4,Network Design (Retail),unique exact preferred-label match,ContextualResolved,emit after mechanical uniqueness validation,unique label match to CM-1-3-3-4; no contradicting context,,Q11+Q12,UniquePreferredLabel
CM-1-3-3-4-3,Define Target Network Size,Commercial & Marketing,follows,Formulate And Evaluate Strategic Operating Alternatives (network Strategy),ResolvedToConcept,CM-1-3-3-4-2,Formulate And Evaluate Strategic Operating Alternatives (network Strategy),unique exact preferred-label match,ContextualResolved,emit after mechanical uniqueness validation,unique label match to CM-1-3-3-4-2; no contradicting context,,Q11+Q12,UniquePreferredLabel
CM-1-3-3-4-3,Define Target Network Size,Commercial & Marketing,precedes,Define Target Location,ResolvedToConcept,CM-1-3-3-4-1,Define Target Location,unique exact preferred-label match,ContextualResolved,emit after mechanical uniqueness validation,unique label match to CM-1-3-3-4-1; no contradicting context,,Q11+Q12,UniquePreferredLabel
CM-1-3-3-4-3,Define Target Network Size,Commercial & Marketing,governed-by,Network Design (Retail),ResolvedToConcept,CM-1-3-3-4,Network Design (Retail),unique exact preferred-label match,ContextualResolved,emit after mechanical uniqueness validation,unique label match to CM-1-3-3-4; no contradicting context,,Q11+Q12,UniquePreferredLabel
CM-1-3-3-4-4,Define Network Measurement Framework,Commercial & Marketing,follows,Define Target Location,ResolvedToConcept,CM-1-3-3-4-1,Define Target Location,unique exact preferred-label match,ContextualResolved,emit after mechanical uniqueness validation,unique label match to CM-1-3-3-4-1; no contradicting context,,Q11+Q12,UniquePreferredLabel
CM-1-3-3-4-4,Define Network Measurement Framework,Commercial & Marketing,uses-input,Marketing Insight and Metrics Stewardship (CM-1-3-1-6),ResolvedToConcept,CM-1-3-1-6,Marketing Insight and Metrics Stewardship,stable identifier CM-1-3-1-6 carried in mention text,Resolved,emit automatically after subject/target existence checks,target carries its slug; resolves to Marketing Insight and Metrics Stewardship,,Q11+Q12,StableIdentifier
CM-1-3-3-5-1,Define Media Strategy,Commercial & Marketing,governed-by,Marketing Communications Strategy,ResolvedToConcept,CM-1-3-3-5,Marketing Communications Strategy,unique exact preferred-label match,ContextualResolved,emit after mechanical uniqueness validation,unique label match to CM-1-3-3-5; no contradicting context,,Q11+Q12,UniquePreferredLabel
CM-1-3-3-5-1,Define Media Strategy,Commercial & Marketing,enables,Integrated Marketing Planning (Advertising),ResolvedToConcept,CM-1-3-5-2,Integrated Marketing Planning (Advertising),unique exact preferred-label match,ContextualResolved,emit after mechanical uniqueness validation,unique label match to CM-1-3-5-2; no contradicting context,,Q11+Q12,UniquePreferredLabel
CM-1-3-3-5-2,Define Direct Marketing Strategy,Commercial & Marketing,governed-by,Marketing Communications Strategy,ResolvedToConcept,CM-1-3-3-5,Marketing Communications Strategy,unique exact preferred-label match,ContextualResolved,emit after mechanical uniqueness validation,unique label match to CM-1-3-3-5; no contradicting context,,Q11+Q12,UniquePreferredLabel
CM-1-3-3-5-2,Define Direct Marketing Strategy,Commercial & Marketing,enables,Marketing Communications Planning,ResolvedToConcept,CM-1-3-5-3,Marketing Communications Planning,unique exact preferred-label match,ContextualResolved,emit after mechanical uniqueness validation,unique label match to CM-1-3-5-3; no contradicting context,,Q11+Q12,UniquePreferredLabel
CM-1-3-3-5-3,Define Advertising Strategy,Commercial & Marketing,governed-by,Marketing Communications Strategy,ResolvedToConcept,CM-1-3-3-5,Marketing Communications Strategy,unique exact preferred-label match,ContextualResolved,emit after mechanical uniqueness validation,unique label match to CM-1-3-3-5; no contradicting context,,Q11+Q12,UniquePreferredLabel
CM-1-3-3-5-3,Define Advertising Strategy,Commercial & Marketing,enables,Integrated Marketing Planning (Advertising),ResolvedToConcept,CM-1-3-5-2,Integrated Marketing Planning (Advertising),unique exact preferred-label match,ContextualResolved,emit after mechanical uniqueness validation,unique label match to CM-1-3-5-2; no contradicting context,,Q11+Q12,UniquePreferredLabel
CM-1-3-3-5-4,Define POS Communication Strategy,Commercial & Marketing,governed-by,Marketing Communications Strategy,ResolvedToConcept,CM-1-3-3-5,Marketing Communications Strategy,unique exact preferred-label match,ContextualResolved,emit after mechanical uniqueness validation,unique label match to CM-1-3-3-5; no contradicting context,,Q11+Q12,UniquePreferredLabel
CM-1-3-3-5-4,Define POS Communication Strategy,Commercial & Marketing,enables,Marketing Plan Execution,ResolvedToConcept,CM-1-3-6-5,Marketing Plan Execution,unique exact preferred-label match,ContextualResolved,emit after mechanical uniqueness validation,unique label match to CM-1-3-6-5; no contradicting context,,Q11+Q12,UniquePreferredLabel
CM-1-3-3-5-5,Define Digital Marketing Strategy,Commercial & Marketing,governed-by,Marketing Communications Strategy,ResolvedToConcept,CM-1-3-3-5,Marketing Communications Strategy,unique exact preferred-label match,ContextualResolved,emit after mechanical uniqueness validation,unique label match to CM-1-3-3-5; no contradicting context,,Q11+Q12,UniquePreferredLabel
CM-1-3-3-5-5,Define Digital Marketing Strategy,Commercial & Marketing,enables,Marketing Communications Planning,ResolvedToConcept,CM-1-3-5-3,Marketing Communications Planning,unique exact preferred-label match,ContextualResolved,emit after mechanical uniqueness validation,unique label match to CM-1-3-5-3; no contradicting context,,Q11+Q12,UniquePreferredLabel
CM-1-3-3-5-7,Define Marketing Communications Measurement Framework,Commercial & Marketing,governed-by,Marketing Communications Strategy,ResolvedToConcept,CM-1-3-3-5,Marketing Communications Strategy,unique exact preferred-label match,ContextualResolved,emit after mechanical uniqueness validation,unique label match to CM-1-3-3-5; no contradicting context,,Q11+Q12,UniquePreferredLabel
CM-1-3-3-5-7,Define Marketing Communications Measurement Framework,Commercial & Marketing,uses-input,Marketing Insight and Metrics Stewardship (CM-1-3-1-6),ResolvedToConcept,CM-1-3-1-6,Marketing Insight and Metrics Stewardship,stable identifier CM-1-3-1-6 carried in mention text,Resolved,emit automatically after subject/target existence checks,target carries its slug; resolves to Marketing Insight and Metrics Stewardship,,Q11+Q12,StableIdentifier
CM-1-3-3-6-1,Develop Business Process Blueprint,Commercial & Marketing,follows,Determine Channel Of Trade Mix,ResolvedToConcept,CM-1-3-3-6-3,Determine Channel Of Trade Mix,unique exact preferred-label match,ContextualResolved,emit after mechanical uniqueness validation,unique label match to CM-1-3-3-6-3; no contradicting context,,Q11+Q12,UniquePreferredLabel
CM-1-3-3-6-1,Develop Business Process Blueprint,Commercial & Marketing,precedes,Develop Organizational Blueprint,ResolvedToConcept,CM-1-3-3-6-2,Develop Organizational Blueprint,unique exact preferred-label match,ContextualResolved,emit after mechanical uniqueness validation,unique label match to CM-1-3-3-6-2; no contradicting context,,Q11+Q12,UniquePreferredLabel
CM-1-3-3-6-1,Develop Business Process Blueprint,Commercial & Marketing,governed-by,Operating Model Design,ResolvedToConcept,CM-1-3-3-6,Operating Model Design,unique exact preferred-label match,ContextualResolved,emit after mechanical uniqueness validation,unique label match to CM-1-3-3-6; no contradicting context,,Q11+Q12,UniquePreferredLabel
CM-1-3-3-6-2,Develop Organizational Blueprint,Commercial & Marketing,follows,Develop Business Process Blueprint,ResolvedToConcept,CM-1-3-3-6-1,Develop Business Process Blueprint,unique exact preferred-label match,ContextualResolved,emit after mechanical uniqueness validation,unique label match to CM-1-3-3-6-1; no contradicting context,,Q11+Q12,UniquePreferredLabel
CM-1-3-3-6-2,Develop Organizational Blueprint,Commercial & Marketing,precedes,Define Procedural Framework & Guidelines,ResolvedToConcept,CM-1-3-3-6-4,Define Procedural Framework & Guidelines,unique exact preferred-label match,ContextualResolved,emit after mechanical uniqueness validation,unique label match to CM-1-3-3-6-4; no contradicting context,,Q11+Q12,UniquePreferredLabel
CM-1-3-3-6-2,Develop Organizational Blueprint,Commercial & Marketing,governed-by,Operating Model Design,ResolvedToConcept,CM-1-3-3-6,Operating Model Design,unique exact preferred-label match,ContextualResolved,emit after mechanical uniqueness validation,unique label match to CM-1-3-3-6; no contradicting context,,Q11+Q12,UniquePreferredLabel
CM-1-3-3-6-3,Determine Channel Of Trade Mix,Commercial & Marketing,uses-input,Sales & Distribution Channel Strategy,ResolvedToConcept,CM-1-3-2-4,Sales & Distribution Channel Strategy,unique exact preferred-label match,ContextualResolved,emit after mechanical uniqueness validation,unique label match to CM-1-3-2-4; no contradicting context,,Q11+Q12,UniquePreferredLabel
CM-1-3-3-6-3,Determine Channel Of Trade Mix,Commercial & Marketing,uses-input,Sales & Distribution Channel Design,ResolvedToConcept,CM-1-3-3-3,Sales & Distribution Channel Design,unique exact preferred-label match,ContextualResolved,emit after mechanical uniqueness validation,unique label match to CM-1-3-3-3; no contradicting context,,Q11+Q12,UniquePreferredLabel
CM-1-3-3-6-3,Determine Channel Of Trade Mix,Commercial & Marketing,enables,Develop Business Process Blueprint,ResolvedToConcept,CM-1-3-3-6-1,Develop Business Process Blueprint,unique exact preferred-label match,ContextualResolved,emit after mechanical uniqueness validation,unique label match to CM-1-3-3-6-1; no contradicting context,,Q11+Q12,UniquePreferredLabel
CM-1-3-3-6-3,Determine Channel Of Trade Mix,Commercial & Marketing,enables,Develop Organizational Blueprint,ResolvedToConcept,CM-1-3-3-6-2,Develop Organizational Blueprint,unique exact preferred-label match,ContextualResolved,emit after mechanical uniqueness validation,unique label match to CM-1-3-3-6-2; no contradicting context,,Q11+Q12,UniquePreferredLabel
CM-1-3-3-6-3,Determine Channel Of Trade Mix,Commercial & Marketing,governed-by,Operating Model Design,ResolvedToConcept,CM-1-3-3-6,Operating Model Design,unique exact preferred-label match,ContextualResolved,emit after mechanical uniqueness validation,unique label match to CM-1-3-3-6; no contradicting context,,Q11+Q12,UniquePreferredLabel
CM-1-3-3-6-4,Define Procedural Framework & Guidelines,Commercial & Marketing,follows,Develop Organizational Blueprint,ResolvedToConcept,CM-1-3-3-6-2,Develop Organizational Blueprint,unique exact preferred-label match,ContextualResolved,emit after mechanical uniqueness validation,unique label match to CM-1-3-3-6-2; no contradicting context,,Q11+Q12,UniquePreferredLabel
CM-1-3-3-6-4,Define Procedural Framework & Guidelines,Commercial & Marketing,precedes,Define Operating Model Measurement Framework (CM-1-3-3-6-5),ResolvedToConcept,CM-1-3-3-6-5,Define Operating Model Measurement Framework,stable identifier CM-1-3-3-6-5 carried in mention text,Resolved,emit automatically after subject/target existence checks,target carries its slug; resolves to Define Operating Model Measurement Framework,,Q11+Q12,StableIdentifier
CM-1-3-3-6-4,Define Procedural Framework & Guidelines,Commercial & Marketing,governed-by,Operating Model Design,ResolvedToConcept,CM-1-3-3-6,Operating Model Design,unique exact preferred-label match,ContextualResolved,emit after mechanical uniqueness validation,unique label match to CM-1-3-3-6; no contradicting context,,Q11+Q12,UniquePreferredLabel
CM-1-3-3-6-5,Define Operating Model Measurement Framework,Commercial & Marketing,follows,Define Procedural Framework & Guidelines,ResolvedToConcept,CM-1-3-3-6-4,Define Procedural Framework & Guidelines,unique exact preferred-label match,ContextualResolved,emit after mechanical uniqueness validation,unique label match to CM-1-3-3-6-4; no contradicting context,,Q11+Q12,UniquePreferredLabel
CM-1-3-3-6-5,Define Operating Model Measurement Framework,Commercial & Marketing,uses-input,Marketing Insight and Metrics Stewardship (CM-1-3-1-6),ResolvedToConcept,CM-1-3-1-6,Marketing Insight and Metrics Stewardship,stable identifier CM-1-3-1-6 carried in mention text,Resolved,emit automatically after subject/target existence checks,target carries its slug; resolves to Marketing Insight and Metrics Stewardship,,Q11+Q12,StableIdentifier
CM-1-3-4-1-1,Identify Market Needs,Commercial & Marketing,informed-by,Market Sensing,ResolvedToConcept,CM-1-3-4-1-2,Market Sensing,unique exact preferred-label match,ContextualResolved,emit after mechanical uniqueness validation,unique label match to CM-1-3-4-1-2; no contradicting context,,Q11+Q12,UniquePreferredLabel
CM-1-3-4-1-1,Identify Market Needs,Commercial & Marketing,precedes,Develop R&D Implementation Plans,ResolvedToConcept,CM-1-3-4-1-3,Develop R&D Implementation Plans,unique exact preferred-label match,ContextualResolved,emit after mechanical uniqueness validation,unique label match to CM-1-3-4-1-3; no contradicting context,,Q11+Q12,UniquePreferredLabel
CM-1-3-4-1-1,Identify Market Needs,Commercial & Marketing,governed-by,Visioning And Implementation Planning,ResolvedToConcept,CM-1-3-4-1,Visioning And Implementation Planning,unique exact preferred-label match,ContextualResolved,emit after mechanical uniqueness validation,unique label match to CM-1-3-4-1; no contradicting context,,Q11+Q12,UniquePreferredLabel
CM-1-3-4-1-2,Market Sensing,Commercial & Marketing,enables,Identify Market Needs,ResolvedToConcept,CM-1-3-4-1-1,Identify Market Needs,unique exact preferred-label match,ContextualResolved,emit after mechanical uniqueness validation,unique label match to CM-1-3-4-1-1; no contradicting context,,Q11+Q12,UniquePreferredLabel
CM-1-3-4-1-2,Market Sensing,Commercial & Marketing,governed-by,Visioning And Implementation Planning,ResolvedToConcept,CM-1-3-4-1,Visioning And Implementation Planning,unique exact preferred-label match,ContextualResolved,emit after mechanical uniqueness validation,unique label match to CM-1-3-4-1; no contradicting context,,Q11+Q12,UniquePreferredLabel
CM-1-3-4-1-3,Develop R&D Implementation Plans,Commercial & Marketing,follows,Identify Market Needs,ResolvedToConcept,CM-1-3-4-1-1,Identify Market Needs,unique exact preferred-label match,ContextualResolved,emit after mechanical uniqueness validation,unique label match to CM-1-3-4-1-1; no contradicting context,,Q11+Q12,UniquePreferredLabel
CM-1-3-4-1-3,Develop R&D Implementation Plans,Commercial & Marketing,enables,Concept & Feasibility Study,ResolvedToConcept,CM-1-3-4-2,Concept & Feasibility Study,unique exact preferred-label match,ContextualResolved,emit after mechanical uniqueness validation,unique label match to CM-1-3-4-2; no contradicting context,,Q11+Q12,UniquePreferredLabel
CM-1-3-4-1-3,Develop R&D Implementation Plans,Commercial & Marketing,governed-by,Visioning And Implementation Planning,ResolvedToConcept,CM-1-3-4-1,Visioning And Implementation Planning,unique exact preferred-label match,ContextualResolved,emit after mechanical uniqueness validation,unique label match to CM-1-3-4-1; no contradicting context,,Q11+Q12,UniquePreferredLabel
CM-1-3-4-2-1,Ideation,Commercial & Marketing,precedes,Conduct Research,ResolvedToConcept,CM-1-3-4-2-2,Conduct Research,unique exact preferred-label match,ContextualResolved,emit after mechanical uniqueness validation,unique label match to CM-1-3-4-2-2; no contradicting context,,Q11+Q12,UniquePreferredLabel
CM-1-3-4-2-1,Ideation,Commercial & Marketing,governed-by,Concept & Feasibility Study,ResolvedToConcept,CM-1-3-4-2,Concept & Feasibility Study,unique exact preferred-label match,ContextualResolved,emit after mechanical uniqueness validation,unique label match to CM-1-3-4-2; no contradicting context,,Q11+Q12,UniquePreferredLabel
CM-1-3-4-2-2,Conduct Research,Commercial & Marketing,follows,Ideation,ResolvedToConcept,CM-1-3-4-2-1,Ideation,unique exact preferred-label match,ContextualResolved,emit after mechanical uniqueness validation,unique label match to CM-1-3-4-2-1; no contradicting context,,Q11+Q12,UniquePreferredLabel
CM-1-3-4-2-2,Conduct Research,Commercial & Marketing,governed-by,Concept & Feasibility Study,ResolvedToConcept,CM-1-3-4-2,Concept & Feasibility Study,unique exact preferred-label match,ContextualResolved,emit after mechanical uniqueness validation,unique label match to CM-1-3-4-2; no contradicting context,,Q11+Q12,UniquePreferredLabel
CM-1-3-4-2-3,Manage Research,Commercial & Marketing,governed-by,Concept & Feasibility Study,ResolvedToConcept,CM-1-3-4-2,Concept & Feasibility Study,unique exact preferred-label match,ContextualResolved,emit after mechanical uniqueness validation,unique label match to CM-1-3-4-2; no contradicting context,,Q11+Q12,UniquePreferredLabel
CM-1-3-4-2-3,Manage Research,Commercial & Marketing,assures,Conduct Research,ResolvedToConcept,CM-1-3-4-2-2,Conduct Research,unique exact preferred-label match,ContextualResolved,emit after mechanical uniqueness validation,unique label match to CM-1-3-4-2-2; no contradicting context,,Q11+Q12,UniquePreferredLabel
CM-1-3-4-3-1,Manage Product/Service Development,Commercial & Marketing,precedes,Conduct Product Development,ResolvedToConcept,CM-1-3-4-3-2,Conduct Product Development,unique exact preferred-label match,ContextualResolved,emit after mechanical uniqueness validation,unique label match to CM-1-3-4-3-2; no contradicting context,,Q11+Q12,UniquePreferredLabel
CM-1-3-4-3-1,Manage Product/Service Development,Commercial & Marketing,governed-by,Product & Service Development,ResolvedToConcept,CM-1-3-4-3,Product & Service Development,unique exact preferred-label match,ContextualResolved,emit after mechanical uniqueness validation,unique label match to CM-1-3-4-3; no contradicting context,,Q11+Q12,UniquePreferredLabel
CM-1-3-4-3-2,Conduct Product Development,Commercial & Marketing,follows,Manage Product/Service Development,ResolvedToConcept,CM-1-3-4-3-1,Manage Product/Service Development,unique exact preferred-label match,ContextualResolved,emit after mechanical uniqueness validation,unique label match to CM-1-3-4-3-1; no contradicting context,,Q11+Q12,UniquePreferredLabel
CM-1-3-4-3-2,Conduct Product Development,Commercial & Marketing,governed-by,Product & Service Development,ResolvedToConcept,CM-1-3-4-3,Product & Service Development,unique exact preferred-label match,ContextualResolved,emit after mechanical uniqueness validation,unique label match to CM-1-3-4-3; no contradicting context,,Q11+Q12,UniquePreferredLabel
CM-1-3-4-3-3,Manage Product/Service Change,Commercial & Marketing,governed-by,Product & Service Development,ResolvedToConcept,CM-1-3-4-3,Product & Service Development,unique exact preferred-label match,ContextualResolved,emit after mechanical uniqueness validation,unique label match to CM-1-3-4-3; no contradicting context,,Q11+Q12,UniquePreferredLabel
CM-1-3-4-3-3,Manage Product/Service Change,Commercial & Marketing,triggers,Manage Commercial Master Data Stewardship (CM-1-3-7-1),ResolvedToConcept,CM-1-3-7-1,Manage Commercial Master Data Stewardship,stable identifier CM-1-3-7-1 carried in mention text,Resolved,emit automatically after subject/target existence checks,target carries its slug; resolves to Manage Commercial Master Data Stewardship,,Q11+Q12,StableIdentifier
CM-1-3-4-4-1,Set up Intellectual Asset Framework,Commercial & Marketing,governed-by,Manage Licensing & IP,ResolvedToConcept,CM-1-3-4-4,Manage Licensing & IP,unique exact preferred-label match,ContextualResolved,emit after mechanical uniqueness validation,unique label match to CM-1-3-4-4; no contradicting context,,Q11+Q12,UniquePreferredLabel
CM-1-3-4-4-1,Set up Intellectual Asset Framework,Commercial & Marketing,enables,Register Intellectual Property,ResolvedToConcept,CM-1-3-4-4-2,Register Intellectual Property,unique exact preferred-label match,ContextualResolved,emit after mechanical uniqueness validation,unique label match to CM-1-3-4-4-2; no contradicting context,,Q11+Q12,UniquePreferredLabel
CM-1-3-4-4-1,Set up Intellectual Asset Framework,Commercial & Marketing,enables,Protect Intellectual Assets,ResolvedToConcept,CM-1-3-4-4-4,Protect Intellectual Assets,unique exact preferred-label match,ContextualResolved,emit after mechanical uniqueness validation,unique label match to CM-1-3-4-4-4; no contradicting context,,Q11+Q12,UniquePreferredLabel
CM-1-3-4-4-2,Register Intellectual Property,Commercial & Marketing,follows,Set up Intellectual Asset Framework,ResolvedToConcept,CM-1-3-4-4-1,Set up Intellectual Asset Framework,unique exact preferred-label match,ContextualResolved,emit after mechanical uniqueness validation,unique label match to CM-1-3-4-4-1; no contradicting context,,Q11+Q12,UniquePreferredLabel
CM-1-3-4-4-2,Register Intellectual Property,Commercial & Marketing,governed-by,Manage Licensing & IP,ResolvedToConcept,CM-1-3-4-4,Manage Licensing & IP,unique exact preferred-label match,ContextualResolved,emit after mechanical uniqueness validation,unique label match to CM-1-3-4-4; no contradicting context,,Q11+Q12,UniquePreferredLabel
CM-1-3-4-4-3,Value Intellectual Assets,Commercial & Marketing,enables,Exploit Intellectual Assets,ResolvedToConcept,CM-1-3-4-4-5,Exploit Intellectual Assets,unique exact preferred-label match,ContextualResolved,emit after mechanical uniqueness validation,unique label match to CM-1-3-4-4-5; no contradicting context,,Q11+Q12,UniquePreferredLabel
CM-1-3-4-4-3,Value Intellectual Assets,Commercial & Marketing,enables,Manage Intellectual Asset Portfolios,ResolvedToConcept,CM-1-3-4-4-6,Manage Intellectual Asset Portfolios,unique exact preferred-label match,ContextualResolved,emit after mechanical uniqueness validation,unique label match to CM-1-3-4-4-6; no contradicting context,,Q11+Q12,UniquePreferredLabel
CM-1-3-4-4-3,Value Intellectual Assets,Commercial & Marketing,governed-by,Manage Licensing & IP,ResolvedToConcept,CM-1-3-4-4,Manage Licensing & IP,unique exact preferred-label match,ContextualResolved,emit after mechanical uniqueness validation,unique label match to CM-1-3-4-4; no contradicting context,,Q11+Q12,UniquePreferredLabel
CM-1-3-4-4-4,Protect Intellectual Assets,Commercial & Marketing,follows,Set up Intellectual Asset Framework,ResolvedToConcept,CM-1-3-4-4-1,Set up Intellectual Asset Framework,unique exact preferred-label match,ContextualResolved,emit after mechanical uniqueness validation,unique label match to CM-1-3-4-4-1; no contradicting context,,Q11+Q12,UniquePreferredLabel
CM-1-3-4-4-4,Protect Intellectual Assets,Commercial & Marketing,governed-by,Manage Licensing & IP,ResolvedToConcept,CM-1-3-4-4,Manage Licensing & IP,unique exact preferred-label match,ContextualResolved,emit after mechanical uniqueness validation,unique label match to CM-1-3-4-4; no contradicting context,,Q11+Q12,UniquePreferredLabel
CM-1-3-4-4-5,Exploit Intellectual Assets,Commercial & Marketing,follows,Value Intellectual Assets,ResolvedToConcept,CM-1-3-4-4-3,Value Intellectual Assets,unique exact preferred-label match,ContextualResolved,emit after mechanical uniqueness validation,unique label match to CM-1-3-4-4-3; no contradicting context,,Q11+Q12,UniquePreferredLabel
CM-1-3-4-4-5,Exploit Intellectual Assets,Commercial & Marketing,governed-by,Manage Licensing & IP,ResolvedToConcept,CM-1-3-4-4,Manage Licensing & IP,unique exact preferred-label match,ContextualResolved,emit after mechanical uniqueness validation,unique label match to CM-1-3-4-4; no contradicting context,,Q11+Q12,UniquePreferredLabel
CM-1-3-4-4-5,Exploit Intellectual Assets,Commercial & Marketing,informed-by,Brand Strategy,ResolvedToConcept,CM-1-3-2-1,Brand Strategy,unique exact preferred-label match,ContextualResolved,emit after mechanical uniqueness validation,unique label match to CM-1-3-2-1; no contradicting context,,Q11+Q12,UniquePreferredLabel
CM-1-3-4-4-6,Manage Intellectual Asset Portfolios,Commercial & Marketing,informed-by,Value Intellectual Assets,ResolvedToConcept,CM-1-3-4-4-3,Value Intellectual Assets,unique exact preferred-label match,ContextualResolved,emit after mechanical uniqueness validation,unique label match to CM-1-3-4-4-3; no contradicting context,,Q11+Q12,UniquePreferredLabel
CM-1-3-4-4-6,Manage Intellectual Asset Portfolios,Commercial & Marketing,governed-by,Manage Licensing & IP,ResolvedToConcept,CM-1-3-4-4,Manage Licensing & IP,unique exact preferred-label match,ContextualResolved,emit after mechanical uniqueness validation,unique label match to CM-1-3-4-4; no contradicting context,,Q11+Q12,UniquePreferredLabel
CM-1-3-4-5-1,Identify Technology Needs/Opportunities,Commercial & Marketing,precedes,Value Projects/Portfolios,ResolvedToConcept,CM-1-3-4-5-2,Value Projects/Portfolios,unique exact preferred-label match,ContextualResolved,emit after mechanical uniqueness validation,unique label match to CM-1-3-4-5-2; no contradicting context,,Q11+Q12,UniquePreferredLabel
CM-1-3-4-5-1,Identify Technology Needs/Opportunities,Commercial & Marketing,governed-by,Lifecycle Management,ResolvedToConcept,CM-1-3-4-5,Lifecycle Management,unique exact preferred-label match,ContextualResolved,emit after mechanical uniqueness validation,unique label match to CM-1-3-4-5; no contradicting context,,Q11+Q12,UniquePreferredLabel
CM-1-3-4-5-2,Value Projects/Portfolios,Commercial & Marketing,follows,Identify Technology Needs/Opportunities,ResolvedToConcept,CM-1-3-4-5-1,Identify Technology Needs/Opportunities,unique exact preferred-label match,ContextualResolved,emit after mechanical uniqueness validation,unique label match to CM-1-3-4-5-1; no contradicting context,,Q11+Q12,UniquePreferredLabel
CM-1-3-4-5-2,Value Projects/Portfolios,Commercial & Marketing,precedes,Assess Portfolios,ResolvedToConcept,CM-1-3-4-5-3,Assess Portfolios,unique exact preferred-label match,ContextualResolved,emit after mechanical uniqueness validation,unique label match to CM-1-3-4-5-3; no contradicting context,,Q11+Q12,UniquePreferredLabel
CM-1-3-4-5-2,Value Projects/Portfolios,Commercial & Marketing,governed-by,Lifecycle Management,ResolvedToConcept,CM-1-3-4-5,Lifecycle Management,unique exact preferred-label match,ContextualResolved,emit after mechanical uniqueness validation,unique label match to CM-1-3-4-5; no contradicting context,,Q11+Q12,UniquePreferredLabel
CM-1-3-4-5-3,Assess Portfolios,Commercial & Marketing,follows,Value Projects/Portfolios,ResolvedToConcept,CM-1-3-4-5-2,Value Projects/Portfolios,unique exact preferred-label match,ContextualResolved,emit after mechanical uniqueness validation,unique label match to CM-1-3-4-5-2; no contradicting context,,Q11+Q12,UniquePreferredLabel
CM-1-3-4-5-3,Assess Portfolios,Commercial & Marketing,precedes,Develop Portfolio Recommendations and Track Decisions (CM-1-3-4-5-4),ResolvedToConcept,CM-1-3-4-5-4,Develop Portfolio Recommendations and Track Decisions,stable identifier CM-1-3-4-5-4 carried in mention text,Resolved,emit automatically after subject/target existence checks,target carries its slug; resolves to Develop Portfolio Recommendations and Track Decisions,,Q11+Q12,StableIdentifier
CM-1-3-4-5-3,Assess Portfolios,Commercial & Marketing,governed-by,Lifecycle Management,ResolvedToConcept,CM-1-3-4-5,Lifecycle Management,unique exact preferred-label match,ContextualResolved,emit after mechanical uniqueness validation,unique label match to CM-1-3-4-5; no contradicting context,,Q11+Q12,UniquePreferredLabel
CM-1-3-4-5-4,Develop Portfolio Recommendations and Track Decisions,Commercial & Marketing,follows,Assess Portfolios,ResolvedToConcept,CM-1-3-4-5-3,Assess Portfolios,unique exact preferred-label match,ContextualResolved,emit after mechanical uniqueness validation,unique label match to CM-1-3-4-5-3; no contradicting context,,Q11+Q12,UniquePreferredLabel
CM-1-3-4-5-4,Develop Portfolio Recommendations and Track Decisions,Commercial & Marketing,enables,Manage Product/Service Change,ResolvedToConcept,CM-1-3-4-3-3,Manage Product/Service Change,unique exact preferred-label match,ContextualResolved,emit after mechanical uniqueness validation,unique label match to CM-1-3-4-3-3; no contradicting context,,Q11+Q12,UniquePreferredLabel
CM-1-3-4-5-4,Develop Portfolio Recommendations and Track Decisions,Commercial & Marketing,governed-by,Lifecycle Management,ResolvedToConcept,CM-1-3-4-5,Lifecycle Management,unique exact preferred-label match,ContextualResolved,emit after mechanical uniqueness validation,unique label match to CM-1-3-4-5; no contradicting context,,Q11+Q12,UniquePreferredLabel
CM-1-3-4-6-1,Collaborate with Manufacturing,Commercial & Marketing,governed-by,R&D Collaboration,ResolvedToConcept,CM-1-3-4-6,R&D Collaboration,unique exact preferred-label match,ContextualResolved,emit after mechanical uniqueness validation,unique label match to CM-1-3-4-6; no contradicting context,,Q11+Q12,UniquePreferredLabel
CM-1-3-4-6-1,Collaborate with Manufacturing,Commercial & Marketing,enables,Conduct Product Development,ResolvedToConcept,CM-1-3-4-3-2,Conduct Product Development,unique exact preferred-label match,ContextualResolved,emit after mechanical uniqueness validation,unique label match to CM-1-3-4-3-2; no contradicting context,,Q11+Q12,UniquePreferredLabel
CM-1-3-4-6-2,Collaborate with Customers/Technical Service,Commercial & Marketing,governed-by,R&D Collaboration,ResolvedToConcept,CM-1-3-4-6,R&D Collaboration,unique exact preferred-label match,ContextualResolved,emit after mechanical uniqueness validation,unique label match to CM-1-3-4-6; no contradicting context,,Q11+Q12,UniquePreferredLabel
CM-1-3-4-6-2,Collaborate with Customers/Technical Service,Commercial & Marketing,enables,Conduct Research,ResolvedToConcept,CM-1-3-4-2-2,Conduct Research,unique exact preferred-label match,ContextualResolved,emit after mechanical uniqueness validation,unique label match to CM-1-3-4-2-2; no contradicting context,,Q11+Q12,UniquePreferredLabel
CM-1-3-4-6-2,Collaborate with Customers/Technical Service,Commercial & Marketing,enables,Conduct Product Development,ResolvedToConcept,CM-1-3-4-3-2,Conduct Product Development,unique exact preferred-label match,ContextualResolved,emit after mechanical uniqueness validation,unique label match to CM-1-3-4-3-2; no contradicting context,,Q11+Q12,UniquePreferredLabel
CM-1-3-4-6-3,Collaborate with Research Partners,Commercial & Marketing,governed-by,R&D Collaboration,ResolvedToConcept,CM-1-3-4-6,R&D Collaboration,unique exact preferred-label match,ContextualResolved,emit after mechanical uniqueness validation,unique label match to CM-1-3-4-6; no contradicting context,,Q11+Q12,UniquePreferredLabel
CM-1-3-4-6-3,Collaborate with Research Partners,Commercial & Marketing,enables,Conduct Research,ResolvedToConcept,CM-1-3-4-2-2,Conduct Research,unique exact preferred-label match,ContextualResolved,emit after mechanical uniqueness validation,unique label match to CM-1-3-4-2-2; no contradicting context,,Q11+Q12,UniquePreferredLabel
CM-1-3-4-6-3,Collaborate with Research Partners,Commercial & Marketing,uses-input,Identify Technology Needs/Opportunities,ResolvedToConcept,CM-1-3-4-5-1,Identify Technology Needs/Opportunities,unique exact preferred-label match,ContextualResolved,emit after mechanical uniqueness validation,unique label match to CM-1-3-4-5-1; no contradicting context,,Q11+Q12,UniquePreferredLabel
CM-1-3-4-6-4,Collaborate with marketing,Commercial & Marketing,governed-by,R&D Collaboration,ResolvedToConcept,CM-1-3-4-6,R&D Collaboration,unique exact preferred-label match,ContextualResolved,emit after mechanical uniqueness validation,unique label match to CM-1-3-4-6; no contradicting context,,Q11+Q12,UniquePreferredLabel
CM-1-3-4-6-4,Collaborate with marketing,Commercial & Marketing,informed-by,Customer Offer Definition,ResolvedToConcept,CM-1-3-3-1,Customer Offer Definition,unique exact preferred-label match,ContextualResolved,emit after mechanical uniqueness validation,unique label match to CM-1-3-3-1; no contradicting context,,Q11+Q12,UniquePreferredLabel
CM-1-3-4-6-4,Collaborate with marketing,Commercial & Marketing,enables,Marketing Communications Planning,ResolvedToConcept,CM-1-3-5-3,Marketing Communications Planning,unique exact preferred-label match,ContextualResolved,emit after mechanical uniqueness validation,unique label match to CM-1-3-5-3; no contradicting context,,Q11+Q12,UniquePreferredLabel
CM-1-3-5-1-1,Determine & Allocate Sales Targets,Commercial & Marketing,precedes,Perform Account Planning,ResolvedToConcept,CM-1-3-5-1-3,Perform Account Planning,unique exact preferred-label match,ContextualResolved,emit after mechanical uniqueness validation,unique label match to CM-1-3-5-1-3; no contradicting context,,Q11+Q12,UniquePreferredLabel
CM-1-3-5-1-1,Determine & Allocate Sales Targets,Commercial & Marketing,governed-by,Sales Planning (CM-1-3-5-1),ResolvedToConcept,CM-1-3-5-1,Sales Planning,stable identifier CM-1-3-5-1 carried in mention text,Resolved,emit automatically after subject/target existence checks,target carries its slug; resolves to Sales Planning,,Q11+Q12,StableIdentifier
CM-1-3-5-1-2,Develop & Agree Demand Forecasting Process,Commercial & Marketing,uses-input,Produce Demand Forecast (CM-1-1-1-1),ResolvedToConcept,CM-1-1-1-1,Produce Demand Forecast,stable identifier CM-1-1-1-1 carried in mention text,Resolved,emit automatically after subject/target existence checks,target carries its slug; resolves to Produce Demand Forecast,,Q11+Q12,StableIdentifier
CM-1-3-5-1-2,Develop & Agree Demand Forecasting Process,Commercial & Marketing,enables,Determine & Allocate Sales Targets,ResolvedToConcept,CM-1-3-5-1-1,Determine & Allocate Sales Targets,unique exact preferred-label match,ContextualResolved,emit after mechanical uniqueness validation,unique label match to CM-1-3-5-1-1; no contradicting context,,Q11+Q12,UniquePreferredLabel
CM-1-3-5-1-2,Develop & Agree Demand Forecasting Process,Commercial & Marketing,enables,Perform Account Planning,ResolvedToConcept,CM-1-3-5-1-3,Perform Account Planning,unique exact preferred-label match,ContextualResolved,emit after mechanical uniqueness validation,unique label match to CM-1-3-5-1-3; no contradicting context,,Q11+Q12,UniquePreferredLabel
CM-1-3-5-1-2,Develop & Agree Demand Forecasting Process,Commercial & Marketing,governed-by,Sales Planning (CM-1-3-5-1),ResolvedToConcept,CM-1-3-5-1,Sales Planning,stable identifier CM-1-3-5-1 carried in mention text,Resolved,emit automatically after subject/target existence checks,target carries its slug; resolves to Sales Planning,,Q11+Q12,StableIdentifier
CM-1-3-5-1-3,Perform Account Planning,Commercial & Marketing,follows,Determine & Allocate Sales Targets,ResolvedToConcept,CM-1-3-5-1-1,Determine & Allocate Sales Targets,unique exact preferred-label match,ContextualResolved,emit after mechanical uniqueness validation,unique label match to CM-1-3-5-1-1; no contradicting context,,Q11+Q12,UniquePreferredLabel
CM-1-3-5-1-3,Perform Account Planning,Commercial & Marketing,enables,Sales Execution,ResolvedToConcept,CM-1-3-6-2,Sales Execution,unique exact preferred-label match,ContextualResolved,emit after mechanical uniqueness validation,unique label match to CM-1-3-6-2; no contradicting context,,Q11+Q12,UniquePreferredLabel
CM-1-3-5-1-3,Perform Account Planning,Commercial & Marketing,enables,Channel & Partner Management,ResolvedToConcept,CM-1-3-6-1,Channel & Partner Management,unique exact preferred-label match,ContextualResolved,emit after mechanical uniqueness validation,unique label match to CM-1-3-6-1; no contradicting context,,Q11+Q12,UniquePreferredLabel
CM-1-3-5-1-4,Analyze Gaps Between Forecast & Actual Margins,Commercial & Marketing,follows,Perform Account Planning,ResolvedToConcept,CM-1-3-5-1-3,Perform Account Planning,unique exact preferred-label match,ContextualResolved,emit after mechanical uniqueness validation,unique label match to CM-1-3-5-1-3; no contradicting context,,Q11+Q12,UniquePreferredLabel
CM-1-3-5-1-4,Analyze Gaps Between Forecast & Actual Margins,Commercial & Marketing,enables,Sales Planning (CM-1-3-5-1),ResolvedToConcept,CM-1-3-5-1,Sales Planning,stable identifier CM-1-3-5-1 carried in mention text,Resolved,emit automatically after subject/target existence checks,target carries its slug; resolves to Sales Planning,,Q11+Q12,StableIdentifier
CM-1-3-5-1-4,Analyze Gaps Between Forecast & Actual Margins,Commercial & Marketing,informed-by,Marketing Performance Analysis,ResolvedToConcept,CM-1-3-5-5,Marketing Performance Analysis,unique exact preferred-label match,ContextualResolved,emit after mechanical uniqueness validation,unique label match to CM-1-3-5-5; no contradicting context,,Q11+Q12,UniquePreferredLabel
CM-1-3-5-2,Integrated Marketing Planning (Advertising),Commercial & Marketing,informed-by,Define Media Strategy,ResolvedToConcept,CM-1-3-3-5-1,Define Media Strategy,unique exact preferred-label match,ContextualResolved,emit after mechanical uniqueness validation,unique label match to CM-1-3-3-5-1; no contradicting context,,Q11+Q12,UniquePreferredLabel
CM-1-3-5-2,Integrated Marketing Planning (Advertising),Commercial & Marketing,informed-by,Marketing Communications Planning,ResolvedToConcept,CM-1-3-5-3,Marketing Communications Planning,unique exact preferred-label match,ContextualResolved,emit after mechanical uniqueness validation,unique label match to CM-1-3-5-3; no contradicting context,,Q11+Q12,UniquePreferredLabel
CM-1-3-5-2,Integrated Marketing Planning (Advertising),Commercial & Marketing,enables,Marketing Plan Execution,ResolvedToConcept,CM-1-3-6-5,Marketing Plan Execution,unique exact preferred-label match,ContextualResolved,emit after mechanical uniqueness validation,unique label match to CM-1-3-6-5; no contradicting context,,Q11+Q12,UniquePreferredLabel
CM-1-3-5-3-1,Identify Marketing Needs,Commercial & Marketing,precedes,Identify Target Groups,ResolvedToConcept,CM-1-3-5-3-2,Identify Target Groups,unique exact preferred-label match,ContextualResolved,emit after mechanical uniqueness validation,unique label match to CM-1-3-5-3-2; no contradicting context,,Q11+Q12,UniquePreferredLabel
CM-1-3-5-3-1,Identify Marketing Needs,Commercial & Marketing,governed-by,Marketing Communications Planning,ResolvedToConcept,CM-1-3-5-3,Marketing Communications Planning,unique exact preferred-label match,ContextualResolved,emit after mechanical uniqueness validation,unique label match to CM-1-3-5-3; no contradicting context,,Q11+Q12,UniquePreferredLabel
CM-1-3-5-3-10,Implement Brand Advertising / Communications,Commercial & Marketing,follows,Develop / Update Campaigns,ResolvedToConcept,CM-1-3-5-3-4,Develop / Update Campaigns,unique exact preferred-label match,ContextualResolved,emit after mechanical uniqueness validation,unique label match to CM-1-3-5-3-4; no contradicting context,,Q11+Q12,UniquePreferredLabel
CM-1-3-5-3-10,Implement Brand Advertising / Communications,Commercial & Marketing,enables,Marketing Plan Execution,ResolvedToConcept,CM-1-3-6-5,Marketing Plan Execution,unique exact preferred-label match,ContextualResolved,emit after mechanical uniqueness validation,unique label match to CM-1-3-6-5; no contradicting context,,Q11+Q12,UniquePreferredLabel
CM-1-3-5-3-10,Implement Brand Advertising / Communications,Commercial & Marketing,governed-by,Marketing Communications Planning,ResolvedToConcept,CM-1-3-5-3,Marketing Communications Planning,unique exact preferred-label match,ContextualResolved,emit after mechanical uniqueness validation,unique label match to CM-1-3-5-3; no contradicting context,,Q11+Q12,UniquePreferredLabel
CM-1-3-5-3-2,Identify Target Groups,Commercial & Marketing,follows,Identify Marketing Needs,ResolvedToConcept,CM-1-3-5-3-1,Identify Marketing Needs,unique exact preferred-label match,ContextualResolved,emit after mechanical uniqueness validation,unique label match to CM-1-3-5-3-1; no contradicting context,,Q11+Q12,UniquePreferredLabel
CM-1-3-5-3-2,Identify Target Groups,Commercial & Marketing,precedes,Develop / Update Marketing Mix Model,ResolvedToConcept,CM-1-3-5-3-3,Develop / Update Marketing Mix Model,unique exact preferred-label match,ContextualResolved,emit after mechanical uniqueness validation,unique label match to CM-1-3-5-3-3; no contradicting context,,Q11+Q12,UniquePreferredLabel
CM-1-3-5-3-2,Identify Target Groups,Commercial & Marketing,governed-by,Marketing Communications Planning,ResolvedToConcept,CM-1-3-5-3,Marketing Communications Planning,unique exact preferred-label match,ContextualResolved,emit after mechanical uniqueness validation,unique label match to CM-1-3-5-3; no contradicting context,,Q11+Q12,UniquePreferredLabel
CM-1-3-5-3-3,Develop / Update Marketing Mix Model,Commercial & Marketing,follows,Identify Target Groups,ResolvedToConcept,CM-1-3-5-3-2,Identify Target Groups,unique exact preferred-label match,ContextualResolved,emit after mechanical uniqueness validation,unique label match to CM-1-3-5-3-2; no contradicting context,,Q11+Q12,UniquePreferredLabel
CM-1-3-5-3-3,Develop / Update Marketing Mix Model,Commercial & Marketing,precedes,Define Resource Allocation / Budgets,ResolvedToConcept,CM-1-3-5-3-5,Define Resource Allocation / Budgets,unique exact preferred-label match,ContextualResolved,emit after mechanical uniqueness validation,unique label match to CM-1-3-5-3-5; no contradicting context,,Q11+Q12,UniquePreferredLabel
CM-1-3-5-3-3,Develop / Update Marketing Mix Model,Commercial & Marketing,governed-by,Marketing Communications Planning,ResolvedToConcept,CM-1-3-5-3,Marketing Communications Planning,unique exact preferred-label match,ContextualResolved,emit after mechanical uniqueness validation,unique label match to CM-1-3-5-3; no contradicting context,,Q11+Q12,UniquePreferredLabel
CM-1-3-5-3-4,Develop / Update Campaigns,Commercial & Marketing,follows,Define Communications Plan,ResolvedToConcept,CM-1-3-5-3-6,Define Communications Plan,unique exact preferred-label match,ContextualResolved,emit after mechanical uniqueness validation,unique label match to CM-1-3-5-3-6; no contradicting context,,Q11+Q12,UniquePreferredLabel
CM-1-3-5-3-4,Develop / Update Campaigns,Commercial & Marketing,precedes,Implement Promotional Advertising,ResolvedToConcept,CM-1-3-5-3-8,Implement Promotional Advertising,unique exact preferred-label match,ContextualResolved,emit after mechanical uniqueness validation,unique label match to CM-1-3-5-3-8; no contradicting context,,Q11+Q12,UniquePreferredLabel
CM-1-3-5-3-4,Develop / Update Campaigns,Commercial & Marketing,precedes,Implement Brand Advertising / Communications,ResolvedToConcept,CM-1-3-5-3-10,Implement Brand Advertising / Communications,unique exact preferred-label match,ContextualResolved,emit after mechanical uniqueness validation,unique label match to CM-1-3-5-3-10; no contradicting context,,Q11+Q12,UniquePreferredLabel
CM-1-3-5-3-4,Develop / Update Campaigns,Commercial & Marketing,governed-by,Marketing Communications Planning,ResolvedToConcept,CM-1-3-5-3,Marketing Communications Planning,unique exact preferred-label match,ContextualResolved,emit after mechanical uniqueness validation,unique label match to CM-1-3-5-3; no contradicting context,,Q11+Q12,UniquePreferredLabel
CM-1-3-5-3-5,Define Resource Allocation / Budgets,Commercial & Marketing,follows,Develop / Update Marketing Mix Model,ResolvedToConcept,CM-1-3-5-3-3,Develop / Update Marketing Mix Model,unique exact preferred-label match,ContextualResolved,emit after mechanical uniqueness validation,unique label match to CM-1-3-5-3-3; no contradicting context,,Q11+Q12,UniquePreferredLabel
CM-1-3-5-3-5,Define Resource Allocation / Budgets,Commercial & Marketing,precedes,Define Communications Plan,ResolvedToConcept,CM-1-3-5-3-6,Define Communications Plan,unique exact preferred-label match,ContextualResolved,emit after mechanical uniqueness validation,unique label match to CM-1-3-5-3-6; no contradicting context,,Q11+Q12,UniquePreferredLabel
CM-1-3-5-3-5,Define Resource Allocation / Budgets,Commercial & Marketing,governed-by,Marketing Communications Planning,ResolvedToConcept,CM-1-3-5-3,Marketing Communications Planning,unique exact preferred-label match,ContextualResolved,emit after mechanical uniqueness validation,unique label match to CM-1-3-5-3; no contradicting context,,Q11+Q12,UniquePreferredLabel
CM-1-3-5-3-6,Define Communications Plan,Commercial & Marketing,follows,Define Resource Allocation / Budgets,ResolvedToConcept,CM-1-3-5-3-5,Define Resource Allocation / Budgets,unique exact preferred-label match,ContextualResolved,emit after mechanical uniqueness validation,unique label match to CM-1-3-5-3-5; no contradicting context,,Q11+Q12,UniquePreferredLabel
CM-1-3-5-3-6,Define Communications Plan,Commercial & Marketing,precedes,Develop / Update Campaigns,ResolvedToConcept,CM-1-3-5-3-4,Develop / Update Campaigns,unique exact preferred-label match,ContextualResolved,emit after mechanical uniqueness validation,unique label match to CM-1-3-5-3-4; no contradicting context,,Q11+Q12,UniquePreferredLabel
CM-1-3-5-3-6,Define Communications Plan,Commercial & Marketing,governed-by,Marketing Communications Planning,ResolvedToConcept,CM-1-3-5-3,Marketing Communications Planning,unique exact preferred-label match,ContextualResolved,emit after mechanical uniqueness validation,unique label match to CM-1-3-5-3; no contradicting context,,Q11+Q12,UniquePreferredLabel
CM-1-3-5-3-7,Manage Use Of Brand,Commercial & Marketing,governed-by,Marketing Communications Planning,ResolvedToConcept,CM-1-3-5-3,Marketing Communications Planning,unique exact preferred-label match,ContextualResolved,emit after mechanical uniqueness validation,unique label match to CM-1-3-5-3; no contradicting context,,Q11+Q12,UniquePreferredLabel
CM-1-3-5-3-7,Manage Use Of Brand,Commercial & Marketing,uses-input,Brand Standard Management,ResolvedToConcept,CM-1-3-6-7,Brand Standard Management,unique exact preferred-label match,ContextualResolved,emit after mechanical uniqueness validation,unique label match to CM-1-3-6-7; no contradicting context,,Q11+Q12,UniquePreferredLabel
CM-1-3-5-3-7,Manage Use Of Brand,Commercial & Marketing,assures,Develop / Update Campaigns,ResolvedToConcept,CM-1-3-5-3-4,Develop / Update Campaigns,unique exact preferred-label match,ContextualResolved,emit after mechanical uniqueness validation,unique label match to CM-1-3-5-3-4; no contradicting context,,Q11+Q12,UniquePreferredLabel
CM-1-3-5-3-8,Implement Promotional Advertising,Commercial & Marketing,follows,Develop / Update Campaigns,ResolvedToConcept,CM-1-3-5-3-4,Develop / Update Campaigns,unique exact preferred-label match,ContextualResolved,emit after mechanical uniqueness validation,unique label match to CM-1-3-5-3-4; no contradicting context,,Q11+Q12,UniquePreferredLabel
CM-1-3-5-3-8,Implement Promotional Advertising,Commercial & Marketing,enables,Marketing Plan Execution,ResolvedToConcept,CM-1-3-6-5,Marketing Plan Execution,unique exact preferred-label match,ContextualResolved,emit after mechanical uniqueness validation,unique label match to CM-1-3-6-5; no contradicting context,,Q11+Q12,UniquePreferredLabel
CM-1-3-5-3-8,Implement Promotional Advertising,Commercial & Marketing,governed-by,Marketing Communications Planning,ResolvedToConcept,CM-1-3-5-3,Marketing Communications Planning,unique exact preferred-label match,ContextualResolved,emit after mechanical uniqueness validation,unique label match to CM-1-3-5-3; no contradicting context,,Q11+Q12,UniquePreferredLabel
CM-1-3-5-3-9,Implement Internal Communications,Commercial & Marketing,follows,Develop / Update Campaigns,ResolvedToConcept,CM-1-3-5-3-4,Develop / Update Campaigns,unique exact preferred-label match,ContextualResolved,emit after mechanical uniqueness validation,unique label match to CM-1-3-5-3-4; no contradicting context,,Q11+Q12,UniquePreferredLabel
CM-1-3-5-3-9,Implement Internal Communications,Commercial & Marketing,governed-by,Marketing Communications Planning,ResolvedToConcept,CM-1-3-5-3,Marketing Communications Planning,unique exact preferred-label match,ContextualResolved,emit after mechanical uniqueness validation,unique label match to CM-1-3-5-3; no contradicting context,,Q11+Q12,UniquePreferredLabel
CM-1-3-5-4-1,Define Promotional Plan,Commercial & Marketing,precedes,Create Promotional Event Calendar,ResolvedToConcept,CM-1-3-5-4-2,Create Promotional Event Calendar,unique exact preferred-label match,ContextualResolved,emit after mechanical uniqueness validation,unique label match to CM-1-3-5-4-2; no contradicting context,,Q11+Q12,UniquePreferredLabel
CM-1-3-5-4-1,Define Promotional Plan,Commercial & Marketing,governed-by,Promotions Planning,ResolvedToConcept,CM-1-3-5-4,Promotions Planning,unique exact preferred-label match,ContextualResolved,emit after mechanical uniqueness validation,unique label match to CM-1-3-5-4; no contradicting context,,Q11+Q12,UniquePreferredLabel
CM-1-3-5-4-2,Create Promotional Event Calendar,Commercial & Marketing,follows,Define Promotional Plan,ResolvedToConcept,CM-1-3-5-4-1,Define Promotional Plan,unique exact preferred-label match,ContextualResolved,emit after mechanical uniqueness validation,unique label match to CM-1-3-5-4-1; no contradicting context,,Q11+Q12,UniquePreferredLabel
CM-1-3-5-4-2,Create Promotional Event Calendar,Commercial & Marketing,governed-by,Promotions Planning,ResolvedToConcept,CM-1-3-5-4,Promotions Planning,unique exact preferred-label match,ContextualResolved,emit after mechanical uniqueness validation,unique label match to CM-1-3-5-4; no contradicting context,,Q11+Q12,UniquePreferredLabel
CM-1-3-5-4-2,Create Promotional Event Calendar,Commercial & Marketing,enables,Develop & Agree Demand Forecasting Process,ResolvedToConcept,CM-1-3-5-1-2,Develop & Agree Demand Forecasting Process,unique exact preferred-label match,ContextualResolved,emit after mechanical uniqueness validation,unique label match to CM-1-3-5-1-2; no contradicting context,,Q11+Q12,UniquePreferredLabel
CM-1-3-5-4-3,Create Point Of Purchase (Pop) Promotional Calendar,Commercial & Marketing,follows,Define Promotional Plan,ResolvedToConcept,CM-1-3-5-4-1,Define Promotional Plan,unique exact preferred-label match,ContextualResolved,emit after mechanical uniqueness validation,unique label match to CM-1-3-5-4-1; no contradicting context,,Q11+Q12,UniquePreferredLabel
CM-1-3-5-4-3,Create Point Of Purchase (Pop) Promotional Calendar,Commercial & Marketing,governed-by,Promotions Planning,ResolvedToConcept,CM-1-3-5-4,Promotions Planning,unique exact preferred-label match,ContextualResolved,emit after mechanical uniqueness validation,unique label match to CM-1-3-5-4; no contradicting context,,Q11+Q12,UniquePreferredLabel
CM-1-3-5-4-4,Create Site Level Marketing Calendar,Commercial & Marketing,follows,Define Promotional Plan,ResolvedToConcept,CM-1-3-5-4-1,Define Promotional Plan,unique exact preferred-label match,ContextualResolved,emit after mechanical uniqueness validation,unique label match to CM-1-3-5-4-1; no contradicting context,,Q11+Q12,UniquePreferredLabel
CM-1-3-5-4-4,Create Site Level Marketing Calendar,Commercial & Marketing,governed-by,Promotions Planning,ResolvedToConcept,CM-1-3-5-4,Promotions Planning,unique exact preferred-label match,ContextualResolved,emit after mechanical uniqueness validation,unique label match to CM-1-3-5-4; no contradicting context,,Q11+Q12,UniquePreferredLabel
CM-1-3-5-4-4,Create Site Level Marketing Calendar,Commercial & Marketing,enables,Marketing Plan Execution,ResolvedToConcept,CM-1-3-6-5,Marketing Plan Execution,unique exact preferred-label match,ContextualResolved,emit after mechanical uniqueness validation,unique label match to CM-1-3-6-5; no contradicting context,,Q11+Q12,UniquePreferredLabel
CM-1-3-5-5-1,Marketing Spend Analysis,Commercial & Marketing,governed-by,Marketing Performance Analysis,ResolvedToConcept,CM-1-3-5-5,Marketing Performance Analysis,unique exact preferred-label match,ContextualResolved,emit after mechanical uniqueness validation,unique label match to CM-1-3-5-5; no contradicting context,,Q11+Q12,UniquePreferredLabel
CM-1-3-5-5-1,Marketing Spend Analysis,Commercial & Marketing,enables,Define Resource Allocation / Budgets,ResolvedToConcept,CM-1-3-5-3-5,Define Resource Allocation / Budgets,unique exact preferred-label match,ContextualResolved,emit after mechanical uniqueness validation,unique label match to CM-1-3-5-3-5; no contradicting context,,Q11+Q12,UniquePreferredLabel
CM-1-3-5-5-2,Campaign ROI Analysis,Commercial & Marketing,governed-by,Marketing Performance Analysis,ResolvedToConcept,CM-1-3-5-5,Marketing Performance Analysis,unique exact preferred-label match,ContextualResolved,emit after mechanical uniqueness validation,unique label match to CM-1-3-5-5; no contradicting context,,Q11+Q12,UniquePreferredLabel
CM-1-3-5-5-2,Campaign ROI Analysis,Commercial & Marketing,enables,Develop / Update Marketing Mix Model,ResolvedToConcept,CM-1-3-5-3-3,Develop / Update Marketing Mix Model,unique exact preferred-label match,ContextualResolved,emit after mechanical uniqueness validation,unique label match to CM-1-3-5-3-3; no contradicting context,,Q11+Q12,UniquePreferredLabel
CM-1-3-5-5-3,Customer Program Analysis,Commercial & Marketing,governed-by,Marketing Performance Analysis,ResolvedToConcept,CM-1-3-5-5,Marketing Performance Analysis,unique exact preferred-label match,ContextualResolved,emit after mechanical uniqueness validation,unique label match to CM-1-3-5-5; no contradicting context,,Q11+Q12,UniquePreferredLabel
CM-1-3-5-5-3,Customer Program Analysis,Commercial & Marketing,informed-by,Loyalty and Cards Management (Marketing) (CM-1-3-6-6),ResolvedToConcept,CM-1-3-6-6,Loyalty and Cards Management (Marketing),stable identifier CM-1-3-6-6 carried in mention text,Resolved,emit automatically after subject/target existence checks,target carries its slug; resolves to Loyalty and Cards Management (Marketing),,Q11+Q12,StableIdentifier
CM-1-3-6-1-1,Manage Relationship with Franchise agreement,Commercial & Marketing,governed-by,Channel & Partner Management,ResolvedToConcept,CM-1-3-6-1,Channel & Partner Management,unique exact preferred-label match,ContextualResolved,emit after mechanical uniqueness validation,unique label match to CM-1-3-6-1; no contradicting context,,Q11+Q12,UniquePreferredLabel
CM-1-3-6-1-1,Manage Relationship with Franchise agreement,Commercial & Marketing,uses-input,Report Franchise Performance,ResolvedToConcept,CM-1-3-6-1-3,Report Franchise Performance,unique exact preferred-label match,ContextualResolved,emit after mechanical uniqueness validation,unique label match to CM-1-3-6-1-3; no contradicting context,,Q11+Q12,UniquePreferredLabel
CM-1-3-6-1-2,Manage Relationship with License Brand Providers,Commercial & Marketing,governed-by,Channel & Partner Management,ResolvedToConcept,CM-1-3-6-1,Channel & Partner Management,unique exact preferred-label match,ContextualResolved,emit after mechanical uniqueness validation,unique label match to CM-1-3-6-1; no contradicting context,,Q11+Q12,UniquePreferredLabel
CM-1-3-6-1-2,Manage Relationship with License Brand Providers,Commercial & Marketing,informed-by,Exploit Intellectual Assets,ResolvedToConcept,CM-1-3-4-4-5,Exploit Intellectual Assets,unique exact preferred-label match,ContextualResolved,emit after mechanical uniqueness validation,unique label match to CM-1-3-4-4-5; no contradicting context,,Q11+Q12,UniquePreferredLabel
CM-1-3-6-1-3,Report Franchise Performance,Commercial & Marketing,governed-by,Channel & Partner Management,ResolvedToConcept,CM-1-3-6-1,Channel & Partner Management,unique exact preferred-label match,ContextualResolved,emit after mechanical uniqueness validation,unique label match to CM-1-3-6-1; no contradicting context,,Q11+Q12,UniquePreferredLabel
CM-1-3-6-1-3,Report Franchise Performance,Commercial & Marketing,enables,Manage Relationship with Franchise agreement,ResolvedToConcept,CM-1-3-6-1-1,Manage Relationship with Franchise agreement,unique exact preferred-label match,ContextualResolved,emit after mechanical uniqueness validation,unique label match to CM-1-3-6-1-1; no contradicting context,,Q11+Q12,UniquePreferredLabel
CM-1-3-6-1-3,Report Franchise Performance,Commercial & Marketing,uses-input,Marketing Insight and Metrics Stewardship (CM-1-3-1-6),ResolvedToConcept,CM-1-3-1-6,Marketing Insight and Metrics Stewardship,stable identifier CM-1-3-1-6 carried in mention text,Resolved,emit automatically after subject/target existence checks,target carries its slug; resolves to Marketing Insight and Metrics Stewardship,,Q11+Q12,StableIdentifier
CM-1-3-6-1-4,Train and Certify AMPM Manager,Commercial & Marketing,governed-by,Channel & Partner Management,ResolvedToConcept,CM-1-3-6-1,Channel & Partner Management,unique exact preferred-label match,ContextualResolved,emit after mechanical uniqueness validation,unique label match to CM-1-3-6-1; no contradicting context,,Q11+Q12,UniquePreferredLabel
CM-1-3-6-1-4,Train and Certify AMPM Manager,Commercial & Marketing,uses-input,Brand Standard Management,ResolvedToConcept,CM-1-3-6-7,Brand Standard Management,unique exact preferred-label match,ContextualResolved,emit after mechanical uniqueness validation,unique label match to CM-1-3-6-7; no contradicting context,,Q11+Q12,UniquePreferredLabel
CM-1-3-6-2-1,Manage Sales Pipeline,Commercial & Marketing,precedes,Manage Opportunity,ResolvedToConcept,CM-1-3-6-2-3,Manage Opportunity,unique exact preferred-label match,ContextualResolved,emit after mechanical uniqueness validation,unique label match to CM-1-3-6-2-3; no contradicting context,,Q11+Q12,UniquePreferredLabel
CM-1-3-6-2-1,Manage Sales Pipeline,Commercial & Marketing,governed-by,Sales Execution,ResolvedToConcept,CM-1-3-6-2,Sales Execution,unique exact preferred-label match,ContextualResolved,emit after mechanical uniqueness validation,unique label match to CM-1-3-6-2; no contradicting context,,Q11+Q12,UniquePreferredLabel
CM-1-3-6-2-1,Manage Sales Pipeline,Commercial & Marketing,enables,Develop & Agree Demand Forecasting Process,ResolvedToConcept,CM-1-3-5-1-2,Develop & Agree Demand Forecasting Process,unique exact preferred-label match,ContextualResolved,emit after mechanical uniqueness validation,unique label match to CM-1-3-5-1-2; no contradicting context,,Q11+Q12,UniquePreferredLabel
CM-1-3-6-2-2,Manage Key Accounts,Commercial & Marketing,governed-by,Sales Execution,ResolvedToConcept,CM-1-3-6-2,Sales Execution,unique exact preferred-label match,ContextualResolved,emit after mechanical uniqueness validation,unique label match to CM-1-3-6-2; no contradicting context,,Q11+Q12,UniquePreferredLabel
CM-1-3-6-2-2,Manage Key Accounts,Commercial & Marketing,uses-input,Perform Account Planning,ResolvedToConcept,CM-1-3-5-1-3,Perform Account Planning,unique exact preferred-label match,ContextualResolved,emit after mechanical uniqueness validation,unique label match to CM-1-3-5-1-3; no contradicting context,,Q11+Q12,UniquePreferredLabel
CM-1-3-6-2-2,Manage Key Accounts,Commercial & Marketing,enables,Manage Opportunity,ResolvedToConcept,CM-1-3-6-2-3,Manage Opportunity,unique exact preferred-label match,ContextualResolved,emit after mechanical uniqueness validation,unique label match to CM-1-3-6-2-3; no contradicting context,,Q11+Q12,UniquePreferredLabel
CM-1-3-6-2-3,Manage Opportunity,Commercial & Marketing,follows,Manage Sales Pipeline,ResolvedToConcept,CM-1-3-6-2-1,Manage Sales Pipeline,unique exact preferred-label match,ContextualResolved,emit after mechanical uniqueness validation,unique label match to CM-1-3-6-2-1; no contradicting context,,Q11+Q12,UniquePreferredLabel
CM-1-3-6-2-3,Manage Opportunity,Commercial & Marketing,precedes,Develop Quote,ResolvedToConcept,CM-1-3-6-2-4,Develop Quote,unique exact preferred-label match,ContextualResolved,emit after mechanical uniqueness validation,unique label match to CM-1-3-6-2-4; no contradicting context,,Q11+Q12,UniquePreferredLabel
CM-1-3-6-2-3,Manage Opportunity,Commercial & Marketing,governed-by,Sales Execution,ResolvedToConcept,CM-1-3-6-2,Sales Execution,unique exact preferred-label match,ContextualResolved,emit after mechanical uniqueness validation,unique label match to CM-1-3-6-2; no contradicting context,,Q11+Q12,UniquePreferredLabel
CM-1-3-6-2-4,Develop Quote,Commercial & Marketing,follows,Manage Opportunity,ResolvedToConcept,CM-1-3-6-2-3,Manage Opportunity,unique exact preferred-label match,ContextualResolved,emit after mechanical uniqueness validation,unique label match to CM-1-3-6-2-3; no contradicting context,,Q11+Q12,UniquePreferredLabel
CM-1-3-6-2-4,Develop Quote,Commercial & Marketing,precedes,Manage Contract & Order,ResolvedToConcept,CM-1-3-6-2-5,Manage Contract & Order,unique exact preferred-label match,ContextualResolved,emit after mechanical uniqueness validation,unique label match to CM-1-3-6-2-5; no contradicting context,,Q11+Q12,UniquePreferredLabel
CM-1-3-6-2-4,Develop Quote,Commercial & Marketing,enables,"Manage Commercial Terms, Quoting, and Customer Commercial Services (CM-1-3-7-2)",ResolvedToConcept,CM-1-3-7-2,"Manage Commercial Terms, Quoting, and Customer Commercial Services",stable identifier CM-1-3-7-2 carried in mention text,Resolved,emit automatically after subject/target existence checks,"target carries its slug; resolves to Manage Commercial Terms, Quoting, and Customer Commercial Services",,Q11+Q12,StableIdentifier
CM-1-3-6-2-5,Manage Contract & Order,Commercial & Marketing,follows,Develop Quote,ResolvedToConcept,CM-1-3-6-2-4,Develop Quote,unique exact preferred-label match,ContextualResolved,emit after mechanical uniqueness validation,unique label match to CM-1-3-6-2-4; no contradicting context,,Q11+Q12,UniquePreferredLabel
CM-1-3-6-2-5,Manage Contract & Order,Commercial & Marketing,precedes,Serve to Customer (Non-Retail),ResolvedToConcept,CM-1-3-6-2-6,Serve to Customer (Non-Retail),unique exact preferred-label match,ContextualResolved,emit after mechanical uniqueness validation,unique label match to CM-1-3-6-2-6; no contradicting context,,Q11+Q12,UniquePreferredLabel
CM-1-3-6-2-5,Manage Contract & Order,Commercial & Marketing,enables,Capture And Manage Order Fulfillment,ResolvedToConcept,CM-1-3-7-3,Capture And Manage Order Fulfillment,unique exact preferred-label match,ContextualResolved,emit after mechanical uniqueness validation,unique label match to CM-1-3-7-3; no contradicting context,,Q11+Q12,UniquePreferredLabel
CM-1-3-6-2-6,Serve to Customer (Non-Retail),Commercial & Marketing,follows,Manage Contract & Order,ResolvedToConcept,CM-1-3-6-2-5,Manage Contract & Order,unique exact preferred-label match,ContextualResolved,emit after mechanical uniqueness validation,unique label match to CM-1-3-6-2-5; no contradicting context,,Q11+Q12,UniquePreferredLabel
CM-1-3-6-2-6,Serve to Customer (Non-Retail),Commercial & Marketing,governed-by,Sales Execution,ResolvedToConcept,CM-1-3-6-2,Sales Execution,unique exact preferred-label match,ContextualResolved,emit after mechanical uniqueness validation,unique label match to CM-1-3-6-2; no contradicting context,,Q11+Q12,UniquePreferredLabel
CM-1-3-6-2-6,Serve to Customer (Non-Retail),Commercial & Marketing,uses-input,Manage Customer Requests and Inquiries,ResolvedToConcept,CM-1-3-7-5,Manage Customer Requests and Inquiries,unique exact preferred-label match,ContextualResolved,emit after mechanical uniqueness validation,unique label match to CM-1-3-7-5; no contradicting context,,Q11+Q12,UniquePreferredLabel
CM-1-3-6-2-7,Measure & report,Commercial & Marketing,governed-by,Sales Execution,ResolvedToConcept,CM-1-3-6-2,Sales Execution,unique exact preferred-label match,ContextualResolved,emit after mechanical uniqueness validation,unique label match to CM-1-3-6-2; no contradicting context,,Q11+Q12,UniquePreferredLabel
CM-1-3-6-2-7,Measure & report,Commercial & Marketing,enables,Analyze Gaps Between Forecast & Actual Margins,ResolvedToConcept,CM-1-3-5-1-4,Analyze Gaps Between Forecast & Actual Margins,unique exact preferred-label match,ContextualResolved,emit after mechanical uniqueness validation,unique label match to CM-1-3-5-1-4; no contradicting context,,Q11+Q12,UniquePreferredLabel
CM-1-3-6-2-7,Measure & report,Commercial & Marketing,enables,Marketing Performance Analysis,ResolvedToConcept,CM-1-3-5-5,Marketing Performance Analysis,unique exact preferred-label match,ContextualResolved,emit after mechanical uniqueness validation,unique label match to CM-1-3-5-5; no contradicting context,,Q11+Q12,UniquePreferredLabel
CM-1-3-6-3-1,Determine sales price,Commercial & Marketing,precedes,Implement sales price,ResolvedToConcept,CM-1-3-6-3-2,Implement sales price,unique exact preferred-label match,ContextualResolved,emit after mechanical uniqueness validation,unique label match to CM-1-3-6-3-2; no contradicting context,,Q11+Q12,UniquePreferredLabel
CM-1-3-6-3-1,Determine sales price,Commercial & Marketing,governed-by,Sales Pricing Management,ResolvedToConcept,CM-1-3-6-3,Sales Pricing Management,unique exact preferred-label match,ContextualResolved,emit after mechanical uniqueness validation,unique label match to CM-1-3-6-3; no contradicting context,,Q11+Q12,UniquePreferredLabel
CM-1-3-6-3-2,Implement sales price,Commercial & Marketing,follows,Determine sales price,ResolvedToConcept,CM-1-3-6-3-1,Determine sales price,unique exact preferred-label match,ContextualResolved,emit after mechanical uniqueness validation,unique label match to CM-1-3-6-3-1; no contradicting context,,Q11+Q12,UniquePreferredLabel
CM-1-3-6-3-2,Implement sales price,Commercial & Marketing,governed-by,Sales Pricing Management,ResolvedToConcept,CM-1-3-6-3,Sales Pricing Management,unique exact preferred-label match,ContextualResolved,emit after mechanical uniqueness validation,unique label match to CM-1-3-6-3; no contradicting context,,Q11+Q12,UniquePreferredLabel
CM-1-3-6-3-2,Implement sales price,Commercial & Marketing,enables,Manage Customer Invoicing and Billing,ResolvedToConcept,CM-1-3-8-1,Manage Customer Invoicing and Billing,unique exact preferred-label match,ContextualResolved,emit after mechanical uniqueness validation,unique label match to CM-1-3-8-1; no contradicting context,,Q11+Q12,UniquePreferredLabel
CM-1-3-6-4-1,Negotiate Rebate,Commercial & Marketing,governed-by,Pricing Strategy Management,ResolvedToConcept,CM-1-3-3-2,Pricing Strategy Management,unique exact preferred-label match,ContextualResolved,emit after mechanical uniqueness validation,unique label match to CM-1-3-3-2; no contradicting context,,Q11+Q12,UniquePreferredLabel
CM-1-3-6-4-1,Negotiate Rebate,Commercial & Marketing,precedes,Implement Rebate,ResolvedToConcept,CM-1-3-6-4-2,Implement Rebate,unique exact preferred-label match,ContextualResolved,emit after mechanical uniqueness validation,unique label match to CM-1-3-6-4-2; no contradicting context,,Q11+Q12,UniquePreferredLabel
CM-1-3-6-4-2,Implement Rebate,Commercial & Marketing,follows,Negotiate Rebate,ResolvedToConcept,CM-1-3-6-4-1,Negotiate Rebate,unique exact preferred-label match,ContextualResolved,emit after mechanical uniqueness validation,unique label match to CM-1-3-6-4-1; no contradicting context,,Q11+Q12,UniquePreferredLabel
CM-1-3-6-4-2,Implement Rebate,Commercial & Marketing,precedes,Settle Rebate,ResolvedToConcept,CM-1-3-6-4-3,Settle Rebate,unique exact preferred-label match,ContextualResolved,emit after mechanical uniqueness validation,unique label match to CM-1-3-6-4-3; no contradicting context,,Q11+Q12,UniquePreferredLabel
CM-1-3-6-4-2,Implement Rebate,Commercial & Marketing,uses-input,Maintain Price & Discount Master Data,ResolvedToConcept,CM-1-3-7-1-2,Maintain Price & Discount Master Data,unique exact preferred-label match,ContextualResolved,emit after mechanical uniqueness validation,unique label match to CM-1-3-7-1-2; no contradicting context,,Q11+Q12,UniquePreferredLabel
CM-1-3-6-4-3,Settle Rebate,Commercial & Marketing,follows,Implement Rebate,ResolvedToConcept,CM-1-3-6-4-2,Implement Rebate,unique exact preferred-label match,ContextualResolved,emit after mechanical uniqueness validation,unique label match to CM-1-3-6-4-2; no contradicting context,,Q11+Q12,UniquePreferredLabel
CM-1-3-6-4-3,Settle Rebate,Commercial & Marketing,uses-input,"Manage Cash Application, A/R & Revenue Accounting",ResolvedToConcept,CM-1-3-8-2,"Manage Cash Application, A/R & Revenue Accounting",unique exact preferred-label match,ContextualResolved,emit after mechanical uniqueness validation,unique label match to CM-1-3-8-2; no contradicting context,,Q11+Q12,UniquePreferredLabel
CM-1-3-6-4-3,Settle Rebate,Commercial & Marketing,enables,Accruals Analysis And Calculation,ResolvedToConcept,CM-1-3-8-4-3,Accruals Analysis And Calculation,unique exact preferred-label match,ContextualResolved,emit after mechanical uniqueness validation,unique label match to CM-1-3-8-4-3; no contradicting context,,Q11+Q12,UniquePreferredLabel
CM-1-3-6-5-1,Manage Advertising,Commercial & Marketing,uses-input,Marketing Communications Planning,ResolvedToConcept,CM-1-3-5-3,Marketing Communications Planning,unique exact preferred-label match,ContextualResolved,emit after mechanical uniqueness validation,unique label match to CM-1-3-5-3; no contradicting context,,Q11+Q12,UniquePreferredLabel
CM-1-3-6-5-1,Manage Advertising,Commercial & Marketing,enables,Campaign ROI Analysis,ResolvedToConcept,CM-1-3-5-5-2,Campaign ROI Analysis,unique exact preferred-label match,ContextualResolved,emit after mechanical uniqueness validation,unique label match to CM-1-3-5-5-2; no contradicting context,,Q11+Q12,UniquePreferredLabel
CM-1-3-6-5-2,Manage Promotions and Events Execution,Commercial & Marketing,uses-input,Marketing Communications Planning,ResolvedToConcept,CM-1-3-5-3,Marketing Communications Planning,unique exact preferred-label match,ContextualResolved,emit after mechanical uniqueness validation,unique label match to CM-1-3-5-3; no contradicting context,,Q11+Q12,UniquePreferredLabel
CM-1-3-6-5-2,Manage Promotions and Events Execution,Commercial & Marketing,informed-by,Implement sales price,ResolvedToConcept,CM-1-3-6-3-2,Implement sales price,unique exact preferred-label match,ContextualResolved,emit after mechanical uniqueness validation,unique label match to CM-1-3-6-3-2; no contradicting context,,Q11+Q12,UniquePreferredLabel
CM-1-3-6-5-3,Manage Direct Marketing,Commercial & Marketing,uses-input,Marketing Communications Planning,ResolvedToConcept,CM-1-3-5-3,Marketing Communications Planning,unique exact preferred-label match,ContextualResolved,emit after mechanical uniqueness validation,unique label match to CM-1-3-5-3; no contradicting context,,Q11+Q12,UniquePreferredLabel
CM-1-3-6-5-3,Manage Direct Marketing,Commercial & Marketing,enables,Customer Program Analysis,ResolvedToConcept,CM-1-3-5-5-3,Customer Program Analysis,unique exact preferred-label match,ContextualResolved,emit after mechanical uniqueness validation,unique label match to CM-1-3-5-5-3; no contradicting context,,Q11+Q12,UniquePreferredLabel
CM-1-3-6-6-1,Set Up Prospect,Commercial & Marketing,requires,Perform KYC Due Diligence (CM-1-3-7-4-6),ResolvedToConcept,CM-1-3-7-4-6,Perform KYC Due Diligence,stable identifier CM-1-3-7-4-6 carried in mention text,Resolved,emit automatically after subject/target existence checks,target carries its slug; resolves to Perform KYC Due Diligence,,Q11+Q12,StableIdentifier
CM-1-3-6-6-1,Set Up Prospect,Commercial & Marketing,requires,Establish Credit Limit & Risk Code,ResolvedToConcept,CM-1-3-7-4-2,Establish Credit Limit & Risk Code,unique exact preferred-label match,ContextualResolved,emit after mechanical uniqueness validation,unique label match to CM-1-3-7-4-2; no contradicting context,,Q11+Q12,UniquePreferredLabel
CM-1-3-6-6-1,Set Up Prospect,Commercial & Marketing,uses-input,Maintain Customer and Commercial Account Master Data (CM-1-3-7-1-1),ResolvedToConcept,CM-1-3-7-1-1,Maintain Customer and Commercial Account Master Data,stable identifier CM-1-3-7-1-1 carried in mention text,Resolved,emit automatically after subject/target existence checks,target carries its slug; resolves to Maintain Customer and Commercial Account Master Data,,Q11+Q12,StableIdentifier
CM-1-3-6-6-10,Perform Physical Card Handling,Commercial & Marketing,follows,Manage Card Production & Monthly Reissue,ResolvedToConcept,CM-1-3-6-6-13,Manage Card Production & Monthly Reissue,unique exact preferred-label match,ContextualResolved,emit after mechanical uniqueness validation,unique label match to CM-1-3-6-6-13; no contradicting context,,Q11+Q12,UniquePreferredLabel
CM-1-3-6-6-10,Perform Physical Card Handling,Commercial & Marketing,governed-by,Ensure Card Design Compliance,ResolvedToConcept,CM-1-3-6-6-8,Ensure Card Design Compliance,unique exact preferred-label match,ContextualResolved,emit after mechanical uniqueness validation,unique label match to CM-1-3-6-6-8; no contradicting context,,Q11+Q12,UniquePreferredLabel
CM-1-3-6-6-11,Manage Fraudulent Transactions,Commercial & Marketing,informed-by,Perform Transaction Analysis Reporting & Confirmation,ResolvedToConcept,CM-1-3-6-6-7,Perform Transaction Analysis Reporting & Confirmation,unique exact preferred-label match,ContextualResolved,emit after mechanical uniqueness validation,unique label match to CM-1-3-6-6-7; no contradicting context,,Q11+Q12,UniquePreferredLabel
CM-1-3-6-6-11,Manage Fraudulent Transactions,Commercial & Marketing,uses-input,Manage Credit Card Transactions,ResolvedToConcept,CM-1-3-6-6-14,Manage Credit Card Transactions,unique exact preferred-label match,ContextualResolved,emit after mechanical uniqueness validation,unique label match to CM-1-3-6-6-14; no contradicting context,,Q11+Q12,UniquePreferredLabel
CM-1-3-6-6-12,Manage Additional Card Services,Commercial & Marketing,uses-input,Manage Contract & Order,ResolvedToConcept,CM-1-3-6-2-5,Manage Contract & Order,unique exact preferred-label match,ContextualResolved,emit after mechanical uniqueness validation,unique label match to CM-1-3-6-2-5; no contradicting context,,Q11+Q12,UniquePreferredLabel
CM-1-3-6-6-12,Manage Additional Card Services,Commercial & Marketing,enables,Manage Card Program Billing Coordination (CM-1-3-6-6-2),ResolvedToConcept,CM-1-3-6-6-2,Manage Card Program Billing Coordination,stable identifier CM-1-3-6-6-2 carried in mention text,Resolved,emit automatically after subject/target existence checks,target carries its slug; resolves to Manage Card Program Billing Coordination,,Q11+Q12,StableIdentifier
CM-1-3-6-6-13,Manage Card Production & Monthly Reissue,Commercial & Marketing,follows,Ensure Card Design Compliance,ResolvedToConcept,CM-1-3-6-6-8,Ensure Card Design Compliance,unique exact preferred-label match,ContextualResolved,emit after mechanical uniqueness validation,unique label match to CM-1-3-6-6-8; no contradicting context,,Q11+Q12,UniquePreferredLabel
CM-1-3-6-6-13,Manage Card Production & Monthly Reissue,Commercial & Marketing,uses-input,Analyze Consumption Planning & Monitor Stock,ResolvedToConcept,CM-1-3-6-6-9,Analyze Consumption Planning & Monitor Stock,unique exact preferred-label match,ContextualResolved,emit after mechanical uniqueness validation,unique label match to CM-1-3-6-6-9; no contradicting context,,Q11+Q12,UniquePreferredLabel
CM-1-3-6-6-13,Manage Card Production & Monthly Reissue,Commercial & Marketing,precedes,Perform Physical Card Handling,ResolvedToConcept,CM-1-3-6-6-10,Perform Physical Card Handling,unique exact preferred-label match,ContextualResolved,emit after mechanical uniqueness validation,unique label match to CM-1-3-6-6-10; no contradicting context,,Q11+Q12,UniquePreferredLabel
CM-1-3-6-6-14,Manage Credit Card Transactions,Commercial & Marketing,uses-input,"Perform Cash, Acquirer, and Receivables Reconciliations (CM-1-3-8-2-5)",ResolvedToConcept,CM-1-3-8-2-5,"Perform Cash, Acquirer, and Receivables Reconciliations",stable identifier CM-1-3-8-2-5 carried in mention text,Resolved,emit automatically after subject/target existence checks,"target carries its slug; resolves to Perform Cash, Acquirer, and Receivables Reconciliations",,Q11+Q12,StableIdentifier
CM-1-3-6-6-14,Manage Credit Card Transactions,Commercial & Marketing,enables,Perform Transaction Analysis Reporting & Confirmation,ResolvedToConcept,CM-1-3-6-6-7,Perform Transaction Analysis Reporting & Confirmation,unique exact preferred-label match,ContextualResolved,emit after mechanical uniqueness validation,unique label match to CM-1-3-6-6-7; no contradicting context,,Q11+Q12,UniquePreferredLabel
CM-1-3-6-6-15,Manage Brand Loyalty Programs,Commercial & Marketing,enables,Customer Program Analysis,ResolvedToConcept,CM-1-3-5-5-3,Customer Program Analysis,unique exact preferred-label match,ContextualResolved,emit after mechanical uniqueness validation,unique label match to CM-1-3-5-5-3; no contradicting context,,Q11+Q12,UniquePreferredLabel
CM-1-3-6-6-15,Manage Brand Loyalty Programs,Commercial & Marketing,uses-input,Manage Direct Marketing,ResolvedToConcept,CM-1-3-6-5-3,Manage Direct Marketing,unique exact preferred-label match,ContextualResolved,emit after mechanical uniqueness validation,unique label match to CM-1-3-6-5-3; no contradicting context,,Q11+Q12,UniquePreferredLabel
CM-1-3-6-6-2,Manage Card Program Billing Coordination,Commercial & Marketing,uses-input,Perform Transaction Analysis Reporting & Confirmation,ResolvedToConcept,CM-1-3-6-6-7,Perform Transaction Analysis Reporting & Confirmation,unique exact preferred-label match,ContextualResolved,emit after mechanical uniqueness validation,unique label match to CM-1-3-6-6-7; no contradicting context,,Q11+Q12,UniquePreferredLabel
CM-1-3-6-6-2,Manage Card Program Billing Coordination,Commercial & Marketing,enables,Manage Customer Invoicing and Billing,ResolvedToConcept,CM-1-3-8-1,Manage Customer Invoicing and Billing,unique exact preferred-label match,ContextualResolved,emit after mechanical uniqueness validation,unique label match to CM-1-3-8-1; no contradicting context,,Q11+Q12,UniquePreferredLabel
CM-1-3-6-6-3,Manage Reimbursement,Commercial & Marketing,uses-input,Perform Transaction Analysis Reporting & Confirmation,ResolvedToConcept,CM-1-3-6-6-7,Perform Transaction Analysis Reporting & Confirmation,unique exact preferred-label match,ContextualResolved,emit after mechanical uniqueness validation,unique label match to CM-1-3-6-6-7; no contradicting context,,Q11+Q12,UniquePreferredLabel
CM-1-3-6-6-3,Manage Reimbursement,Commercial & Marketing,follows,Manage Credit Card Transactions,ResolvedToConcept,CM-1-3-6-6-14,Manage Credit Card Transactions,unique exact preferred-label match,ContextualResolved,emit after mechanical uniqueness validation,unique label match to CM-1-3-6-6-14; no contradicting context,,Q11+Q12,UniquePreferredLabel
CM-1-3-6-6-4,Manage Card Administration,Commercial & Marketing,triggers,Manage Card Production & Monthly Reissue,ResolvedToConcept,CM-1-3-6-6-13,Manage Card Production & Monthly Reissue,unique exact preferred-label match,ContextualResolved,emit after mechanical uniqueness validation,unique label match to CM-1-3-6-6-13; no contradicting context,,Q11+Q12,UniquePreferredLabel
CM-1-3-6-6-4,Manage Card Administration,Commercial & Marketing,uses-input,Maintain Customer and Commercial Account Master Data (CM-1-3-7-1-1),ResolvedToConcept,CM-1-3-7-1-1,Maintain Customer and Commercial Account Master Data,stable identifier CM-1-3-7-1-1 carried in mention text,Resolved,emit automatically after subject/target existence checks,target carries its slug; resolves to Maintain Customer and Commercial Account Master Data,,Q11+Q12,StableIdentifier
CM-1-3-6-6-5,Handle Card Limits,Commercial & Marketing,constrained-by,Establish Credit Limit & Risk Code,ResolvedToConcept,CM-1-3-7-4-2,Establish Credit Limit & Risk Code,unique exact preferred-label match,ContextualResolved,emit after mechanical uniqueness validation,unique label match to CM-1-3-7-4-2; no contradicting context,,Q11+Q12,UniquePreferredLabel
CM-1-3-6-6-5,Handle Card Limits,Commercial & Marketing,informed-by,Monitor Credit Against Limit,ResolvedToConcept,CM-1-3-7-4-3,Monitor Credit Against Limit,unique exact preferred-label match,ContextualResolved,emit after mechanical uniqueness validation,unique label match to CM-1-3-7-4-3; no contradicting context,,Q11+Q12,UniquePreferredLabel
CM-1-3-6-6-6,Manage Card Delinquency and Collections Referral,Commercial & Marketing,informed-by,Monitor Credit Against Limit,ResolvedToConcept,CM-1-3-7-4-3,Monitor Credit Against Limit,unique exact preferred-label match,ContextualResolved,emit after mechanical uniqueness validation,unique label match to CM-1-3-7-4-3; no contradicting context,,Q11+Q12,UniquePreferredLabel
CM-1-3-6-6-6,Manage Card Delinquency and Collections Referral,Commercial & Marketing,triggers,Manage Receivables Collections (CM-1-3-8-3-2),ResolvedToConcept,CM-1-3-8-3-2,Manage Receivables Collections,stable identifier CM-1-3-8-3-2 carried in mention text,Resolved,emit automatically after subject/target existence checks,target carries its slug; resolves to Manage Receivables Collections,,Q11+Q12,StableIdentifier
CM-1-3-6-6-6,Manage Card Delinquency and Collections Referral,Commercial & Marketing,enables,Determine Bad Debt Allowance (CM-1-3-8-3-3),ResolvedToConcept,CM-1-3-8-3-3,Determine Bad Debt Allowance,stable identifier CM-1-3-8-3-3 carried in mention text,Resolved,emit automatically after subject/target existence checks,target carries its slug; resolves to Determine Bad Debt Allowance,,Q11+Q12,StableIdentifier
CM-1-3-6-6-7,Perform Transaction Analysis Reporting & Confirmation,Commercial & Marketing,enables,Manage Card Program Billing Coordination (CM-1-3-6-6-2),ResolvedToConcept,CM-1-3-6-6-2,Manage Card Program Billing Coordination,stable identifier CM-1-3-6-6-2 carried in mention text,Resolved,emit automatically after subject/target existence checks,target carries its slug; resolves to Manage Card Program Billing Coordination,,Q11+Q12,StableIdentifier
CM-1-3-6-6-7,Perform Transaction Analysis Reporting & Confirmation,Commercial & Marketing,enables,Manage Reimbursement,ResolvedToConcept,CM-1-3-6-6-3,Manage Reimbursement,unique exact preferred-label match,ContextualResolved,emit after mechanical uniqueness validation,unique label match to CM-1-3-6-6-3; no contradicting context,,Q11+Q12,UniquePreferredLabel
CM-1-3-6-6-7,Perform Transaction Analysis Reporting & Confirmation,Commercial & Marketing,triggers,Manage Fraudulent Transactions,ResolvedToConcept,CM-1-3-6-6-11,Manage Fraudulent Transactions,unique exact preferred-label match,ContextualResolved,emit after mechanical uniqueness validation,unique label match to CM-1-3-6-6-11; no contradicting context,,Q11+Q12,UniquePreferredLabel
CM-1-3-6-6-8,Ensure Card Design Compliance,Commercial & Marketing,governed-by,Brand Standard Management,ResolvedToConcept,CM-1-3-6-7,Brand Standard Management,unique exact preferred-label match,ContextualResolved,emit after mechanical uniqueness validation,unique label match to CM-1-3-6-7; no contradicting context,,Q11+Q12,UniquePreferredLabel
CM-1-3-6-6-8,Ensure Card Design Compliance,Commercial & Marketing,precedes,Manage Card Production & Monthly Reissue,ResolvedToConcept,CM-1-3-6-6-13,Manage Card Production & Monthly Reissue,unique exact preferred-label match,ContextualResolved,emit after mechanical uniqueness validation,unique label match to CM-1-3-6-6-13; no contradicting context,,Q11+Q12,UniquePreferredLabel
CM-1-3-6-6-9,Analyze Consumption Planning & Monitor Stock,Commercial & Marketing,enables,Manage Card Production & Monthly Reissue,ResolvedToConcept,CM-1-3-6-6-13,Manage Card Production & Monthly Reissue,unique exact preferred-label match,ContextualResolved,emit after mechanical uniqueness validation,unique label match to CM-1-3-6-6-13; no contradicting context,,Q11+Q12,UniquePreferredLabel
CM-1-3-6-6-9,Analyze Consumption Planning & Monitor Stock,Commercial & Marketing,informed-by,Manage Card Administration (CM-1-3-6-6-4),ResolvedToConcept,CM-1-3-6-6-4,Manage Card Administration,stable identifier CM-1-3-6-6-4 carried in mention text,Resolved,emit automatically after subject/target existence checks,target carries its slug; resolves to Manage Card Administration,,Q11+Q12,StableIdentifier
CM-1-3-6-7-1,Manage Brand Standards and Perform Inspection,Commercial & Marketing,enables,Report Franchise Performance,ResolvedToConcept,CM-1-3-6-1-3,Report Franchise Performance,unique exact preferred-label match,ContextualResolved,emit after mechanical uniqueness validation,unique label match to CM-1-3-6-1-3; no contradicting context,,Q11+Q12,UniquePreferredLabel
CM-1-3-6-7-1,Manage Brand Standards and Perform Inspection,Commercial & Marketing,governed-by,Manage Licensing & IP,ResolvedToConcept,CM-1-3-4-4,Manage Licensing & IP,unique exact preferred-label match,ContextualResolved,emit after mechanical uniqueness validation,unique label match to CM-1-3-4-4; no contradicting context,,Q11+Q12,UniquePreferredLabel
CM-1-3-6-7-2,Manage Brand Imaging,Commercial & Marketing,governed-by,Manage Brand Standards and Perform Inspection,ResolvedToConcept,CM-1-3-6-7-1,Manage Brand Standards and Perform Inspection,unique exact preferred-label match,ContextualResolved,emit after mechanical uniqueness validation,unique label match to CM-1-3-6-7-1; no contradicting context,,Q11+Q12,UniquePreferredLabel
CM-1-3-6-7-2,Manage Brand Imaging,Commercial & Marketing,informed-by,Network Design,AmbiguousDeferred,CM-1-3-3-4,Network Design (Retail),Q12 amendment (2026-09-22): bare mention on Brand Imaging row; network type uncertain,Deferred,no triple; retain candidates + review trigger,may mean retail/supply/distribution/terminal/channel network design; plausibility is not evidence,R2 network-design decomposition or first consumer need,Q11+Q12,AmbiguousDeferred
CM-1-3-6-8-1,Conduct Commercial Audit to Validate Reported Sales,Commercial & Marketing,enables,"Administer Royalty, Brand Fee, and Contribution Streams (CM-1-3-8-4-7)",ResolvedToConcept,CM-1-3-8-4-7,"Administer Royalty, Brand Fee, and Contribution Streams",stable identifier CM-1-3-8-4-7 carried in mention text,Resolved,emit automatically after subject/target existence checks,"target carries its slug; resolves to Administer Royalty, Brand Fee, and Contribution Streams",,Q11+Q12,StableIdentifier
CM-1-3-6-8-1,Conduct Commercial Audit to Validate Reported Sales,Commercial & Marketing,informed-by,Report Franchise Performance,ResolvedToConcept,CM-1-3-6-1-3,Report Franchise Performance,unique exact preferred-label match,ContextualResolved,emit after mechanical uniqueness validation,unique label match to CM-1-3-6-1-3; no contradicting context,,Q11+Q12,UniquePreferredLabel
CM-1-3-6-8-1,Conduct Commercial Audit to Validate Reported Sales,Commercial & Marketing,governed-by,Commercial Agreement Compliance Management (CM-1-3-6-8),ResolvedToConcept,CM-1-3-6-8,Commercial Agreement Compliance Management,stable identifier CM-1-3-6-8 carried in mention text,Resolved,emit automatically after subject/target existence checks,target carries its slug; resolves to Commercial Agreement Compliance Management,,Q11+Q12,StableIdentifier
CM-1-3-7-1-1,Maintain Customer and Commercial Account Master Data,Commercial & Marketing,enables,Set Up Prospect (CM-1-3-6-6-1),ResolvedToConcept,CM-1-3-6-6-1,Set Up Prospect,stable identifier CM-1-3-6-6-1 carried in mention text,Resolved,emit automatically after subject/target existence checks,target carries its slug; resolves to Set Up Prospect,,Q11+Q12,StableIdentifier
CM-1-3-7-1-1,Maintain Customer and Commercial Account Master Data,Commercial & Marketing,enables,Manage Customer Invoicing and Billing,ResolvedToConcept,CM-1-3-8-1,Manage Customer Invoicing and Billing,unique exact preferred-label match,ContextualResolved,emit after mechanical uniqueness validation,unique label match to CM-1-3-8-1; no contradicting context,,Q11+Q12,UniquePreferredLabel
CM-1-3-7-1-1,Maintain Customer and Commercial Account Master Data,Commercial & Marketing,informed-by,Perform KYC Due Diligence (CM-1-3-7-4-6),ResolvedToConcept,CM-1-3-7-4-6,Perform KYC Due Diligence,stable identifier CM-1-3-7-4-6 carried in mention text,Resolved,emit automatically after subject/target existence checks,target carries its slug; resolves to Perform KYC Due Diligence,,Q11+Q12,StableIdentifier
CM-1-3-7-1-2,Maintain Price & Discount Master Data,Commercial & Marketing,uses-input,Implement sales price,ResolvedToConcept,CM-1-3-6-3-2,Implement sales price,unique exact preferred-label match,ContextualResolved,emit after mechanical uniqueness validation,unique label match to CM-1-3-6-3-2; no contradicting context,,Q11+Q12,UniquePreferredLabel
CM-1-3-7-1-2,Maintain Price & Discount Master Data,Commercial & Marketing,uses-input,Implement Rebate,ResolvedToConcept,CM-1-3-6-4-2,Implement Rebate,unique exact preferred-label match,ContextualResolved,emit after mechanical uniqueness validation,unique label match to CM-1-3-6-4-2; no contradicting context,,Q11+Q12,UniquePreferredLabel
CM-1-3-7-1-2,Maintain Price & Discount Master Data,Commercial & Marketing,enables,Manage Customer Invoicing and Billing,ResolvedToConcept,CM-1-3-8-1,Manage Customer Invoicing and Billing,unique exact preferred-label match,ContextualResolved,emit after mechanical uniqueness validation,unique label match to CM-1-3-8-1; no contradicting context,,Q11+Q12,UniquePreferredLabel
CM-1-3-7-1-3,Maintain Product and Service Master Data,Commercial & Marketing,enables,Capture & Validate Order,ResolvedToConcept,CM-1-3-7-3-1,Capture & Validate Order,unique exact preferred-label match,ContextualResolved,emit after mechanical uniqueness validation,unique label match to CM-1-3-7-3-1; no contradicting context,,Q11+Q12,UniquePreferredLabel
CM-1-3-7-1-3,Maintain Product and Service Master Data,Commercial & Marketing,enables,Create and Distribute Bill (CM-1-3-8-1-1),ResolvedToConcept,CM-1-3-8-1-1,Create and Distribute Bill,stable identifier CM-1-3-8-1-1 carried in mention text,Resolved,emit automatically after subject/target existence checks,target carries its slug; resolves to Create and Distribute Bill,,Q11+Q12,StableIdentifier
CM-1-3-7-1-4,Maintain Tax Master Data,Commercial & Marketing,enables,Determine Taxability,AmbiguousDeferred,CM-1-3-8-1-3 | CM-1-3-8-4-5,Determine Taxability | Determine Taxability,exact label matches multiple concepts; no single contextual target,Deferred,no triple; retain candidates + review trigger,label collision across 2 concepts; source context does not isolate one,label remediation or domain-owner clarification,Q12,AmbiguousDeferred
CM-1-3-7-1-4,Maintain Tax Master Data,Commercial & Marketing,enables,Reconcile And Report Indirect Tax,ResolvedToConcept,CM-1-3-8-4-4,Reconcile And Report Indirect Tax,unique exact preferred-label match,ContextualResolved,emit after mechanical uniqueness validation,unique label match to CM-1-3-8-4-4; no contradicting context,,Q11+Q12,UniquePreferredLabel
CM-1-3-7-1-5,Maintain Commercial Workflow Configuration,Commercial & Marketing,governed-by,Manage Commercial Master Data Stewardship (CM-1-3-7-1),ResolvedToConcept,CM-1-3-7-1,Manage Commercial Master Data Stewardship,stable identifier CM-1-3-7-1 carried in mention text,Resolved,emit automatically after subject/target existence checks,target carries its slug; resolves to Manage Commercial Master Data Stewardship,,Q11+Q12,StableIdentifier
CM-1-3-7-1-5,Maintain Commercial Workflow Configuration,Commercial & Marketing,enables,Establish Commercial Terms & Contracts,ResolvedToConcept,CM-1-3-7-2-1,Establish Commercial Terms & Contracts,unique exact preferred-label match,ContextualResolved,emit after mechanical uniqueness validation,unique label match to CM-1-3-7-2-1; no contradicting context,,Q11+Q12,UniquePreferredLabel
CM-1-3-7-1-6,Maintain Commercial Policy Content and Approved Parameters,Commercial & Marketing,governed-by,Manage Commercial Master Data Stewardship (CM-1-3-7-1),ResolvedToConcept,CM-1-3-7-1,Manage Commercial Master Data Stewardship,stable identifier CM-1-3-7-1 carried in mention text,Resolved,emit automatically after subject/target existence checks,target carries its slug; resolves to Manage Commercial Master Data Stewardship,,Q11+Q12,StableIdentifier
CM-1-3-7-1-6,Maintain Commercial Policy Content and Approved Parameters,Commercial & Marketing,enables,Establish Commercial Terms & Contracts,ResolvedToConcept,CM-1-3-7-2-1,Establish Commercial Terms & Contracts,unique exact preferred-label match,ContextualResolved,emit after mechanical uniqueness validation,unique label match to CM-1-3-7-2-1; no contradicting context,,Q11+Q12,UniquePreferredLabel
CM-1-3-7-2-1,Establish Commercial Terms & Contracts,Commercial & Marketing,uses-input,Maintain Commercial Policy Content and Approved Parameters (CM-1-3-7-1-6),ResolvedToConcept,CM-1-3-7-1-6,Maintain Commercial Policy Content and Approved Parameters,stable identifier CM-1-3-7-1-6 carried in mention text,Resolved,emit automatically after subject/target existence checks,target carries its slug; resolves to Maintain Commercial Policy Content and Approved Parameters,,Q11+Q12,StableIdentifier
CM-1-3-7-2-1,Establish Commercial Terms & Contracts,Commercial & Marketing,enables,Manage Contract & Order,ResolvedToConcept,CM-1-3-6-2-5,Manage Contract & Order,unique exact preferred-label match,ContextualResolved,emit after mechanical uniqueness validation,unique label match to CM-1-3-6-2-5; no contradicting context,,Q11+Q12,UniquePreferredLabel
CM-1-3-7-2-1,Establish Commercial Terms & Contracts,Commercial & Marketing,enables,Issue Quotes & Renewals,ResolvedToConcept,CM-1-3-7-2-2,Issue Quotes & Renewals,unique exact preferred-label match,ContextualResolved,emit after mechanical uniqueness validation,unique label match to CM-1-3-7-2-2; no contradicting context,,Q11+Q12,UniquePreferredLabel
CM-1-3-7-2-2,Issue Quotes & Renewals,Commercial & Marketing,follows,Develop Quote,ResolvedToConcept,CM-1-3-6-2-4,Develop Quote,unique exact preferred-label match,ContextualResolved,emit after mechanical uniqueness validation,unique label match to CM-1-3-6-2-4; no contradicting context,,Q11+Q12,UniquePreferredLabel
CM-1-3-7-2-2,Issue Quotes & Renewals,Commercial & Marketing,uses-input,Maintain Price & Discount Master Data,ResolvedToConcept,CM-1-3-7-1-2,Maintain Price & Discount Master Data,unique exact preferred-label match,ContextualResolved,emit after mechanical uniqueness validation,unique label match to CM-1-3-7-1-2; no contradicting context,,Q11+Q12,UniquePreferredLabel
CM-1-3-7-2-2,Issue Quotes & Renewals,Commercial & Marketing,enables,Capture & Validate Order,ResolvedToConcept,CM-1-3-7-3-1,Capture & Validate Order,unique exact preferred-label match,ContextualResolved,emit after mechanical uniqueness validation,unique label match to CM-1-3-7-3-1; no contradicting context,,Q11+Q12,UniquePreferredLabel
CM-1-3-7-2-3,Develop & Monitor Revenue Plan,Commercial & Marketing,informed-by,Manage Sales Pipeline,ResolvedToConcept,CM-1-3-6-2-1,Manage Sales Pipeline,unique exact preferred-label match,ContextualResolved,emit after mechanical uniqueness validation,unique label match to CM-1-3-6-2-1; no contradicting context,,Q11+Q12,UniquePreferredLabel
CM-1-3-7-2-3,Develop & Monitor Revenue Plan,Commercial & Marketing,uses-input,Maintain Price & Discount Master Data,ResolvedToConcept,CM-1-3-7-1-2,Maintain Price & Discount Master Data,unique exact preferred-label match,ContextualResolved,emit after mechanical uniqueness validation,unique label match to CM-1-3-7-1-2; no contradicting context,,Q11+Q12,UniquePreferredLabel
CM-1-3-7-2-3,Develop & Monitor Revenue Plan,Commercial & Marketing,uses-input,Perform Revenue Accounting,ResolvedToConcept,CM-1-3-8-2-6,Perform Revenue Accounting,unique exact preferred-label match,ContextualResolved,emit after mechanical uniqueness validation,unique label match to CM-1-3-8-2-6; no contradicting context,,Q11+Q12,UniquePreferredLabel
CM-1-3-7-2-3,Develop & Monitor Revenue Plan,Commercial & Marketing,enables,Analyze Customer Profitability,ResolvedToConcept,CM-1-3-7-2-5,Analyze Customer Profitability,unique exact preferred-label match,ContextualResolved,emit after mechanical uniqueness validation,unique label match to CM-1-3-7-2-5; no contradicting context,,Q11+Q12,UniquePreferredLabel
CM-1-3-7-2-4,Define Financing & Payment Methods,Commercial & Marketing,governed-by,Maintain Credit Policies,ResolvedToConcept,CM-1-3-7-4-1,Maintain Credit Policies,unique exact preferred-label match,ContextualResolved,emit after mechanical uniqueness validation,unique label match to CM-1-3-7-4-1; no contradicting context,,Q11+Q12,UniquePreferredLabel
CM-1-3-7-2-4,Define Financing & Payment Methods,Commercial & Marketing,enables,Establish Commercial Terms & Contracts,ResolvedToConcept,CM-1-3-7-2-1,Establish Commercial Terms & Contracts,unique exact preferred-label match,ContextualResolved,emit after mechanical uniqueness validation,unique label match to CM-1-3-7-2-1; no contradicting context,,Q11+Q12,UniquePreferredLabel
CM-1-3-7-2-4,Define Financing & Payment Methods,Commercial & Marketing,enables,Manage Customer Invoicing and Billing,ResolvedToConcept,CM-1-3-8-1,Manage Customer Invoicing and Billing,unique exact preferred-label match,ContextualResolved,emit after mechanical uniqueness validation,unique label match to CM-1-3-8-1; no contradicting context,,Q11+Q12,UniquePreferredLabel
CM-1-3-7-2-5,Analyze Customer Profitability,Commercial & Marketing,uses-input,Develop & Monitor Revenue Plan,ResolvedToConcept,CM-1-3-7-2-3,Develop & Monitor Revenue Plan,unique exact preferred-label match,ContextualResolved,emit after mechanical uniqueness validation,unique label match to CM-1-3-7-2-3; no contradicting context,,Q11+Q12,UniquePreferredLabel
CM-1-3-7-2-5,Analyze Customer Profitability,Commercial & Marketing,uses-input,Assess Cost-to-Serve Performance,ResolvedToConcept,CM-1-2-6-1-3,Assess Cost-to-Serve Performance,unique exact preferred-label match,ContextualResolved,emit after mechanical uniqueness validation,unique label match to CM-1-2-6-1-3; no contradicting context,,Q11+Q12,UniquePreferredLabel
CM-1-3-7-2-5,Analyze Customer Profitability,Commercial & Marketing,enables,Analyze Pricing Performance,ResolvedToConcept,CM-1-3-3-2-3,Analyze Pricing Performance,unique exact preferred-label match,ContextualResolved,emit after mechanical uniqueness validation,unique label match to CM-1-3-3-2-3; no contradicting context,,Q11+Q12,UniquePreferredLabel
CM-1-3-7-2-6,Manage Customer Portal,Commercial & Marketing,uses-input,Maintain Price & Discount Master Data,ResolvedToConcept,CM-1-3-7-1-2,Maintain Price & Discount Master Data,unique exact preferred-label match,ContextualResolved,emit after mechanical uniqueness validation,unique label match to CM-1-3-7-1-2; no contradicting context,,Q11+Q12,UniquePreferredLabel
CM-1-3-7-2-6,Manage Customer Portal,Commercial & Marketing,enables,Capture & Validate Order,ResolvedToConcept,CM-1-3-7-3-1,Capture & Validate Order,unique exact preferred-label match,ContextualResolved,emit after mechanical uniqueness validation,unique label match to CM-1-3-7-3-1; no contradicting context,,Q11+Q12,UniquePreferredLabel
CM-1-3-7-2-6,Manage Customer Portal,Commercial & Marketing,enables,Manage Customer Requests and Inquiries,ResolvedToConcept,CM-1-3-7-5,Manage Customer Requests and Inquiries,unique exact preferred-label match,ContextualResolved,emit after mechanical uniqueness validation,unique label match to CM-1-3-7-5; no contradicting context,,Q11+Q12,UniquePreferredLabel
CM-1-3-7-3-1,Capture & Validate Order,Commercial & Marketing,uses-input,Manage Customer Portal,ResolvedToConcept,CM-1-3-7-2-6,Manage Customer Portal,unique exact preferred-label match,ContextualResolved,emit after mechanical uniqueness validation,unique label match to CM-1-3-7-2-6; no contradicting context,,Q11+Q12,UniquePreferredLabel
CM-1-3-7-3-1,Capture & Validate Order,Commercial & Marketing,uses-input,Maintain Customer and Commercial Account Master Data (CM-1-3-7-1-1),ResolvedToConcept,CM-1-3-7-1-1,Maintain Customer and Commercial Account Master Data,stable identifier CM-1-3-7-1-1 carried in mention text,Resolved,emit automatically after subject/target existence checks,target carries its slug; resolves to Maintain Customer and Commercial Account Master Data,,Q11+Q12,StableIdentifier
CM-1-3-7-3-1,Capture & Validate Order,Commercial & Marketing,informed-by,Monitor Credit Against Limit,ResolvedToConcept,CM-1-3-7-4-3,Monitor Credit Against Limit,unique exact preferred-label match,ContextualResolved,emit after mechanical uniqueness validation,unique label match to CM-1-3-7-4-3; no contradicting context,,Q11+Q12,UniquePreferredLabel
CM-1-3-7-3-1,Capture & Validate Order,Commercial & Marketing,precedes,Allocate & Release Order,ResolvedToConcept,CM-1-3-7-3-2,Allocate & Release Order,unique exact preferred-label match,ContextualResolved,emit after mechanical uniqueness validation,unique label match to CM-1-3-7-3-2; no contradicting context,,Q11+Q12,UniquePreferredLabel
CM-1-3-7-3-2,Allocate & Release Order,Commercial & Marketing,follows,Capture & Validate Order,ResolvedToConcept,CM-1-3-7-3-1,Capture & Validate Order,unique exact preferred-label match,ContextualResolved,emit after mechanical uniqueness validation,unique label match to CM-1-3-7-3-1; no contradicting context,,Q11+Q12,UniquePreferredLabel
CM-1-3-7-3-2,Allocate & Release Order,Commercial & Marketing,precedes,Manage Fulfillment,ResolvedToConcept,CM-1-3-7-3-4,Manage Fulfillment,unique exact preferred-label match,ContextualResolved,emit after mechanical uniqueness validation,unique label match to CM-1-3-7-3-4; no contradicting context,,Q11+Q12,UniquePreferredLabel
CM-1-3-7-3-2,Allocate & Release Order,Commercial & Marketing,governed-by,Manage Credit & Risk,ResolvedToConcept,CM-1-3-7-4,Manage Credit & Risk,unique exact preferred-label match,ContextualResolved,emit after mechanical uniqueness validation,unique label match to CM-1-3-7-4; no contradicting context,,Q11+Q12,UniquePreferredLabel
CM-1-3-7-3-3,Change or Cancel Order,Commercial & Marketing,follows,Capture & Validate Order,ResolvedToConcept,CM-1-3-7-3-1,Capture & Validate Order,unique exact preferred-label match,ContextualResolved,emit after mechanical uniqueness validation,unique label match to CM-1-3-7-3-1; no contradicting context,,Q11+Q12,UniquePreferredLabel
CM-1-3-7-3-3,Change or Cancel Order,Commercial & Marketing,uses-input,Manage Fulfillment,ResolvedToConcept,CM-1-3-7-3-4,Manage Fulfillment,unique exact preferred-label match,ContextualResolved,emit after mechanical uniqueness validation,unique label match to CM-1-3-7-3-4; no contradicting context,,Q11+Q12,UniquePreferredLabel
CM-1-3-7-3-3,Change or Cancel Order,Commercial & Marketing,enables,Manage Commercial Returns Authorization and Coordination (CM-1-3-7-3-6),ResolvedToConcept,CM-1-3-7-3-6,Manage Commercial Returns Authorization and Coordination,stable identifier CM-1-3-7-3-6 carried in mention text,Resolved,emit automatically after subject/target existence checks,target carries its slug; resolves to Manage Commercial Returns Authorization and Coordination,,Q11+Q12,StableIdentifier
CM-1-3-7-3-4,Manage Fulfillment,Commercial & Marketing,follows,Allocate & Release Order,ResolvedToConcept,CM-1-3-7-3-2,Allocate & Release Order,unique exact preferred-label match,ContextualResolved,emit after mechanical uniqueness validation,unique label match to CM-1-3-7-3-2; no contradicting context,,Q11+Q12,UniquePreferredLabel
CM-1-3-7-3-4,Manage Fulfillment,Commercial & Marketing,enables,Create and Distribute Bill (CM-1-3-8-1-1),ResolvedToConcept,CM-1-3-8-1-1,Create and Distribute Bill,stable identifier CM-1-3-8-1-1 carried in mention text,Resolved,emit automatically after subject/target existence checks,target carries its slug; resolves to Create and Distribute Bill,,Q11+Q12,StableIdentifier
CM-1-3-7-3-4,Manage Fulfillment,Commercial & Marketing,enables,Track & Forecast Order,ResolvedToConcept,CM-1-3-7-3-5,Track & Forecast Order,unique exact preferred-label match,ContextualResolved,emit after mechanical uniqueness validation,unique label match to CM-1-3-7-3-5; no contradicting context,,Q11+Q12,UniquePreferredLabel
CM-1-3-7-3-5,Track & Forecast Order,Commercial & Marketing,uses-input,Manage Fulfillment,ResolvedToConcept,CM-1-3-7-3-4,Manage Fulfillment,unique exact preferred-label match,ContextualResolved,emit after mechanical uniqueness validation,unique label match to CM-1-3-7-3-4; no contradicting context,,Q11+Q12,UniquePreferredLabel
CM-1-3-7-3-5,Track & Forecast Order,Commercial & Marketing,enables,Manage Customer Portal,ResolvedToConcept,CM-1-3-7-2-6,Manage Customer Portal,unique exact preferred-label match,ContextualResolved,emit after mechanical uniqueness validation,unique label match to CM-1-3-7-2-6; no contradicting context,,Q11+Q12,UniquePreferredLabel
CM-1-3-7-3-5,Track & Forecast Order,Commercial & Marketing,informed-by,Capture & Validate Order,ResolvedToConcept,CM-1-3-7-3-1,Capture & Validate Order,unique exact preferred-label match,ContextualResolved,emit after mechanical uniqueness validation,unique label match to CM-1-3-7-3-1; no contradicting context,,Q11+Q12,UniquePreferredLabel
CM-1-3-7-3-6,Manage Commercial Returns Authorization and Coordination,Commercial & Marketing,follows,Change or Cancel Order (CM-1-3-7-3-3),ResolvedToConcept,CM-1-3-7-3-3,Change or Cancel Order,stable identifier CM-1-3-7-3-3 carried in mention text,Resolved,emit automatically after subject/target existence checks,target carries its slug; resolves to Change or Cancel Order,,Q11+Q12,StableIdentifier
CM-1-3-7-3-6,Manage Commercial Returns Authorization and Coordination,Commercial & Marketing,enables,Create Credit Memo,ResolvedToConcept,CM-1-3-8-1-4,Create Credit Memo,unique exact preferred-label match,ContextualResolved,emit after mechanical uniqueness validation,unique label match to CM-1-3-8-1-4; no contradicting context,,Q11+Q12,UniquePreferredLabel
CM-1-3-7-3-6,Manage Commercial Returns Authorization and Coordination,Commercial & Marketing,uses-input,Manage Fulfillment,ResolvedToConcept,CM-1-3-7-3-4,Manage Fulfillment,unique exact preferred-label match,ContextualResolved,emit after mechanical uniqueness validation,unique label match to CM-1-3-7-3-4; no contradicting context,,Q11+Q12,UniquePreferredLabel
CM-1-3-7-4-1,Maintain Credit Policies,Commercial & Marketing,informed-by,Analyze Portfolio Credit Risk,ResolvedToConcept,CM-1-3-7-4-4,Analyze Portfolio Credit Risk,unique exact preferred-label match,ContextualResolved,emit after mechanical uniqueness validation,unique label match to CM-1-3-7-4-4; no contradicting context,,Q11+Q12,UniquePreferredLabel
CM-1-3-7-4-1,Maintain Credit Policies,Commercial & Marketing,enables,Establish Credit Limit & Risk Code,ResolvedToConcept,CM-1-3-7-4-2,Establish Credit Limit & Risk Code,unique exact preferred-label match,ContextualResolved,emit after mechanical uniqueness validation,unique label match to CM-1-3-7-4-2; no contradicting context,,Q11+Q12,UniquePreferredLabel
CM-1-3-7-4-1,Maintain Credit Policies,Commercial & Marketing,uses-input,Maintain Commercial Policy Content and Approved Parameters (CM-1-3-7-1-6),ResolvedToConcept,CM-1-3-7-1-6,Maintain Commercial Policy Content and Approved Parameters,stable identifier CM-1-3-7-1-6 carried in mention text,Resolved,emit automatically after subject/target existence checks,target carries its slug; resolves to Maintain Commercial Policy Content and Approved Parameters,,Q11+Q12,StableIdentifier
CM-1-3-7-4-2,Establish Credit Limit & Risk Code,Commercial & Marketing,follows,Perform KYC Due Diligence (CM-1-3-7-4-6),ResolvedToConcept,CM-1-3-7-4-6,Perform KYC Due Diligence,stable identifier CM-1-3-7-4-6 carried in mention text,Resolved,emit automatically after subject/target existence checks,target carries its slug; resolves to Perform KYC Due Diligence,,Q11+Q12,StableIdentifier
CM-1-3-7-4-2,Establish Credit Limit & Risk Code,Commercial & Marketing,governed-by,Maintain Credit Policies,ResolvedToConcept,CM-1-3-7-4-1,Maintain Credit Policies,unique exact preferred-label match,ContextualResolved,emit after mechanical uniqueness validation,unique label match to CM-1-3-7-4-1; no contradicting context,,Q11+Q12,UniquePreferredLabel
CM-1-3-7-4-2,Establish Credit Limit & Risk Code,Commercial & Marketing,enables,Monitor Credit Against Limit,ResolvedToConcept,CM-1-3-7-4-3,Monitor Credit Against Limit,unique exact preferred-label match,ContextualResolved,emit after mechanical uniqueness validation,unique label match to CM-1-3-7-4-3; no contradicting context,,Q11+Q12,UniquePreferredLabel
CM-1-3-7-4-2,Establish Credit Limit & Risk Code,Commercial & Marketing,enables,Set Up Prospect (CM-1-3-6-6-1),ResolvedToConcept,CM-1-3-6-6-1,Set Up Prospect,stable identifier CM-1-3-6-6-1 carried in mention text,Resolved,emit automatically after subject/target existence checks,target carries its slug; resolves to Set Up Prospect,,Q11+Q12,StableIdentifier
CM-1-3-7-4-3,Monitor Credit Against Limit,Commercial & Marketing,uses-input,Establish Credit Limit & Risk Code,ResolvedToConcept,CM-1-3-7-4-2,Establish Credit Limit & Risk Code,unique exact preferred-label match,ContextualResolved,emit after mechanical uniqueness validation,unique label match to CM-1-3-7-4-2; no contradicting context,,Q11+Q12,UniquePreferredLabel
CM-1-3-7-4-3,Monitor Credit Against Limit,Commercial & Marketing,enables,Capture & Validate Order,ResolvedToConcept,CM-1-3-7-3-1,Capture & Validate Order,unique exact preferred-label match,ContextualResolved,emit after mechanical uniqueness validation,unique label match to CM-1-3-7-3-1; no contradicting context,,Q11+Q12,UniquePreferredLabel
CM-1-3-7-4-3,Monitor Credit Against Limit,Commercial & Marketing,enables,Manage Card Delinquency and Collections Referral (CM-1-3-6-6-6),ResolvedToConcept,CM-1-3-6-6-6,Manage Card Delinquency and Collections Referral,stable identifier CM-1-3-6-6-6 carried in mention text,Resolved,emit automatically after subject/target existence checks,target carries its slug; resolves to Manage Card Delinquency and Collections Referral,,Q11+Q12,StableIdentifier
CM-1-3-7-4-3,Monitor Credit Against Limit,Commercial & Marketing,informed-by,"Manage Cash Application, A/R & Revenue Accounting",ResolvedToConcept,CM-1-3-8-2,"Manage Cash Application, A/R & Revenue Accounting",unique exact preferred-label match,ContextualResolved,emit after mechanical uniqueness validation,unique label match to CM-1-3-8-2; no contradicting context,,Q11+Q12,UniquePreferredLabel
CM-1-3-7-4-4,Analyze Portfolio Credit Risk,Commercial & Marketing,uses-input,Monitor Credit Against Limit,ResolvedToConcept,CM-1-3-7-4-3,Monitor Credit Against Limit,unique exact preferred-label match,ContextualResolved,emit after mechanical uniqueness validation,unique label match to CM-1-3-7-4-3; no contradicting context,,Q11+Q12,UniquePreferredLabel
CM-1-3-7-4-4,Analyze Portfolio Credit Risk,Commercial & Marketing,enables,Maintain Credit Policies,ResolvedToConcept,CM-1-3-7-4-1,Maintain Credit Policies,unique exact preferred-label match,ContextualResolved,emit after mechanical uniqueness validation,unique label match to CM-1-3-7-4-1; no contradicting context,,Q11+Q12,UniquePreferredLabel
CM-1-3-7-4-4,Analyze Portfolio Credit Risk,Commercial & Marketing,enables,Determine Bad Debt Allowance (CM-1-3-8-3-3),ResolvedToConcept,CM-1-3-8-3-3,Determine Bad Debt Allowance,stable identifier CM-1-3-8-3-3 carried in mention text,Resolved,emit automatically after subject/target existence checks,target carries its slug; resolves to Determine Bad Debt Allowance,,Q11+Q12,StableIdentifier
CM-1-3-7-4-5,Perform Credit-Driven Customer Closure and Reinstatement,Commercial & Marketing,informed-by,Monitor Credit Against Limit,ResolvedToConcept,CM-1-3-7-4-3,Monitor Credit Against Limit,unique exact preferred-label match,ContextualResolved,emit after mechanical uniqueness validation,unique label match to CM-1-3-7-4-3; no contradicting context,,Q11+Q12,UniquePreferredLabel
CM-1-3-7-4-5,Perform Credit-Driven Customer Closure and Reinstatement,Commercial & Marketing,enables,Maintain Customer and Commercial Account Master Data (CM-1-3-7-1-1),ResolvedToConcept,CM-1-3-7-1-1,Maintain Customer and Commercial Account Master Data,stable identifier CM-1-3-7-1-1 carried in mention text,Resolved,emit automatically after subject/target existence checks,target carries its slug; resolves to Maintain Customer and Commercial Account Master Data,,Q11+Q12,StableIdentifier
CM-1-3-7-4-5,Perform Credit-Driven Customer Closure and Reinstatement,Commercial & Marketing,uses-input,Manage Receivables Collections (CM-1-3-8-3-2),ResolvedToConcept,CM-1-3-8-3-2,Manage Receivables Collections,stable identifier CM-1-3-8-3-2 carried in mention text,Resolved,emit automatically after subject/target existence checks,target carries its slug; resolves to Manage Receivables Collections,,Q11+Q12,StableIdentifier
CM-1-3-7-4-6,Perform KYC Due Diligence,Commercial & Marketing,enables,Set Up Prospect (CM-1-3-6-6-1),ResolvedToConcept,CM-1-3-6-6-1,Set Up Prospect,stable identifier CM-1-3-6-6-1 carried in mention text,Resolved,emit automatically after subject/target existence checks,target carries its slug; resolves to Set Up Prospect,,Q11+Q12,StableIdentifier
CM-1-3-7-4-6,Perform KYC Due Diligence,Commercial & Marketing,enables,Establish Credit Limit & Risk Code,ResolvedToConcept,CM-1-3-7-4-2,Establish Credit Limit & Risk Code,unique exact preferred-label match,ContextualResolved,emit after mechanical uniqueness validation,unique label match to CM-1-3-7-4-2; no contradicting context,,Q11+Q12,UniquePreferredLabel
CM-1-3-7-4-6,Perform KYC Due Diligence,Commercial & Marketing,governed-by,Manage Credit & Risk,ResolvedToConcept,CM-1-3-7-4,Manage Credit & Risk,unique exact preferred-label match,ContextualResolved,emit after mechanical uniqueness validation,unique label match to CM-1-3-7-4; no contradicting context,,Q11+Q12,UniquePreferredLabel
CM-1-3-7-5-1,Prioritize Customer Requests and Inquiries,Commercial & Marketing,precedes,Process Inquiries and Requests,ResolvedToConcept,CM-1-3-7-5-3,Process Inquiries and Requests,unique exact preferred-label match,ContextualResolved,emit after mechanical uniqueness validation,unique label match to CM-1-3-7-5-3; no contradicting context,,Q11+Q12,UniquePreferredLabel
CM-1-3-7-5-1,Prioritize Customer Requests and Inquiries,Commercial & Marketing,governed-by,Manage Customer Requests and Inquiries,ResolvedToConcept,CM-1-3-7-5,Manage Customer Requests and Inquiries,unique exact preferred-label match,ContextualResolved,emit after mechanical uniqueness validation,unique label match to CM-1-3-7-5; no contradicting context,,Q11+Q12,UniquePreferredLabel
CM-1-3-7-5-2,Maintain Customer Request and Inquiry Records,Commercial & Marketing,enables,Process Inquiries and Requests,ResolvedToConcept,CM-1-3-7-5-3,Process Inquiries and Requests,unique exact preferred-label match,ContextualResolved,emit after mechanical uniqueness validation,unique label match to CM-1-3-7-5-3; no contradicting context,,Q11+Q12,UniquePreferredLabel
CM-1-3-7-5-2,Maintain Customer Request and Inquiry Records,Commercial & Marketing,enables,Perform Customer Follow-Up (CM-1-3-7-5-4),ResolvedToConcept,CM-1-3-7-5-4,Perform Customer Follow-Up,stable identifier CM-1-3-7-5-4 carried in mention text,Resolved,emit automatically after subject/target existence checks,target carries its slug; resolves to Perform Customer Follow-Up,,Q11+Q12,StableIdentifier
CM-1-3-7-5-2,Maintain Customer Request and Inquiry Records,Commercial & Marketing,governed-by,Manage Customer Requests and Inquiries,ResolvedToConcept,CM-1-3-7-5,Manage Customer Requests and Inquiries,unique exact preferred-label match,ContextualResolved,emit after mechanical uniqueness validation,unique label match to CM-1-3-7-5; no contradicting context,,Q11+Q12,UniquePreferredLabel
CM-1-3-7-5-3,Process Inquiries and Requests,Commercial & Marketing,follows,Prioritize Customer Requests and Inquiries (CM-1-3-7-5-1),ResolvedToConcept,CM-1-3-7-5-1,Prioritize Customer Requests and Inquiries,stable identifier CM-1-3-7-5-1 carried in mention text,Resolved,emit automatically after subject/target existence checks,target carries its slug; resolves to Prioritize Customer Requests and Inquiries,,Q11+Q12,StableIdentifier
CM-1-3-7-5-3,Process Inquiries and Requests,Commercial & Marketing,enables,Manage Receivables Disputes (CM-1-3-8-3-1),ResolvedToConcept,CM-1-3-8-3-1,Manage Receivables Disputes,stable identifier CM-1-3-8-3-1 carried in mention text,Resolved,emit automatically after subject/target existence checks,target carries its slug; resolves to Manage Receivables Disputes,,Q11+Q12,StableIdentifier
CM-1-3-7-5-3,Process Inquiries and Requests,Commercial & Marketing,enables,Perform Customer Follow-Up (CM-1-3-7-5-4),ResolvedToConcept,CM-1-3-7-5-4,Perform Customer Follow-Up,stable identifier CM-1-3-7-5-4 carried in mention text,Resolved,emit automatically after subject/target existence checks,target carries its slug; resolves to Perform Customer Follow-Up,,Q11+Q12,StableIdentifier
CM-1-3-7-5-4,Perform Customer Follow-Up,Commercial & Marketing,follows,Process Inquiries and Requests,ResolvedToConcept,CM-1-3-7-5-3,Process Inquiries and Requests,unique exact preferred-label match,ContextualResolved,emit after mechanical uniqueness validation,unique label match to CM-1-3-7-5-3; no contradicting context,,Q11+Q12,UniquePreferredLabel
CM-1-3-7-5-4,Perform Customer Follow-Up,Commercial & Marketing,enables,Conduct Customer Service Reviews (CM-1-3-7-5-5),ResolvedToConcept,CM-1-3-7-5-5,Conduct Customer Service Reviews,stable identifier CM-1-3-7-5-5 carried in mention text,Resolved,emit automatically after subject/target existence checks,target carries its slug; resolves to Conduct Customer Service Reviews,,Q11+Q12,StableIdentifier
CM-1-3-7-5-5,Conduct Customer Service Reviews,Commercial & Marketing,uses-input,Perform Customer Follow-Up (CM-1-3-7-5-4),ResolvedToConcept,CM-1-3-7-5-4,Perform Customer Follow-Up,stable identifier CM-1-3-7-5-4 carried in mention text,Resolved,emit automatically after subject/target existence checks,target carries its slug; resolves to Perform Customer Follow-Up,,Q11+Q12,StableIdentifier
CM-1-3-7-5-5,Conduct Customer Service Reviews,Commercial & Marketing,enables,Manage Key Accounts,ResolvedToConcept,CM-1-3-6-2-2,Manage Key Accounts,unique exact preferred-label match,ContextualResolved,emit after mechanical uniqueness validation,unique label match to CM-1-3-6-2-2; no contradicting context,,Q11+Q12,UniquePreferredLabel
CM-1-3-7-5-5,Conduct Customer Service Reviews,Commercial & Marketing,governed-by,Manage Customer Requests and Inquiries,ResolvedToConcept,CM-1-3-7-5,Manage Customer Requests and Inquiries,unique exact preferred-label match,ContextualResolved,emit after mechanical uniqueness validation,unique label match to CM-1-3-7-5; no contradicting context,,Q11+Q12,UniquePreferredLabel
CM-1-3-7-5-6,Provide Customer Training,Commercial & Marketing,uses-input,Manage Customer Portal,ResolvedToConcept,CM-1-3-7-2-6,Manage Customer Portal,unique exact preferred-label match,ContextualResolved,emit after mechanical uniqueness validation,unique label match to CM-1-3-7-2-6; no contradicting context,,Q11+Q12,UniquePreferredLabel
CM-1-3-7-5-6,Provide Customer Training,Commercial & Marketing,enables,Process Inquiries and Requests,ResolvedToConcept,CM-1-3-7-5-3,Process Inquiries and Requests,unique exact preferred-label match,ContextualResolved,emit after mechanical uniqueness validation,unique label match to CM-1-3-7-5-3; no contradicting context,,Q11+Q12,UniquePreferredLabel
CM-1-3-7-5-6,Provide Customer Training,Commercial & Marketing,governed-by,Manage Customer Requests and Inquiries,ResolvedToConcept,CM-1-3-7-5,Manage Customer Requests and Inquiries,unique exact preferred-label match,ContextualResolved,emit after mechanical uniqueness validation,unique label match to CM-1-3-7-5; no contradicting context,,Q11+Q12,UniquePreferredLabel
CM-1-3-8-1-1,Create and Distribute Bill,Commercial & Marketing,uses-input,Manage Fulfillment,ResolvedToConcept,CM-1-3-7-3-4,Manage Fulfillment,unique exact preferred-label match,ContextualResolved,emit after mechanical uniqueness validation,unique label match to CM-1-3-7-3-4; no contradicting context,,Q11+Q12,UniquePreferredLabel
CM-1-3-8-1-1,Create and Distribute Bill,Commercial & Marketing,uses-input,Determine Taxability,ResolvedToConcept,CM-1-3-8-1-3,Determine Taxability,source and candidate share parent CM-1-3-8-1 (same decomposition pattern) — sibling review package: APPROVED,ContextualInferredSibling,emit: approved pattern row; subject to promotion-script exact-row guards,sibling-step inference within CM-1-3-8-1 — held for human review,revalidate if either concept is renamed/reparented,Q12,ApprovedSiblingTaxability
CM-1-3-8-1-1,Create and Distribute Bill,Commercial & Marketing,enables,Record Customer Receipts and Payment Notifications (CM-1-3-8-2-1),ResolvedToConcept,CM-1-3-8-2-1,Record Customer Receipts and Payment Notifications,stable identifier CM-1-3-8-2-1 carried in mention text,Resolved,emit automatically after subject/target existence checks,target carries its slug; resolves to Record Customer Receipts and Payment Notifications,,Q11+Q12,StableIdentifier
CM-1-3-8-1-2,Perform Self-Billing Accounting,Commercial & Marketing,uses-input,Manage Fulfillment,ResolvedToConcept,CM-1-3-7-3-4,Manage Fulfillment,unique exact preferred-label match,ContextualResolved,emit after mechanical uniqueness validation,unique label match to CM-1-3-7-3-4; no contradicting context,,Q11+Q12,UniquePreferredLabel
CM-1-3-8-1-2,Perform Self-Billing Accounting,Commercial & Marketing,governed-by,Establish Commercial Terms & Contracts,ResolvedToConcept,CM-1-3-7-2-1,Establish Commercial Terms & Contracts,unique exact preferred-label match,ContextualResolved,emit after mechanical uniqueness validation,unique label match to CM-1-3-7-2-1; no contradicting context,,Q11+Q12,UniquePreferredLabel
CM-1-3-8-1-2,Perform Self-Billing Accounting,Commercial & Marketing,enables,Perform Revenue Accounting,ResolvedToConcept,CM-1-3-8-2-6,Perform Revenue Accounting,unique exact preferred-label match,ContextualResolved,emit after mechanical uniqueness validation,unique label match to CM-1-3-8-2-6; no contradicting context,,Q11+Q12,UniquePreferredLabel
CM-1-3-8-1-3,Determine Taxability,Commercial & Marketing,uses-input,Maintain Tax Master Data,ResolvedToConcept,CM-1-3-7-1-4,Maintain Tax Master Data,unique exact preferred-label match,ContextualResolved,emit after mechanical uniqueness validation,unique label match to CM-1-3-7-1-4; no contradicting context,,Q11+Q12,UniquePreferredLabel
CM-1-3-8-1-3,Determine Taxability,Commercial & Marketing,enables,Create and Distribute Bill (CM-1-3-8-1-1),ResolvedToConcept,CM-1-3-8-1-1,Create and Distribute Bill,stable identifier CM-1-3-8-1-1 carried in mention text,Resolved,emit automatically after subject/target existence checks,target carries its slug; resolves to Create and Distribute Bill,,Q11+Q12,StableIdentifier
CM-1-3-8-1-3,Determine Taxability,Commercial & Marketing,enables,Reconcile And Report Indirect Tax,ResolvedToConcept,CM-1-3-8-4-4,Reconcile And Report Indirect Tax,unique exact preferred-label match,ContextualResolved,emit after mechanical uniqueness validation,unique label match to CM-1-3-8-4-4; no contradicting context,,Q11+Q12,UniquePreferredLabel
CM-1-3-8-1-4,Create Credit Memo,Commercial & Marketing,uses-input,Settle Rebate,ResolvedToConcept,CM-1-3-6-4-3,Settle Rebate,unique exact preferred-label match,ContextualResolved,emit after mechanical uniqueness validation,unique label match to CM-1-3-6-4-3; no contradicting context,,Q11+Q12,UniquePreferredLabel
CM-1-3-8-1-4,Create Credit Memo,Commercial & Marketing,uses-input,Manage Commercial Returns Authorization and Coordination (CM-1-3-7-3-6),ResolvedToConcept,CM-1-3-7-3-6,Manage Commercial Returns Authorization and Coordination,stable identifier CM-1-3-7-3-6 carried in mention text,Resolved,emit automatically after subject/target existence checks,target carries its slug; resolves to Manage Commercial Returns Authorization and Coordination,,Q11+Q12,StableIdentifier
CM-1-3-8-1-4,Create Credit Memo,Commercial & Marketing,uses-input,Manage Receivables Disputes (CM-1-3-8-3-1),ResolvedToConcept,CM-1-3-8-3-1,Manage Receivables Disputes,stable identifier CM-1-3-8-3-1 carried in mention text,Resolved,emit automatically after subject/target existence checks,target carries its slug; resolves to Manage Receivables Disputes,,Q11+Q12,StableIdentifier
CM-1-3-8-1-4,Create Credit Memo,Commercial & Marketing,enables,"Manage Cash Application, A/R & Revenue Accounting",ResolvedToConcept,CM-1-3-8-2,"Manage Cash Application, A/R & Revenue Accounting",unique exact preferred-label match,ContextualResolved,emit after mechanical uniqueness validation,unique label match to CM-1-3-8-2; no contradicting context,,Q11+Q12,UniquePreferredLabel
CM-1-3-8-1-5,"Manage Invoice Exceptions, Reversals, and Rebilling",Commercial & Marketing,follows,Create and Distribute Bill (CM-1-3-8-1-1),ResolvedToConcept,CM-1-3-8-1-1,Create and Distribute Bill,stable identifier CM-1-3-8-1-1 carried in mention text,Resolved,emit automatically after subject/target existence checks,target carries its slug; resolves to Create and Distribute Bill,,Q11+Q12,StableIdentifier
CM-1-3-8-1-5,"Manage Invoice Exceptions, Reversals, and Rebilling",Commercial & Marketing,uses-input,Process Inquiries and Requests,ResolvedToConcept,CM-1-3-7-5-3,Process Inquiries and Requests,unique exact preferred-label match,ContextualResolved,emit after mechanical uniqueness validation,unique label match to CM-1-3-7-5-3; no contradicting context,,Q11+Q12,UniquePreferredLabel
CM-1-3-8-1-5,"Manage Invoice Exceptions, Reversals, and Rebilling",Commercial & Marketing,enables,"Manage Cash Application, A/R & Revenue Accounting",ResolvedToConcept,CM-1-3-8-2,"Manage Cash Application, A/R & Revenue Accounting",unique exact preferred-label match,ContextualResolved,emit after mechanical uniqueness validation,unique label match to CM-1-3-8-2; no contradicting context,,Q11+Q12,UniquePreferredLabel
CM-1-3-8-2-1,Record Customer Receipts and Payment Notifications,Commercial & Marketing,uses-input,Create and Distribute Bill (CM-1-3-8-1-1),ResolvedToConcept,CM-1-3-8-1-1,Create and Distribute Bill,stable identifier CM-1-3-8-1-1 carried in mention text,Resolved,emit automatically after subject/target existence checks,target carries its slug; resolves to Create and Distribute Bill,,Q11+Q12,StableIdentifier
CM-1-3-8-2-1,Record Customer Receipts and Payment Notifications,Commercial & Marketing,precedes,Apply Receipts,ResolvedToConcept,CM-1-3-8-2-3,Apply Receipts,unique exact preferred-label match,ContextualResolved,emit after mechanical uniqueness validation,unique label match to CM-1-3-8-2-3; no contradicting context,,Q11+Q12,UniquePreferredLabel
CM-1-3-8-2-1,Record Customer Receipts and Payment Notifications,Commercial & Marketing,governed-by,"Manage Cash Application, A/R & Revenue Accounting",ResolvedToConcept,CM-1-3-8-2,"Manage Cash Application, A/R & Revenue Accounting",unique exact preferred-label match,ContextualResolved,emit after mechanical uniqueness validation,unique label match to CM-1-3-8-2; no contradicting context,,Q11+Q12,UniquePreferredLabel
CM-1-3-8-2-2,Receive Remittance Advice,Commercial & Marketing,follows,Record Customer Receipts and Payment Notifications (CM-1-3-8-2-1),ResolvedToConcept,CM-1-3-8-2-1,Record Customer Receipts and Payment Notifications,stable identifier CM-1-3-8-2-1 carried in mention text,Resolved,emit automatically after subject/target existence checks,target carries its slug; resolves to Record Customer Receipts and Payment Notifications,,Q11+Q12,StableIdentifier
CM-1-3-8-2-2,Receive Remittance Advice,Commercial & Marketing,precedes,Apply Receipts,ResolvedToConcept,CM-1-3-8-2-3,Apply Receipts,unique exact preferred-label match,ContextualResolved,emit after mechanical uniqueness validation,unique label match to CM-1-3-8-2-3; no contradicting context,,Q11+Q12,UniquePreferredLabel
CM-1-3-8-2-2,Receive Remittance Advice,Commercial & Marketing,uses-input,Manage Customer Portal,ResolvedToConcept,CM-1-3-7-2-6,Manage Customer Portal,unique exact preferred-label match,ContextualResolved,emit after mechanical uniqueness validation,unique label match to CM-1-3-7-2-6; no contradicting context,,Q11+Q12,UniquePreferredLabel
CM-1-3-8-2-3,Apply Receipts,Commercial & Marketing,follows,Receive Remittance Advice,ResolvedToConcept,CM-1-3-8-2-2,Receive Remittance Advice,unique exact preferred-label match,ContextualResolved,emit after mechanical uniqueness validation,unique label match to CM-1-3-8-2-2; no contradicting context,,Q11+Q12,UniquePreferredLabel
CM-1-3-8-2-3,Apply Receipts,Commercial & Marketing,enables,Manage Unapplied Receipts and Exceptions (CM-1-3-8-2-4),ResolvedToConcept,CM-1-3-8-2-4,Manage Unapplied Receipts and Exceptions,stable identifier CM-1-3-8-2-4 carried in mention text,Resolved,emit automatically after subject/target existence checks,target carries its slug; resolves to Manage Unapplied Receipts and Exceptions,,Q11+Q12,StableIdentifier
CM-1-3-8-2-3,Apply Receipts,Commercial & Marketing,enables,Manage Receivables Collections (CM-1-3-8-3-2),ResolvedToConcept,CM-1-3-8-3-2,Manage Receivables Collections,stable identifier CM-1-3-8-3-2 carried in mention text,Resolved,emit automatically after subject/target existence checks,target carries its slug; resolves to Manage Receivables Collections,,Q11+Q12,StableIdentifier
CM-1-3-8-2-4,Manage Unapplied Receipts and Exceptions,Commercial & Marketing,follows,Apply Receipts,ResolvedToConcept,CM-1-3-8-2-3,Apply Receipts,unique exact preferred-label match,ContextualResolved,emit after mechanical uniqueness validation,unique label match to CM-1-3-8-2-3; no contradicting context,,Q11+Q12,UniquePreferredLabel
CM-1-3-8-2-4,Manage Unapplied Receipts and Exceptions,Commercial & Marketing,uses-input,Process Inquiries and Requests,ResolvedToConcept,CM-1-3-7-5-3,Process Inquiries and Requests,unique exact preferred-label match,ContextualResolved,emit after mechanical uniqueness validation,unique label match to CM-1-3-7-5-3; no contradicting context,,Q11+Q12,UniquePreferredLabel
CM-1-3-8-2-4,Manage Unapplied Receipts and Exceptions,Commercial & Marketing,enables,AR Reconciliation / Compliance,ResolvedToConcept,CM-1-3-8-4-2,AR Reconciliation / Compliance,unique exact preferred-label match,ContextualResolved,emit after mechanical uniqueness validation,unique label match to CM-1-3-8-4-2; no contradicting context,,Q11+Q12,UniquePreferredLabel
CM-1-3-8-2-5,"Perform Cash, Acquirer, and Receivables Reconciliations",Commercial & Marketing,uses-input,Manage Credit Card Transactions,ResolvedToConcept,CM-1-3-6-6-14,Manage Credit Card Transactions,unique exact preferred-label match,ContextualResolved,emit after mechanical uniqueness validation,unique label match to CM-1-3-6-6-14; no contradicting context,,Q11+Q12,UniquePreferredLabel
CM-1-3-8-2-5,"Perform Cash, Acquirer, and Receivables Reconciliations",Commercial & Marketing,uses-input,Apply Receipts,ResolvedToConcept,CM-1-3-8-2-3,Apply Receipts,unique exact preferred-label match,ContextualResolved,emit after mechanical uniqueness validation,unique label match to CM-1-3-8-2-3; no contradicting context,,Q11+Q12,UniquePreferredLabel
CM-1-3-8-2-5,"Perform Cash, Acquirer, and Receivables Reconciliations",Commercial & Marketing,enables,AR Reconciliation / Compliance,ResolvedToConcept,CM-1-3-8-4-2,AR Reconciliation / Compliance,unique exact preferred-label match,ContextualResolved,emit after mechanical uniqueness validation,unique label match to CM-1-3-8-4-2; no contradicting context,,Q11+Q12,UniquePreferredLabel
CM-1-3-8-2-6,Perform Revenue Accounting,Commercial & Marketing,uses-input,Create and Distribute Bill (CM-1-3-8-1-1),ResolvedToConcept,CM-1-3-8-1-1,Create and Distribute Bill,stable identifier CM-1-3-8-1-1 carried in mention text,Resolved,emit automatically after subject/target existence checks,target carries its slug; resolves to Create and Distribute Bill,,Q11+Q12,StableIdentifier
CM-1-3-8-2-6,Perform Revenue Accounting,Commercial & Marketing,uses-input,Perform Self-Billing Accounting (CM-1-3-8-1-2),ResolvedToConcept,CM-1-3-8-1-2,Perform Self-Billing Accounting,stable identifier CM-1-3-8-1-2 carried in mention text,Resolved,emit automatically after subject/target existence checks,target carries its slug; resolves to Perform Self-Billing Accounting,,Q11+Q12,StableIdentifier
CM-1-3-8-2-6,Perform Revenue Accounting,Commercial & Marketing,uses-input,Accruals Analysis And Calculation,ResolvedToConcept,CM-1-3-8-4-3,Accruals Analysis And Calculation,unique exact preferred-label match,ContextualResolved,emit after mechanical uniqueness validation,unique label match to CM-1-3-8-4-3; no contradicting context,,Q11+Q12,UniquePreferredLabel
CM-1-3-8-2-6,Perform Revenue Accounting,Commercial & Marketing,enables,Period End Processing,ResolvedToConcept,CM-1-3-8-4-1,Period End Processing,unique exact preferred-label match,ContextualResolved,emit after mechanical uniqueness validation,unique label match to CM-1-3-8-4-1; no contradicting context,,Q11+Q12,UniquePreferredLabel
CM-1-3-8-3-1,Manage Receivables Disputes,Commercial & Marketing,uses-input,Process Inquiries and Requests,ResolvedToConcept,CM-1-3-7-5-3,Process Inquiries and Requests,unique exact preferred-label match,ContextualResolved,emit after mechanical uniqueness validation,unique label match to CM-1-3-7-5-3; no contradicting context,,Q11+Q12,UniquePreferredLabel
CM-1-3-8-3-1,Manage Receivables Disputes,Commercial & Marketing,enables,Create Credit Memo,ResolvedToConcept,CM-1-3-8-1-4,Create Credit Memo,unique exact preferred-label match,ContextualResolved,emit after mechanical uniqueness validation,unique label match to CM-1-3-8-1-4; no contradicting context,,Q11+Q12,UniquePreferredLabel
CM-1-3-8-3-1,Manage Receivables Disputes,Commercial & Marketing,enables,Manage Receivables Collections (CM-1-3-8-3-2),ResolvedToConcept,CM-1-3-8-3-2,Manage Receivables Collections,stable identifier CM-1-3-8-3-2 carried in mention text,Resolved,emit automatically after subject/target existence checks,target carries its slug; resolves to Manage Receivables Collections,,Q11+Q12,StableIdentifier
CM-1-3-8-3-1,Manage Receivables Disputes,Commercial & Marketing,enables,Develop Root-Cause Analyses and Action Plans (CM-1-3-8-3-4),ResolvedToConcept,CM-1-3-8-3-4,Develop Root-Cause Analyses and Action Plans,stable identifier CM-1-3-8-3-4 carried in mention text,Resolved,emit automatically after subject/target existence checks,target carries its slug; resolves to Develop Root-Cause Analyses and Action Plans,,Q11+Q12,StableIdentifier
CM-1-3-8-3-2,Manage Receivables Collections,Commercial & Marketing,uses-input,Apply Receipts,ResolvedToConcept,CM-1-3-8-2-3,Apply Receipts,unique exact preferred-label match,ContextualResolved,emit after mechanical uniqueness validation,unique label match to CM-1-3-8-2-3; no contradicting context,,Q11+Q12,UniquePreferredLabel
CM-1-3-8-3-2,Manage Receivables Collections,Commercial & Marketing,informed-by,Monitor Credit Against Limit,ResolvedToConcept,CM-1-3-7-4-3,Monitor Credit Against Limit,unique exact preferred-label match,ContextualResolved,emit after mechanical uniqueness validation,unique label match to CM-1-3-7-4-3; no contradicting context,,Q11+Q12,UniquePreferredLabel
CM-1-3-8-3-2,Manage Receivables Collections,Commercial & Marketing,uses-input,Manage Card Delinquency and Collections Referral (CM-1-3-6-6-6),ResolvedToConcept,CM-1-3-6-6-6,Manage Card Delinquency and Collections Referral,stable identifier CM-1-3-6-6-6 carried in mention text,Resolved,emit automatically after subject/target existence checks,target carries its slug; resolves to Manage Card Delinquency and Collections Referral,,Q11+Q12,StableIdentifier
CM-1-3-8-3-2,Manage Receivables Collections,Commercial & Marketing,enables,Determine Bad Debt Allowance (CM-1-3-8-3-3),ResolvedToConcept,CM-1-3-8-3-3,Determine Bad Debt Allowance,stable identifier CM-1-3-8-3-3 carried in mention text,Resolved,emit automatically after subject/target existence checks,target carries its slug; resolves to Determine Bad Debt Allowance,,Q11+Q12,StableIdentifier
CM-1-3-8-3-3,Determine Bad Debt Allowance,Commercial & Marketing,uses-input,Analyze Portfolio Credit Risk,ResolvedToConcept,CM-1-3-7-4-4,Analyze Portfolio Credit Risk,unique exact preferred-label match,ContextualResolved,emit after mechanical uniqueness validation,unique label match to CM-1-3-7-4-4; no contradicting context,,Q11+Q12,UniquePreferredLabel
CM-1-3-8-3-3,Determine Bad Debt Allowance,Commercial & Marketing,uses-input,Manage Receivables Collections (CM-1-3-8-3-2),ResolvedToConcept,CM-1-3-8-3-2,Manage Receivables Collections,stable identifier CM-1-3-8-3-2 carried in mention text,Resolved,emit automatically after subject/target existence checks,target carries its slug; resolves to Manage Receivables Collections,,Q11+Q12,StableIdentifier
CM-1-3-8-3-3,Determine Bad Debt Allowance,Commercial & Marketing,enables,Period End Processing,ResolvedToConcept,CM-1-3-8-4-1,Period End Processing,unique exact preferred-label match,ContextualResolved,emit after mechanical uniqueness validation,unique label match to CM-1-3-8-4-1; no contradicting context,,Q11+Q12,UniquePreferredLabel
CM-1-3-8-3-4,Develop Root-Cause Analyses and Action Plans,Commercial & Marketing,uses-input,Manage Receivables Disputes (CM-1-3-8-3-1),ResolvedToConcept,CM-1-3-8-3-1,Manage Receivables Disputes,stable identifier CM-1-3-8-3-1 carried in mention text,Resolved,emit automatically after subject/target existence checks,target carries its slug; resolves to Manage Receivables Disputes,,Q11+Q12,StableIdentifier
CM-1-3-8-3-4,Develop Root-Cause Analyses and Action Plans,Commercial & Marketing,uses-input,"Manage Invoice Exceptions, Reversals, and Rebilling (CM-1-3-8-1-5)",ResolvedToConcept,CM-1-3-8-1-5,"Manage Invoice Exceptions, Reversals, and Rebilling",stable identifier CM-1-3-8-1-5 carried in mention text,Resolved,emit automatically after subject/target existence checks,"target carries its slug; resolves to Manage Invoice Exceptions, Reversals, and Rebilling",,Q11+Q12,StableIdentifier
CM-1-3-8-3-4,Develop Root-Cause Analyses and Action Plans,Commercial & Marketing,enables,Maintain Credit Policies,ResolvedToConcept,CM-1-3-7-4-1,Maintain Credit Policies,unique exact preferred-label match,ContextualResolved,emit after mechanical uniqueness validation,unique label match to CM-1-3-7-4-1; no contradicting context,,Q11+Q12,UniquePreferredLabel
CM-1-3-8-4-1,Period End Processing,Commercial & Marketing,uses-input,Perform Revenue Accounting,ResolvedToConcept,CM-1-3-8-2-6,Perform Revenue Accounting,unique exact preferred-label match,ContextualResolved,emit after mechanical uniqueness validation,unique label match to CM-1-3-8-2-6; no contradicting context,,Q11+Q12,UniquePreferredLabel
CM-1-3-8-4-1,Period End Processing,Commercial & Marketing,uses-input,Determine Bad Debt Allowance (CM-1-3-8-3-3),ResolvedToConcept,CM-1-3-8-3-3,Determine Bad Debt Allowance,stable identifier CM-1-3-8-3-3 carried in mention text,Resolved,emit automatically after subject/target existence checks,target carries its slug; resolves to Determine Bad Debt Allowance,,Q11+Q12,StableIdentifier
CM-1-3-8-4-1,Period End Processing,Commercial & Marketing,uses-input,Accruals Analysis And Calculation,ResolvedToConcept,CM-1-3-8-4-3,Accruals Analysis And Calculation,unique exact preferred-label match,ContextualResolved,emit after mechanical uniqueness validation,unique label match to CM-1-3-8-4-3; no contradicting context,,Q11+Q12,UniquePreferredLabel
CM-1-3-8-4-1,Period End Processing,Commercial & Marketing,enables,AR Reconciliation / Compliance,ResolvedToConcept,CM-1-3-8-4-2,AR Reconciliation / Compliance,unique exact preferred-label match,ContextualResolved,emit after mechanical uniqueness validation,unique label match to CM-1-3-8-4-2; no contradicting context,,Q11+Q12,UniquePreferredLabel
CM-1-3-8-4-2,AR Reconciliation / Compliance,Commercial & Marketing,uses-input,"Perform Cash, Acquirer, and Receivables Reconciliations (CM-1-3-8-2-5)",ResolvedToConcept,CM-1-3-8-2-5,"Perform Cash, Acquirer, and Receivables Reconciliations",stable identifier CM-1-3-8-2-5 carried in mention text,Resolved,emit automatically after subject/target existence checks,"target carries its slug; resolves to Perform Cash, Acquirer, and Receivables Reconciliations",,Q11+Q12,StableIdentifier
CM-1-3-8-4-2,AR Reconciliation / Compliance,Commercial & Marketing,uses-input,Manage Unapplied Receipts and Exceptions (CM-1-3-8-2-4),ResolvedToConcept,CM-1-3-8-2-4,Manage Unapplied Receipts and Exceptions,stable identifier CM-1-3-8-2-4 carried in mention text,Resolved,emit automatically after subject/target existence checks,target carries its slug; resolves to Manage Unapplied Receipts and Exceptions,,Q11+Q12,StableIdentifier
CM-1-3-8-4-2,AR Reconciliation / Compliance,Commercial & Marketing,enables,Period End Processing,ResolvedToConcept,CM-1-3-8-4-1,Period End Processing,unique exact preferred-label match,ContextualResolved,emit after mechanical uniqueness validation,unique label match to CM-1-3-8-4-1; no contradicting context,,Q11+Q12,UniquePreferredLabel
CM-1-3-8-4-3,Accruals Analysis And Calculation,Commercial & Marketing,uses-input,Settle Rebate,ResolvedToConcept,CM-1-3-6-4-3,Settle Rebate,unique exact preferred-label match,ContextualResolved,emit after mechanical uniqueness validation,unique label match to CM-1-3-6-4-3; no contradicting context,,Q11+Q12,UniquePreferredLabel
CM-1-3-8-4-3,Accruals Analysis And Calculation,Commercial & Marketing,uses-input,Manage Brand Loyalty Programs,ResolvedToConcept,CM-1-3-6-6-15,Manage Brand Loyalty Programs,unique exact preferred-label match,ContextualResolved,emit after mechanical uniqueness validation,unique label match to CM-1-3-6-6-15; no contradicting context,,Q11+Q12,UniquePreferredLabel
CM-1-3-8-4-3,Accruals Analysis And Calculation,Commercial & Marketing,enables,Perform Revenue Accounting,ResolvedToConcept,CM-1-3-8-2-6,Perform Revenue Accounting,unique exact preferred-label match,ContextualResolved,emit after mechanical uniqueness validation,unique label match to CM-1-3-8-2-6; no contradicting context,,Q11+Q12,UniquePreferredLabel
CM-1-3-8-4-3,Accruals Analysis And Calculation,Commercial & Marketing,enables,Period End Processing,ResolvedToConcept,CM-1-3-8-4-1,Period End Processing,unique exact preferred-label match,ContextualResolved,emit after mechanical uniqueness validation,unique label match to CM-1-3-8-4-1; no contradicting context,,Q11+Q12,UniquePreferredLabel
CM-1-3-8-4-4,Reconcile And Report Indirect Tax,Commercial & Marketing,uses-input,Determine Taxability,ResolvedToConcept,CM-1-3-8-4-5,Determine Taxability,source and candidate share parent CM-1-3-8-4 (same decomposition pattern) — sibling review package: APPROVED,ContextualInferredSibling,emit: approved pattern row; subject to promotion-script exact-row guards,sibling-step inference within CM-1-3-8-4 — held for human review,revalidate if either concept is renamed/reparented,Q12,ApprovedSiblingTaxability
CM-1-3-8-4-4,Reconcile And Report Indirect Tax,Commercial & Marketing,uses-input,Maintain Tax Master Data,ResolvedToConcept,CM-1-3-7-1-4,Maintain Tax Master Data,unique exact preferred-label match,ContextualResolved,emit after mechanical uniqueness validation,unique label match to CM-1-3-7-1-4; no contradicting context,,Q11+Q12,UniquePreferredLabel
CM-1-3-8-4-4,Reconcile And Report Indirect Tax,Commercial & Marketing,enables,Period End Processing,ResolvedToConcept,CM-1-3-8-4-1,Period End Processing,unique exact preferred-label match,ContextualResolved,emit after mechanical uniqueness validation,unique label match to CM-1-3-8-4-1; no contradicting context,,Q11+Q12,UniquePreferredLabel
CM-1-3-8-4-5,Determine Taxability,Commercial & Marketing,enables,Maintain Tax Master Data,ResolvedToConcept,CM-1-3-7-1-4,Maintain Tax Master Data,unique exact preferred-label match,ContextualResolved,emit after mechanical uniqueness validation,unique label match to CM-1-3-7-1-4; no contradicting context,,Q11+Q12,UniquePreferredLabel
CM-1-3-8-4-5,Determine Taxability,Commercial & Marketing,uses-input,Reconcile And Report Indirect Tax,ResolvedToConcept,CM-1-3-8-4-4,Reconcile And Report Indirect Tax,unique exact preferred-label match,ContextualResolved,emit after mechanical uniqueness validation,unique label match to CM-1-3-8-4-4; no contradicting context,,Q11+Q12,UniquePreferredLabel
CM-1-3-8-4-5,Determine Taxability,Commercial & Marketing,governed-by,"Manage Accounting, Regulatory Reporting and Compliance",ResolvedToConcept,CM-1-3-8-4,"Manage Accounting, Regulatory Reporting and Compliance",unique exact preferred-label match,ContextualResolved,emit after mechanical uniqueness validation,unique label match to CM-1-3-8-4; no contradicting context,,Q11+Q12,UniquePreferredLabel
CM-1-3-8-4-6,Manage Intercompany Invoicing,Commercial & Marketing,governed-by,"Manage Accounting, Regulatory Reporting and Compliance",ResolvedToConcept,CM-1-3-8-4,"Manage Accounting, Regulatory Reporting and Compliance",unique exact preferred-label match,ContextualResolved,emit after mechanical uniqueness validation,unique label match to CM-1-3-8-4; no contradicting context,,Q11+Q12,UniquePreferredLabel
CM-1-3-8-4-6,Manage Intercompany Invoicing,Commercial & Marketing,enables,Period End Processing,ResolvedToConcept,CM-1-3-8-4-1,Period End Processing,unique exact preferred-label match,ContextualResolved,emit after mechanical uniqueness validation,unique label match to CM-1-3-8-4-1; no contradicting context,,Q11+Q12,UniquePreferredLabel
CM-1-3-8-4-6,Manage Intercompany Invoicing,Commercial & Marketing,uses-input,Manage Fulfillment,ResolvedToConcept,CM-1-3-7-3-4,Manage Fulfillment,unique exact preferred-label match,ContextualResolved,emit after mechanical uniqueness validation,unique label match to CM-1-3-7-3-4; no contradicting context,,Q11+Q12,UniquePreferredLabel
CM-1-3-8-4-7,"Administer Royalty, Brand Fee, and Contribution Streams",Commercial & Marketing,uses-input,Conduct Commercial Audit to Validate Reported Sales (CM-1-3-6-8-1),ResolvedToConcept,CM-1-3-6-8-1,Conduct Commercial Audit to Validate Reported Sales,stable identifier CM-1-3-6-8-1 carried in mention text,Resolved,emit automatically after subject/target existence checks,target carries its slug; resolves to Conduct Commercial Audit to Validate Reported Sales,,Q11+Q12,StableIdentifier
CM-1-3-8-4-7,"Administer Royalty, Brand Fee, and Contribution Streams",Commercial & Marketing,uses-input,Report Franchise Performance,ResolvedToConcept,CM-1-3-6-1-3,Report Franchise Performance,unique exact preferred-label match,ContextualResolved,emit after mechanical uniqueness validation,unique label match to CM-1-3-6-1-3; no contradicting context,,Q11+Q12,UniquePreferredLabel
CM-1-3-8-4-7,"Administer Royalty, Brand Fee, and Contribution Streams",Commercial & Marketing,enables,Create and Distribute Bill (CM-1-3-8-1-1),ResolvedToConcept,CM-1-3-8-1-1,Create and Distribute Bill,stable identifier CM-1-3-8-1-1 carried in mention text,Resolved,emit automatically after subject/target existence checks,target carries its slug; resolves to Create and Distribute Bill,,Q11+Q12,StableIdentifier
CM-1-3-8-4-7,"Administer Royalty, Brand Fee, and Contribution Streams",Commercial & Marketing,enables,Period End Processing,ResolvedToConcept,CM-1-3-8-4-1,Period End Processing,unique exact preferred-label match,ContextualResolved,emit after mechanical uniqueness validation,unique label match to CM-1-3-8-4-1; no contradicting context,,Q11+Q12,UniquePreferredLabel
CM-1-3-9-1-1,Define Operating Model,Commercial & Marketing,enables,Manage Service Operations (CM-1-3-9-1-2),ResolvedToConcept,CM-1-3-9-1-2,Manage Service Operations,stable identifier CM-1-3-9-1-2 carried in mention text,Resolved,emit automatically after subject/target existence checks,target carries its slug; resolves to Manage Service Operations,,Q11+Q12,StableIdentifier
CM-1-3-9-1-1,Define Operating Model,Commercial & Marketing,governed-by,Service & Support Enablement,ResolvedToConcept,CM-1-3-9-1,Service & Support Enablement,unique exact preferred-label match,ContextualResolved,emit after mechanical uniqueness validation,unique label match to CM-1-3-9-1; no contradicting context,,Q11+Q12,UniquePreferredLabel
CM-1-3-9-1-2,Manage Service Operations,Commercial & Marketing,uses-input,Define Operating Model,ResolvedToConcept,CM-1-3-9-1-1,Define Operating Model,unique exact preferred-label match,ContextualResolved,emit after mechanical uniqueness validation,unique label match to CM-1-3-9-1-1; no contradicting context,,Q11+Q12,UniquePreferredLabel
CM-1-3-9-1-2,Manage Service Operations,Commercial & Marketing,uses-input,Manage Customer Requests and Inquiries,ResolvedToConcept,CM-1-3-7-5,Manage Customer Requests and Inquiries,unique exact preferred-label match,ContextualResolved,emit after mechanical uniqueness validation,unique label match to CM-1-3-7-5; no contradicting context,,Q11+Q12,UniquePreferredLabel
CM-1-3-9-1-2,Manage Service Operations,Commercial & Marketing,enables,Fulfill Service Events (CM-1-3-9-2-3),ResolvedToConcept,CM-1-3-9-2-3,Fulfill Service Events,stable identifier CM-1-3-9-2-3 carried in mention text,Resolved,emit automatically after subject/target existence checks,target carries its slug; resolves to Fulfill Service Events,,Q11+Q12,StableIdentifier
CM-1-3-9-1-3,Manage Service Employees,Commercial & Marketing,uses-input,Manage Service Operations (CM-1-3-9-1-2),ResolvedToConcept,CM-1-3-9-1-2,Manage Service Operations,stable identifier CM-1-3-9-1-2 carried in mention text,Resolved,emit automatically after subject/target existence checks,target carries its slug; resolves to Manage Service Operations,,Q11+Q12,StableIdentifier
CM-1-3-9-1-3,Manage Service Employees,Commercial & Marketing,governed-by,Service & Support Enablement,ResolvedToConcept,CM-1-3-9-1,Service & Support Enablement,unique exact preferred-label match,ContextualResolved,emit after mechanical uniqueness validation,unique label match to CM-1-3-9-1; no contradicting context,,Q11+Q12,UniquePreferredLabel
CM-1-3-9-1-4,Manage Facilities,Commercial & Marketing,governed-by,Service & Support Enablement,ResolvedToConcept,CM-1-3-9-1,Service & Support Enablement,unique exact preferred-label match,ContextualResolved,emit after mechanical uniqueness validation,unique label match to CM-1-3-9-1; no contradicting context,,Q11+Q12,UniquePreferredLabel
CM-1-3-9-1-4,Manage Facilities,Commercial & Marketing,enables,Manage Service Operations (CM-1-3-9-1-2),ResolvedToConcept,CM-1-3-9-1-2,Manage Service Operations,stable identifier CM-1-3-9-1-2 carried in mention text,Resolved,emit automatically after subject/target existence checks,target carries its slug; resolves to Manage Service Operations,,Q11+Q12,StableIdentifier
CM-1-3-9-1-5,Manage Technology,Commercial & Marketing,uses-input,Define Operating Model,ResolvedToConcept,CM-1-3-9-1-1,Define Operating Model,unique exact preferred-label match,ContextualResolved,emit after mechanical uniqueness validation,unique label match to CM-1-3-9-1-1; no contradicting context,,Q11+Q12,UniquePreferredLabel
CM-1-3-9-1-5,Manage Technology,Commercial & Marketing,governed-by,Service & Support Enablement,ResolvedToConcept,CM-1-3-9-1,Service & Support Enablement,unique exact preferred-label match,ContextualResolved,emit after mechanical uniqueness validation,unique label match to CM-1-3-9-1; no contradicting context,,Q11+Q12,UniquePreferredLabel
CM-1-3-9-1-6,Manage Contact Center,Commercial & Marketing,enables,Process Inquiries and Requests,ResolvedToConcept,CM-1-3-7-5-3,Process Inquiries and Requests,unique exact preferred-label match,ContextualResolved,emit after mechanical uniqueness validation,unique label match to CM-1-3-7-5-3; no contradicting context,,Q11+Q12,UniquePreferredLabel
CM-1-3-9-1-6,Manage Contact Center,Commercial & Marketing,uses-input,Manage Service Operations (CM-1-3-9-1-2),ResolvedToConcept,CM-1-3-9-1-2,Manage Service Operations,stable identifier CM-1-3-9-1-2 carried in mention text,Resolved,emit automatically after subject/target existence checks,target carries its slug; resolves to Manage Service Operations,,Q11+Q12,StableIdentifier
CM-1-3-9-2-1,Manage Service Delivery Data,Commercial & Marketing,enables,Fulfill Service Events (CM-1-3-9-2-3),ResolvedToConcept,CM-1-3-9-2-3,Fulfill Service Events,stable identifier CM-1-3-9-2-3 carried in mention text,Resolved,emit automatically after subject/target existence checks,target carries its slug; resolves to Fulfill Service Events,,Q11+Q12,StableIdentifier
CM-1-3-9-2-1,Manage Service Delivery Data,Commercial & Marketing,uses-input,Maintain Customer and Commercial Account Master Data (CM-1-3-7-1-1),ResolvedToConcept,CM-1-3-7-1-1,Maintain Customer and Commercial Account Master Data,stable identifier CM-1-3-7-1-1 carried in mention text,Resolved,emit automatically after subject/target existence checks,target carries its slug; resolves to Maintain Customer and Commercial Account Master Data,,Q11+Q12,StableIdentifier
CM-1-3-9-2-2,Manage Customer Interactions in Service Delivery,Commercial & Marketing,follows,Process Inquiries and Requests,ResolvedToConcept,CM-1-3-7-5-3,Process Inquiries and Requests,unique exact preferred-label match,ContextualResolved,emit after mechanical uniqueness validation,unique label match to CM-1-3-7-5-3; no contradicting context,,Q11+Q12,UniquePreferredLabel
CM-1-3-9-2-2,Manage Customer Interactions in Service Delivery,Commercial & Marketing,enables,Fulfill Service Events (CM-1-3-9-2-3),ResolvedToConcept,CM-1-3-9-2-3,Fulfill Service Events,stable identifier CM-1-3-9-2-3 carried in mention text,Resolved,emit automatically after subject/target existence checks,target carries its slug; resolves to Fulfill Service Events,,Q11+Q12,StableIdentifier
CM-1-3-9-2-3,Fulfill Service Events,Commercial & Marketing,follows,Manage Customer Interactions in Service Delivery (CM-1-3-9-2-2),ResolvedToConcept,CM-1-3-9-2-2,Manage Customer Interactions in Service Delivery,stable identifier CM-1-3-9-2-2 carried in mention text,Resolved,emit automatically after subject/target existence checks,target carries its slug; resolves to Manage Customer Interactions in Service Delivery,,Q11+Q12,StableIdentifier
CM-1-3-9-2-3,Fulfill Service Events,Commercial & Marketing,enables,Create and Distribute Bill (CM-1-3-8-1-1),ResolvedToConcept,CM-1-3-8-1-1,Create and Distribute Bill,stable identifier CM-1-3-8-1-1 carried in mention text,Resolved,emit automatically after subject/target existence checks,target carries its slug; resolves to Create and Distribute Bill,,Q11+Q12,StableIdentifier
CM-1-3-9-2-3,Fulfill Service Events,Commercial & Marketing,enables,Process Inquiries and Requests,ResolvedToConcept,CM-1-3-7-5-3,Process Inquiries and Requests,unique exact preferred-label match,ContextualResolved,emit after mechanical uniqueness validation,unique label match to CM-1-3-7-5-3; no contradicting context,,Q11+Q12,UniquePreferredLabel
CM-1-3-9-3-1,Measure Service Infrastructure,Commercial & Marketing,enables,Manage Technology,ResolvedToConcept,CM-1-3-9-1-5,Manage Technology,unique exact preferred-label match,ContextualResolved,emit after mechanical uniqueness validation,unique label match to CM-1-3-9-1-5; no contradicting context,,Q11+Q12,UniquePreferredLabel
CM-1-3-9-3-1,Measure Service Infrastructure,Commercial & Marketing,enables,Manage Contact Center,ResolvedToConcept,CM-1-3-9-1-6,Manage Contact Center,unique exact preferred-label match,ContextualResolved,emit after mechanical uniqueness validation,unique label match to CM-1-3-9-1-6; no contradicting context,,Q11+Q12,UniquePreferredLabel
CM-1-3-9-3-2,Measure Service Workforce Performance,Commercial & Marketing,enables,Manage Service Employees,ResolvedToConcept,CM-1-3-9-1-3,Manage Service Employees,unique exact preferred-label match,ContextualResolved,emit after mechanical uniqueness validation,unique label match to CM-1-3-9-1-3; no contradicting context,,Q11+Q12,UniquePreferredLabel
CM-1-3-9-3-2,Measure Service Workforce Performance,Commercial & Marketing,uses-input,Manage Service Operations (CM-1-3-9-1-2),ResolvedToConcept,CM-1-3-9-1-2,Manage Service Operations,stable identifier CM-1-3-9-1-2 carried in mention text,Resolved,emit automatically after subject/target existence checks,target carries its slug; resolves to Manage Service Operations,,Q11+Q12,StableIdentifier
CM-1-3-9-3-3,Measure Service Effectiveness,Commercial & Marketing,uses-input,Perform Customer Follow-Up (CM-1-3-7-5-4),ResolvedToConcept,CM-1-3-7-5-4,Perform Customer Follow-Up,stable identifier CM-1-3-7-5-4 carried in mention text,Resolved,emit automatically after subject/target existence checks,target carries its slug; resolves to Perform Customer Follow-Up,,Q11+Q12,StableIdentifier
CM-1-3-9-3-3,Measure Service Effectiveness,Commercial & Marketing,enables,Define Operating Model,ResolvedToConcept,CM-1-3-9-1-1,Define Operating Model,unique exact preferred-label match,ContextualResolved,emit after mechanical uniqueness validation,unique label match to CM-1-3-9-1-1; no contradicting context,,Q11+Q12,UniquePreferredLabel
CM-1-3-6-8,Commercial Agreement Compliance Management,Commercial & Marketing,enables,"Administer Royalty, Brand Fee, and Contribution Streams (CM-1-3-8-4-7)",ResolvedToConcept,CM-1-3-8-4-7,"Administer Royalty, Brand Fee, and Contribution Streams",stable identifier CM-1-3-8-4-7 carried in mention text,Resolved,emit automatically after subject/target existence checks,"target carries its slug; resolves to Administer Royalty, Brand Fee, and Contribution Streams",,Q11+Q12,StableIdentifier
CM-1-3-6-8,Commercial Agreement Compliance Management,Commercial & Marketing,informed-by,Report Franchise Performance,ResolvedToConcept,CM-1-3-6-1-3,Report Franchise Performance,unique exact preferred-label match,ContextualResolved,emit after mechanical uniqueness validation,unique label match to CM-1-3-6-1-3; no contradicting context,,Q11+Q12,UniquePreferredLabel
CM-1-3-6-8,Commercial Agreement Compliance Management,Commercial & Marketing,enables,Plan Budgets,ResolvedToConcept,CM-1-1-4-6-2,Plan Budgets,unique exact preferred-label match,ContextualResolved,emit after mechanical uniqueness validation,unique label match to CM-1-1-4-6-2; no contradicting context,,Q11+Q12,UniquePreferredLabel
CM-1-3-6-8,Commercial Agreement Compliance Management,Commercial & Marketing,enables,Coordinate Site Business Risk Management,ResolvedToConcept,CM-1-1-4-6-3,Coordinate Site Business Risk Management,unique exact preferred-label match,ContextualResolved,emit after mechanical uniqueness validation,unique label match to CM-1-1-4-6-3; no contradicting context,,Q11+Q12,UniquePreferredLabel
CM-1-2-5-4,Crude/Feed Supply Management,Commercial & Marketing,enables,Develop Feedstock Demand,ResolvedToConcept,CM-1-2-5-2-2,Develop Feedstock Demand,unique exact preferred-label match,ContextualResolved,emit after mechanical uniqueness validation,unique label match to CM-1-2-5-2-2; no contradicting context,,Q11+Q12,UniquePreferredLabel
CM-1-2-5-4,Crude/Feed Supply Management,Commercial & Marketing,informed-by,Crude/Feed Transportation Management,ResolvedToConcept,CM-1-2-5-3,Crude/Feed Transportation Management,unique exact preferred-label match,ContextualResolved,emit after mechanical uniqueness validation,unique label match to CM-1-2-5-3; no contradicting context,,Q11+Q12,UniquePreferredLabel
CM-1-2-5-4,Crude/Feed Supply Management,Commercial & Marketing,assures,Crude/Feed Demand Management,ResolvedToConcept,CM-1-2-5-2,Crude/Feed Demand Management,unique exact preferred-label match,ContextualResolved,emit after mechanical uniqueness validation,unique label match to CM-1-2-5-2; no contradicting context,,Q11+Q12,UniquePreferredLabel
CM-1-3-2-4,Sales & Distribution Channel Strategy,Commercial & Marketing,informed-by,Marketing Insight and Metrics Stewardship (CM-1-3-1-6),ResolvedToConcept,CM-1-3-1-6,Marketing Insight and Metrics Stewardship,stable identifier CM-1-3-1-6 carried in mention text,Resolved,emit automatically after subject/target existence checks,target carries its slug; resolves to Marketing Insight and Metrics Stewardship,,Q11+Q12,StableIdentifier
CM-1-3-2-4,Sales & Distribution Channel Strategy,Commercial & Marketing,enables,Sales & Distribution Channel Design,ResolvedToConcept,CM-1-3-3-3,Sales & Distribution Channel Design,unique exact preferred-label match,ContextualResolved,emit after mechanical uniqueness validation,unique label match to CM-1-3-3-3; no contradicting context,,Q11+Q12,UniquePreferredLabel
CM-1-3-2-4,Sales & Distribution Channel Strategy,Commercial & Marketing,enables,Channel & Partner Management,ResolvedToConcept,CM-1-3-6-1,Channel & Partner Management,unique exact preferred-label match,ContextualResolved,emit after mechanical uniqueness validation,unique label match to CM-1-3-6-1; no contradicting context,,Q11+Q12,UniquePreferredLabel
CM-1-3-6-3,Sales Pricing Management,Commercial & Marketing,informed-by,Pricing Strategy Management,ResolvedToConcept,CM-1-3-3-2,Pricing Strategy Management,unique exact preferred-label match,ContextualResolved,emit after mechanical uniqueness validation,unique label match to CM-1-3-3-2; no contradicting context,,Q11+Q12,UniquePreferredLabel
CM-1-3-6-3,Sales Pricing Management,Commercial & Marketing,enables,Sales Execution,ResolvedToConcept,CM-1-3-6-2,Sales Execution,unique exact preferred-label match,ContextualResolved,emit after mechanical uniqueness validation,unique label match to CM-1-3-6-2; no contradicting context,,Q11+Q12,UniquePreferredLabel
CM-1-3-6-3,Sales Pricing Management,Commercial & Marketing,enables,Analyze Pricing Performance,ResolvedToConcept,CM-1-3-3-2-3,Analyze Pricing Performance,unique exact preferred-label match,ContextualResolved,emit after mechanical uniqueness validation,unique label match to CM-1-3-3-2-3; no contradicting context,,Q11+Q12,UniquePreferredLabel
CM-1-3-6-7,Brand Standard Management,Commercial & Marketing,governed-by,Manage Licensing & IP,ResolvedToConcept,CM-1-3-4-4,Manage Licensing & IP,unique exact preferred-label match,ContextualResolved,emit after mechanical uniqueness validation,unique label match to CM-1-3-4-4; no contradicting context,,Q11+Q12,UniquePreferredLabel
CM-1-3-6-7,Brand Standard Management,Commercial & Marketing,uses-input,Manage Relationship with License Brand Providers,ResolvedToConcept,CM-1-3-6-1-2,Manage Relationship with License Brand Providers,unique exact preferred-label match,ContextualResolved,emit after mechanical uniqueness validation,unique label match to CM-1-3-6-1-2; no contradicting context,,Q11+Q12,UniquePreferredLabel
CM-1-3-6-7,Brand Standard Management,Commercial & Marketing,enables,Ensure Card Design Compliance,ResolvedToConcept,CM-1-3-6-6-8,Ensure Card Design Compliance,unique exact preferred-label match,ContextualResolved,emit after mechanical uniqueness validation,unique label match to CM-1-3-6-6-8; no contradicting context,,Q11+Q12,UniquePreferredLabel
CM-1-1-3-5,Product Scheduling,Commercial & Marketing,informed-by,Regional Optimization,ResolvedToConcept,CM-1-1-2,Regional Optimization,unique exact preferred-label match,ContextualResolved,emit after mechanical uniqueness validation,unique label match to CM-1-1-2; no contradicting context,,Q11+Q12,UniquePreferredLabel
CM-1-1-3-5,Product Scheduling,Commercial & Marketing,precedes,Physical Distribution Scheduling,ResolvedToConcept,CM-1-1-3-6,Physical Distribution Scheduling,unique exact preferred-label match,ContextualResolved,emit after mechanical uniqueness validation,unique label match to CM-1-1-3-6; no contradicting context,,Q11+Q12,UniquePreferredLabel
CM-1-1-3-5,Product Scheduling,Commercial & Marketing,uses-input,Monitor and Control Inventory Positions (CM-1-1-3-7-12),ResolvedToConcept,CM-1-1-3-7-12,Monitor and Control Inventory Positions,stable identifier CM-1-1-3-7-12 carried in mention text,Resolved,emit automatically after subject/target existence checks,target carries its slug; resolves to Monitor and Control Inventory Positions,,Q11+Q12,StableIdentifier
CM-1-1-7-1,Daily Execution Planning,Commercial & Marketing,follows,Production Scheduling,ResolvedToConcept,CM-1-1-7-2,Production Scheduling,unique exact preferred-label match,ContextualResolved,emit after mechanical uniqueness validation,unique label match to CM-1-1-7-2; no contradicting context,,Q11+Q12,UniquePreferredLabel
CM-1-1-7-1,Daily Execution Planning,Commercial & Marketing,enables,Regional Backcasting,ResolvedToConcept,CM-1-1-5,Regional Backcasting,unique exact preferred-label match,ContextualResolved,emit after mechanical uniqueness validation,unique label match to CM-1-1-5; no contradicting context,,Q11+Q12,UniquePreferredLabel
CM-1-1-7-3,Energy & Utility Management,Commercial & Marketing,informed-by,Production Scheduling,ResolvedToConcept,CM-1-1-7-2,Production Scheduling,unique exact preferred-label match,ContextualResolved,emit after mechanical uniqueness validation,unique label match to CM-1-1-7-2; no contradicting context,,Q11+Q12,UniquePreferredLabel
CM-1-1-7-3,Energy & Utility Management,Commercial & Marketing,enables,Daily Execution Planning,ResolvedToConcept,CM-1-1-7-1,Daily Execution Planning,unique exact preferred-label match,ContextualResolved,emit after mechanical uniqueness validation,unique label match to CM-1-1-7-1; no contradicting context,,Q11+Q12,UniquePreferredLabel
CM-1-2-5-2,Crude/Feed Demand Management,Commercial & Marketing,informed-by,Refinery Planning,ResolvedToConcept,CM-1-1-4,Refinery Planning,unique exact preferred-label match,ContextualResolved,emit after mechanical uniqueness validation,unique label match to CM-1-1-4; no contradicting context,,Q11+Q12,UniquePreferredLabel
CM-1-2-5-2,Crude/Feed Demand Management,Commercial & Marketing,enables,Trading Management,ResolvedToConcept,CM-1-2-1,Trading Management,unique exact preferred-label match,ContextualResolved,emit after mechanical uniqueness validation,unique label match to CM-1-2-1; no contradicting context,,Q11+Q12,UniquePreferredLabel
CM-1-2-5-2,Crude/Feed Demand Management,Commercial & Marketing,uses-input,Crude/Feed Quality Management,ResolvedToConcept,CM-1-2-5-1,Crude/Feed Quality Management,unique exact preferred-label match,ContextualResolved,emit after mechanical uniqueness validation,unique label match to CM-1-2-5-1; no contradicting context,,Q11+Q12,UniquePreferredLabel
CM-1-2-5-3,Crude/Feed Transportation Management,Commercial & Marketing,follows,Coordinate Feedstock Trading,ResolvedToConcept,CM-1-2-5-2-1,Coordinate Feedstock Trading,unique exact preferred-label match,ContextualResolved,emit after mechanical uniqueness validation,unique label match to CM-1-2-5-2-1; no contradicting context,,Q11+Q12,UniquePreferredLabel
CM-1-2-5-3,Crude/Feed Transportation Management,Commercial & Marketing,uses-input,Manage Carrier Contracts,ResolvedToConcept,CM-1-2-1-2-9,Manage Carrier Contracts,unique exact preferred-label match,ContextualResolved,emit after mechanical uniqueness validation,unique label match to CM-1-2-1-2-9; no contradicting context,,Q11+Q12,UniquePreferredLabel
CM-1-2-5-3,Crude/Feed Transportation Management,Commercial & Marketing,precedes,Actualizations,AmbiguousDeferred,CM-1-2-3 | CM-1-2-3-1,Actualizations | Actualizations,exact label matches multiple concepts; no single contextual target,Deferred,no triple; retain candidates + review trigger,label collision across 2 concepts; source context does not isolate one,label remediation or domain-owner clarification,Q12,AmbiguousDeferred
CM-1-2-6-1,Supply Network Participation Analysis,Commercial & Marketing,enables,Regional Optimization,ResolvedToConcept,CM-1-1-2,Regional Optimization,unique exact preferred-label match,ContextualResolved,emit after mechanical uniqueness validation,unique label match to CM-1-1-2; no contradicting context,,Q11+Q12,UniquePreferredLabel
CM-1-2-6-1,Supply Network Participation Analysis,Commercial & Marketing,informed-by,Assess Cost-to-Serve Performance,ResolvedToConcept,CM-1-2-6-1-3,Assess Cost-to-Serve Performance,unique exact preferred-label match,ContextualResolved,emit after mechanical uniqueness validation,unique label match to CM-1-2-6-1-3; no contradicting context,,Q11+Q12,UniquePreferredLabel
CM-1-2-6-1,Supply Network Participation Analysis,Commercial & Marketing,enables,Refined Product Demand Management,ResolvedToConcept,CM-1-2-6-2,Refined Product Demand Management,unique exact preferred-label match,ContextualResolved,emit after mechanical uniqueness validation,unique label match to CM-1-2-6-2; no contradicting context,,Q11+Q12,UniquePreferredLabel
CM-1-2-6-2,Refined Product Demand Management,Commercial & Marketing,uses-input,Produce Demand Forecast (CM-1-1-1-1),ResolvedToConcept,CM-1-1-1-1,Produce Demand Forecast,stable identifier CM-1-1-1-1 carried in mention text,Resolved,emit automatically after subject/target existence checks,target carries its slug; resolves to Produce Demand Forecast,,Q11+Q12,StableIdentifier
CM-1-2-6-2,Refined Product Demand Management,Commercial & Marketing,enables,Supply Operations,ResolvedToConcept,CM-1-2-6-3,Supply Operations,unique exact preferred-label match,ContextualResolved,emit after mechanical uniqueness validation,unique label match to CM-1-2-6-3; no contradicting context,,Q11+Q12,UniquePreferredLabel
CM-1-2-6-2,Refined Product Demand Management,Commercial & Marketing,enables,Coordinate Product Trading,ResolvedToConcept,CM-1-1-3-5-2,Coordinate Product Trading,unique exact preferred-label match,ContextualResolved,emit after mechanical uniqueness validation,unique label match to CM-1-1-3-5-2; no contradicting context,,Q11+Q12,UniquePreferredLabel
CM-1-2-6-3,Supply Operations,Commercial & Marketing,uses-input,Refined Product Demand Management,ResolvedToConcept,CM-1-2-6-2,Refined Product Demand Management,unique exact preferred-label match,ContextualResolved,emit after mechanical uniqueness validation,unique label match to CM-1-2-6-2; no contradicting context,,Q11+Q12,UniquePreferredLabel
CM-1-2-6-3,Supply Operations,Commercial & Marketing,uses-input,Manage Inventory Replenishment,ResolvedToConcept,CM-1-1-3-7-9,Manage Inventory Replenishment,unique exact preferred-label match,ContextualResolved,emit after mechanical uniqueness validation,unique label match to CM-1-1-3-7-9; no contradicting context,,Q11+Q12,UniquePreferredLabel
CM-1-2-6-3,Supply Operations,Commercial & Marketing,precedes,Physical Distribution Scheduling,ResolvedToConcept,CM-1-1-3-6,Physical Distribution Scheduling,unique exact preferred-label match,ContextualResolved,emit after mechanical uniqueness validation,unique label match to CM-1-1-3-6; no contradicting context,,Q11+Q12,UniquePreferredLabel
CM-1-2-7-1,Contractual Agreements Management,Commercial & Marketing,enables,Manage Refined Product Exchanges,ResolvedToConcept,CM-1-2-6-2-2,Manage Refined Product Exchanges,unique exact preferred-label match,ContextualResolved,emit after mechanical uniqueness validation,unique label match to CM-1-2-6-2-2; no contradicting context,,Q11+Q12,UniquePreferredLabel
CM-1-2-7-1,Contractual Agreements Management,Commercial & Marketing,enables,Supply Operations,ResolvedToConcept,CM-1-2-6-3,Supply Operations,unique exact preferred-label match,ContextualResolved,emit after mechanical uniqueness validation,unique label match to CM-1-2-6-3; no contradicting context,,Q11+Q12,UniquePreferredLabel
CM-1-2-7-1,Contractual Agreements Management,Commercial & Marketing,informed-by,Contract Management,ResolvedToConcept,CM-1-2-1-2,Contract Management,unique exact preferred-label match,ContextualResolved,emit after mechanical uniqueness validation,unique label match to CM-1-2-1-2; no contradicting context,,Q11+Q12,UniquePreferredLabel
CM-1-2-7-2,Terminal Operations Management,Commercial & Marketing,enables,Secondary Distribution Management,ResolvedToConcept,CM-1-1-3-8,Secondary Distribution Management,unique exact preferred-label match,ContextualResolved,emit after mechanical uniqueness validation,unique label match to CM-1-1-3-8; no contradicting context,,Q11+Q12,UniquePreferredLabel
CM-1-2-7-2,Terminal Operations Management,Commercial & Marketing,enables,Supply Operations,ResolvedToConcept,CM-1-2-6-3,Supply Operations,unique exact preferred-label match,ContextualResolved,emit after mechanical uniqueness validation,unique label match to CM-1-2-6-3; no contradicting context,,Q11+Q12,UniquePreferredLabel
CM-1-2-7-2,Terminal Operations Management,Commercial & Marketing,governed-by,Develop Compliance Policies & Procedures,ResolvedToConcept,CM-1-2-4-3-1,Develop Compliance Policies & Procedures,unique exact preferred-label match,ContextualResolved,emit after mechanical uniqueness validation,unique label match to CM-1-2-4-3-1; no contradicting context,,Q11+Q12,UniquePreferredLabel
CM-1-3-2-5,Customer Experience Strategy,Commercial & Marketing,informed-by,Consumer Analysis,ResolvedToConcept,CM-1-3-1-3,Consumer Analysis,unique exact preferred-label match,ContextualResolved,emit after mechanical uniqueness validation,unique label match to CM-1-3-1-3; no contradicting context,,Q11+Q12,UniquePreferredLabel
CM-1-3-2-5,Customer Experience Strategy,Commercial & Marketing,informed-by,Customer And Marketer Analysis,ResolvedToConcept,CM-1-3-1-4,Customer And Marketer Analysis,unique exact preferred-label match,ContextualResolved,emit after mechanical uniqueness validation,unique label match to CM-1-3-1-4; no contradicting context,,Q11+Q12,UniquePreferredLabel
CM-1-3-2-5,Customer Experience Strategy,Commercial & Marketing,enables,Service & Support Enablement,ResolvedToConcept,CM-1-3-9-1,Service & Support Enablement,unique exact preferred-label match,ContextualResolved,emit after mechanical uniqueness validation,unique label match to CM-1-3-9-1; no contradicting context,,Q11+Q12,UniquePreferredLabel
CM-1-3-4-1,Visioning And Implementation Planning,Commercial & Marketing,informed-by,Marketing Insight and Metrics Stewardship (CM-1-3-1-6),ResolvedToConcept,CM-1-3-1-6,Marketing Insight and Metrics Stewardship,stable identifier CM-1-3-1-6 carried in mention text,Resolved,emit automatically after subject/target existence checks,target carries its slug; resolves to Marketing Insight and Metrics Stewardship,,Q11+Q12,StableIdentifier
CM-1-3-4-1,Visioning And Implementation Planning,Commercial & Marketing,enables,Concept & Feasibility Study,ResolvedToConcept,CM-1-3-4-2,Concept & Feasibility Study,unique exact preferred-label match,ContextualResolved,emit after mechanical uniqueness validation,unique label match to CM-1-3-4-2; no contradicting context,,Q11+Q12,UniquePreferredLabel
CM-1-3-4-1,Visioning And Implementation Planning,Commercial & Marketing,enables,Product & Service Development,ResolvedToConcept,CM-1-3-4-3,Product & Service Development,unique exact preferred-label match,ContextualResolved,emit after mechanical uniqueness validation,unique label match to CM-1-3-4-3; no contradicting context,,Q11+Q12,UniquePreferredLabel
CM-1-3-4-2,Concept & Feasibility Study,Commercial & Marketing,informed-by,Visioning And Implementation Planning,ResolvedToConcept,CM-1-3-4-1,Visioning And Implementation Planning,unique exact preferred-label match,ContextualResolved,emit after mechanical uniqueness validation,unique label match to CM-1-3-4-1; no contradicting context,,Q11+Q12,UniquePreferredLabel
CM-1-3-4-2,Concept & Feasibility Study,Commercial & Marketing,enables,Product & Service Development,ResolvedToConcept,CM-1-3-4-3,Product & Service Development,unique exact preferred-label match,ContextualResolved,emit after mechanical uniqueness validation,unique label match to CM-1-3-4-3; no contradicting context,,Q11+Q12,UniquePreferredLabel
CM-1-3-4-3,Product & Service Development,Commercial & Marketing,informed-by,Concept & Feasibility Study,ResolvedToConcept,CM-1-3-4-2,Concept & Feasibility Study,unique exact preferred-label match,ContextualResolved,emit after mechanical uniqueness validation,unique label match to CM-1-3-4-2; no contradicting context,,Q11+Q12,UniquePreferredLabel
CM-1-3-4-3,Product & Service Development,Commercial & Marketing,enables,Customer Offer Definition,ResolvedToConcept,CM-1-3-3-1,Customer Offer Definition,unique exact preferred-label match,ContextualResolved,emit after mechanical uniqueness validation,unique label match to CM-1-3-3-1; no contradicting context,,Q11+Q12,UniquePreferredLabel
CM-1-3-4-3,Product & Service Development,Commercial & Marketing,enables,Lifecycle Management,ResolvedToConcept,CM-1-3-4-5,Lifecycle Management,unique exact preferred-label match,ContextualResolved,emit after mechanical uniqueness validation,unique label match to CM-1-3-4-5; no contradicting context,,Q11+Q12,UniquePreferredLabel
CM-1-3-5-5,Marketing Performance Analysis,Commercial & Marketing,uses-input,Marketing Insight and Metrics Stewardship (CM-1-3-1-6),ResolvedToConcept,CM-1-3-1-6,Marketing Insight and Metrics Stewardship,stable identifier CM-1-3-1-6 carried in mention text,Resolved,emit automatically after subject/target existence checks,target carries its slug; resolves to Marketing Insight and Metrics Stewardship,,Q11+Q12,StableIdentifier
CM-1-3-5-5,Marketing Performance Analysis,Commercial & Marketing,enables,Marketing Communications Planning,ResolvedToConcept,CM-1-3-5-3,Marketing Communications Planning,unique exact preferred-label match,ContextualResolved,emit after mechanical uniqueness validation,unique label match to CM-1-3-5-3; no contradicting context,,Q11+Q12,UniquePreferredLabel
CM-1-3-5-5,Marketing Performance Analysis,Commercial & Marketing,enables,Sales Planning (CM-1-3-5-1),ResolvedToConcept,CM-1-3-5-1,Sales Planning,stable identifier CM-1-3-5-1 carried in mention text,Resolved,emit automatically after subject/target existence checks,target carries its slug; resolves to Sales Planning,,Q11+Q12,StableIdentifier
CM-1-3-6-4,Rebate Management,Commercial & Marketing,governed-by,Pricing Strategy Management,ResolvedToConcept,CM-1-3-3-2,Pricing Strategy Management,unique exact preferred-label match,ContextualResolved,emit after mechanical uniqueness validation,unique label match to CM-1-3-3-2; no contradicting context,,Q11+Q12,UniquePreferredLabel
CM-1-3-6-4,Rebate Management,Commercial & Marketing,informed-by,Analyze Pricing Performance,ResolvedToConcept,CM-1-3-3-2-3,Analyze Pricing Performance,unique exact preferred-label match,ContextualResolved,emit after mechanical uniqueness validation,unique label match to CM-1-3-3-2-3; no contradicting context,,Q11+Q12,UniquePreferredLabel
CM-1-3-6-5,Marketing Plan Execution,Commercial & Marketing,uses-input,Marketing Communications Planning,ResolvedToConcept,CM-1-3-5-3,Marketing Communications Planning,unique exact preferred-label match,ContextualResolved,emit after mechanical uniqueness validation,unique label match to CM-1-3-5-3; no contradicting context,,Q11+Q12,UniquePreferredLabel
CM-1-3-6-5,Marketing Plan Execution,Commercial & Marketing,enables,Marketing Performance Analysis,ResolvedToConcept,CM-1-3-5-5,Marketing Performance Analysis,unique exact preferred-label match,ContextualResolved,emit after mechanical uniqueness validation,unique label match to CM-1-3-5-5; no contradicting context,,Q11+Q12,UniquePreferredLabel
CM-1-3-9-2,Service & Support Delivery,Commercial & Marketing,uses-input,Manage Customer Requests and Inquiries,ResolvedToConcept,CM-1-3-7-5,Manage Customer Requests and Inquiries,unique exact preferred-label match,ContextualResolved,emit after mechanical uniqueness validation,unique label match to CM-1-3-7-5; no contradicting context,,Q11+Q12,UniquePreferredLabel
CM-1-3-9-2,Service & Support Delivery,Commercial & Marketing,enables,Create and Distribute Bill (CM-1-3-8-1-1),ResolvedToConcept,CM-1-3-8-1-1,Create and Distribute Bill,stable identifier CM-1-3-8-1-1 carried in mention text,Resolved,emit automatically after subject/target existence checks,target carries its slug; resolves to Create and Distribute Bill,,Q11+Q12,StableIdentifier
CM-1-3-9-2,Service & Support Delivery,Commercial & Marketing,uses-input,Service & Support Enablement,ResolvedToConcept,CM-1-3-9-1,Service & Support Enablement,unique exact preferred-label match,ContextualResolved,emit after mechanical uniqueness validation,unique label match to CM-1-3-9-1; no contradicting context,,Q11+Q12,UniquePreferredLabel
CM-1-3-9-3,Service & Support Measurement,Commercial & Marketing,uses-input,Service & Support Delivery,ResolvedToConcept,CM-1-3-9-2,Service & Support Delivery,unique exact preferred-label match,ContextualResolved,emit after mechanical uniqueness validation,unique label match to CM-1-3-9-2; no contradicting context,,Q11+Q12,UniquePreferredLabel
CM-1-3-9-3,Service & Support Measurement,Commercial & Marketing,uses-input,Perform Customer Follow-Up (CM-1-3-7-5-4),ResolvedToConcept,CM-1-3-7-5-4,Perform Customer Follow-Up,stable identifier CM-1-3-7-5-4 carried in mention text,Resolved,emit automatically after subject/target existence checks,target carries its slug; resolves to Perform Customer Follow-Up,,Q11+Q12,StableIdentifier
CM-1-3-9-3,Service & Support Measurement,Commercial & Marketing,enables,Define Operating Model,ResolvedToConcept,CM-1-3-9-1-1,Define Operating Model,unique exact preferred-label match,ContextualResolved,emit after mechanical uniqueness validation,unique label match to CM-1-3-9-1-1; no contradicting context,,Q11+Q12,UniquePreferredLabel
CM-1-1-3-6,Physical Distribution Scheduling,Commercial & Marketing,follows,Product Scheduling,ResolvedToConcept,CM-1-1-3-5,Product Scheduling,unique exact preferred-label match,ContextualResolved,emit after mechanical uniqueness validation,unique label match to CM-1-1-3-5; no contradicting context,,Q11+Q12,UniquePreferredLabel
CM-1-1-3-6,Physical Distribution Scheduling,Commercial & Marketing,enables,Distribution Backcasting,ResolvedToConcept,CM-1-1-6,Distribution Backcasting,unique exact preferred-label match,ContextualResolved,emit after mechanical uniqueness validation,unique label match to CM-1-1-6; no contradicting context,,Q11+Q12,UniquePreferredLabel
CM-1-1-3-8,Secondary Distribution Management,Commercial & Marketing,informed-by,Develop Finished Product Inventory Policy,ResolvedToConcept,CM-1-1-3-7-3,Develop Finished Product Inventory Policy,unique exact preferred-label match,ContextualResolved,emit after mechanical uniqueness validation,unique label match to CM-1-1-3-7-3; no contradicting context,,Q11+Q12,UniquePreferredLabel
CM-1-1-3-8,Secondary Distribution Management,Commercial & Marketing,enables,Distribution Backcasting,ResolvedToConcept,CM-1-1-6,Distribution Backcasting,unique exact preferred-label match,ContextualResolved,emit after mechanical uniqueness validation,unique label match to CM-1-1-6; no contradicting context,,Q11+Q12,UniquePreferredLabel
CM-1-2-5-1,Crude/Feed Quality Management,Commercial & Marketing,enables,Recommend Feedstock Slate And Run Rate (CM-1-2-5-2-3),ResolvedToConcept,CM-1-2-5-2-3,Recommend Feedstock Slate And Run Rate,stable identifier CM-1-2-5-2-3 carried in mention text,Resolved,emit automatically after subject/target existence checks,target carries its slug; resolves to Recommend Feedstock Slate And Run Rate,,Q11+Q12,StableIdentifier
CM-1-2-5-1,Crude/Feed Quality Management,Commercial & Marketing,informed-by,Evaluate Crude & Feedstock,ResolvedToConcept,CM-1-1-4-7-2,Evaluate Crude & Feedstock,unique exact preferred-label match,ContextualResolved,emit after mechanical uniqueness validation,unique label match to CM-1-1-4-7-2; no contradicting context,,Q11+Q12,UniquePreferredLabel
CM-1-2-5-1,Crude/Feed Quality Management,Commercial & Marketing,enables,Coordinate Feedstock Trading,ResolvedToConcept,CM-1-2-5-2-1,Coordinate Feedstock Trading,unique exact preferred-label match,ContextualResolved,emit after mechanical uniqueness validation,unique label match to CM-1-2-5-2-1; no contradicting context,,Q11+Q12,UniquePreferredLabel
CM-1-3-1-1,Market Analysis,Commercial & Marketing,enables,Marketing Insight and Metrics Stewardship (CM-1-3-1-6),ResolvedToConcept,CM-1-3-1-6,Marketing Insight and Metrics Stewardship,stable identifier CM-1-3-1-6 carried in mention text,Resolved,emit automatically after subject/target existence checks,target carries its slug; resolves to Marketing Insight and Metrics Stewardship,,Q11+Q12,StableIdentifier
CM-1-3-1-1,Market Analysis,Commercial & Marketing,enables,Brand Strategy,ResolvedToConcept,CM-1-3-2-1,Brand Strategy,unique exact preferred-label match,ContextualResolved,emit after mechanical uniqueness validation,unique label match to CM-1-3-2-1; no contradicting context,,Q11+Q12,UniquePreferredLabel
CM-1-3-1-1,Market Analysis,Commercial & Marketing,informed-by,Produce Demand Forecast (CM-1-1-1-1),ResolvedToConcept,CM-1-1-1-1,Produce Demand Forecast,stable identifier CM-1-1-1-1 carried in mention text,Resolved,emit automatically after subject/target existence checks,target carries its slug; resolves to Produce Demand Forecast,,Q11+Q12,StableIdentifier
CM-1-3-1-2,Company Analysis,Commercial & Marketing,enables,Marketing Insight and Metrics Stewardship (CM-1-3-1-6),ResolvedToConcept,CM-1-3-1-6,Marketing Insight and Metrics Stewardship,stable identifier CM-1-3-1-6 carried in mention text,Resolved,emit automatically after subject/target existence checks,target carries its slug; resolves to Marketing Insight and Metrics Stewardship,,Q11+Q12,StableIdentifier
CM-1-3-1-2,Company Analysis,Commercial & Marketing,enables,Brand Strategy,ResolvedToConcept,CM-1-3-2-1,Brand Strategy,unique exact preferred-label match,ContextualResolved,emit after mechanical uniqueness validation,unique label match to CM-1-3-2-1; no contradicting context,,Q11+Q12,UniquePreferredLabel
CM-1-3-1-2,Company Analysis,Commercial & Marketing,uses-input,Accounting,ResolvedToConcept,CM-1-2-4-2,Accounting,unique exact preferred-label match,ContextualResolved,emit after mechanical uniqueness validation,unique label match to CM-1-2-4-2; no contradicting context,,Q11+Q12,UniquePreferredLabel
CM-1-3-1-3,Consumer Analysis,Commercial & Marketing,enables,Consumer Value Proposition,ResolvedToConcept,CM-1-3-2-3,Consumer Value Proposition,unique exact preferred-label match,ContextualResolved,emit after mechanical uniqueness validation,unique label match to CM-1-3-2-3; no contradicting context,,Q11+Q12,UniquePreferredLabel
CM-1-3-1-3,Consumer Analysis,Commercial & Marketing,enables,Marketing Insight and Metrics Stewardship (CM-1-3-1-6),ResolvedToConcept,CM-1-3-1-6,Marketing Insight and Metrics Stewardship,stable identifier CM-1-3-1-6 carried in mention text,Resolved,emit automatically after subject/target existence checks,target carries its slug; resolves to Marketing Insight and Metrics Stewardship,,Q11+Q12,StableIdentifier
CM-1-3-1-3,Consumer Analysis,Commercial & Marketing,informed-by,Market Analysis,ResolvedToConcept,CM-1-3-1-1,Market Analysis,unique exact preferred-label match,ContextualResolved,emit after mechanical uniqueness validation,unique label match to CM-1-3-1-1; no contradicting context,,Q11+Q12,UniquePreferredLabel
CM-1-3-1-4,Customer And Marketer Analysis,Commercial & Marketing,enables,Customer And Marketer Value Proposition,ResolvedToConcept,CM-1-3-2-2,Customer And Marketer Value Proposition,unique exact preferred-label match,ContextualResolved,emit after mechanical uniqueness validation,unique label match to CM-1-3-2-2; no contradicting context,,Q11+Q12,UniquePreferredLabel
CM-1-3-1-4,Customer And Marketer Analysis,Commercial & Marketing,enables,Marketing Insight and Metrics Stewardship (CM-1-3-1-6),ResolvedToConcept,CM-1-3-1-6,Marketing Insight and Metrics Stewardship,stable identifier CM-1-3-1-6 carried in mention text,Resolved,emit automatically after subject/target existence checks,target carries its slug; resolves to Marketing Insight and Metrics Stewardship,,Q11+Q12,StableIdentifier
CM-1-3-1-4,Customer And Marketer Analysis,Commercial & Marketing,informed-by,Market Analysis,ResolvedToConcept,CM-1-3-1-1,Market Analysis,unique exact preferred-label match,ContextualResolved,emit after mechanical uniqueness validation,unique label match to CM-1-3-1-1; no contradicting context,,Q11+Q12,UniquePreferredLabel
CM-1-3-1-5,Competitor Analysis,Commercial & Marketing,enables,Brand Strategy,ResolvedToConcept,CM-1-3-2-1,Brand Strategy,unique exact preferred-label match,ContextualResolved,emit after mechanical uniqueness validation,unique label match to CM-1-3-2-1; no contradicting context,,Q11+Q12,UniquePreferredLabel
CM-1-3-1-5,Competitor Analysis,Commercial & Marketing,enables,Marketing Insight and Metrics Stewardship (CM-1-3-1-6),ResolvedToConcept,CM-1-3-1-6,Marketing Insight and Metrics Stewardship,stable identifier CM-1-3-1-6 carried in mention text,Resolved,emit automatically after subject/target existence checks,target carries its slug; resolves to Marketing Insight and Metrics Stewardship,,Q11+Q12,StableIdentifier
CM-1-3-1-5,Competitor Analysis,Commercial & Marketing,informed-by,Market Analysis,ResolvedToConcept,CM-1-3-1-1,Market Analysis,unique exact preferred-label match,ContextualResolved,emit after mechanical uniqueness validation,unique label match to CM-1-3-1-1; no contradicting context,,Q11+Q12,UniquePreferredLabel
CM-1-3-2-1,Brand Strategy,Commercial & Marketing,informed-by,Marketing Insight and Metrics Stewardship (CM-1-3-1-6),ResolvedToConcept,CM-1-3-1-6,Marketing Insight and Metrics Stewardship,stable identifier CM-1-3-1-6 carried in mention text,Resolved,emit automatically after subject/target existence checks,target carries its slug; resolves to Marketing Insight and Metrics Stewardship,,Q11+Q12,StableIdentifier
CM-1-3-2-1,Brand Strategy,Commercial & Marketing,enables,Marketing Communications Strategy,ResolvedToConcept,CM-1-3-3-5,Marketing Communications Strategy,unique exact preferred-label match,ContextualResolved,emit after mechanical uniqueness validation,unique label match to CM-1-3-3-5; no contradicting context,,Q11+Q12,UniquePreferredLabel
CM-1-3-2-1,Brand Strategy,Commercial & Marketing,enables,Sales & Distribution Channel Strategy,ResolvedToConcept,CM-1-3-2-4,Sales & Distribution Channel Strategy,unique exact preferred-label match,ContextualResolved,emit after mechanical uniqueness validation,unique label match to CM-1-3-2-4; no contradicting context,,Q11+Q12,UniquePreferredLabel
CM-1-3-2-2,Customer And Marketer Value Proposition,Commercial & Marketing,informed-by,Customer And Marketer Analysis,ResolvedToConcept,CM-1-3-1-4,Customer And Marketer Analysis,unique exact preferred-label match,ContextualResolved,emit after mechanical uniqueness validation,unique label match to CM-1-3-1-4; no contradicting context,,Q11+Q12,UniquePreferredLabel
CM-1-3-2-2,Customer And Marketer Value Proposition,Commercial & Marketing,enables,Customer Offer Definition,ResolvedToConcept,CM-1-3-3-1,Customer Offer Definition,unique exact preferred-label match,ContextualResolved,emit after mechanical uniqueness validation,unique label match to CM-1-3-3-1; no contradicting context,,Q11+Q12,UniquePreferredLabel
CM-1-3-2-2,Customer And Marketer Value Proposition,Commercial & Marketing,enables,Sales & Distribution Channel Strategy,ResolvedToConcept,CM-1-3-2-4,Sales & Distribution Channel Strategy,unique exact preferred-label match,ContextualResolved,emit after mechanical uniqueness validation,unique label match to CM-1-3-2-4; no contradicting context,,Q11+Q12,UniquePreferredLabel
CM-1-3-2-3,Consumer Value Proposition,Commercial & Marketing,informed-by,Consumer Analysis,ResolvedToConcept,CM-1-3-1-3,Consumer Analysis,unique exact preferred-label match,ContextualResolved,emit after mechanical uniqueness validation,unique label match to CM-1-3-1-3; no contradicting context,,Q11+Q12,UniquePreferredLabel
CM-1-3-2-3,Consumer Value Proposition,Commercial & Marketing,enables,Customer Offer Definition,ResolvedToConcept,CM-1-3-3-1,Customer Offer Definition,unique exact preferred-label match,ContextualResolved,emit after mechanical uniqueness validation,unique label match to CM-1-3-3-1; no contradicting context,,Q11+Q12,UniquePreferredLabel
CM-1-3-2-3,Consumer Value Proposition,Commercial & Marketing,enables,Customer Experience Strategy,ResolvedToConcept,CM-1-3-2-5,Customer Experience Strategy,unique exact preferred-label match,ContextualResolved,emit after mechanical uniqueness validation,unique label match to CM-1-3-2-5; no contradicting context,,Q11+Q12,UniquePreferredLabel
CM-1-3-3-1,Customer Offer Definition,Commercial & Marketing,informed-by,Customer And Marketer Value Proposition,ResolvedToConcept,CM-1-3-2-2,Customer And Marketer Value Proposition,unique exact preferred-label match,ContextualResolved,emit after mechanical uniqueness validation,unique label match to CM-1-3-2-2; no contradicting context,,Q11+Q12,UniquePreferredLabel
CM-1-3-3-1,Customer Offer Definition,Commercial & Marketing,informed-by,Consumer Value Proposition,ResolvedToConcept,CM-1-3-2-3,Consumer Value Proposition,unique exact preferred-label match,ContextualResolved,emit after mechanical uniqueness validation,unique label match to CM-1-3-2-3; no contradicting context,,Q11+Q12,UniquePreferredLabel
CM-1-3-3-1,Customer Offer Definition,Commercial & Marketing,enables,Sales Execution,ResolvedToConcept,CM-1-3-6-2,Sales Execution,unique exact preferred-label match,ContextualResolved,emit after mechanical uniqueness validation,unique label match to CM-1-3-6-2; no contradicting context,,Q11+Q12,UniquePreferredLabel
CM-1-3-3-4,Network Design (Retail),Commercial & Marketing,informed-by,Sales & Distribution Channel Design,ResolvedToConcept,CM-1-3-3-3,Sales & Distribution Channel Design,unique exact preferred-label match,ContextualResolved,emit after mechanical uniqueness validation,unique label match to CM-1-3-3-3; no contradicting context,,Q11+Q12,UniquePreferredLabel
CM-1-3-3-4,Network Design (Retail),Commercial & Marketing,informed-by,Consumer Value Proposition,ResolvedToConcept,CM-1-3-2-3,Consumer Value Proposition,unique exact preferred-label match,ContextualResolved,emit after mechanical uniqueness validation,unique label match to CM-1-3-2-3; no contradicting context,,Q11+Q12,UniquePreferredLabel
CM-1-3-3-4,Network Design (Retail),Commercial & Marketing,enables,Channel & Partner Management,ResolvedToConcept,CM-1-3-6-1,Channel & Partner Management,unique exact preferred-label match,ContextualResolved,emit after mechanical uniqueness validation,unique label match to CM-1-3-6-1; no contradicting context,,Q11+Q12,UniquePreferredLabel
CM-1-3-4-5,Lifecycle Management,Commercial & Marketing,informed-by,Product & Service Development,ResolvedToConcept,CM-1-3-4-3,Product & Service Development,unique exact preferred-label match,ContextualResolved,emit after mechanical uniqueness validation,unique label match to CM-1-3-4-3; no contradicting context,,Q11+Q12,UniquePreferredLabel
CM-1-3-4-5,Lifecycle Management,Commercial & Marketing,enables,Manage Product/Service Change,ResolvedToConcept,CM-1-3-4-3-3,Manage Product/Service Change,unique exact preferred-label match,ContextualResolved,emit after mechanical uniqueness validation,unique label match to CM-1-3-4-3-3; no contradicting context,,Q11+Q12,UniquePreferredLabel
CM-1-3-4-5,Lifecycle Management,Commercial & Marketing,informed-by,Marketing Insight and Metrics Stewardship (CM-1-3-1-6),ResolvedToConcept,CM-1-3-1-6,Marketing Insight and Metrics Stewardship,stable identifier CM-1-3-1-6 carried in mention text,Resolved,emit automatically after subject/target existence checks,target carries its slug; resolves to Marketing Insight and Metrics Stewardship,,Q11+Q12,StableIdentifier
CM-1-3-4-6,R&D Collaboration,Commercial & Marketing,informed-by,Visioning And Implementation Planning,ResolvedToConcept,CM-1-3-4-1,Visioning And Implementation Planning,unique exact preferred-label match,ContextualResolved,emit after mechanical uniqueness validation,unique label match to CM-1-3-4-1; no contradicting context,,Q11+Q12,UniquePreferredLabel
CM-1-3-4-6,R&D Collaboration,Commercial & Marketing,enables,Concept & Feasibility Study,ResolvedToConcept,CM-1-3-4-2,Concept & Feasibility Study,unique exact preferred-label match,ContextualResolved,emit after mechanical uniqueness validation,unique label match to CM-1-3-4-2; no contradicting context,,Q11+Q12,UniquePreferredLabel
CM-1-3-4-6,R&D Collaboration,Commercial & Marketing,enables,Product & Service Development,ResolvedToConcept,CM-1-3-4-3,Product & Service Development,unique exact preferred-label match,ContextualResolved,emit after mechanical uniqueness validation,unique label match to CM-1-3-4-3; no contradicting context,,Q11+Q12,UniquePreferredLabel
CM-1-3-5-1,Sales Planning,Commercial & Marketing,informed-by,Sales & Distribution Channel Strategy,ResolvedToConcept,CM-1-3-2-4,Sales & Distribution Channel Strategy,unique exact preferred-label match,ContextualResolved,emit after mechanical uniqueness validation,unique label match to CM-1-3-2-4; no contradicting context,,Q11+Q12,UniquePreferredLabel
CM-1-3-5-1,Sales Planning,Commercial & Marketing,uses-input,Produce Demand Forecast (CM-1-1-1-1),ResolvedToConcept,CM-1-1-1-1,Produce Demand Forecast,stable identifier CM-1-1-1-1 carried in mention text,Resolved,emit automatically after subject/target existence checks,target carries its slug; resolves to Produce Demand Forecast,,Q11+Q12,StableIdentifier
CM-1-3-5-1,Sales Planning,Commercial & Marketing,enables,Sales Execution,ResolvedToConcept,CM-1-3-6-2,Sales Execution,unique exact preferred-label match,ContextualResolved,emit after mechanical uniqueness validation,unique label match to CM-1-3-6-2; no contradicting context,,Q11+Q12,UniquePreferredLabel
CM-1-3-5-4,Promotions Planning,Commercial & Marketing,informed-by,Customer Offer Definition,ResolvedToConcept,CM-1-3-3-1,Customer Offer Definition,unique exact preferred-label match,ContextualResolved,emit after mechanical uniqueness validation,unique label match to CM-1-3-3-1; no contradicting context,,Q11+Q12,UniquePreferredLabel
CM-1-3-5-4,Promotions Planning,Commercial & Marketing,enables,Marketing Plan Execution,ResolvedToConcept,CM-1-3-6-5,Marketing Plan Execution,unique exact preferred-label match,ContextualResolved,emit after mechanical uniqueness validation,unique label match to CM-1-3-6-5; no contradicting context,,Q11+Q12,UniquePreferredLabel
CM-1-3-5-4,Promotions Planning,Commercial & Marketing,enables,Develop & Agree Demand Forecasting Process,ResolvedToConcept,CM-1-3-5-1-2,Develop & Agree Demand Forecasting Process,unique exact preferred-label match,ContextualResolved,emit after mechanical uniqueness validation,unique label match to CM-1-3-5-1-2; no contradicting context,,Q11+Q12,UniquePreferredLabel
CM-1-3-6-1,Channel & Partner Management,Commercial & Marketing,informed-by,Sales & Distribution Channel Design,ResolvedToConcept,CM-1-3-3-3,Sales & Distribution Channel Design,unique exact preferred-label match,ContextualResolved,emit after mechanical uniqueness validation,unique label match to CM-1-3-3-3; no contradicting context,,Q11+Q12,UniquePreferredLabel
CM-1-3-6-1,Channel & Partner Management,Commercial & Marketing,uses-input,Perform Account Planning,ResolvedToConcept,CM-1-3-5-1-3,Perform Account Planning,unique exact preferred-label match,ContextualResolved,emit after mechanical uniqueness validation,unique label match to CM-1-3-5-1-3; no contradicting context,,Q11+Q12,UniquePreferredLabel
CM-1-3-6-1,Channel & Partner Management,Commercial & Marketing,enables,Sales Execution,ResolvedToConcept,CM-1-3-6-2,Sales Execution,unique exact preferred-label match,ContextualResolved,emit after mechanical uniqueness validation,unique label match to CM-1-3-6-2; no contradicting context,,Q11+Q12,UniquePreferredLabel
CM-1-3-8-3,Manage Receivables Resolution,Commercial & Marketing,uses-input,"Manage Cash Application, A/R & Revenue Accounting",ResolvedToConcept,CM-1-3-8-2,"Manage Cash Application, A/R & Revenue Accounting",unique exact preferred-label match,ContextualResolved,emit after mechanical uniqueness validation,unique label match to CM-1-3-8-2; no contradicting context,,Q11+Q12,UniquePreferredLabel
CM-1-3-8-3,Manage Receivables Resolution,Commercial & Marketing,uses-input,Monitor Credit Against Limit,ResolvedToConcept,CM-1-3-7-4-3,Monitor Credit Against Limit,unique exact preferred-label match,ContextualResolved,emit after mechanical uniqueness validation,unique label match to CM-1-3-7-4-3; no contradicting context,,Q11+Q12,UniquePreferredLabel
CM-1-3-8-3,Manage Receivables Resolution,Commercial & Marketing,enables,Period End Processing,ResolvedToConcept,CM-1-3-8-4-1,Period End Processing,unique exact preferred-label match,ContextualResolved,emit after mechanical uniqueness validation,unique label match to CM-1-3-8-4-1; no contradicting context,,Q11+Q12,UniquePreferredLabel
CM-1-1-1-1,Produce Demand Forecast,Commercial & Marketing,precedes,Regional Optimization,ResolvedToConcept,CM-1-1-2,Regional Optimization,unique exact preferred-label match,ContextualResolved,emit after mechanical uniqueness validation,unique label match to CM-1-1-2; no contradicting context,,Q11+Q12,UniquePreferredLabel
CM-1-1-1-1,Produce Demand Forecast,Commercial & Marketing,enables,Capture Product Demand Requirements,ResolvedToConcept,CM-1-1-4-7-1,Capture Product Demand Requirements,unique exact preferred-label match,ContextualResolved,emit after mechanical uniqueness validation,unique label match to CM-1-1-4-7-1; no contradicting context,,Q11+Q12,UniquePreferredLabel
CM-1-1-1-1,Produce Demand Forecast,Commercial & Marketing,enables,Receive Demand Forecast,ResolvedToConcept,CM-1-2-1-1-2,Receive Demand Forecast,unique exact preferred-label match,ContextualResolved,emit after mechanical uniqueness validation,unique label match to CM-1-2-1-1-2; no contradicting context,,Q11+Q12,UniquePreferredLabel
CM-1-2-2-2,Confirmations Management,Commercial & Marketing,follows,Trade Capture,ResolvedToConcept,CM-1-2-1-3,Trade Capture,unique exact preferred-label match,ContextualResolved,emit after mechanical uniqueness validation,unique label match to CM-1-2-1-3; no contradicting context,,Q11+Q12,UniquePreferredLabel
CM-1-2-2-2,Confirmations Management,Commercial & Marketing,precedes,Settlements,ResolvedToConcept,CM-1-2-4-1,Settlements,unique exact preferred-label match,ContextualResolved,emit after mechanical uniqueness validation,unique label match to CM-1-2-4-1; no contradicting context,,Q11+Q12,UniquePreferredLabel
CM-1-2-2-2,Confirmations Management,Commercial & Marketing,governed-by,Regulatory & Compliance,ResolvedToConcept,CM-1-2-4-3,Regulatory & Compliance,unique exact preferred-label match,ContextualResolved,emit after mechanical uniqueness validation,unique label match to CM-1-2-4-3; no contradicting context,,Q11+Q12,UniquePreferredLabel
CM-1-3-3-2,Pricing Strategy Management,Commercial & Marketing,informed-by,Marketing Insight and Metrics Stewardship (CM-1-3-1-6),ResolvedToConcept,CM-1-3-1-6,Marketing Insight and Metrics Stewardship,stable identifier CM-1-3-1-6 carried in mention text,Resolved,emit automatically after subject/target existence checks,target carries its slug; resolves to Marketing Insight and Metrics Stewardship,,Q11+Q12,StableIdentifier
CM-1-3-3-2,Pricing Strategy Management,Commercial & Marketing,enables,Sales Pricing Management,ResolvedToConcept,CM-1-3-6-3,Sales Pricing Management,unique exact preferred-label match,ContextualResolved,emit after mechanical uniqueness validation,unique label match to CM-1-3-6-3; no contradicting context,,Q11+Q12,UniquePreferredLabel
CM-1-3-3-2,Pricing Strategy Management,Commercial & Marketing,enables,Customer Offer Definition,ResolvedToConcept,CM-1-3-3-1,Customer Offer Definition,unique exact preferred-label match,ContextualResolved,emit after mechanical uniqueness validation,unique label match to CM-1-3-3-1; no contradicting context,,Q11+Q12,UniquePreferredLabel
CM-1-3-3-3,Sales & Distribution Channel Design,Commercial & Marketing,informed-by,Sales & Distribution Channel Strategy,ResolvedToConcept,CM-1-3-2-4,Sales & Distribution Channel Strategy,unique exact preferred-label match,ContextualResolved,emit after mechanical uniqueness validation,unique label match to CM-1-3-2-4; no contradicting context,,Q11+Q12,UniquePreferredLabel
CM-1-3-3-3,Sales & Distribution Channel Design,Commercial & Marketing,enables,Channel & Partner Management,ResolvedToConcept,CM-1-3-6-1,Channel & Partner Management,unique exact preferred-label match,ContextualResolved,emit after mechanical uniqueness validation,unique label match to CM-1-3-6-1; no contradicting context,,Q11+Q12,UniquePreferredLabel
CM-1-3-3-3,Sales & Distribution Channel Design,Commercial & Marketing,enables,Network Design (Retail),ResolvedToConcept,CM-1-3-3-4,Network Design (Retail),unique exact preferred-label match,ContextualResolved,emit after mechanical uniqueness validation,unique label match to CM-1-3-3-4; no contradicting context,,Q11+Q12,UniquePreferredLabel
CM-1-3-3-6,Operating Model Design,Commercial & Marketing,informed-by,Sales & Distribution Channel Design,ResolvedToConcept,CM-1-3-3-3,Sales & Distribution Channel Design,unique exact preferred-label match,ContextualResolved,emit after mechanical uniqueness validation,unique label match to CM-1-3-3-3; no contradicting context,,Q11+Q12,UniquePreferredLabel
CM-1-3-3-6,Operating Model Design,Commercial & Marketing,enables,Sales Planning (CM-1-3-5-1),ResolvedToConcept,CM-1-3-5-1,Sales Planning,stable identifier CM-1-3-5-1 carried in mention text,Resolved,emit automatically after subject/target existence checks,target carries its slug; resolves to Sales Planning,,Q11+Q12,StableIdentifier
CM-1-3-3-6,Operating Model Design,Commercial & Marketing,enables,Marketing Plan Execution,ResolvedToConcept,CM-1-3-6-5,Marketing Plan Execution,unique exact preferred-label match,ContextualResolved,emit after mechanical uniqueness validation,unique label match to CM-1-3-6-5; no contradicting context,,Q11+Q12,UniquePreferredLabel
CM-1-3-8-1,Manage Customer Invoicing and Billing,Commercial & Marketing,uses-input,Manage Fulfillment,ResolvedToConcept,CM-1-3-7-3-4,Manage Fulfillment,unique exact preferred-label match,ContextualResolved,emit after mechanical uniqueness validation,unique label match to CM-1-3-7-3-4; no contradicting context,,Q11+Q12,UniquePreferredLabel
CM-1-3-8-1,Manage Customer Invoicing and Billing,Commercial & Marketing,uses-input,Maintain Price & Discount Master Data,ResolvedToConcept,CM-1-3-7-1-2,Maintain Price & Discount Master Data,unique exact preferred-label match,ContextualResolved,emit after mechanical uniqueness validation,unique label match to CM-1-3-7-1-2; no contradicting context,,Q11+Q12,UniquePreferredLabel
CM-1-3-8-1,Manage Customer Invoicing and Billing,Commercial & Marketing,enables,"Manage Cash Application, A/R & Revenue Accounting",ResolvedToConcept,CM-1-3-8-2,"Manage Cash Application, A/R & Revenue Accounting",unique exact preferred-label match,ContextualResolved,emit after mechanical uniqueness validation,unique label match to CM-1-3-8-2; no contradicting context,,Q11+Q12,UniquePreferredLabel
CM-1-1-7-2,Production Scheduling,Commercial & Marketing,follows,Refinery Planning,ResolvedToConcept,CM-1-1-4,Refinery Planning,unique exact preferred-label match,ContextualResolved,emit after mechanical uniqueness validation,unique label match to CM-1-1-4; no contradicting context,,Q11+Q12,UniquePreferredLabel
CM-1-1-7-2,Production Scheduling,Commercial & Marketing,precedes,Daily Execution Planning,ResolvedToConcept,CM-1-1-7-1,Daily Execution Planning,unique exact preferred-label match,ContextualResolved,emit after mechanical uniqueness validation,unique label match to CM-1-1-7-1; no contradicting context,,Q11+Q12,UniquePreferredLabel
CM-1-2-1-1,Forecasting & Optimization,Commercial & Marketing,informed-by,Produce Demand Forecast (CM-1-1-1-1),ResolvedToConcept,CM-1-1-1-1,Produce Demand Forecast,stable identifier CM-1-1-1-1 carried in mention text,Resolved,emit automatically after subject/target existence checks,target carries its slug; resolves to Produce Demand Forecast,,Q11+Q12,StableIdentifier
CM-1-2-1-1,Forecasting & Optimization,Commercial & Marketing,informed-by,Refinery Planning,ResolvedToConcept,CM-1-1-4,Refinery Planning,unique exact preferred-label match,ContextualResolved,emit after mechanical uniqueness validation,unique label match to CM-1-1-4; no contradicting context,,Q11+Q12,UniquePreferredLabel
CM-1-2-1-1,Forecasting & Optimization,Commercial & Marketing,enables,Trading Strategy Management,ResolvedToConcept,CM-1-2-1-4,Trading Strategy Management,unique exact preferred-label match,ContextualResolved,emit after mechanical uniqueness validation,unique label match to CM-1-2-1-4; no contradicting context,,Q11+Q12,UniquePreferredLabel
CM-1-3-4-4,Manage Licensing & IP,Commercial & Marketing,uses-input,Product & Service Development,ResolvedToConcept,CM-1-3-4-3,Product & Service Development,unique exact preferred-label match,ContextualResolved,emit after mechanical uniqueness validation,unique label match to CM-1-3-4-3; no contradicting context,,Q11+Q12,UniquePreferredLabel
CM-1-3-4-4,Manage Licensing & IP,Commercial & Marketing,informed-by,Brand Strategy,ResolvedToConcept,CM-1-3-2-1,Brand Strategy,unique exact preferred-label match,ContextualResolved,emit after mechanical uniqueness validation,unique label match to CM-1-3-2-1; no contradicting context,,Q11+Q12,UniquePreferredLabel
CM-1-3-4-4,Manage Licensing & IP,Commercial & Marketing,enables,R&D Collaboration,ResolvedToConcept,CM-1-3-4-6,R&D Collaboration,unique exact preferred-label match,ContextualResolved,emit after mechanical uniqueness validation,unique label match to CM-1-3-4-6; no contradicting context,,Q11+Q12,UniquePreferredLabel
CM-1-3-7-1,Manage Commercial Master Data Stewardship,Commercial & Marketing,enables,Capture And Manage Order Fulfillment,ResolvedToConcept,CM-1-3-7-3,Capture And Manage Order Fulfillment,unique exact preferred-label match,ContextualResolved,emit after mechanical uniqueness validation,unique label match to CM-1-3-7-3; no contradicting context,,Q11+Q12,UniquePreferredLabel
CM-1-3-7-1,Manage Commercial Master Data Stewardship,Commercial & Marketing,enables,Manage Customer Invoicing and Billing,ResolvedToConcept,CM-1-3-8-1,Manage Customer Invoicing and Billing,unique exact preferred-label match,ContextualResolved,emit after mechanical uniqueness validation,unique label match to CM-1-3-8-1; no contradicting context,,Q11+Q12,UniquePreferredLabel
CM-1-3-7-1,Manage Commercial Master Data Stewardship,Commercial & Marketing,uses-input,Implement sales price,ResolvedToConcept,CM-1-3-6-3-2,Implement sales price,unique exact preferred-label match,ContextualResolved,emit after mechanical uniqueness validation,unique label match to CM-1-3-6-3-2; no contradicting context,,Q11+Q12,UniquePreferredLabel
CM-1-3-7-2,"Manage Commercial Terms, Quoting, and Customer Commercial Services",Commercial & Marketing,uses-input,Maintain Price & Discount Master Data,ResolvedToConcept,CM-1-3-7-1-2,Maintain Price & Discount Master Data,unique exact preferred-label match,ContextualResolved,emit after mechanical uniqueness validation,unique label match to CM-1-3-7-1-2; no contradicting context,,Q11+Q12,UniquePreferredLabel
CM-1-3-7-2,"Manage Commercial Terms, Quoting, and Customer Commercial Services",Commercial & Marketing,uses-input,Maintain Commercial Policy Content and Approved Parameters (CM-1-3-7-1-6),ResolvedToConcept,CM-1-3-7-1-6,Maintain Commercial Policy Content and Approved Parameters,stable identifier CM-1-3-7-1-6 carried in mention text,Resolved,emit automatically after subject/target existence checks,target carries its slug; resolves to Maintain Commercial Policy Content and Approved Parameters,,Q11+Q12,StableIdentifier
CM-1-3-7-2,"Manage Commercial Terms, Quoting, and Customer Commercial Services",Commercial & Marketing,enables,Capture And Manage Order Fulfillment,ResolvedToConcept,CM-1-3-7-3,Capture And Manage Order Fulfillment,unique exact preferred-label match,ContextualResolved,emit after mechanical uniqueness validation,unique label match to CM-1-3-7-3; no contradicting context,,Q11+Q12,UniquePreferredLabel
CM-1-3-7-3,Capture And Manage Order Fulfillment,Commercial & Marketing,uses-input,Manage Commercial Master Data Stewardship (CM-1-3-7-1),ResolvedToConcept,CM-1-3-7-1,Manage Commercial Master Data Stewardship,stable identifier CM-1-3-7-1 carried in mention text,Resolved,emit automatically after subject/target existence checks,target carries its slug; resolves to Manage Commercial Master Data Stewardship,,Q11+Q12,StableIdentifier
CM-1-3-7-3,Capture And Manage Order Fulfillment,Commercial & Marketing,governed-by,Manage Credit & Risk,ResolvedToConcept,CM-1-3-7-4,Manage Credit & Risk,unique exact preferred-label match,ContextualResolved,emit after mechanical uniqueness validation,unique label match to CM-1-3-7-4; no contradicting context,,Q11+Q12,UniquePreferredLabel
CM-1-3-7-3,Capture And Manage Order Fulfillment,Commercial & Marketing,enables,Manage Customer Invoicing and Billing,ResolvedToConcept,CM-1-3-8-1,Manage Customer Invoicing and Billing,unique exact preferred-label match,ContextualResolved,emit after mechanical uniqueness validation,unique label match to CM-1-3-8-1; no contradicting context,,Q11+Q12,UniquePreferredLabel
CM-1-3-7-4,Manage Credit & Risk,Commercial & Marketing,governed-by,Maintain Credit Policies,ResolvedToConcept,CM-1-3-7-4-1,Maintain Credit Policies,unique exact preferred-label match,ContextualResolved,emit after mechanical uniqueness validation,unique label match to CM-1-3-7-4-1; no contradicting context,,Q11+Q12,UniquePreferredLabel
CM-1-3-7-4,Manage Credit & Risk,Commercial & Marketing,enables,Capture And Manage Order Fulfillment,ResolvedToConcept,CM-1-3-7-3,Capture And Manage Order Fulfillment,unique exact preferred-label match,ContextualResolved,emit after mechanical uniqueness validation,unique label match to CM-1-3-7-3; no contradicting context,,Q11+Q12,UniquePreferredLabel
CM-1-3-7-4,Manage Credit & Risk,Commercial & Marketing,enables,Manage Receivables Resolution (CM-1-3-8-3),ResolvedToConcept,CM-1-3-8-3,Manage Receivables Resolution,stable identifier CM-1-3-8-3 carried in mention text,Resolved,emit automatically after subject/target existence checks,target carries its slug; resolves to Manage Receivables Resolution,,Q11+Q12,StableIdentifier
CM-1-3-7-5,Manage Customer Requests and Inquiries,Commercial & Marketing,uses-input,Manage Customer Portal,ResolvedToConcept,CM-1-3-7-2-6,Manage Customer Portal,unique exact preferred-label match,ContextualResolved,emit after mechanical uniqueness validation,unique label match to CM-1-3-7-2-6; no contradicting context,,Q11+Q12,UniquePreferredLabel
CM-1-3-7-5,Manage Customer Requests and Inquiries,Commercial & Marketing,enables,Manage Receivables Disputes (CM-1-3-8-3-1),ResolvedToConcept,CM-1-3-8-3-1,Manage Receivables Disputes,stable identifier CM-1-3-8-3-1 carried in mention text,Resolved,emit automatically after subject/target existence checks,target carries its slug; resolves to Manage Receivables Disputes,,Q11+Q12,StableIdentifier
CM-1-3-7-5,Manage Customer Requests and Inquiries,Commercial & Marketing,uses-input,Track & Forecast Order,ResolvedToConcept,CM-1-3-7-3-5,Track & Forecast Order,unique exact preferred-label match,ContextualResolved,emit after mechanical uniqueness validation,unique label match to CM-1-3-7-3-5; no contradicting context,,Q11+Q12,UniquePreferredLabel
CM-1-3-8-2,"Manage Cash Application, A/R & Revenue Accounting",Commercial & Marketing,uses-input,Manage Customer Invoicing and Billing,ResolvedToConcept,CM-1-3-8-1,Manage Customer Invoicing and Billing,unique exact preferred-label match,ContextualResolved,emit after mechanical uniqueness validation,unique label match to CM-1-3-8-1; no contradicting context,,Q11+Q12,UniquePreferredLabel
CM-1-3-8-2,"Manage Cash Application, A/R & Revenue Accounting",Commercial & Marketing,enables,Manage Receivables Resolution (CM-1-3-8-3),ResolvedToConcept,CM-1-3-8-3,Manage Receivables Resolution,stable identifier CM-1-3-8-3 carried in mention text,Resolved,emit automatically after subject/target existence checks,target carries its slug; resolves to Manage Receivables Resolution,,Q11+Q12,StableIdentifier
CM-1-3-8-2,"Manage Cash Application, A/R & Revenue Accounting",Commercial & Marketing,enables,Period End Processing,ResolvedToConcept,CM-1-3-8-4-1,Period End Processing,unique exact preferred-label match,ContextualResolved,emit after mechanical uniqueness validation,unique label match to CM-1-3-8-4-1; no contradicting context,,Q11+Q12,UniquePreferredLabel
CM-1-3-9-1,Service & Support Enablement,Commercial & Marketing,enables,Manage Customer Requests and Inquiries,ResolvedToConcept,CM-1-3-7-5,Manage Customer Requests and Inquiries,unique exact preferred-label match,ContextualResolved,emit after mechanical uniqueness validation,unique label match to CM-1-3-7-5; no contradicting context,,Q11+Q12,UniquePreferredLabel
CM-1-3-9-1,Service & Support Enablement,Commercial & Marketing,enables,Service & Support Delivery,ResolvedToConcept,CM-1-3-9-2,Service & Support Delivery,unique exact preferred-label match,ContextualResolved,emit after mechanical uniqueness validation,unique label match to CM-1-3-9-2; no contradicting context,,Q11+Q12,UniquePreferredLabel
CM-1-2-4-3,Regulatory & Compliance,Commercial & Marketing,assures,Trading Management,ResolvedToConcept,CM-1-2-1,Trading Management,unique exact preferred-label match,ContextualResolved,emit after mechanical uniqueness validation,unique label match to CM-1-2-1; no contradicting context,,Q11+Q12,UniquePreferredLabel
CM-1-2-4-3,Regulatory & Compliance,Commercial & Marketing,assures,Settlements,ResolvedToConcept,CM-1-2-4-1,Settlements,unique exact preferred-label match,ContextualResolved,emit after mechanical uniqueness validation,unique label match to CM-1-2-4-1; no contradicting context,,Q11+Q12,UniquePreferredLabel
CM-1-2-4-3,Regulatory & Compliance,Commercial & Marketing,informed-by,Develop Compliance Policies & Procedures,ResolvedToConcept,CM-1-2-4-3-1,Develop Compliance Policies & Procedures,unique exact preferred-label match,ContextualResolved,emit after mechanical uniqueness validation,unique label match to CM-1-2-4-3-1; no contradicting context,,Q11+Q12,UniquePreferredLabel
CM-1-3-3-5,Marketing Communications Strategy,Commercial & Marketing,informed-by,Brand Strategy,ResolvedToConcept,CM-1-3-2-1,Brand Strategy,unique exact preferred-label match,ContextualResolved,emit after mechanical uniqueness validation,unique label match to CM-1-3-2-1; no contradicting context,,Q11+Q12,UniquePreferredLabel
CM-1-3-3-5,Marketing Communications Strategy,Commercial & Marketing,enables,Marketing Communications Planning,ResolvedToConcept,CM-1-3-5-3,Marketing Communications Planning,unique exact preferred-label match,ContextualResolved,emit after mechanical uniqueness validation,unique label match to CM-1-3-5-3; no contradicting context,,Q11+Q12,UniquePreferredLabel
CM-1-3-3-5,Marketing Communications Strategy,Commercial & Marketing,enables,Integrated Marketing Planning (Advertising),ResolvedToConcept,CM-1-3-5-2,Integrated Marketing Planning (Advertising),unique exact preferred-label match,ContextualResolved,emit after mechanical uniqueness validation,unique label match to CM-1-3-5-2; no contradicting context,,Q11+Q12,UniquePreferredLabel
CM-1-3-6-2,Sales Execution,Commercial & Marketing,informed-by,Sales Planning (CM-1-3-5-1),ResolvedToConcept,CM-1-3-5-1,Sales Planning,stable identifier CM-1-3-5-1 carried in mention text,Resolved,emit automatically after subject/target existence checks,target carries its slug; resolves to Sales Planning,,Q11+Q12,StableIdentifier
CM-1-3-6-2,Sales Execution,Commercial & Marketing,uses-input,Sales Pricing Management,ResolvedToConcept,CM-1-3-6-3,Sales Pricing Management,unique exact preferred-label match,ContextualResolved,emit after mechanical uniqueness validation,unique label match to CM-1-3-6-3; no contradicting context,,Q11+Q12,UniquePreferredLabel
CM-1-3-6-2,Sales Execution,Commercial & Marketing,enables,"Manage Commercial Terms, Quoting, and Customer Commercial Services (CM-1-3-7-2)",ResolvedToConcept,CM-1-3-7-2,"Manage Commercial Terms, Quoting, and Customer Commercial Services",stable identifier CM-1-3-7-2 carried in mention text,Resolved,emit automatically after subject/target existence checks,"target carries its slug; resolves to Manage Commercial Terms, Quoting, and Customer Commercial Services",,Q11+Q12,StableIdentifier
CM-1-3-8-4,"Manage Accounting, Regulatory Reporting and Compliance",Commercial & Marketing,uses-input,Manage Customer Invoicing and Billing,ResolvedToConcept,CM-1-3-8-1,Manage Customer Invoicing and Billing,unique exact preferred-label match,ContextualResolved,emit after mechanical uniqueness validation,unique label match to CM-1-3-8-1; no contradicting context,,Q11+Q12,UniquePreferredLabel
CM-1-3-8-4,"Manage Accounting, Regulatory Reporting and Compliance",Commercial & Marketing,uses-input,"Manage Cash Application, A/R & Revenue Accounting",ResolvedToConcept,CM-1-3-8-2,"Manage Cash Application, A/R & Revenue Accounting",unique exact preferred-label match,ContextualResolved,emit after mechanical uniqueness validation,unique label match to CM-1-3-8-2; no contradicting context,,Q11+Q12,UniquePreferredLabel
CM-1-3-8-4,"Manage Accounting, Regulatory Reporting and Compliance",Commercial & Marketing,uses-input,Manage Receivables Resolution (CM-1-3-8-3),ResolvedToConcept,CM-1-3-8-3,Manage Receivables Resolution,stable identifier CM-1-3-8-3 carried in mention text,Resolved,emit automatically after subject/target existence checks,target carries its slug; resolves to Manage Receivables Resolution,,Q11+Q12,StableIdentifier
CM-1-1-4-7,Refinery Optimization,Commercial & Marketing,enables,Refinery Planning,ResolvedToConcept,CM-1-1-4,Refinery Planning,unique exact preferred-label match,ContextualResolved,emit after mechanical uniqueness validation,unique label match to CM-1-1-4; no contradicting context,,Q11+Q12,UniquePreferredLabel
CM-1-1-4-7,Refinery Optimization,Commercial & Marketing,informed-by,Produce Demand Forecast (CM-1-1-1-1),ResolvedToConcept,CM-1-1-1-1,Produce Demand Forecast,stable identifier CM-1-1-1-1 carried in mention text,Resolved,emit automatically after subject/target existence checks,target carries its slug; resolves to Produce Demand Forecast,,Q11+Q12,StableIdentifier
CM-1-1-4-7,Refinery Optimization,Commercial & Marketing,informed-by,Crude Allocation Decision,ResolvedToConcept,CM-1-1-2-10,Crude Allocation Decision,unique exact preferred-label match,ContextualResolved,emit after mechanical uniqueness validation,unique label match to CM-1-1-2-10; no contradicting context,,Q11+Q12,UniquePreferredLabel
CM-1-1-4-7,Refinery Optimization,Commercial & Marketing,constrained-by,Inventory Management (CM-1-1-3-7),ResolvedToConcept,CM-1-1-3-7,Inventory Management,stable identifier CM-1-1-3-7 carried in mention text,Resolved,emit automatically after subject/target existence checks,target carries its slug; resolves to Inventory Management,,Q11+Q12,StableIdentifier
CM-1-1-4-7,Refinery Optimization,Commercial & Marketing,precedes,Refinery Scheduling,ResolvedToConcept,CM-1-1-7,Refinery Scheduling,unique exact preferred-label match,ContextualResolved,emit after mechanical uniqueness validation,unique label match to CM-1-1-7; no contradicting context,,Q11+Q12,UniquePreferredLabel
CM-1-2-2-1,Credit Risk Management,Commercial & Marketing,governed-by,Regulatory & Compliance,ResolvedToConcept,CM-1-2-4-3,Regulatory & Compliance,unique exact preferred-label match,ContextualResolved,emit after mechanical uniqueness validation,unique label match to CM-1-2-4-3; no contradicting context,,Q11+Q12,UniquePreferredLabel
CM-1-2-2-1,Credit Risk Management,Commercial & Marketing,enables,Trade Capture,ResolvedToConcept,CM-1-2-1-3,Trade Capture,unique exact preferred-label match,ContextualResolved,emit after mechanical uniqueness validation,unique label match to CM-1-2-1-3; no contradicting context,,Q11+Q12,UniquePreferredLabel
CM-1-2-2-1,Credit Risk Management,Commercial & Marketing,enables,Contract Management,ResolvedToConcept,CM-1-2-1-2,Contract Management,unique exact preferred-label match,ContextualResolved,emit after mechanical uniqueness validation,unique label match to CM-1-2-1-2; no contradicting context,,Q11+Q12,UniquePreferredLabel
CM-1-2-3-1,Actualizations,Commercial & Marketing,follows,Trade Capture,ResolvedToConcept,CM-1-2-1-3,Trade Capture,unique exact preferred-label match,ContextualResolved,emit after mechanical uniqueness validation,unique label match to CM-1-2-1-3; no contradicting context,,Q11+Q12,UniquePreferredLabel
CM-1-2-3-1,Actualizations,Commercial & Marketing,informed-by,Confirmations Management,ResolvedToConcept,CM-1-2-2-2,Confirmations Management,unique exact preferred-label match,ContextualResolved,emit after mechanical uniqueness validation,unique label match to CM-1-2-2-2; no contradicting context,,Q11+Q12,UniquePreferredLabel
CM-1-2-3-1,Actualizations,Commercial & Marketing,precedes,Settlements,ResolvedToConcept,CM-1-2-4-1,Settlements,unique exact preferred-label match,ContextualResolved,emit after mechanical uniqueness validation,unique label match to CM-1-2-4-1; no contradicting context,,Q11+Q12,UniquePreferredLabel
CM-1-2-4-4,Demurrage Management,Commercial & Marketing,uses-input,Perform Vessel & Barge Actualization,ResolvedToConcept,CM-1-2-3-1-4,Perform Vessel & Barge Actualization,unique exact preferred-label match,ContextualResolved,emit after mechanical uniqueness validation,unique label match to CM-1-2-3-1-4; no contradicting context,,Q11+Q12,UniquePreferredLabel
CM-1-2-4-4,Demurrage Management,Commercial & Marketing,uses-input,Manage Carrier Contracts,ResolvedToConcept,CM-1-2-1-2-9,Manage Carrier Contracts,unique exact preferred-label match,ContextualResolved,emit after mechanical uniqueness validation,unique label match to CM-1-2-1-2-9; no contradicting context,,Q11+Q12,UniquePreferredLabel
CM-1-2-4-4,Demurrage Management,Commercial & Marketing,precedes,Manage AR/AP & Actuals,ResolvedToConcept,CM-1-2-4-2-4,Manage AR/AP & Actuals,unique exact preferred-label match,ContextualResolved,emit after mechanical uniqueness validation,unique label match to CM-1-2-4-2-4; no contradicting context,,Q11+Q12,UniquePreferredLabel
CM-1-3-5-3,Marketing Communications Planning,Commercial & Marketing,informed-by,Marketing Communications Strategy,ResolvedToConcept,CM-1-3-3-5,Marketing Communications Strategy,unique exact preferred-label match,ContextualResolved,emit after mechanical uniqueness validation,unique label match to CM-1-3-3-5; no contradicting context,,Q11+Q12,UniquePreferredLabel
CM-1-3-5-3,Marketing Communications Planning,Commercial & Marketing,enables,Integrated Marketing Planning (Advertising),ResolvedToConcept,CM-1-3-5-2,Integrated Marketing Planning (Advertising),unique exact preferred-label match,ContextualResolved,emit after mechanical uniqueness validation,unique label match to CM-1-3-5-2; no contradicting context,,Q11+Q12,UniquePreferredLabel
CM-1-3-5-3,Marketing Communications Planning,Commercial & Marketing,enables,Marketing Plan Execution,ResolvedToConcept,CM-1-3-6-5,Marketing Plan Execution,unique exact preferred-label match,ContextualResolved,emit after mechanical uniqueness validation,unique label match to CM-1-3-6-5; no contradicting context,,Q11+Q12,UniquePreferredLabel
CM-1-2-1-2,Contract Management,Commercial & Marketing,enables,Trade Capture,ResolvedToConcept,CM-1-2-1-3,Trade Capture,unique exact preferred-label match,ContextualResolved,emit after mechanical uniqueness validation,unique label match to CM-1-2-1-3; no contradicting context,,Q11+Q12,UniquePreferredLabel
CM-1-2-1-2,Contract Management,Commercial & Marketing,enables,Confirmations Management,ResolvedToConcept,CM-1-2-2-2,Confirmations Management,unique exact preferred-label match,ContextualResolved,emit after mechanical uniqueness validation,unique label match to CM-1-2-2-2; no contradicting context,,Q11+Q12,UniquePreferredLabel
CM-1-2-1-2,Contract Management,Commercial & Marketing,governed-by,Credit Risk Management,ResolvedToConcept,CM-1-2-2-1,Credit Risk Management,unique exact preferred-label match,ContextualResolved,emit after mechanical uniqueness validation,unique label match to CM-1-2-2-1; no contradicting context,,Q11+Q12,UniquePreferredLabel
CM-1-2-1-3,Trade Capture,Commercial & Marketing,follows,Trading Strategy Management,ResolvedToConcept,CM-1-2-1-4,Trading Strategy Management,unique exact preferred-label match,ContextualResolved,emit after mechanical uniqueness validation,unique label match to CM-1-2-1-4; no contradicting context,,Q11+Q12,UniquePreferredLabel
CM-1-2-1-3,Trade Capture,Commercial & Marketing,precedes,Confirmations Management,ResolvedToConcept,CM-1-2-2-2,Confirmations Management,unique exact preferred-label match,ContextualResolved,emit after mechanical uniqueness validation,unique label match to CM-1-2-2-2; no contradicting context,,Q11+Q12,UniquePreferredLabel
CM-1-2-1-3,Trade Capture,Commercial & Marketing,enables,Market Risk Management,ResolvedToConcept,CM-1-2-2-3,Market Risk Management,unique exact preferred-label match,ContextualResolved,emit after mechanical uniqueness validation,unique label match to CM-1-2-2-3; no contradicting context,,Q11+Q12,UniquePreferredLabel
CM-1-1-3-7,Inventory Management,Commercial & Marketing,enables,Regional Optimization,ResolvedToConcept,CM-1-1-2,Regional Optimization,unique exact preferred-label match,ContextualResolved,emit after mechanical uniqueness validation,unique label match to CM-1-1-2; no contradicting context,,Q11+Q12,UniquePreferredLabel
CM-1-1-3-7,Inventory Management,Commercial & Marketing,enables,Capture Inventory,ResolvedToConcept,CM-1-1-4-7-6,Capture Inventory,unique exact preferred-label match,ContextualResolved,emit after mechanical uniqueness validation,unique label match to CM-1-1-4-7-6; no contradicting context,,Q11+Q12,UniquePreferredLabel
CM-1-1-3-7,Inventory Management,Commercial & Marketing,informed-by,Plan Finished Goods Inventory,ResolvedToConcept,CM-1-1-2-13,Plan Finished Goods Inventory,unique exact preferred-label match,ContextualResolved,emit after mechanical uniqueness validation,unique label match to CM-1-1-2-13; no contradicting context,,Q11+Q12,UniquePreferredLabel
CM-1-2-4-2,Accounting,Commercial & Marketing,follows,Settlements,ResolvedToConcept,CM-1-2-4-1,Settlements,unique exact preferred-label match,ContextualResolved,emit after mechanical uniqueness validation,unique label match to CM-1-2-4-1; no contradicting context,,Q11+Q12,UniquePreferredLabel
CM-1-2-4-2,Accounting,Commercial & Marketing,uses-input,Perform End-of-Month (EOM) Process,ResolvedToConcept,CM-1-2-2-3-5,Perform End-of-Month (EOM) Process,unique exact preferred-label match,ContextualResolved,emit after mechanical uniqueness validation,unique label match to CM-1-2-2-3-5; no contradicting context,,Q11+Q12,UniquePreferredLabel
CM-1-2-4-2,Accounting,Commercial & Marketing,governed-by,Maintain Trading Accounting Procedures and Guidance (CM-1-2-4-2-12),ResolvedToConcept,CM-1-2-4-2-12,Maintain Trading Accounting Procedures and Guidance,stable identifier CM-1-2-4-2-12 carried in mention text,Resolved,emit automatically after subject/target existence checks,target carries its slug; resolves to Maintain Trading Accounting Procedures and Guidance,,Q11+Q12,StableIdentifier
CM-1-2-2-3,Market Risk Management,Commercial & Marketing,governed-by,Regulatory & Compliance,ResolvedToConcept,CM-1-2-4-3,Regulatory & Compliance,unique exact preferred-label match,ContextualResolved,emit after mechanical uniqueness validation,unique label match to CM-1-2-4-3; no contradicting context,,Q11+Q12,UniquePreferredLabel
CM-1-2-2-3,Market Risk Management,Commercial & Marketing,enables,Trading Strategy Management,ResolvedToConcept,CM-1-2-1-4,Trading Strategy Management,unique exact preferred-label match,ContextualResolved,emit after mechanical uniqueness validation,unique label match to CM-1-2-1-4; no contradicting context,,Q11+Q12,UniquePreferredLabel
CM-1-2-2-3,Market Risk Management,Commercial & Marketing,enables,Trade Capture,ResolvedToConcept,CM-1-2-1-3,Trade Capture,unique exact preferred-label match,ContextualResolved,emit after mechanical uniqueness validation,unique label match to CM-1-2-1-3; no contradicting context,,Q11+Q12,UniquePreferredLabel
CM-1-3-6-6,Loyalty and Cards Management (Marketing),Commercial & Marketing,governed-by,Manage Credit & Risk,ResolvedToConcept,CM-1-3-7-4,Manage Credit & Risk,unique exact preferred-label match,ContextualResolved,emit after mechanical uniqueness validation,unique label match to CM-1-3-7-4; no contradicting context,,Q11+Q12,UniquePreferredLabel
CM-1-3-6-6,Loyalty and Cards Management (Marketing),Commercial & Marketing,uses-input,Manage Customer Invoicing and Billing,ResolvedToConcept,CM-1-3-8-1,Manage Customer Invoicing and Billing,unique exact preferred-label match,ContextualResolved,emit after mechanical uniqueness validation,unique label match to CM-1-3-8-1; no contradicting context,,Q11+Q12,UniquePreferredLabel
CM-1-3-6-6,Loyalty and Cards Management (Marketing),Commercial & Marketing,enables,Customer Program Analysis,ResolvedToConcept,CM-1-3-5-5-3,Customer Program Analysis,unique exact preferred-label match,ContextualResolved,emit after mechanical uniqueness validation,unique label match to CM-1-3-5-5-3; no contradicting context,,Q11+Q12,UniquePreferredLabel
CM-1-2-4-1,Settlements,Commercial & Marketing,follows,Actualizations,AmbiguousDeferred,CM-1-2-3 | CM-1-2-3-1,Actualizations | Actualizations,exact label matches multiple concepts; no single contextual target,Deferred,no triple; retain candidates + review trigger,label collision across 2 concepts; source context does not isolate one,label remediation or domain-owner clarification,Q12,AmbiguousDeferred
CM-1-2-4-1,Settlements,Commercial & Marketing,informed-by,Confirmations Management,ResolvedToConcept,CM-1-2-2-2,Confirmations Management,unique exact preferred-label match,ContextualResolved,emit after mechanical uniqueness validation,unique label match to CM-1-2-2-2; no contradicting context,,Q11+Q12,UniquePreferredLabel
CM-1-2-4-1,Settlements,Commercial & Marketing,enables,Manage AR/AP & Actuals,ResolvedToConcept,CM-1-2-4-2-4,Manage AR/AP & Actuals,unique exact preferred-label match,ContextualResolved,emit after mechanical uniqueness validation,unique label match to CM-1-2-4-2-4; no contradicting context,,Q11+Q12,UniquePreferredLabel
