row_id,source_slug,verb,candidate_slugs,column,v1.1,v2
REL-00001,CM-1-1-1-1-1,precedes,CM-1-1-1-1-2,confidence,ContextualResolved,CandidateOnly
REL-00001,CM-1-1-1-1-1,precedes,CM-1-1-1-1-2,decision_reference,Q11+Q12,Q12
REL-00001,CM-1-1-1-1-1,precedes,CM-1-1-1-1-2,disposition,ResolvedToConcept,SoleCandidate
REL-00001,CM-1-1-1-1-1,precedes,CM-1-1-1-1-2,emission_decision,emit after mechanical uniqueness validation,HOLD: context-confirmation pass
REL-00001,CM-1-1-1-1-1,precedes,CM-1-1-1-1-2,evidence,unique exact preferred-label match,"unique exact preferred-label match (candidate filter only, per PR #120)"
REL-00001,CM-1-1-1-1-1,precedes,CM-1-1-1-1-2,reason,unique label match to CM-1-1-1-1-2; no contradicting context,label filter leaves one candidate: CM-1-1-1-1-2; resolution requires context evidence
REL-00002,CM-1-1-1-1-1,enables,CM-1-1-1-1,confidence,Resolved,StableIdentifier
REL-00003,CM-1-1-1-1-2,follows,CM-1-1-1-1-1,confidence,ContextualResolved,CandidateOnly
REL-00003,CM-1-1-1-1-2,follows,CM-1-1-1-1-1,decision_reference,Q11+Q12,Q12
REL-00003,CM-1-1-1-1-2,follows,CM-1-1-1-1-1,disposition,ResolvedToConcept,SoleCandidate
REL-00003,CM-1-1-1-1-2,follows,CM-1-1-1-1-1,emission_decision,emit after mechanical uniqueness validation,HOLD: context-confirmation pass
REL-00003,CM-1-1-1-1-2,follows,CM-1-1-1-1-1,evidence,unique exact preferred-label match,"unique exact preferred-label match (candidate filter only, per PR #120)"
REL-00003,CM-1-1-1-1-2,follows,CM-1-1-1-1-1,reason,unique label match to CM-1-1-1-1-1; no contradicting context,label filter leaves one candidate: CM-1-1-1-1-1; resolution requires context evidence
REL-00004,CM-1-1-1-1-2,precedes,CM-1-1-1-1-3,confidence,ContextualResolved,CandidateOnly
REL-00004,CM-1-1-1-1-2,precedes,CM-1-1-1-1-3,decision_reference,Q11+Q12,Q12
REL-00004,CM-1-1-1-1-2,precedes,CM-1-1-1-1-3,disposition,ResolvedToConcept,SoleCandidate
REL-00004,CM-1-1-1-1-2,precedes,CM-1-1-1-1-3,emission_decision,emit after mechanical uniqueness validation,HOLD: context-confirmation pass
REL-00004,CM-1-1-1-1-2,precedes,CM-1-1-1-1-3,evidence,unique exact preferred-label match,"unique exact preferred-label match (candidate filter only, per PR #120)"
REL-00004,CM-1-1-1-1-2,precedes,CM-1-1-1-1-3,reason,unique label match to CM-1-1-1-1-3; no contradicting context,label filter leaves one candidate: CM-1-1-1-1-3; resolution requires context evidence
REL-00005,CM-1-1-1-1-3,follows,CM-1-1-1-1-2,confidence,ContextualResolved,CandidateOnly
REL-00005,CM-1-1-1-1-3,follows,CM-1-1-1-1-2,decision_reference,Q11+Q12,Q12
REL-00005,CM-1-1-1-1-3,follows,CM-1-1-1-1-2,disposition,ResolvedToConcept,SoleCandidate
REL-00005,CM-1-1-1-1-3,follows,CM-1-1-1-1-2,emission_decision,emit after mechanical uniqueness validation,HOLD: context-confirmation pass
REL-00005,CM-1-1-1-1-3,follows,CM-1-1-1-1-2,evidence,unique exact preferred-label match,"unique exact preferred-label match (candidate filter only, per PR #120)"
REL-00005,CM-1-1-1-1-3,follows,CM-1-1-1-1-2,reason,unique label match to CM-1-1-1-1-2; no contradicting context,label filter leaves one candidate: CM-1-1-1-1-2; resolution requires context evidence
REL-00006,CM-1-1-1-1-3,precedes,CM-1-1-1-1-4,confidence,ContextualResolved,CandidateOnly
REL-00006,CM-1-1-1-1-3,precedes,CM-1-1-1-1-4,decision_reference,Q11+Q12,Q12
REL-00006,CM-1-1-1-1-3,precedes,CM-1-1-1-1-4,disposition,ResolvedToConcept,SoleCandidate
REL-00006,CM-1-1-1-1-3,precedes,CM-1-1-1-1-4,emission_decision,emit after mechanical uniqueness validation,HOLD: context-confirmation pass
REL-00006,CM-1-1-1-1-3,precedes,CM-1-1-1-1-4,evidence,unique exact preferred-label match,"unique exact preferred-label match (candidate filter only, per PR #120)"
REL-00006,CM-1-1-1-1-3,precedes,CM-1-1-1-1-4,reason,unique label match to CM-1-1-1-1-4; no contradicting context,label filter leaves one candidate: CM-1-1-1-1-4; resolution requires context evidence
REL-00007,CM-1-1-1-1-4,follows,CM-1-1-1-1-3,confidence,ContextualResolved,CandidateOnly
REL-00007,CM-1-1-1-1-4,follows,CM-1-1-1-1-3,decision_reference,Q11+Q12,Q12
REL-00007,CM-1-1-1-1-4,follows,CM-1-1-1-1-3,disposition,ResolvedToConcept,SoleCandidate
REL-00007,CM-1-1-1-1-4,follows,CM-1-1-1-1-3,emission_decision,emit after mechanical uniqueness validation,HOLD: context-confirmation pass
REL-00007,CM-1-1-1-1-4,follows,CM-1-1-1-1-3,evidence,unique exact preferred-label match,"unique exact preferred-label match (candidate filter only, per PR #120)"
REL-00007,CM-1-1-1-1-4,follows,CM-1-1-1-1-3,reason,unique label match to CM-1-1-1-1-3; no contradicting context,label filter leaves one candidate: CM-1-1-1-1-3; resolution requires context evidence
REL-00008,CM-1-1-1-1-4,precedes,CM-1-1-2,confidence,ContextualResolved,CandidateOnly
REL-00008,CM-1-1-1-1-4,precedes,CM-1-1-2,decision_reference,Q11+Q12,Q12
REL-00008,CM-1-1-1-1-4,precedes,CM-1-1-2,disposition,ResolvedToConcept,SoleCandidate
REL-00008,CM-1-1-1-1-4,precedes,CM-1-1-2,emission_decision,emit after mechanical uniqueness validation,HOLD: context-confirmation pass
REL-00008,CM-1-1-1-1-4,precedes,CM-1-1-2,evidence,unique exact preferred-label match,"unique exact preferred-label match (candidate filter only, per PR #120)"
REL-00008,CM-1-1-1-1-4,precedes,CM-1-1-2,reason,unique label match to CM-1-1-2; no contradicting context,label filter leaves one candidate: CM-1-1-2; resolution requires context evidence
REL-00009,CM-1-1-1-1-4,enables,CM-1-1-4-7-1,confidence,ContextualResolved,CandidateOnly
REL-00009,CM-1-1-1-1-4,enables,CM-1-1-4-7-1,decision_reference,Q11+Q12,Q12
REL-00009,CM-1-1-1-1-4,enables,CM-1-1-4-7-1,disposition,ResolvedToConcept,SoleCandidate
REL-00009,CM-1-1-1-1-4,enables,CM-1-1-4-7-1,emission_decision,emit after mechanical uniqueness validation,HOLD: context-confirmation pass
REL-00009,CM-1-1-1-1-4,enables,CM-1-1-4-7-1,evidence,unique exact preferred-label match,"unique exact preferred-label match (candidate filter only, per PR #120)"
REL-00009,CM-1-1-1-1-4,enables,CM-1-1-4-7-1,reason,unique label match to CM-1-1-4-7-1; no contradicting context,label filter leaves one candidate: CM-1-1-4-7-1; resolution requires context evidence
REL-00010,CM-1-1-1-1-4,enables,CM-1-2-1-1-2,confidence,ContextualResolved,CandidateOnly
REL-00010,CM-1-1-1-1-4,enables,CM-1-2-1-1-2,decision_reference,Q11+Q12,Q12
REL-00010,CM-1-1-1-1-4,enables,CM-1-2-1-1-2,disposition,ResolvedToConcept,SoleCandidate
REL-00010,CM-1-1-1-1-4,enables,CM-1-2-1-1-2,emission_decision,emit after mechanical uniqueness validation,HOLD: context-confirmation pass
REL-00010,CM-1-1-1-1-4,enables,CM-1-2-1-1-2,evidence,unique exact preferred-label match,"unique exact preferred-label match (candidate filter only, per PR #120)"
REL-00010,CM-1-1-1-1-4,enables,CM-1-2-1-1-2,reason,unique label match to CM-1-2-1-1-2; no contradicting context,label filter leaves one candidate: CM-1-2-1-1-2; resolution requires context evidence
REL-00011,CM-1-1-1-1-5,follows,CM-1-1-1-1-4,confidence,ContextualResolved,CandidateOnly
REL-00011,CM-1-1-1-1-5,follows,CM-1-1-1-1-4,decision_reference,Q11+Q12,Q12
REL-00011,CM-1-1-1-1-5,follows,CM-1-1-1-1-4,disposition,ResolvedToConcept,SoleCandidate
REL-00011,CM-1-1-1-1-5,follows,CM-1-1-1-1-4,emission_decision,emit after mechanical uniqueness validation,HOLD: context-confirmation pass
REL-00011,CM-1-1-1-1-5,follows,CM-1-1-1-1-4,evidence,unique exact preferred-label match,"unique exact preferred-label match (candidate filter only, per PR #120)"
REL-00011,CM-1-1-1-1-5,follows,CM-1-1-1-1-4,reason,unique label match to CM-1-1-1-1-4; no contradicting context,label filter leaves one candidate: CM-1-1-1-1-4; resolution requires context evidence
REL-00012,CM-1-1-1-1-5,uses-input,CM-1-1-1-1-3,confidence,ContextualResolved,CandidateOnly
REL-00012,CM-1-1-1-1-5,uses-input,CM-1-1-1-1-3,decision_reference,Q11+Q12,Q12
REL-00012,CM-1-1-1-1-5,uses-input,CM-1-1-1-1-3,disposition,ResolvedToConcept,SoleCandidate
REL-00012,CM-1-1-1-1-5,uses-input,CM-1-1-1-1-3,emission_decision,emit after mechanical uniqueness validation,HOLD: context-confirmation pass
REL-00012,CM-1-1-1-1-5,uses-input,CM-1-1-1-1-3,evidence,unique exact preferred-label match,"unique exact preferred-label match (candidate filter only, per PR #120)"
REL-00012,CM-1-1-1-1-5,uses-input,CM-1-1-1-1-3,reason,unique label match to CM-1-1-1-1-3; no contradicting context,label filter leaves one candidate: CM-1-1-1-1-3; resolution requires context evidence
REL-00013,CM-1-1-1-1-5,enables,CM-1-1-1-1,confidence,Resolved,StableIdentifier
REL-00014,CM-1-1-2-10,informed-by,CM-1-1-4,candidate_labels,Refinery Planning,Refinery Planning and Optimization
REL-00014,CM-1-1-2-10,informed-by,CM-1-1-4,confidence,ContextualResolved,CandidateOnly
REL-00014,CM-1-1-2-10,informed-by,CM-1-1-4,decision_reference,Q11+Q12,Q12
REL-00014,CM-1-1-2-10,informed-by,CM-1-1-4,disposition,ResolvedToConcept,SoleCandidate
REL-00014,CM-1-1-2-10,informed-by,CM-1-1-4,emission_decision,emit after mechanical uniqueness validation,HOLD: context-confirmation pass
REL-00014,CM-1-1-2-10,informed-by,CM-1-1-4,evidence,unique exact preferred-label match,"unique exact preferred-label match (candidate filter only, per PR #120)"
REL-00014,CM-1-1-2-10,informed-by,CM-1-1-4,raw_target,Refinery Planning,Refinery Planning and Optimization
REL-00014,CM-1-1-2-10,informed-by,CM-1-1-4,reason,unique label match to CM-1-1-4; no contradicting context,label filter leaves one candidate: CM-1-1-4; resolution requires context evidence
REL-00014,CM-1-1-2-10,informed-by,CM-1-1-4,source_label,Crude Allocation Decision,Allocate Crude and Feedstock
REL-00015,CM-1-1-2-10,constrained-by,CM-1-1-3-7,confidence,Resolved,StableIdentifier
REL-00015,CM-1-1-2-10,constrained-by,CM-1-1-3-7,source_label,Crude Allocation Decision,Allocate Crude and Feedstock
REL-00016,CM-1-1-2-10,precedes,CM-1-1-7,candidate_labels,Refinery Scheduling,Refinery Production Planning and Scheduling
REL-00016,CM-1-1-2-10,precedes,CM-1-1-7,confidence,ContextualResolved,CandidateOnly
REL-00016,CM-1-1-2-10,precedes,CM-1-1-7,decision_reference,Q11+Q12,Q12
REL-00016,CM-1-1-2-10,precedes,CM-1-1-7,disposition,ResolvedToConcept,SoleCandidate
REL-00016,CM-1-1-2-10,precedes,CM-1-1-7,emission_decision,emit after mechanical uniqueness validation,HOLD: context-confirmation pass
REL-00016,CM-1-1-2-10,precedes,CM-1-1-7,evidence,unique exact preferred-label match,"unique exact preferred-label match (candidate filter only, per PR #120)"
REL-00016,CM-1-1-2-10,precedes,CM-1-1-7,raw_target,Refinery Scheduling,Refinery Production Planning and Scheduling
REL-00016,CM-1-1-2-10,precedes,CM-1-1-7,reason,unique label match to CM-1-1-7; no contradicting context,label filter leaves one candidate: CM-1-1-7; resolution requires context evidence
REL-00016,CM-1-1-2-10,precedes,CM-1-1-7,source_label,Crude Allocation Decision,Allocate Crude and Feedstock
REL-00017,CM-1-1-2-11,informed-by,CM-1-1-1-1,confidence,Resolved,StableIdentifier
REL-00017,CM-1-1-2-11,informed-by,CM-1-1-1-1,source_label,Product Allocation Decision,Allocate Finished Products
REL-00018,CM-1-1-2-11,constrained-by,CM-1-1-3-7,confidence,Resolved,StableIdentifier
REL-00018,CM-1-1-2-11,constrained-by,CM-1-1-3-7,source_label,Product Allocation Decision,Allocate Finished Products
REL-00019,CM-1-1-2-11,enables,CM-1-3-7,confidence,ContextualResolved,CandidateOnly
REL-00019,CM-1-1-2-11,enables,CM-1-3-7,decision_reference,Q11+Q12,Q12
REL-00019,CM-1-1-2-11,enables,CM-1-3-7,disposition,ResolvedToConcept,SoleCandidate
REL-00019,CM-1-1-2-11,enables,CM-1-3-7,emission_decision,emit after mechanical uniqueness validation,HOLD: context-confirmation pass
REL-00019,CM-1-1-2-11,enables,CM-1-3-7,evidence,unique exact preferred-label match,"unique exact preferred-label match (candidate filter only, per PR #120)"
REL-00019,CM-1-1-2-11,enables,CM-1-3-7,reason,unique label match to CM-1-3-7; no contradicting context,label filter leaves one candidate: CM-1-3-7; resolution requires context evidence
REL-00019,CM-1-1-2-11,enables,CM-1-3-7,source_label,Product Allocation Decision,Allocate Finished Products
REL-00020,CM-1-1-2-11,enables,CM-1-3-10,confidence,ContextualResolved,CandidateOnly
REL-00020,CM-1-1-2-11,enables,CM-1-3-10,decision_reference,Q11+Q12,Q12
REL-00020,CM-1-1-2-11,enables,CM-1-3-10,disposition,ResolvedToConcept,SoleCandidate
REL-00020,CM-1-1-2-11,enables,CM-1-3-10,emission_decision,emit after mechanical uniqueness validation,HOLD: context-confirmation pass
REL-00020,CM-1-1-2-11,enables,CM-1-3-10,evidence,unique exact preferred-label match,"unique exact preferred-label match (candidate filter only, per PR #120)"
REL-00020,CM-1-1-2-11,enables,CM-1-3-10,reason,unique label match to CM-1-3-10; no contradicting context,label filter leaves one candidate: CM-1-3-10; resolution requires context evidence
REL-00020,CM-1-1-2-11,enables,CM-1-3-10,source_label,Product Allocation Decision,Allocate Finished Products
REL-00021,CM-1-1-2-12,enables,CM-1-1-2,confidence,ContextualResolved,CandidateOnly
REL-00021,CM-1-1-2-12,enables,CM-1-1-2,decision_reference,Q11+Q12,Q12
REL-00021,CM-1-1-2-12,enables,CM-1-1-2,disposition,ResolvedToConcept,SoleCandidate
REL-00021,CM-1-1-2-12,enables,CM-1-1-2,emission_decision,emit after mechanical uniqueness validation,HOLD: context-confirmation pass
REL-00021,CM-1-1-2-12,enables,CM-1-1-2,evidence,unique exact preferred-label match,"unique exact preferred-label match (candidate filter only, per PR #120)"
REL-00021,CM-1-1-2-12,enables,CM-1-1-2,reason,unique label match to CM-1-1-2; no contradicting context,label filter leaves one candidate: CM-1-1-2; resolution requires context evidence
REL-00023,CM-1-1-2-12,informed-by,CM-1-1-4,candidate_labels,Refinery Planning,Refinery Planning and Optimization
REL-00023,CM-1-1-2-12,informed-by,CM-1-1-4,confidence,ContextualResolved,CandidateOnly
REL-00023,CM-1-1-2-12,informed-by,CM-1-1-4,decision_reference,Q11+Q12,Q12
REL-00023,CM-1-1-2-12,informed-by,CM-1-1-4,disposition,ResolvedToConcept,SoleCandidate
REL-00023,CM-1-1-2-12,informed-by,CM-1-1-4,emission_decision,emit after mechanical uniqueness validation,HOLD: context-confirmation pass
REL-00023,CM-1-1-2-12,informed-by,CM-1-1-4,evidence,unique exact preferred-label match,"unique exact preferred-label match (candidate filter only, per PR #120)"
REL-00023,CM-1-1-2-12,informed-by,CM-1-1-4,raw_target,Refinery Planning,Refinery Planning and Optimization
REL-00023,CM-1-1-2-12,informed-by,CM-1-1-4,reason,unique label match to CM-1-1-4; no contradicting context,label filter leaves one candidate: CM-1-1-4; resolution requires context evidence
REL-00024,CM-1-1-2-13,constrained-by,CM-1-1-3-7,confidence,Resolved,StableIdentifier
REL-00025,CM-1-1-2-13,informed-by,CM-1-1-1-1,confidence,Resolved,StableIdentifier
REL-00026,CM-1-1-2-13,informed-by,CM-1-1-4,candidate_labels,Refinery Planning,Refinery Planning and Optimization
REL-00026,CM-1-1-2-13,informed-by,CM-1-1-4,confidence,ContextualResolved,CandidateOnly
REL-00026,CM-1-1-2-13,informed-by,CM-1-1-4,decision_reference,Q11+Q12,Q12
REL-00026,CM-1-1-2-13,informed-by,CM-1-1-4,disposition,ResolvedToConcept,SoleCandidate
REL-00026,CM-1-1-2-13,informed-by,CM-1-1-4,emission_decision,emit after mechanical uniqueness validation,HOLD: context-confirmation pass
REL-00026,CM-1-1-2-13,informed-by,CM-1-1-4,evidence,unique exact preferred-label match,"unique exact preferred-label match (candidate filter only, per PR #120)"
REL-00026,CM-1-1-2-13,informed-by,CM-1-1-4,raw_target,Refinery Planning,Refinery Planning and Optimization
REL-00026,CM-1-1-2-13,informed-by,CM-1-1-4,reason,unique label match to CM-1-1-4; no contradicting context,label filter leaves one candidate: CM-1-1-4; resolution requires context evidence
REL-00027,CM-1-1-2-13,enables,CM-1-1-2-11,candidate_labels,Product Allocation Decision,Allocate Finished Products
REL-00027,CM-1-1-2-13,enables,CM-1-1-2-11,confidence,ContextualResolved,StableIdentifier
REL-00027,CM-1-1-2-13,enables,CM-1-1-2-11,emission_decision,emit after mechanical uniqueness validation,emit automatically after subject/target existence checks
REL-00027,CM-1-1-2-13,enables,CM-1-1-2-11,evidence,unique exact preferred-label match,stable identifier CM-1-1-2-11 carried in mention text
REL-00027,CM-1-1-2-13,enables,CM-1-1-2-11,raw_target,Product Allocation Decision,Allocate Finished Products (CM-1-1-2-11)
REL-00027,CM-1-1-2-13,enables,CM-1-1-2-11,reason,unique label match to CM-1-1-2-11; no contradicting context,target carries its slug; resolves to Allocate Finished Products
REL-00029,CM-1-1-3-5-1,informed-by,CM-1-1-2,confidence,ContextualResolved,CandidateOnly
REL-00029,CM-1-1-3-5-1,informed-by,CM-1-1-2,decision_reference,Q11+Q12,Q12
REL-00029,CM-1-1-3-5-1,informed-by,CM-1-1-2,disposition,ResolvedToConcept,SoleCandidate
REL-00029,CM-1-1-3-5-1,informed-by,CM-1-1-2,emission_decision,emit after mechanical uniqueness validation,HOLD: context-confirmation pass
REL-00029,CM-1-1-3-5-1,informed-by,CM-1-1-2,evidence,unique exact preferred-label match,"unique exact preferred-label match (candidate filter only, per PR #120)"
REL-00029,CM-1-1-3-5-1,informed-by,CM-1-1-2,reason,unique label match to CM-1-1-2; no contradicting context,label filter leaves one candidate: CM-1-1-2; resolution requires context evidence
REL-00030,CM-1-1-3-5-1,uses-input,CM-1-1-3-7-9,confidence,ContextualResolved,CandidateOnly
REL-00030,CM-1-1-3-5-1,uses-input,CM-1-1-3-7-9,decision_reference,Q11+Q12,Q12
REL-00030,CM-1-1-3-5-1,uses-input,CM-1-1-3-7-9,disposition,ResolvedToConcept,SoleCandidate
REL-00030,CM-1-1-3-5-1,uses-input,CM-1-1-3-7-9,emission_decision,emit after mechanical uniqueness validation,HOLD: context-confirmation pass
REL-00030,CM-1-1-3-5-1,uses-input,CM-1-1-3-7-9,evidence,unique exact preferred-label match,"unique exact preferred-label match (candidate filter only, per PR #120)"
REL-00030,CM-1-1-3-5-1,uses-input,CM-1-1-3-7-9,reason,unique label match to CM-1-1-3-7-9; no contradicting context,label filter leaves one candidate: CM-1-1-3-7-9; resolution requires context evidence
REL-00031,CM-1-1-3-5-1,precedes,CM-1-1-3-6-1,confidence,ContextualResolved,CandidateOnly
REL-00031,CM-1-1-3-5-1,precedes,CM-1-1-3-6-1,decision_reference,Q11+Q12,Q12
REL-00031,CM-1-1-3-5-1,precedes,CM-1-1-3-6-1,disposition,ResolvedToConcept,SoleCandidate
REL-00031,CM-1-1-3-5-1,precedes,CM-1-1-3-6-1,emission_decision,emit after mechanical uniqueness validation,HOLD: context-confirmation pass
REL-00031,CM-1-1-3-5-1,precedes,CM-1-1-3-6-1,evidence,unique exact preferred-label match,"unique exact preferred-label match (candidate filter only, per PR #120)"
REL-00031,CM-1-1-3-5-1,precedes,CM-1-1-3-6-1,reason,unique label match to CM-1-1-3-6-1; no contradicting context,label filter leaves one candidate: CM-1-1-3-6-1; resolution requires context evidence
REL-00032,CM-1-1-3-5-2,enables,CM-1-1-3-5-1,confidence,ContextualResolved,CandidateOnly
REL-00032,CM-1-1-3-5-2,enables,CM-1-1-3-5-1,decision_reference,Q11+Q12,Q12
REL-00032,CM-1-1-3-5-2,enables,CM-1-1-3-5-1,disposition,ResolvedToConcept,SoleCandidate
REL-00032,CM-1-1-3-5-2,enables,CM-1-1-3-5-1,emission_decision,emit after mechanical uniqueness validation,HOLD: context-confirmation pass
REL-00032,CM-1-1-3-5-2,enables,CM-1-1-3-5-1,evidence,unique exact preferred-label match,"unique exact preferred-label match (candidate filter only, per PR #120)"
REL-00032,CM-1-1-3-5-2,enables,CM-1-1-3-5-1,reason,unique label match to CM-1-1-3-5-1; no contradicting context,label filter leaves one candidate: CM-1-1-3-5-1; resolution requires context evidence
REL-00033,CM-1-1-3-6-1,follows,CM-1-1-3-5-1,confidence,ContextualResolved,CandidateOnly
REL-00033,CM-1-1-3-6-1,follows,CM-1-1-3-5-1,decision_reference,Q11+Q12,Q12
REL-00033,CM-1-1-3-6-1,follows,CM-1-1-3-5-1,disposition,ResolvedToConcept,SoleCandidate
REL-00033,CM-1-1-3-6-1,follows,CM-1-1-3-5-1,emission_decision,emit after mechanical uniqueness validation,HOLD: context-confirmation pass
REL-00033,CM-1-1-3-6-1,follows,CM-1-1-3-5-1,evidence,unique exact preferred-label match,"unique exact preferred-label match (candidate filter only, per PR #120)"
REL-00033,CM-1-1-3-6-1,follows,CM-1-1-3-5-1,reason,unique label match to CM-1-1-3-5-1; no contradicting context,label filter leaves one candidate: CM-1-1-3-5-1; resolution requires context evidence
REL-00034,CM-1-1-3-6-1,precedes,CM-1-1-3-6-2,confidence,Resolved,StableIdentifier
REL-00035,CM-1-1-3-6-2,follows,CM-1-1-3-6-1,confidence,ContextualResolved,CandidateOnly
REL-00035,CM-1-1-3-6-2,follows,CM-1-1-3-6-1,decision_reference,Q11+Q12,Q12
REL-00035,CM-1-1-3-6-2,follows,CM-1-1-3-6-1,disposition,ResolvedToConcept,SoleCandidate
REL-00035,CM-1-1-3-6-2,follows,CM-1-1-3-6-1,emission_decision,emit after mechanical uniqueness validation,HOLD: context-confirmation pass
REL-00035,CM-1-1-3-6-2,follows,CM-1-1-3-6-1,evidence,unique exact preferred-label match,"unique exact preferred-label match (candidate filter only, per PR #120)"
REL-00035,CM-1-1-3-6-2,follows,CM-1-1-3-6-1,reason,unique label match to CM-1-1-3-6-1; no contradicting context,label filter leaves one candidate: CM-1-1-3-6-1; resolution requires context evidence
REL-00036,CM-1-1-3-6-2,precedes,CM-1-1-3-6-3,confidence,ContextualResolved,CandidateOnly
REL-00036,CM-1-1-3-6-2,precedes,CM-1-1-3-6-3,decision_reference,Q11+Q12,Q12
REL-00036,CM-1-1-3-6-2,precedes,CM-1-1-3-6-3,disposition,ResolvedToConcept,SoleCandidate
REL-00036,CM-1-1-3-6-2,precedes,CM-1-1-3-6-3,emission_decision,emit after mechanical uniqueness validation,HOLD: context-confirmation pass
REL-00036,CM-1-1-3-6-2,precedes,CM-1-1-3-6-3,evidence,unique exact preferred-label match,"unique exact preferred-label match (candidate filter only, per PR #120)"
REL-00036,CM-1-1-3-6-2,precedes,CM-1-1-3-6-3,reason,unique label match to CM-1-1-3-6-3; no contradicting context,label filter leaves one candidate: CM-1-1-3-6-3; resolution requires context evidence
REL-00037,CM-1-1-3-6-3,follows,CM-1-1-3-6-2,confidence,Resolved,StableIdentifier
REL-00038,CM-1-1-3-6-3,enables,CM-1-1-3-7-12,confidence,Resolved,StableIdentifier
REL-00039,CM-1-1-3-6-3,precedes,CM-1-1-3-6-4,confidence,ContextualResolved,CandidateOnly
REL-00039,CM-1-1-3-6-3,precedes,CM-1-1-3-6-4,decision_reference,Q11+Q12,Q12
REL-00039,CM-1-1-3-6-3,precedes,CM-1-1-3-6-4,disposition,ResolvedToConcept,SoleCandidate
REL-00039,CM-1-1-3-6-3,precedes,CM-1-1-3-6-4,emission_decision,emit after mechanical uniqueness validation,HOLD: context-confirmation pass
REL-00039,CM-1-1-3-6-3,precedes,CM-1-1-3-6-4,evidence,unique exact preferred-label match,"unique exact preferred-label match (candidate filter only, per PR #120)"
REL-00039,CM-1-1-3-6-3,precedes,CM-1-1-3-6-4,reason,unique label match to CM-1-1-3-6-4; no contradicting context,label filter leaves one candidate: CM-1-1-3-6-4; resolution requires context evidence
REL-00040,CM-1-1-3-6-4,follows,CM-1-1-3-6-3,confidence,ContextualResolved,CandidateOnly
REL-00040,CM-1-1-3-6-4,follows,CM-1-1-3-6-3,decision_reference,Q11+Q12,Q12
REL-00040,CM-1-1-3-6-4,follows,CM-1-1-3-6-3,disposition,ResolvedToConcept,SoleCandidate
REL-00040,CM-1-1-3-6-4,follows,CM-1-1-3-6-3,emission_decision,emit after mechanical uniqueness validation,HOLD: context-confirmation pass
REL-00040,CM-1-1-3-6-4,follows,CM-1-1-3-6-3,evidence,unique exact preferred-label match,"unique exact preferred-label match (candidate filter only, per PR #120)"
REL-00040,CM-1-1-3-6-4,follows,CM-1-1-3-6-3,reason,unique label match to CM-1-1-3-6-3; no contradicting context,label filter leaves one candidate: CM-1-1-3-6-3; resolution requires context evidence
REL-00041,CM-1-1-3-6-4,enables,CM-1-1-3-7-5,confidence,ContextualResolved,CandidateOnly
REL-00041,CM-1-1-3-6-4,enables,CM-1-1-3-7-5,decision_reference,Q11+Q12,Q12
REL-00041,CM-1-1-3-6-4,enables,CM-1-1-3-7-5,disposition,ResolvedToConcept,SoleCandidate
REL-00041,CM-1-1-3-6-4,enables,CM-1-1-3-7-5,emission_decision,emit after mechanical uniqueness validation,HOLD: context-confirmation pass
REL-00041,CM-1-1-3-6-4,enables,CM-1-1-3-7-5,evidence,unique exact preferred-label match,"unique exact preferred-label match (candidate filter only, per PR #120)"
REL-00041,CM-1-1-3-6-4,enables,CM-1-1-3-7-5,reason,unique label match to CM-1-1-3-7-5; no contradicting context,label filter leaves one candidate: CM-1-1-3-7-5; resolution requires context evidence
REL-00042,CM-1-1-3-7-1,informed-by,CM-1-1-4,candidate_labels,Refinery Planning,Refinery Planning and Optimization
REL-00042,CM-1-1-3-7-1,informed-by,CM-1-1-4,confidence,ContextualResolved,CandidateOnly
REL-00042,CM-1-1-3-7-1,informed-by,CM-1-1-4,decision_reference,Q11+Q12,Q12
REL-00042,CM-1-1-3-7-1,informed-by,CM-1-1-4,disposition,ResolvedToConcept,SoleCandidate
REL-00042,CM-1-1-3-7-1,informed-by,CM-1-1-4,emission_decision,emit after mechanical uniqueness validation,HOLD: context-confirmation pass
REL-00042,CM-1-1-3-7-1,informed-by,CM-1-1-4,evidence,unique exact preferred-label match,"unique exact preferred-label match (candidate filter only, per PR #120)"
REL-00042,CM-1-1-3-7-1,informed-by,CM-1-1-4,raw_target,Refinery Planning,Refinery Planning and Optimization
REL-00042,CM-1-1-3-7-1,informed-by,CM-1-1-4,reason,unique label match to CM-1-1-4; no contradicting context,label filter leaves one candidate: CM-1-1-4; resolution requires context evidence
REL-00043,CM-1-1-3-7-1,enables,CM-1-1-3-7-12,confidence,Resolved,StableIdentifier
REL-00044,CM-1-1-3-7-10,enables,CM-1-1-3-7-5,confidence,ContextualResolved,CandidateOnly
REL-00044,CM-1-1-3-7-10,enables,CM-1-1-3-7-5,decision_reference,Q11+Q12,Q12
REL-00044,CM-1-1-3-7-10,enables,CM-1-1-3-7-5,disposition,ResolvedToConcept,SoleCandidate
REL-00044,CM-1-1-3-7-10,enables,CM-1-1-3-7-5,emission_decision,emit after mechanical uniqueness validation,HOLD: context-confirmation pass
REL-00044,CM-1-1-3-7-10,enables,CM-1-1-3-7-5,evidence,unique exact preferred-label match,"unique exact preferred-label match (candidate filter only, per PR #120)"
REL-00044,CM-1-1-3-7-10,enables,CM-1-1-3-7-5,reason,unique label match to CM-1-1-3-7-5; no contradicting context,label filter leaves one candidate: CM-1-1-3-7-5; resolution requires context evidence
REL-00045,CM-1-1-3-7-10,informed-by,CM-1-1-3-7-3,confidence,ContextualResolved,CandidateOnly
REL-00045,CM-1-1-3-7-10,informed-by,CM-1-1-3-7-3,decision_reference,Q11+Q12,Q12
REL-00045,CM-1-1-3-7-10,informed-by,CM-1-1-3-7-3,disposition,ResolvedToConcept,SoleCandidate
REL-00045,CM-1-1-3-7-10,informed-by,CM-1-1-3-7-3,emission_decision,emit after mechanical uniqueness validation,HOLD: context-confirmation pass
REL-00045,CM-1-1-3-7-10,informed-by,CM-1-1-3-7-3,evidence,unique exact preferred-label match,"unique exact preferred-label match (candidate filter only, per PR #120)"
REL-00045,CM-1-1-3-7-10,informed-by,CM-1-1-3-7-3,reason,unique label match to CM-1-1-3-7-3; no contradicting context,label filter leaves one candidate: CM-1-1-3-7-3; resolution requires context evidence
REL-00046,CM-1-1-3-7-11,enables,CM-1-1-3-7-5,confidence,ContextualResolved,CandidateOnly
REL-00046,CM-1-1-3-7-11,enables,CM-1-1-3-7-5,decision_reference,Q11+Q12,Q12
REL-00046,CM-1-1-3-7-11,enables,CM-1-1-3-7-5,disposition,ResolvedToConcept,SoleCandidate
REL-00046,CM-1-1-3-7-11,enables,CM-1-1-3-7-5,emission_decision,emit after mechanical uniqueness validation,HOLD: context-confirmation pass
REL-00046,CM-1-1-3-7-11,enables,CM-1-1-3-7-5,evidence,unique exact preferred-label match,"unique exact preferred-label match (candidate filter only, per PR #120)"
REL-00046,CM-1-1-3-7-11,enables,CM-1-1-3-7-5,reason,unique label match to CM-1-1-3-7-5; no contradicting context,label filter leaves one candidate: CM-1-1-3-7-5; resolution requires context evidence
REL-00047,CM-1-1-3-7-11,uses-input,CM-1-1-3-7-4,confidence,ContextualResolved,CandidateOnly
REL-00047,CM-1-1-3-7-11,uses-input,CM-1-1-3-7-4,decision_reference,Q11+Q12,Q12
REL-00047,CM-1-1-3-7-11,uses-input,CM-1-1-3-7-4,disposition,ResolvedToConcept,SoleCandidate
REL-00047,CM-1-1-3-7-11,uses-input,CM-1-1-3-7-4,emission_decision,emit after mechanical uniqueness validation,HOLD: context-confirmation pass
REL-00047,CM-1-1-3-7-11,uses-input,CM-1-1-3-7-4,evidence,unique exact preferred-label match,"unique exact preferred-label match (candidate filter only, per PR #120)"
REL-00047,CM-1-1-3-7-11,uses-input,CM-1-1-3-7-4,reason,unique label match to CM-1-1-3-7-4; no contradicting context,label filter leaves one candidate: CM-1-1-3-7-4; resolution requires context evidence
REL-00048,CM-1-1-3-7-12,uses-input,CM-1-1-3-7-4,confidence,ContextualResolved,CandidateOnly
REL-00048,CM-1-1-3-7-12,uses-input,CM-1-1-3-7-4,decision_reference,Q11+Q12,Q12
REL-00048,CM-1-1-3-7-12,uses-input,CM-1-1-3-7-4,disposition,ResolvedToConcept,SoleCandidate
REL-00048,CM-1-1-3-7-12,uses-input,CM-1-1-3-7-4,emission_decision,emit after mechanical uniqueness validation,HOLD: context-confirmation pass
REL-00048,CM-1-1-3-7-12,uses-input,CM-1-1-3-7-4,evidence,unique exact preferred-label match,"unique exact preferred-label match (candidate filter only, per PR #120)"
REL-00048,CM-1-1-3-7-12,uses-input,CM-1-1-3-7-4,reason,unique label match to CM-1-1-3-7-4; no contradicting context,label filter leaves one candidate: CM-1-1-3-7-4; resolution requires context evidence
REL-00049,CM-1-1-3-7-12,triggers,CM-1-1-3-7-9,confidence,ContextualResolved,CandidateOnly
REL-00049,CM-1-1-3-7-12,triggers,CM-1-1-3-7-9,decision_reference,Q11+Q12,Q12
REL-00049,CM-1-1-3-7-12,triggers,CM-1-1-3-7-9,disposition,ResolvedToConcept,SoleCandidate
REL-00049,CM-1-1-3-7-12,triggers,CM-1-1-3-7-9,emission_decision,emit after mechanical uniqueness validation,HOLD: context-confirmation pass
REL-00049,CM-1-1-3-7-12,triggers,CM-1-1-3-7-9,evidence,unique exact preferred-label match,"unique exact preferred-label match (candidate filter only, per PR #120)"
REL-00049,CM-1-1-3-7-12,triggers,CM-1-1-3-7-9,reason,unique label match to CM-1-1-3-7-9; no contradicting context,label filter leaves one candidate: CM-1-1-3-7-9; resolution requires context evidence
REL-00050,CM-1-1-3-7-12,governed-by,CM-1-1-3-7-3,confidence,ContextualResolved,CandidateOnly
REL-00050,CM-1-1-3-7-12,governed-by,CM-1-1-3-7-3,decision_reference,Q11+Q12,Q12
REL-00050,CM-1-1-3-7-12,governed-by,CM-1-1-3-7-3,disposition,ResolvedToConcept,SoleCandidate
REL-00050,CM-1-1-3-7-12,governed-by,CM-1-1-3-7-3,emission_decision,emit after mechanical uniqueness validation,HOLD: context-confirmation pass
REL-00050,CM-1-1-3-7-12,governed-by,CM-1-1-3-7-3,evidence,unique exact preferred-label match,"unique exact preferred-label match (candidate filter only, per PR #120)"
REL-00050,CM-1-1-3-7-12,governed-by,CM-1-1-3-7-3,reason,unique label match to CM-1-1-3-7-3; no contradicting context,label filter leaves one candidate: CM-1-1-3-7-3; resolution requires context evidence
REL-00051,CM-1-1-3-7-2,informed-by,CM-1-1-4,candidate_labels,Refinery Planning,Refinery Planning and Optimization
REL-00051,CM-1-1-3-7-2,informed-by,CM-1-1-4,confidence,ContextualResolved,CandidateOnly
REL-00051,CM-1-1-3-7-2,informed-by,CM-1-1-4,decision_reference,Q11+Q12,Q12
REL-00051,CM-1-1-3-7-2,informed-by,CM-1-1-4,disposition,ResolvedToConcept,SoleCandidate
REL-00051,CM-1-1-3-7-2,informed-by,CM-1-1-4,emission_decision,emit after mechanical uniqueness validation,HOLD: context-confirmation pass
REL-00051,CM-1-1-3-7-2,informed-by,CM-1-1-4,evidence,unique exact preferred-label match,"unique exact preferred-label match (candidate filter only, per PR #120)"
REL-00051,CM-1-1-3-7-2,informed-by,CM-1-1-4,raw_target,Refinery Planning,Refinery Planning and Optimization
REL-00051,CM-1-1-3-7-2,informed-by,CM-1-1-4,reason,unique label match to CM-1-1-4; no contradicting context,label filter leaves one candidate: CM-1-1-4; resolution requires context evidence
REL-00052,CM-1-1-3-7-2,enables,CM-1-1-3-7-12,confidence,Resolved,StableIdentifier
REL-00053,CM-1-1-3-7-3,enables,CM-1-1-2-13,confidence,ContextualResolved,CandidateOnly
REL-00053,CM-1-1-3-7-3,enables,CM-1-1-2-13,decision_reference,Q11+Q12,Q12
REL-00053,CM-1-1-3-7-3,enables,CM-1-1-2-13,disposition,ResolvedToConcept,SoleCandidate
REL-00053,CM-1-1-3-7-3,enables,CM-1-1-2-13,emission_decision,emit after mechanical uniqueness validation,HOLD: context-confirmation pass
REL-00053,CM-1-1-3-7-3,enables,CM-1-1-2-13,evidence,unique exact preferred-label match,"unique exact preferred-label match (candidate filter only, per PR #120)"
REL-00053,CM-1-1-3-7-3,enables,CM-1-1-2-13,reason,unique label match to CM-1-1-2-13; no contradicting context,label filter leaves one candidate: CM-1-1-2-13; resolution requires context evidence
REL-00054,CM-1-1-3-7-3,enables,CM-1-1-3-7-9,confidence,ContextualResolved,CandidateOnly
REL-00054,CM-1-1-3-7-3,enables,CM-1-1-3-7-9,decision_reference,Q11+Q12,Q12
REL-00054,CM-1-1-3-7-3,enables,CM-1-1-3-7-9,disposition,ResolvedToConcept,SoleCandidate
REL-00054,CM-1-1-3-7-3,enables,CM-1-1-3-7-9,emission_decision,emit after mechanical uniqueness validation,HOLD: context-confirmation pass
REL-00054,CM-1-1-3-7-3,enables,CM-1-1-3-7-9,evidence,unique exact preferred-label match,"unique exact preferred-label match (candidate filter only, per PR #120)"
REL-00054,CM-1-1-3-7-3,enables,CM-1-1-3-7-9,reason,unique label match to CM-1-1-3-7-9; no contradicting context,label filter leaves one candidate: CM-1-1-3-7-9; resolution requires context evidence
REL-00055,CM-1-1-3-7-3,informed-by,CM-1-1-1-1,confidence,Resolved,StableIdentifier
REL-00056,CM-1-1-3-7-4,precedes,CM-1-1-3-7-5,confidence,ContextualResolved,CandidateOnly
REL-00056,CM-1-1-3-7-4,precedes,CM-1-1-3-7-5,decision_reference,Q11+Q12,Q12
REL-00056,CM-1-1-3-7-4,precedes,CM-1-1-3-7-5,disposition,ResolvedToConcept,SoleCandidate
REL-00056,CM-1-1-3-7-4,precedes,CM-1-1-3-7-5,emission_decision,emit after mechanical uniqueness validation,HOLD: context-confirmation pass
REL-00056,CM-1-1-3-7-4,precedes,CM-1-1-3-7-5,evidence,unique exact preferred-label match,"unique exact preferred-label match (candidate filter only, per PR #120)"
REL-00056,CM-1-1-3-7-4,precedes,CM-1-1-3-7-5,reason,unique label match to CM-1-1-3-7-5; no contradicting context,label filter leaves one candidate: CM-1-1-3-7-5; resolution requires context evidence
REL-00057,CM-1-1-3-7-4,enables,CM-1-1-3-7-12,confidence,Resolved,StableIdentifier
REL-00058,CM-1-1-3-7-5,follows,CM-1-1-3-7-4,confidence,ContextualResolved,CandidateOnly
REL-00058,CM-1-1-3-7-5,follows,CM-1-1-3-7-4,decision_reference,Q11+Q12,Q12
REL-00058,CM-1-1-3-7-5,follows,CM-1-1-3-7-4,disposition,ResolvedToConcept,SoleCandidate
REL-00058,CM-1-1-3-7-5,follows,CM-1-1-3-7-4,emission_decision,emit after mechanical uniqueness validation,HOLD: context-confirmation pass
REL-00058,CM-1-1-3-7-5,follows,CM-1-1-3-7-4,evidence,unique exact preferred-label match,"unique exact preferred-label match (candidate filter only, per PR #120)"
REL-00058,CM-1-1-3-7-5,follows,CM-1-1-3-7-4,reason,unique label match to CM-1-1-3-7-4; no contradicting context,label filter leaves one candidate: CM-1-1-3-7-4; resolution requires context evidence
REL-00059,CM-1-1-3-7-5,enables,CM-1-1-6,confidence,ContextualResolved,CandidateOnly
REL-00059,CM-1-1-3-7-5,enables,CM-1-1-6,decision_reference,Q11+Q12,Q12
REL-00059,CM-1-1-3-7-5,enables,CM-1-1-6,disposition,ResolvedToConcept,SoleCandidate
REL-00059,CM-1-1-3-7-5,enables,CM-1-1-6,emission_decision,emit after mechanical uniqueness validation,HOLD: context-confirmation pass
REL-00059,CM-1-1-3-7-5,enables,CM-1-1-6,evidence,unique exact preferred-label match,"unique exact preferred-label match (candidate filter only, per PR #120)"
REL-00059,CM-1-1-3-7-5,enables,CM-1-1-6,reason,unique label match to CM-1-1-6; no contradicting context,label filter leaves one candidate: CM-1-1-6; resolution requires context evidence
REL-00060,CM-1-1-3-7-5,enables,CM-1-1-3-7-12,confidence,Resolved,StableIdentifier
REL-00061,CM-1-1-3-7-6,enables,CM-1-1-3-7-5,confidence,ContextualResolved,CandidateOnly
REL-00061,CM-1-1-3-7-6,enables,CM-1-1-3-7-5,decision_reference,Q11+Q12,Q12
REL-00061,CM-1-1-3-7-6,enables,CM-1-1-3-7-5,disposition,ResolvedToConcept,SoleCandidate
REL-00061,CM-1-1-3-7-6,enables,CM-1-1-3-7-5,emission_decision,emit after mechanical uniqueness validation,HOLD: context-confirmation pass
REL-00061,CM-1-1-3-7-6,enables,CM-1-1-3-7-5,evidence,unique exact preferred-label match,"unique exact preferred-label match (candidate filter only, per PR #120)"
REL-00061,CM-1-1-3-7-6,enables,CM-1-1-3-7-5,reason,unique label match to CM-1-1-3-7-5; no contradicting context,label filter leaves one candidate: CM-1-1-3-7-5; resolution requires context evidence
REL-00062,CM-1-1-3-7-6,informed-by,CM-1-1-3-7-3,confidence,ContextualResolved,CandidateOnly
REL-00062,CM-1-1-3-7-6,informed-by,CM-1-1-3-7-3,decision_reference,Q11+Q12,Q12
REL-00062,CM-1-1-3-7-6,informed-by,CM-1-1-3-7-3,disposition,ResolvedToConcept,SoleCandidate
REL-00062,CM-1-1-3-7-6,informed-by,CM-1-1-3-7-3,emission_decision,emit after mechanical uniqueness validation,HOLD: context-confirmation pass
REL-00062,CM-1-1-3-7-6,informed-by,CM-1-1-3-7-3,evidence,unique exact preferred-label match,"unique exact preferred-label match (candidate filter only, per PR #120)"
REL-00062,CM-1-1-3-7-6,informed-by,CM-1-1-3-7-3,reason,unique label match to CM-1-1-3-7-3; no contradicting context,label filter leaves one candidate: CM-1-1-3-7-3; resolution requires context evidence
REL-00063,CM-1-1-3-7-7,enables,CM-1-1-3-7-5,confidence,ContextualResolved,CandidateOnly
REL-00063,CM-1-1-3-7-7,enables,CM-1-1-3-7-5,decision_reference,Q11+Q12,Q12
REL-00063,CM-1-1-3-7-7,enables,CM-1-1-3-7-5,disposition,ResolvedToConcept,SoleCandidate
REL-00063,CM-1-1-3-7-7,enables,CM-1-1-3-7-5,emission_decision,emit after mechanical uniqueness validation,HOLD: context-confirmation pass
REL-00063,CM-1-1-3-7-7,enables,CM-1-1-3-7-5,evidence,unique exact preferred-label match,"unique exact preferred-label match (candidate filter only, per PR #120)"
REL-00063,CM-1-1-3-7-7,enables,CM-1-1-3-7-5,reason,unique label match to CM-1-1-3-7-5; no contradicting context,label filter leaves one candidate: CM-1-1-3-7-5; resolution requires context evidence
REL-00064,CM-1-1-3-7-7,uses-input,CM-1-1-3-7-4,confidence,ContextualResolved,CandidateOnly
REL-00064,CM-1-1-3-7-7,uses-input,CM-1-1-3-7-4,decision_reference,Q11+Q12,Q12
REL-00064,CM-1-1-3-7-7,uses-input,CM-1-1-3-7-4,disposition,ResolvedToConcept,SoleCandidate
REL-00064,CM-1-1-3-7-7,uses-input,CM-1-1-3-7-4,emission_decision,emit after mechanical uniqueness validation,HOLD: context-confirmation pass
REL-00064,CM-1-1-3-7-7,uses-input,CM-1-1-3-7-4,evidence,unique exact preferred-label match,"unique exact preferred-label match (candidate filter only, per PR #120)"
REL-00064,CM-1-1-3-7-7,uses-input,CM-1-1-3-7-4,reason,unique label match to CM-1-1-3-7-4; no contradicting context,label filter leaves one candidate: CM-1-1-3-7-4; resolution requires context evidence
REL-00065,CM-1-1-3-7-8,enables,CM-1-1-3-7-12,confidence,Resolved,StableIdentifier
REL-00066,CM-1-1-3-7-8,uses-input,CM-1-1-3-7-4,confidence,ContextualResolved,CandidateOnly
REL-00066,CM-1-1-3-7-8,uses-input,CM-1-1-3-7-4,decision_reference,Q11+Q12,Q12
REL-00066,CM-1-1-3-7-8,uses-input,CM-1-1-3-7-4,disposition,ResolvedToConcept,SoleCandidate
REL-00066,CM-1-1-3-7-8,uses-input,CM-1-1-3-7-4,emission_decision,emit after mechanical uniqueness validation,HOLD: context-confirmation pass
REL-00066,CM-1-1-3-7-8,uses-input,CM-1-1-3-7-4,evidence,unique exact preferred-label match,"unique exact preferred-label match (candidate filter only, per PR #120)"
REL-00066,CM-1-1-3-7-8,uses-input,CM-1-1-3-7-4,reason,unique label match to CM-1-1-3-7-4; no contradicting context,label filter leaves one candidate: CM-1-1-3-7-4; resolution requires context evidence
REL-00067,CM-1-1-3-7-9,governed-by,CM-1-1-3-7-3,confidence,ContextualResolved,CandidateOnly
REL-00067,CM-1-1-3-7-9,governed-by,CM-1-1-3-7-3,decision_reference,Q11+Q12,Q12
REL-00067,CM-1-1-3-7-9,governed-by,CM-1-1-3-7-3,disposition,ResolvedToConcept,SoleCandidate
REL-00067,CM-1-1-3-7-9,governed-by,CM-1-1-3-7-3,emission_decision,emit after mechanical uniqueness validation,HOLD: context-confirmation pass
REL-00067,CM-1-1-3-7-9,governed-by,CM-1-1-3-7-3,evidence,unique exact preferred-label match,"unique exact preferred-label match (candidate filter only, per PR #120)"
REL-00067,CM-1-1-3-7-9,governed-by,CM-1-1-3-7-3,reason,unique label match to CM-1-1-3-7-3; no contradicting context,label filter leaves one candidate: CM-1-1-3-7-3; resolution requires context evidence
REL-00068,CM-1-1-3-7-9,precedes,CM-1-1-3-6,confidence,ContextualResolved,CandidateOnly
REL-00068,CM-1-1-3-7-9,precedes,CM-1-1-3-6,decision_reference,Q11+Q12,Q12
REL-00068,CM-1-1-3-7-9,precedes,CM-1-1-3-6,disposition,ResolvedToConcept,SoleCandidate
REL-00068,CM-1-1-3-7-9,precedes,CM-1-1-3-6,emission_decision,emit after mechanical uniqueness validation,HOLD: context-confirmation pass
REL-00068,CM-1-1-3-7-9,precedes,CM-1-1-3-6,evidence,unique exact preferred-label match,"unique exact preferred-label match (candidate filter only, per PR #120)"
REL-00068,CM-1-1-3-7-9,precedes,CM-1-1-3-6,reason,unique label match to CM-1-1-3-6; no contradicting context,label filter leaves one candidate: CM-1-1-3-6; resolution requires context evidence
REL-00069,CM-1-1-3-7-9,informed-by,CM-1-1-2-13,confidence,ContextualResolved,CandidateOnly
REL-00069,CM-1-1-3-7-9,informed-by,CM-1-1-2-13,decision_reference,Q11+Q12,Q12
REL-00069,CM-1-1-3-7-9,informed-by,CM-1-1-2-13,disposition,ResolvedToConcept,SoleCandidate
REL-00069,CM-1-1-3-7-9,informed-by,CM-1-1-2-13,emission_decision,emit after mechanical uniqueness validation,HOLD: context-confirmation pass
REL-00069,CM-1-1-3-7-9,informed-by,CM-1-1-2-13,evidence,unique exact preferred-label match,"unique exact preferred-label match (candidate filter only, per PR #120)"
REL-00069,CM-1-1-3-7-9,informed-by,CM-1-1-2-13,reason,unique label match to CM-1-1-2-13; no contradicting context,label filter leaves one candidate: CM-1-1-2-13; resolution requires context evidence
REL-00070,CM-1-1-3-8-1,precedes,CM-1-1-3-8-2,confidence,ContextualResolved,CandidateOnly
REL-00070,CM-1-1-3-8-1,precedes,CM-1-1-3-8-2,decision_reference,Q11+Q12,Q12
REL-00070,CM-1-1-3-8-1,precedes,CM-1-1-3-8-2,disposition,ResolvedToConcept,SoleCandidate
REL-00070,CM-1-1-3-8-1,precedes,CM-1-1-3-8-2,emission_decision,emit after mechanical uniqueness validation,HOLD: context-confirmation pass
REL-00070,CM-1-1-3-8-1,precedes,CM-1-1-3-8-2,evidence,unique exact preferred-label match,"unique exact preferred-label match (candidate filter only, per PR #120)"
REL-00070,CM-1-1-3-8-1,precedes,CM-1-1-3-8-2,reason,unique label match to CM-1-1-3-8-2; no contradicting context,label filter leaves one candidate: CM-1-1-3-8-2; resolution requires context evidence
REL-00071,CM-1-1-3-8-1,informed-by,CM-1-1-1-1,confidence,Resolved,StableIdentifier
REL-00072,CM-1-1-3-8-2,follows,CM-1-1-3-8-1,confidence,ContextualResolved,CandidateOnly
REL-00072,CM-1-1-3-8-2,follows,CM-1-1-3-8-1,decision_reference,Q11+Q12,Q12
REL-00072,CM-1-1-3-8-2,follows,CM-1-1-3-8-1,disposition,ResolvedToConcept,SoleCandidate
REL-00072,CM-1-1-3-8-2,follows,CM-1-1-3-8-1,emission_decision,emit after mechanical uniqueness validation,HOLD: context-confirmation pass
REL-00072,CM-1-1-3-8-2,follows,CM-1-1-3-8-1,evidence,unique exact preferred-label match,"unique exact preferred-label match (candidate filter only, per PR #120)"
REL-00072,CM-1-1-3-8-2,follows,CM-1-1-3-8-1,reason,unique label match to CM-1-1-3-8-1; no contradicting context,label filter leaves one candidate: CM-1-1-3-8-1; resolution requires context evidence
REL-00073,CM-1-1-3-8-2,precedes,CM-1-1-3-8-4,confidence,ContextualResolved,CandidateOnly
REL-00073,CM-1-1-3-8-2,precedes,CM-1-1-3-8-4,decision_reference,Q11+Q12,Q12
REL-00073,CM-1-1-3-8-2,precedes,CM-1-1-3-8-4,disposition,ResolvedToConcept,SoleCandidate
REL-00073,CM-1-1-3-8-2,precedes,CM-1-1-3-8-4,emission_decision,emit after mechanical uniqueness validation,HOLD: context-confirmation pass
REL-00073,CM-1-1-3-8-2,precedes,CM-1-1-3-8-4,evidence,unique exact preferred-label match,"unique exact preferred-label match (candidate filter only, per PR #120)"
REL-00073,CM-1-1-3-8-2,precedes,CM-1-1-3-8-4,reason,unique label match to CM-1-1-3-8-4; no contradicting context,label filter leaves one candidate: CM-1-1-3-8-4; resolution requires context evidence
REL-00074,CM-1-1-3-8-3,enables,CM-1-1-3-8-2,confidence,ContextualResolved,CandidateOnly
REL-00074,CM-1-1-3-8-3,enables,CM-1-1-3-8-2,decision_reference,Q11+Q12,Q12
REL-00074,CM-1-1-3-8-3,enables,CM-1-1-3-8-2,disposition,ResolvedToConcept,SoleCandidate
REL-00074,CM-1-1-3-8-3,enables,CM-1-1-3-8-2,emission_decision,emit after mechanical uniqueness validation,HOLD: context-confirmation pass
REL-00074,CM-1-1-3-8-3,enables,CM-1-1-3-8-2,evidence,unique exact preferred-label match,"unique exact preferred-label match (candidate filter only, per PR #120)"
REL-00074,CM-1-1-3-8-3,enables,CM-1-1-3-8-2,reason,unique label match to CM-1-1-3-8-2; no contradicting context,label filter leaves one candidate: CM-1-1-3-8-2; resolution requires context evidence
REL-00075,CM-1-1-3-8-3,enables,CM-1-1-3-8-1,confidence,ContextualResolved,CandidateOnly
REL-00075,CM-1-1-3-8-3,enables,CM-1-1-3-8-1,decision_reference,Q11+Q12,Q12
REL-00075,CM-1-1-3-8-3,enables,CM-1-1-3-8-1,disposition,ResolvedToConcept,SoleCandidate
REL-00075,CM-1-1-3-8-3,enables,CM-1-1-3-8-1,emission_decision,emit after mechanical uniqueness validation,HOLD: context-confirmation pass
REL-00075,CM-1-1-3-8-3,enables,CM-1-1-3-8-1,evidence,unique exact preferred-label match,"unique exact preferred-label match (candidate filter only, per PR #120)"
REL-00075,CM-1-1-3-8-3,enables,CM-1-1-3-8-1,reason,unique label match to CM-1-1-3-8-1; no contradicting context,label filter leaves one candidate: CM-1-1-3-8-1; resolution requires context evidence
REL-00076,CM-1-1-3-8-4,follows,CM-1-1-3-8-2,confidence,ContextualResolved,CandidateOnly
REL-00076,CM-1-1-3-8-4,follows,CM-1-1-3-8-2,decision_reference,Q11+Q12,Q12
REL-00076,CM-1-1-3-8-4,follows,CM-1-1-3-8-2,disposition,ResolvedToConcept,SoleCandidate
REL-00076,CM-1-1-3-8-4,follows,CM-1-1-3-8-2,emission_decision,emit after mechanical uniqueness validation,HOLD: context-confirmation pass
REL-00076,CM-1-1-3-8-4,follows,CM-1-1-3-8-2,evidence,unique exact preferred-label match,"unique exact preferred-label match (candidate filter only, per PR #120)"
REL-00076,CM-1-1-3-8-4,follows,CM-1-1-3-8-2,reason,unique label match to CM-1-1-3-8-2; no contradicting context,label filter leaves one candidate: CM-1-1-3-8-2; resolution requires context evidence
REL-00077,CM-1-1-3-8-4,enables,CM-1-1-6,confidence,ContextualResolved,CandidateOnly
REL-00077,CM-1-1-3-8-4,enables,CM-1-1-6,decision_reference,Q11+Q12,Q12
REL-00077,CM-1-1-3-8-4,enables,CM-1-1-6,disposition,ResolvedToConcept,SoleCandidate
REL-00077,CM-1-1-3-8-4,enables,CM-1-1-6,emission_decision,emit after mechanical uniqueness validation,HOLD: context-confirmation pass
REL-00077,CM-1-1-3-8-4,enables,CM-1-1-6,evidence,unique exact preferred-label match,"unique exact preferred-label match (candidate filter only, per PR #120)"
REL-00077,CM-1-1-3-8-4,enables,CM-1-1-6,reason,unique label match to CM-1-1-6; no contradicting context,label filter leaves one candidate: CM-1-1-6; resolution requires context evidence
REL-00078,CM-1-1-4-6-2,governed-by,L2-financial-planning-and-performance-management,confidence,ContextualResolved,CandidateOnly
REL-00078,CM-1-1-4-6-2,governed-by,L2-financial-planning-and-performance-management,decision_reference,Q11+Q12,Q12
REL-00078,CM-1-1-4-6-2,governed-by,L2-financial-planning-and-performance-management,disposition,ResolvedToConcept,SoleCandidate
REL-00078,CM-1-1-4-6-2,governed-by,L2-financial-planning-and-performance-management,emission_decision,emit after mechanical uniqueness validation,HOLD: context-confirmation pass
REL-00078,CM-1-1-4-6-2,governed-by,L2-financial-planning-and-performance-management,evidence,unique exact preferred-label match,"unique exact preferred-label match (candidate filter only, per PR #120)"
REL-00078,CM-1-1-4-6-2,governed-by,L2-financial-planning-and-performance-management,reason,unique label match to L2-financial-planning-and-performance-management; no contradicting context,label filter leaves one candidate: L2-financial-planning-and-performance-management; resolution requires context evidence
REL-00079,CM-1-1-4-6-3,governed-by,L2-refinery-performance-and-risk-coordination,confidence,ContextualResolved,CandidateOnly
REL-00079,CM-1-1-4-6-3,governed-by,L2-refinery-performance-and-risk-coordination,decision_reference,Q11+Q12,Q12
REL-00079,CM-1-1-4-6-3,governed-by,L2-refinery-performance-and-risk-coordination,disposition,ResolvedToConcept,SoleCandidate
REL-00079,CM-1-1-4-6-3,governed-by,L2-refinery-performance-and-risk-coordination,emission_decision,emit after mechanical uniqueness validation,HOLD: context-confirmation pass
REL-00079,CM-1-1-4-6-3,governed-by,L2-refinery-performance-and-risk-coordination,evidence,unique exact preferred-label match,"unique exact preferred-label match (candidate filter only, per PR #120)"
REL-00079,CM-1-1-4-6-3,governed-by,L2-refinery-performance-and-risk-coordination,reason,unique label match to L2-refinery-performance-and-risk-coordination; no contradicting context,label filter leaves one candidate: L2-refinery-performance-and-risk-coordination; resolution requires context evidence
REL-00080,CM-1-1-4-7-1,enables,CM-1-1-4-7,branch_domain,Commercial & Marketing,Refining
REL-00080,CM-1-1-4-7-1,enables,CM-1-1-4-7,confidence,ContextualResolved,CandidateOnly
REL-00080,CM-1-1-4-7-1,enables,CM-1-1-4-7,decision_reference,Q11+Q12,Q12
REL-00080,CM-1-1-4-7-1,enables,CM-1-1-4-7,disposition,ResolvedToConcept,SoleCandidate
REL-00080,CM-1-1-4-7-1,enables,CM-1-1-4-7,emission_decision,emit after mechanical uniqueness validation,HOLD: context-confirmation pass
REL-00080,CM-1-1-4-7-1,enables,CM-1-1-4-7,evidence,unique exact preferred-label match,"unique exact preferred-label match (candidate filter only, per PR #120)"
REL-00080,CM-1-1-4-7-1,enables,CM-1-1-4-7,reason,unique label match to CM-1-1-4-7; no contradicting context,label filter leaves one candidate: CM-1-1-4-7; resolution requires context evidence
REL-00081,CM-1-1-4-7-1,informed-by,CM-1-1-1-1,branch_domain,Commercial & Marketing,Refining
REL-00081,CM-1-1-4-7-1,informed-by,CM-1-1-1-1,confidence,Resolved,StableIdentifier
REL-00082,CM-1-1-4-7-1,informed-by,CM-1-2-6-2,branch_domain,Commercial & Marketing,Refining
REL-00082,CM-1-1-4-7-1,informed-by,CM-1-2-6-2,confidence,ContextualResolved,CandidateOnly
REL-00082,CM-1-1-4-7-1,informed-by,CM-1-2-6-2,decision_reference,Q11+Q12,Q12
REL-00082,CM-1-1-4-7-1,informed-by,CM-1-2-6-2,disposition,ResolvedToConcept,SoleCandidate
REL-00082,CM-1-1-4-7-1,informed-by,CM-1-2-6-2,emission_decision,emit after mechanical uniqueness validation,HOLD: context-confirmation pass
REL-00082,CM-1-1-4-7-1,informed-by,CM-1-2-6-2,evidence,unique exact preferred-label match,"unique exact preferred-label match (candidate filter only, per PR #120)"
REL-00082,CM-1-1-4-7-1,informed-by,CM-1-2-6-2,reason,unique label match to CM-1-2-6-2; no contradicting context,label filter leaves one candidate: CM-1-2-6-2; resolution requires context evidence
REL-00083,CM-1-1-4-7-1,precedes,CM-1-1-4-7-8,branch_domain,Commercial & Marketing,Refining
REL-00083,CM-1-1-4-7-1,precedes,CM-1-1-4-7-8,confidence,ContextualResolved,CandidateOnly
REL-00083,CM-1-1-4-7-1,precedes,CM-1-1-4-7-8,decision_reference,Q11+Q12,Q12
REL-00083,CM-1-1-4-7-1,precedes,CM-1-1-4-7-8,disposition,ResolvedToConcept,SoleCandidate
REL-00083,CM-1-1-4-7-1,precedes,CM-1-1-4-7-8,emission_decision,emit after mechanical uniqueness validation,HOLD: context-confirmation pass
REL-00083,CM-1-1-4-7-1,precedes,CM-1-1-4-7-8,evidence,unique exact preferred-label match,"unique exact preferred-label match (candidate filter only, per PR #120)"
REL-00083,CM-1-1-4-7-1,precedes,CM-1-1-4-7-8,reason,unique label match to CM-1-1-4-7-8; no contradicting context,label filter leaves one candidate: CM-1-1-4-7-8; resolution requires context evidence
REL-00084,CM-1-1-4-7-2,enables,CM-1-1-4-7,branch_domain,Commercial & Marketing,Refining
REL-00084,CM-1-1-4-7-2,enables,CM-1-1-4-7,confidence,ContextualResolved,CandidateOnly
REL-00084,CM-1-1-4-7-2,enables,CM-1-1-4-7,decision_reference,Q11+Q12,Q12
REL-00084,CM-1-1-4-7-2,enables,CM-1-1-4-7,disposition,ResolvedToConcept,SoleCandidate
REL-00084,CM-1-1-4-7-2,enables,CM-1-1-4-7,emission_decision,emit after mechanical uniqueness validation,HOLD: context-confirmation pass
REL-00084,CM-1-1-4-7-2,enables,CM-1-1-4-7,evidence,unique exact preferred-label match,"unique exact preferred-label match (candidate filter only, per PR #120)"
REL-00084,CM-1-1-4-7-2,enables,CM-1-1-4-7,reason,unique label match to CM-1-1-4-7; no contradicting context,label filter leaves one candidate: CM-1-1-4-7; resolution requires context evidence
REL-00085,CM-1-1-4-7-2,uses-input,CM-1-1-4-7-3,branch_domain,Commercial & Marketing,Refining
REL-00085,CM-1-1-4-7-2,uses-input,CM-1-1-4-7-3,confidence,ContextualResolved,CandidateOnly
REL-00085,CM-1-1-4-7-2,uses-input,CM-1-1-4-7-3,decision_reference,Q11+Q12,Q12
REL-00085,CM-1-1-4-7-2,uses-input,CM-1-1-4-7-3,disposition,ResolvedToConcept,SoleCandidate
REL-00085,CM-1-1-4-7-2,uses-input,CM-1-1-4-7-3,emission_decision,emit after mechanical uniqueness validation,HOLD: context-confirmation pass
REL-00085,CM-1-1-4-7-2,uses-input,CM-1-1-4-7-3,evidence,unique exact preferred-label match,"unique exact preferred-label match (candidate filter only, per PR #120)"
REL-00085,CM-1-1-4-7-2,uses-input,CM-1-1-4-7-3,reason,unique label match to CM-1-1-4-7-3; no contradicting context,label filter leaves one candidate: CM-1-1-4-7-3; resolution requires context evidence
REL-00086,CM-1-1-4-7-2,uses-input,CM-1-1-4-7-4,branch_domain,Commercial & Marketing,Refining
REL-00086,CM-1-1-4-7-2,uses-input,CM-1-1-4-7-4,confidence,ContextualResolved,CandidateOnly
REL-00086,CM-1-1-4-7-2,uses-input,CM-1-1-4-7-4,decision_reference,Q11+Q12,Q12
REL-00086,CM-1-1-4-7-2,uses-input,CM-1-1-4-7-4,disposition,ResolvedToConcept,SoleCandidate
REL-00086,CM-1-1-4-7-2,uses-input,CM-1-1-4-7-4,emission_decision,emit after mechanical uniqueness validation,HOLD: context-confirmation pass
REL-00086,CM-1-1-4-7-2,uses-input,CM-1-1-4-7-4,evidence,unique exact preferred-label match,"unique exact preferred-label match (candidate filter only, per PR #120)"
REL-00086,CM-1-1-4-7-2,uses-input,CM-1-1-4-7-4,reason,unique label match to CM-1-1-4-7-4; no contradicting context,label filter leaves one candidate: CM-1-1-4-7-4; resolution requires context evidence
REL-00087,CM-1-1-4-7-2,constrained-by,CM-1-1-4-7-5,branch_domain,Commercial & Marketing,Refining
REL-00087,CM-1-1-4-7-2,constrained-by,CM-1-1-4-7-5,confidence,ContextualResolved,CandidateOnly
REL-00087,CM-1-1-4-7-2,constrained-by,CM-1-1-4-7-5,decision_reference,Q11+Q12,Q12
REL-00087,CM-1-1-4-7-2,constrained-by,CM-1-1-4-7-5,disposition,ResolvedToConcept,SoleCandidate
REL-00087,CM-1-1-4-7-2,constrained-by,CM-1-1-4-7-5,emission_decision,emit after mechanical uniqueness validation,HOLD: context-confirmation pass
REL-00087,CM-1-1-4-7-2,constrained-by,CM-1-1-4-7-5,evidence,unique exact preferred-label match,"unique exact preferred-label match (candidate filter only, per PR #120)"
REL-00087,CM-1-1-4-7-2,constrained-by,CM-1-1-4-7-5,reason,unique label match to CM-1-1-4-7-5; no contradicting context,label filter leaves one candidate: CM-1-1-4-7-5; resolution requires context evidence
REL-00088,CM-1-1-4-7-3,enables,CM-1-1-4-7,branch_domain,Commercial & Marketing,Refining
REL-00088,CM-1-1-4-7-3,enables,CM-1-1-4-7,confidence,ContextualResolved,CandidateOnly
REL-00088,CM-1-1-4-7-3,enables,CM-1-1-4-7,decision_reference,Q11+Q12,Q12
REL-00088,CM-1-1-4-7-3,enables,CM-1-1-4-7,disposition,ResolvedToConcept,SoleCandidate
REL-00088,CM-1-1-4-7-3,enables,CM-1-1-4-7,emission_decision,emit after mechanical uniqueness validation,HOLD: context-confirmation pass
REL-00088,CM-1-1-4-7-3,enables,CM-1-1-4-7,evidence,unique exact preferred-label match,"unique exact preferred-label match (candidate filter only, per PR #120)"
REL-00088,CM-1-1-4-7-3,enables,CM-1-1-4-7,reason,unique label match to CM-1-1-4-7; no contradicting context,label filter leaves one candidate: CM-1-1-4-7; resolution requires context evidence
REL-00089,CM-1-1-4-7-3,enables,CM-1-1-4-7-2,branch_domain,Commercial & Marketing,Refining
REL-00089,CM-1-1-4-7-3,enables,CM-1-1-4-7-2,confidence,ContextualResolved,CandidateOnly
REL-00089,CM-1-1-4-7-3,enables,CM-1-1-4-7-2,decision_reference,Q11+Q12,Q12
REL-00089,CM-1-1-4-7-3,enables,CM-1-1-4-7-2,disposition,ResolvedToConcept,SoleCandidate
REL-00089,CM-1-1-4-7-3,enables,CM-1-1-4-7-2,emission_decision,emit after mechanical uniqueness validation,HOLD: context-confirmation pass
REL-00089,CM-1-1-4-7-3,enables,CM-1-1-4-7-2,evidence,unique exact preferred-label match,"unique exact preferred-label match (candidate filter only, per PR #120)"
REL-00089,CM-1-1-4-7-3,enables,CM-1-1-4-7-2,reason,unique label match to CM-1-1-4-7-2; no contradicting context,label filter leaves one candidate: CM-1-1-4-7-2; resolution requires context evidence
REL-00090,CM-1-1-4-7-3,informed-by,CM-1-2,branch_domain,Commercial & Marketing,Refining
REL-00090,CM-1-1-4-7-3,informed-by,CM-1-2,confidence,ContextualResolved,CandidateOnly
REL-00090,CM-1-1-4-7-3,informed-by,CM-1-2,decision_reference,Q11+Q12,Q12
REL-00090,CM-1-1-4-7-3,informed-by,CM-1-2,disposition,ResolvedToConcept,SoleCandidate
REL-00090,CM-1-1-4-7-3,informed-by,CM-1-2,emission_decision,emit after mechanical uniqueness validation,HOLD: context-confirmation pass
REL-00090,CM-1-1-4-7-3,informed-by,CM-1-2,evidence,unique exact preferred-label match,"unique exact preferred-label match (candidate filter only, per PR #120)"
REL-00090,CM-1-1-4-7-3,informed-by,CM-1-2,reason,unique label match to CM-1-2; no contradicting context,label filter leaves one candidate: CM-1-2; resolution requires context evidence
REL-00091,CM-1-1-4-7-3,constrained-by,CM-1-1-4-7-5,branch_domain,Commercial & Marketing,Refining
REL-00091,CM-1-1-4-7-3,constrained-by,CM-1-1-4-7-5,confidence,ContextualResolved,CandidateOnly
REL-00091,CM-1-1-4-7-3,constrained-by,CM-1-1-4-7-5,decision_reference,Q11+Q12,Q12
REL-00091,CM-1-1-4-7-3,constrained-by,CM-1-1-4-7-5,disposition,ResolvedToConcept,SoleCandidate
REL-00091,CM-1-1-4-7-3,constrained-by,CM-1-1-4-7-5,emission_decision,emit after mechanical uniqueness validation,HOLD: context-confirmation pass
REL-00091,CM-1-1-4-7-3,constrained-by,CM-1-1-4-7-5,evidence,unique exact preferred-label match,"unique exact preferred-label match (candidate filter only, per PR #120)"
REL-00091,CM-1-1-4-7-3,constrained-by,CM-1-1-4-7-5,reason,unique label match to CM-1-1-4-7-5; no contradicting context,label filter leaves one candidate: CM-1-1-4-7-5; resolution requires context evidence
REL-00092,CM-1-1-4-7-4,enables,CM-1-1-4-7,branch_domain,Commercial & Marketing,Refining
REL-00092,CM-1-1-4-7-4,enables,CM-1-1-4-7,confidence,ContextualResolved,CandidateOnly
REL-00092,CM-1-1-4-7-4,enables,CM-1-1-4-7,decision_reference,Q11+Q12,Q12
REL-00092,CM-1-1-4-7-4,enables,CM-1-1-4-7,disposition,ResolvedToConcept,SoleCandidate
REL-00092,CM-1-1-4-7-4,enables,CM-1-1-4-7,emission_decision,emit after mechanical uniqueness validation,HOLD: context-confirmation pass
REL-00092,CM-1-1-4-7-4,enables,CM-1-1-4-7,evidence,unique exact preferred-label match,"unique exact preferred-label match (candidate filter only, per PR #120)"
REL-00092,CM-1-1-4-7-4,enables,CM-1-1-4-7,reason,unique label match to CM-1-1-4-7; no contradicting context,label filter leaves one candidate: CM-1-1-4-7; resolution requires context evidence
REL-00093,CM-1-1-4-7-4,enables,CM-1-1-4-7-2,branch_domain,Commercial & Marketing,Refining
REL-00093,CM-1-1-4-7-4,enables,CM-1-1-4-7-2,confidence,ContextualResolved,CandidateOnly
REL-00093,CM-1-1-4-7-4,enables,CM-1-1-4-7-2,decision_reference,Q11+Q12,Q12
REL-00093,CM-1-1-4-7-4,enables,CM-1-1-4-7-2,disposition,ResolvedToConcept,SoleCandidate
REL-00093,CM-1-1-4-7-4,enables,CM-1-1-4-7-2,emission_decision,emit after mechanical uniqueness validation,HOLD: context-confirmation pass
REL-00093,CM-1-1-4-7-4,enables,CM-1-1-4-7-2,evidence,unique exact preferred-label match,"unique exact preferred-label match (candidate filter only, per PR #120)"
REL-00093,CM-1-1-4-7-4,enables,CM-1-1-4-7-2,reason,unique label match to CM-1-1-4-7-2; no contradicting context,label filter leaves one candidate: CM-1-1-4-7-2; resolution requires context evidence
REL-00094,CM-1-1-4-7-4,informed-by,CM-1-2,branch_domain,Commercial & Marketing,Refining
REL-00094,CM-1-1-4-7-4,informed-by,CM-1-2,confidence,ContextualResolved,CandidateOnly
REL-00094,CM-1-1-4-7-4,informed-by,CM-1-2,decision_reference,Q11+Q12,Q12
REL-00094,CM-1-1-4-7-4,informed-by,CM-1-2,disposition,ResolvedToConcept,SoleCandidate
REL-00094,CM-1-1-4-7-4,informed-by,CM-1-2,emission_decision,emit after mechanical uniqueness validation,HOLD: context-confirmation pass
REL-00094,CM-1-1-4-7-4,informed-by,CM-1-2,evidence,unique exact preferred-label match,"unique exact preferred-label match (candidate filter only, per PR #120)"
REL-00094,CM-1-1-4-7-4,informed-by,CM-1-2,reason,unique label match to CM-1-2; no contradicting context,label filter leaves one candidate: CM-1-2; resolution requires context evidence
REL-00095,CM-1-1-4-7-4,produces,,branch_domain,Commercial & Marketing,Refining
REL-00096,CM-1-1-4-7-5,enables,CM-1-1-4-7,branch_domain,Commercial & Marketing,Refining
REL-00096,CM-1-1-4-7-5,enables,CM-1-1-4-7,confidence,ContextualResolved,CandidateOnly
REL-00096,CM-1-1-4-7-5,enables,CM-1-1-4-7,decision_reference,Q11+Q12,Q12
REL-00096,CM-1-1-4-7-5,enables,CM-1-1-4-7,disposition,ResolvedToConcept,SoleCandidate
REL-00096,CM-1-1-4-7-5,enables,CM-1-1-4-7,emission_decision,emit after mechanical uniqueness validation,HOLD: context-confirmation pass
REL-00096,CM-1-1-4-7-5,enables,CM-1-1-4-7,evidence,unique exact preferred-label match,"unique exact preferred-label match (candidate filter only, per PR #120)"
REL-00096,CM-1-1-4-7-5,enables,CM-1-1-4-7,reason,unique label match to CM-1-1-4-7; no contradicting context,label filter leaves one candidate: CM-1-1-4-7; resolution requires context evidence
REL-00097,CM-1-1-4-7-5,constrained-by,L1-refining,branch_domain,Commercial & Marketing,Refining
REL-00097,CM-1-1-4-7-5,constrained-by,L1-refining,confidence,ContextualResolved,CandidateOnly
REL-00097,CM-1-1-4-7-5,constrained-by,L1-refining,decision_reference,Q11+Q12,Q12
REL-00097,CM-1-1-4-7-5,constrained-by,L1-refining,disposition,ResolvedToConcept,SoleCandidate
REL-00097,CM-1-1-4-7-5,constrained-by,L1-refining,emission_decision,emit after mechanical uniqueness validation,HOLD: context-confirmation pass
REL-00097,CM-1-1-4-7-5,constrained-by,L1-refining,evidence,unique exact preferred-label match,"unique exact preferred-label match (candidate filter only, per PR #120)"
REL-00097,CM-1-1-4-7-5,constrained-by,L1-refining,reason,unique label match to L1-refining; no contradicting context,label filter leaves one candidate: L1-refining; resolution requires context evidence
REL-00098,CM-1-1-4-7-5,informed-by,L1-ehs-gov-reporting,branch_domain,Commercial & Marketing,Refining
REL-00098,CM-1-1-4-7-5,informed-by,L1-ehs-gov-reporting,confidence,ContextualResolved,CandidateOnly
REL-00098,CM-1-1-4-7-5,informed-by,L1-ehs-gov-reporting,decision_reference,Q11+Q12,Q12
REL-00098,CM-1-1-4-7-5,informed-by,L1-ehs-gov-reporting,disposition,ResolvedToConcept,SoleCandidate
REL-00098,CM-1-1-4-7-5,informed-by,L1-ehs-gov-reporting,emission_decision,emit after mechanical uniqueness validation,HOLD: context-confirmation pass
REL-00098,CM-1-1-4-7-5,informed-by,L1-ehs-gov-reporting,evidence,unique exact preferred-label match,"unique exact preferred-label match (candidate filter only, per PR #120)"
REL-00098,CM-1-1-4-7-5,informed-by,L1-ehs-gov-reporting,reason,unique label match to L1-ehs-gov-reporting; no contradicting context,label filter leaves one candidate: L1-ehs-gov-reporting; resolution requires context evidence
REL-00099,CM-1-1-4-7-5,constrains,CM-1-1-4-7-8,branch_domain,Commercial & Marketing,Refining
REL-00099,CM-1-1-4-7-5,constrains,CM-1-1-4-7-8,confidence,ContextualResolved,CandidateOnly
REL-00099,CM-1-1-4-7-5,constrains,CM-1-1-4-7-8,decision_reference,Q11+Q12,Q12
REL-00099,CM-1-1-4-7-5,constrains,CM-1-1-4-7-8,disposition,ResolvedToConcept,SoleCandidate
REL-00099,CM-1-1-4-7-5,constrains,CM-1-1-4-7-8,emission_decision,emit after mechanical uniqueness validation,HOLD: context-confirmation pass
REL-00099,CM-1-1-4-7-5,constrains,CM-1-1-4-7-8,evidence,unique exact preferred-label match,"unique exact preferred-label match (candidate filter only, per PR #120)"
REL-00099,CM-1-1-4-7-5,constrains,CM-1-1-4-7-8,reason,unique label match to CM-1-1-4-7-8; no contradicting context,label filter leaves one candidate: CM-1-1-4-7-8; resolution requires context evidence
REL-00100,CM-1-1-4-7-6,enables,CM-1-1-4-7,branch_domain,Commercial & Marketing,Refining
REL-00100,CM-1-1-4-7-6,enables,CM-1-1-4-7,confidence,ContextualResolved,CandidateOnly
REL-00100,CM-1-1-4-7-6,enables,CM-1-1-4-7,decision_reference,Q11+Q12,Q12
REL-00100,CM-1-1-4-7-6,enables,CM-1-1-4-7,disposition,ResolvedToConcept,SoleCandidate
REL-00100,CM-1-1-4-7-6,enables,CM-1-1-4-7,emission_decision,emit after mechanical uniqueness validation,HOLD: context-confirmation pass
REL-00100,CM-1-1-4-7-6,enables,CM-1-1-4-7,evidence,unique exact preferred-label match,"unique exact preferred-label match (candidate filter only, per PR #120)"
REL-00100,CM-1-1-4-7-6,enables,CM-1-1-4-7,reason,unique label match to CM-1-1-4-7; no contradicting context,label filter leaves one candidate: CM-1-1-4-7; resolution requires context evidence
REL-00101,CM-1-1-4-7-6,uses-input,CM-1-1-2-13,branch_domain,Commercial & Marketing,Refining
REL-00101,CM-1-1-4-7-6,uses-input,CM-1-1-2-13,confidence,ContextualResolved,CandidateOnly
REL-00101,CM-1-1-4-7-6,uses-input,CM-1-1-2-13,decision_reference,Q11+Q12,Q12
REL-00101,CM-1-1-4-7-6,uses-input,CM-1-1-2-13,disposition,ResolvedToConcept,SoleCandidate
REL-00101,CM-1-1-4-7-6,uses-input,CM-1-1-2-13,emission_decision,emit after mechanical uniqueness validation,HOLD: context-confirmation pass
REL-00101,CM-1-1-4-7-6,uses-input,CM-1-1-2-13,evidence,unique exact preferred-label match,"unique exact preferred-label match (candidate filter only, per PR #120)"
REL-00101,CM-1-1-4-7-6,uses-input,CM-1-1-2-13,reason,unique label match to CM-1-1-2-13; no contradicting context,label filter leaves one candidate: CM-1-1-2-13; resolution requires context evidence
REL-00102,CM-1-1-4-7-6,informed-by,CM-1-1-3-7-4,branch_domain,Commercial & Marketing,Refining
REL-00102,CM-1-1-4-7-6,informed-by,CM-1-1-3-7-4,confidence,ContextualResolved,CandidateOnly
REL-00102,CM-1-1-4-7-6,informed-by,CM-1-1-3-7-4,decision_reference,Q11+Q12,Q12
REL-00102,CM-1-1-4-7-6,informed-by,CM-1-1-3-7-4,disposition,ResolvedToConcept,SoleCandidate
REL-00102,CM-1-1-4-7-6,informed-by,CM-1-1-3-7-4,emission_decision,emit after mechanical uniqueness validation,HOLD: context-confirmation pass
REL-00102,CM-1-1-4-7-6,informed-by,CM-1-1-3-7-4,evidence,unique exact preferred-label match,"unique exact preferred-label match (candidate filter only, per PR #120)"
REL-00102,CM-1-1-4-7-6,informed-by,CM-1-1-3-7-4,reason,unique label match to CM-1-1-3-7-4; no contradicting context,label filter leaves one candidate: CM-1-1-3-7-4; resolution requires context evidence
REL-00103,CM-1-1-4-7-6,constrained-by,CM-1-1-3-7,branch_domain,Commercial & Marketing,Refining
REL-00103,CM-1-1-4-7-6,constrained-by,CM-1-1-3-7,confidence,Resolved,StableIdentifier
REL-00104,CM-1-1-4-7-7,produces,,branch_domain,Commercial & Marketing,Refining
REL-00105,CM-1-1-4-7-7,informed-by,CM-1-1-4-7-8,branch_domain,Commercial & Marketing,Refining
REL-00105,CM-1-1-4-7-7,informed-by,CM-1-1-4-7-8,confidence,ContextualResolved,CandidateOnly
REL-00105,CM-1-1-4-7-7,informed-by,CM-1-1-4-7-8,decision_reference,Q11+Q12,Q12
REL-00105,CM-1-1-4-7-7,informed-by,CM-1-1-4-7-8,disposition,ResolvedToConcept,SoleCandidate
REL-00105,CM-1-1-4-7-7,informed-by,CM-1-1-4-7-8,emission_decision,emit after mechanical uniqueness validation,HOLD: context-confirmation pass
REL-00105,CM-1-1-4-7-7,informed-by,CM-1-1-4-7-8,evidence,unique exact preferred-label match,"unique exact preferred-label match (candidate filter only, per PR #120)"
REL-00105,CM-1-1-4-7-7,informed-by,CM-1-1-4-7-8,reason,unique label match to CM-1-1-4-7-8; no contradicting context,label filter leaves one candidate: CM-1-1-4-7-8; resolution requires context evidence
REL-00106,CM-1-1-4-7-7,governed-by,CM-1-1-4,branch_domain,Commercial & Marketing,Refining
REL-00106,CM-1-1-4-7-7,governed-by,CM-1-1-4,candidate_labels,Refinery Planning,Refinery Planning and Optimization
REL-00106,CM-1-1-4-7-7,governed-by,CM-1-1-4,confidence,ContextualResolved,CandidateOnly
REL-00106,CM-1-1-4-7-7,governed-by,CM-1-1-4,decision_reference,Q11+Q12,Q12
REL-00106,CM-1-1-4-7-7,governed-by,CM-1-1-4,disposition,ResolvedToConcept,SoleCandidate
REL-00106,CM-1-1-4-7-7,governed-by,CM-1-1-4,emission_decision,emit after mechanical uniqueness validation,HOLD: context-confirmation pass
REL-00106,CM-1-1-4-7-7,governed-by,CM-1-1-4,evidence,unique exact preferred-label match,"unique exact preferred-label match (candidate filter only, per PR #120)"
REL-00106,CM-1-1-4-7-7,governed-by,CM-1-1-4,raw_target,Refinery Planning,Refinery Planning and Optimization
REL-00106,CM-1-1-4-7-7,governed-by,CM-1-1-4,reason,unique label match to CM-1-1-4; no contradicting context,label filter leaves one candidate: CM-1-1-4; resolution requires context evidence
REL-00107,CM-1-1-4-7-7,precedes,L1-refining,branch_domain,Commercial & Marketing,Refining
REL-00107,CM-1-1-4-7-7,precedes,L1-refining,confidence,ContextualResolved,CandidateOnly
REL-00107,CM-1-1-4-7-7,precedes,L1-refining,decision_reference,Q11+Q12,Q12
REL-00107,CM-1-1-4-7-7,precedes,L1-refining,disposition,ResolvedToConcept,SoleCandidate
REL-00107,CM-1-1-4-7-7,precedes,L1-refining,emission_decision,emit after mechanical uniqueness validation,HOLD: context-confirmation pass
REL-00107,CM-1-1-4-7-7,precedes,L1-refining,evidence,unique exact preferred-label match,"unique exact preferred-label match (candidate filter only, per PR #120)"
REL-00107,CM-1-1-4-7-7,precedes,L1-refining,reason,unique label match to L1-refining; no contradicting context,label filter leaves one candidate: L1-refining; resolution requires context evidence
REL-00108,CM-1-1-4-7-7,enables,CM-1-1-5,branch_domain,Commercial & Marketing,Refining
REL-00108,CM-1-1-4-7-7,enables,CM-1-1-5,confidence,ContextualResolved,CandidateOnly
REL-00108,CM-1-1-4-7-7,enables,CM-1-1-5,decision_reference,Q11+Q12,Q12
REL-00108,CM-1-1-4-7-7,enables,CM-1-1-5,disposition,ResolvedToConcept,SoleCandidate
REL-00108,CM-1-1-4-7-7,enables,CM-1-1-5,emission_decision,emit after mechanical uniqueness validation,HOLD: context-confirmation pass
REL-00108,CM-1-1-4-7-7,enables,CM-1-1-5,evidence,unique exact preferred-label match,"unique exact preferred-label match (candidate filter only, per PR #120)"
REL-00108,CM-1-1-4-7-7,enables,CM-1-1-5,reason,unique label match to CM-1-1-5; no contradicting context,label filter leaves one candidate: CM-1-1-5; resolution requires context evidence
REL-00109,CM-1-1-4-7-8,enables,CM-1-1-4-7,branch_domain,Commercial & Marketing,Refining
REL-00109,CM-1-1-4-7-8,enables,CM-1-1-4-7,confidence,ContextualResolved,CandidateOnly
REL-00109,CM-1-1-4-7-8,enables,CM-1-1-4-7,decision_reference,Q11+Q12,Q12
REL-00109,CM-1-1-4-7-8,enables,CM-1-1-4-7,disposition,ResolvedToConcept,SoleCandidate
REL-00109,CM-1-1-4-7-8,enables,CM-1-1-4-7,emission_decision,emit after mechanical uniqueness validation,HOLD: context-confirmation pass
REL-00109,CM-1-1-4-7-8,enables,CM-1-1-4-7,evidence,unique exact preferred-label match,"unique exact preferred-label match (candidate filter only, per PR #120)"
REL-00109,CM-1-1-4-7-8,enables,CM-1-1-4-7,reason,unique label match to CM-1-1-4-7; no contradicting context,label filter leaves one candidate: CM-1-1-4-7; resolution requires context evidence
REL-00110,CM-1-1-4-7-8,uses-input,CM-1-1-4-7-1,branch_domain,Commercial & Marketing,Refining
REL-00110,CM-1-1-4-7-8,uses-input,CM-1-1-4-7-1,confidence,ContextualResolved,CandidateOnly
REL-00110,CM-1-1-4-7-8,uses-input,CM-1-1-4-7-1,decision_reference,Q11+Q12,Q12
REL-00110,CM-1-1-4-7-8,uses-input,CM-1-1-4-7-1,disposition,ResolvedToConcept,SoleCandidate
REL-00110,CM-1-1-4-7-8,uses-input,CM-1-1-4-7-1,emission_decision,emit after mechanical uniqueness validation,HOLD: context-confirmation pass
REL-00110,CM-1-1-4-7-8,uses-input,CM-1-1-4-7-1,evidence,unique exact preferred-label match,"unique exact preferred-label match (candidate filter only, per PR #120)"
REL-00110,CM-1-1-4-7-8,uses-input,CM-1-1-4-7-1,reason,unique label match to CM-1-1-4-7-1; no contradicting context,label filter leaves one candidate: CM-1-1-4-7-1; resolution requires context evidence
REL-00111,CM-1-1-4-7-8,uses-input,CM-1-1-4-7-5,branch_domain,Commercial & Marketing,Refining
REL-00111,CM-1-1-4-7-8,uses-input,CM-1-1-4-7-5,confidence,ContextualResolved,CandidateOnly
REL-00111,CM-1-1-4-7-8,uses-input,CM-1-1-4-7-5,decision_reference,Q11+Q12,Q12
REL-00111,CM-1-1-4-7-8,uses-input,CM-1-1-4-7-5,disposition,ResolvedToConcept,SoleCandidate
REL-00111,CM-1-1-4-7-8,uses-input,CM-1-1-4-7-5,emission_decision,emit after mechanical uniqueness validation,HOLD: context-confirmation pass
REL-00111,CM-1-1-4-7-8,uses-input,CM-1-1-4-7-5,evidence,unique exact preferred-label match,"unique exact preferred-label match (candidate filter only, per PR #120)"
REL-00111,CM-1-1-4-7-8,uses-input,CM-1-1-4-7-5,reason,unique label match to CM-1-1-4-7-5; no contradicting context,label filter leaves one candidate: CM-1-1-4-7-5; resolution requires context evidence
REL-00112,CM-1-1-4-7-8,precedes,CM-1-1-4,branch_domain,Commercial & Marketing,Refining
REL-00112,CM-1-1-4-7-8,precedes,CM-1-1-4,candidate_labels,Refinery Planning,Refinery Planning and Optimization
REL-00112,CM-1-1-4-7-8,precedes,CM-1-1-4,confidence,ContextualResolved,CandidateOnly
REL-00112,CM-1-1-4-7-8,precedes,CM-1-1-4,decision_reference,Q11+Q12,Q12
REL-00112,CM-1-1-4-7-8,precedes,CM-1-1-4,disposition,ResolvedToConcept,SoleCandidate
REL-00112,CM-1-1-4-7-8,precedes,CM-1-1-4,emission_decision,emit after mechanical uniqueness validation,HOLD: context-confirmation pass
REL-00112,CM-1-1-4-7-8,precedes,CM-1-1-4,evidence,unique exact preferred-label match,"unique exact preferred-label match (candidate filter only, per PR #120)"
REL-00112,CM-1-1-4-7-8,precedes,CM-1-1-4,raw_target,Refinery Planning,Refinery Planning and Optimization
REL-00112,CM-1-1-4-7-8,precedes,CM-1-1-4,reason,unique label match to CM-1-1-4; no contradicting context,label filter leaves one candidate: CM-1-1-4; resolution requires context evidence
REL-00113,CM-1-1-7-1-1,enables,CM-1-1-7-1,branch_domain,Commercial & Marketing,Refining
REL-00113,CM-1-1-7-1-1,enables,CM-1-1-7-1,confidence,ContextualResolved,CandidateOnly
REL-00113,CM-1-1-7-1-1,enables,CM-1-1-7-1,decision_reference,Q11+Q12,Q12
REL-00113,CM-1-1-7-1-1,enables,CM-1-1-7-1,disposition,ResolvedToConcept,SoleCandidate
REL-00113,CM-1-1-7-1-1,enables,CM-1-1-7-1,emission_decision,emit after mechanical uniqueness validation,HOLD: context-confirmation pass
REL-00113,CM-1-1-7-1-1,enables,CM-1-1-7-1,evidence,unique exact preferred-label match,"unique exact preferred-label match (candidate filter only, per PR #120)"
REL-00113,CM-1-1-7-1-1,enables,CM-1-1-7-1,reason,unique label match to CM-1-1-7-1; no contradicting context,label filter leaves one candidate: CM-1-1-7-1; resolution requires context evidence
REL-00114,CM-1-1-7-1-1,informed-by,CM-1-1-7-2-4,branch_domain,Commercial & Marketing,Refining
REL-00114,CM-1-1-7-1-1,informed-by,CM-1-1-7-2-4,confidence,ContextualResolved,CandidateOnly
REL-00114,CM-1-1-7-1-1,informed-by,CM-1-1-7-2-4,decision_reference,Q11+Q12,Q12
REL-00114,CM-1-1-7-1-1,informed-by,CM-1-1-7-2-4,disposition,ResolvedToConcept,SoleCandidate
REL-00114,CM-1-1-7-1-1,informed-by,CM-1-1-7-2-4,emission_decision,emit after mechanical uniqueness validation,HOLD: context-confirmation pass
REL-00114,CM-1-1-7-1-1,informed-by,CM-1-1-7-2-4,evidence,unique exact preferred-label match,"unique exact preferred-label match (candidate filter only, per PR #120)"
REL-00114,CM-1-1-7-1-1,informed-by,CM-1-1-7-2-4,reason,unique label match to CM-1-1-7-2-4; no contradicting context,label filter leaves one candidate: CM-1-1-7-2-4; resolution requires context evidence
REL-00115,CM-1-1-7-1-2,enables,CM-1-1-7-1,branch_domain,Commercial & Marketing,Refining
REL-00115,CM-1-1-7-1-2,enables,CM-1-1-7-1,confidence,ContextualResolved,CandidateOnly
REL-00115,CM-1-1-7-1-2,enables,CM-1-1-7-1,decision_reference,Q11+Q12,Q12
REL-00115,CM-1-1-7-1-2,enables,CM-1-1-7-1,disposition,ResolvedToConcept,SoleCandidate
REL-00115,CM-1-1-7-1-2,enables,CM-1-1-7-1,emission_decision,emit after mechanical uniqueness validation,HOLD: context-confirmation pass
REL-00115,CM-1-1-7-1-2,enables,CM-1-1-7-1,evidence,unique exact preferred-label match,"unique exact preferred-label match (candidate filter only, per PR #120)"
REL-00115,CM-1-1-7-1-2,enables,CM-1-1-7-1,reason,unique label match to CM-1-1-7-1; no contradicting context,label filter leaves one candidate: CM-1-1-7-1; resolution requires context evidence
REL-00116,CM-1-1-7-1-2,informed-by,CM-1-1-7-2-6,branch_domain,Commercial & Marketing,Refining
REL-00116,CM-1-1-7-1-2,informed-by,CM-1-1-7-2-6,confidence,ContextualResolved,CandidateOnly
REL-00116,CM-1-1-7-1-2,informed-by,CM-1-1-7-2-6,decision_reference,Q11+Q12,Q12
REL-00116,CM-1-1-7-1-2,informed-by,CM-1-1-7-2-6,disposition,ResolvedToConcept,SoleCandidate
REL-00116,CM-1-1-7-1-2,informed-by,CM-1-1-7-2-6,emission_decision,emit after mechanical uniqueness validation,HOLD: context-confirmation pass
REL-00116,CM-1-1-7-1-2,informed-by,CM-1-1-7-2-6,evidence,unique exact preferred-label match,"unique exact preferred-label match (candidate filter only, per PR #120)"
REL-00116,CM-1-1-7-1-2,informed-by,CM-1-1-7-2-6,reason,unique label match to CM-1-1-7-2-6; no contradicting context,label filter leaves one candidate: CM-1-1-7-2-6; resolution requires context evidence
REL-00117,CM-1-1-7-1-3,uses-input,CM-1-1-3-7-4,branch_domain,Commercial & Marketing,Refining
REL-00117,CM-1-1-7-1-3,uses-input,CM-1-1-3-7-4,confidence,ContextualResolved,CandidateOnly
REL-00117,CM-1-1-7-1-3,uses-input,CM-1-1-3-7-4,decision_reference,Q11+Q12,Q12
REL-00117,CM-1-1-7-1-3,uses-input,CM-1-1-3-7-4,disposition,ResolvedToConcept,SoleCandidate
REL-00117,CM-1-1-7-1-3,uses-input,CM-1-1-3-7-4,emission_decision,emit after mechanical uniqueness validation,HOLD: context-confirmation pass
REL-00117,CM-1-1-7-1-3,uses-input,CM-1-1-3-7-4,evidence,unique exact preferred-label match,"unique exact preferred-label match (candidate filter only, per PR #120)"
REL-00117,CM-1-1-7-1-3,uses-input,CM-1-1-3-7-4,reason,unique label match to CM-1-1-3-7-4; no contradicting context,label filter leaves one candidate: CM-1-1-3-7-4; resolution requires context evidence
REL-00118,CM-1-1-7-1-3,enables,CM-1-1-3-7-5,branch_domain,Commercial & Marketing,Refining
REL-00118,CM-1-1-7-1-3,enables,CM-1-1-3-7-5,confidence,ContextualResolved,CandidateOnly
REL-00118,CM-1-1-7-1-3,enables,CM-1-1-3-7-5,decision_reference,Q11+Q12,Q12
REL-00118,CM-1-1-7-1-3,enables,CM-1-1-3-7-5,disposition,ResolvedToConcept,SoleCandidate
REL-00118,CM-1-1-7-1-3,enables,CM-1-1-3-7-5,emission_decision,emit after mechanical uniqueness validation,HOLD: context-confirmation pass
REL-00118,CM-1-1-7-1-3,enables,CM-1-1-3-7-5,evidence,unique exact preferred-label match,"unique exact preferred-label match (candidate filter only, per PR #120)"
REL-00118,CM-1-1-7-1-3,enables,CM-1-1-3-7-5,reason,unique label match to CM-1-1-3-7-5; no contradicting context,label filter leaves one candidate: CM-1-1-3-7-5; resolution requires context evidence
REL-00119,CM-1-1-7-1-3,enables,CM-1-1-5,branch_domain,Commercial & Marketing,Refining
REL-00119,CM-1-1-7-1-3,enables,CM-1-1-5,confidence,ContextualResolved,CandidateOnly
REL-00119,CM-1-1-7-1-3,enables,CM-1-1-5,decision_reference,Q11+Q12,Q12
REL-00119,CM-1-1-7-1-3,enables,CM-1-1-5,disposition,ResolvedToConcept,SoleCandidate
REL-00119,CM-1-1-7-1-3,enables,CM-1-1-5,emission_decision,emit after mechanical uniqueness validation,HOLD: context-confirmation pass
REL-00119,CM-1-1-7-1-3,enables,CM-1-1-5,evidence,unique exact preferred-label match,"unique exact preferred-label match (candidate filter only, per PR #120)"
REL-00119,CM-1-1-7-1-3,enables,CM-1-1-5,reason,unique label match to CM-1-1-5; no contradicting context,label filter leaves one candidate: CM-1-1-5; resolution requires context evidence
REL-00120,CM-1-1-7-2-1,enables,CM-1-1-7-2-3,branch_domain,Commercial & Marketing,Refining
REL-00120,CM-1-1-7-2-1,enables,CM-1-1-7-2-3,confidence,ContextualResolved,CandidateOnly
REL-00120,CM-1-1-7-2-1,enables,CM-1-1-7-2-3,decision_reference,Q11+Q12,Q12
REL-00120,CM-1-1-7-2-1,enables,CM-1-1-7-2-3,disposition,ResolvedToConcept,SoleCandidate
REL-00120,CM-1-1-7-2-1,enables,CM-1-1-7-2-3,emission_decision,emit after mechanical uniqueness validation,HOLD: context-confirmation pass
REL-00120,CM-1-1-7-2-1,enables,CM-1-1-7-2-3,evidence,unique exact preferred-label match,"unique exact preferred-label match (candidate filter only, per PR #120)"
REL-00120,CM-1-1-7-2-1,enables,CM-1-1-7-2-3,reason,unique label match to CM-1-1-7-2-3; no contradicting context,label filter leaves one candidate: CM-1-1-7-2-3; resolution requires context evidence
REL-00121,CM-1-1-7-2-1,enables,CM-1-1-7-2-2,branch_domain,Commercial & Marketing,Refining
REL-00121,CM-1-1-7-2-1,enables,CM-1-1-7-2-2,confidence,ContextualResolved,CandidateOnly
REL-00121,CM-1-1-7-2-1,enables,CM-1-1-7-2-2,decision_reference,Q11+Q12,Q12
REL-00121,CM-1-1-7-2-1,enables,CM-1-1-7-2-2,disposition,ResolvedToConcept,SoleCandidate
REL-00121,CM-1-1-7-2-1,enables,CM-1-1-7-2-2,emission_decision,emit after mechanical uniqueness validation,HOLD: context-confirmation pass
REL-00121,CM-1-1-7-2-1,enables,CM-1-1-7-2-2,evidence,unique exact preferred-label match,"unique exact preferred-label match (candidate filter only, per PR #120)"
REL-00121,CM-1-1-7-2-1,enables,CM-1-1-7-2-2,reason,unique label match to CM-1-1-7-2-2; no contradicting context,label filter leaves one candidate: CM-1-1-7-2-2; resolution requires context evidence
REL-00122,CM-1-1-7-2-2,enables,CM-1-1-7-2-3,branch_domain,Commercial & Marketing,Refining
REL-00122,CM-1-1-7-2-2,enables,CM-1-1-7-2-3,confidence,ContextualResolved,CandidateOnly
REL-00122,CM-1-1-7-2-2,enables,CM-1-1-7-2-3,decision_reference,Q11+Q12,Q12
REL-00122,CM-1-1-7-2-2,enables,CM-1-1-7-2-3,disposition,ResolvedToConcept,SoleCandidate
REL-00122,CM-1-1-7-2-2,enables,CM-1-1-7-2-3,emission_decision,emit after mechanical uniqueness validation,HOLD: context-confirmation pass
REL-00122,CM-1-1-7-2-2,enables,CM-1-1-7-2-3,evidence,unique exact preferred-label match,"unique exact preferred-label match (candidate filter only, per PR #120)"
REL-00122,CM-1-1-7-2-2,enables,CM-1-1-7-2-3,reason,unique label match to CM-1-1-7-2-3; no contradicting context,label filter leaves one candidate: CM-1-1-7-2-3; resolution requires context evidence
REL-00123,CM-1-1-7-2-2,informed-by,CM-1-1-1-1,branch_domain,Commercial & Marketing,Refining
REL-00123,CM-1-1-7-2-2,informed-by,CM-1-1-1-1,confidence,Resolved,StableIdentifier
REL-00124,CM-1-1-7-2-3,uses-input,CM-1-1-7-2-1,branch_domain,Commercial & Marketing,Refining
REL-00124,CM-1-1-7-2-3,uses-input,CM-1-1-7-2-1,confidence,ContextualResolved,CandidateOnly
REL-00124,CM-1-1-7-2-3,uses-input,CM-1-1-7-2-1,decision_reference,Q11+Q12,Q12
REL-00124,CM-1-1-7-2-3,uses-input,CM-1-1-7-2-1,disposition,ResolvedToConcept,SoleCandidate
REL-00124,CM-1-1-7-2-3,uses-input,CM-1-1-7-2-1,emission_decision,emit after mechanical uniqueness validation,HOLD: context-confirmation pass
REL-00124,CM-1-1-7-2-3,uses-input,CM-1-1-7-2-1,evidence,unique exact preferred-label match,"unique exact preferred-label match (candidate filter only, per PR #120)"
REL-00124,CM-1-1-7-2-3,uses-input,CM-1-1-7-2-1,reason,unique label match to CM-1-1-7-2-1; no contradicting context,label filter leaves one candidate: CM-1-1-7-2-1; resolution requires context evidence
REL-00125,CM-1-1-7-2-3,follows,CM-1-1-7-2-2,branch_domain,Commercial & Marketing,Refining
REL-00125,CM-1-1-7-2-3,follows,CM-1-1-7-2-2,confidence,ContextualResolved,CandidateOnly
REL-00125,CM-1-1-7-2-3,follows,CM-1-1-7-2-2,decision_reference,Q11+Q12,Q12
REL-00125,CM-1-1-7-2-3,follows,CM-1-1-7-2-2,disposition,ResolvedToConcept,SoleCandidate
REL-00125,CM-1-1-7-2-3,follows,CM-1-1-7-2-2,emission_decision,emit after mechanical uniqueness validation,HOLD: context-confirmation pass
REL-00125,CM-1-1-7-2-3,follows,CM-1-1-7-2-2,evidence,unique exact preferred-label match,"unique exact preferred-label match (candidate filter only, per PR #120)"
REL-00125,CM-1-1-7-2-3,follows,CM-1-1-7-2-2,reason,unique label match to CM-1-1-7-2-2; no contradicting context,label filter leaves one candidate: CM-1-1-7-2-2; resolution requires context evidence
REL-00126,CM-1-1-7-2-3,precedes,CM-1-1-7-1,branch_domain,Commercial & Marketing,Refining
REL-00126,CM-1-1-7-2-3,precedes,CM-1-1-7-1,confidence,ContextualResolved,CandidateOnly
REL-00126,CM-1-1-7-2-3,precedes,CM-1-1-7-1,decision_reference,Q11+Q12,Q12
REL-00126,CM-1-1-7-2-3,precedes,CM-1-1-7-1,disposition,ResolvedToConcept,SoleCandidate
REL-00126,CM-1-1-7-2-3,precedes,CM-1-1-7-1,emission_decision,emit after mechanical uniqueness validation,HOLD: context-confirmation pass
REL-00126,CM-1-1-7-2-3,precedes,CM-1-1-7-1,evidence,unique exact preferred-label match,"unique exact preferred-label match (candidate filter only, per PR #120)"
REL-00126,CM-1-1-7-2-3,precedes,CM-1-1-7-1,reason,unique label match to CM-1-1-7-1; no contradicting context,label filter leaves one candidate: CM-1-1-7-1; resolution requires context evidence
REL-00127,CM-1-1-7-2-4,triggers,CM-1-1-7-2-3,branch_domain,Commercial & Marketing,Refining
REL-00127,CM-1-1-7-2-4,triggers,CM-1-1-7-2-3,confidence,ContextualResolved,CandidateOnly
REL-00127,CM-1-1-7-2-4,triggers,CM-1-1-7-2-3,decision_reference,Q11+Q12,Q12
REL-00127,CM-1-1-7-2-4,triggers,CM-1-1-7-2-3,disposition,ResolvedToConcept,SoleCandidate
REL-00127,CM-1-1-7-2-4,triggers,CM-1-1-7-2-3,emission_decision,emit after mechanical uniqueness validation,HOLD: context-confirmation pass
REL-00127,CM-1-1-7-2-4,triggers,CM-1-1-7-2-3,evidence,unique exact preferred-label match,"unique exact preferred-label match (candidate filter only, per PR #120)"
REL-00127,CM-1-1-7-2-4,triggers,CM-1-1-7-2-3,reason,unique label match to CM-1-1-7-2-3; no contradicting context,label filter leaves one candidate: CM-1-1-7-2-3; resolution requires context evidence
REL-00128,CM-1-1-7-2-4,informed-by,CM-1-1-7-1,branch_domain,Commercial & Marketing,Refining
REL-00128,CM-1-1-7-2-4,informed-by,CM-1-1-7-1,confidence,ContextualResolved,CandidateOnly
REL-00128,CM-1-1-7-2-4,informed-by,CM-1-1-7-1,decision_reference,Q11+Q12,Q12
REL-00128,CM-1-1-7-2-4,informed-by,CM-1-1-7-1,disposition,ResolvedToConcept,SoleCandidate
REL-00128,CM-1-1-7-2-4,informed-by,CM-1-1-7-1,emission_decision,emit after mechanical uniqueness validation,HOLD: context-confirmation pass
REL-00128,CM-1-1-7-2-4,informed-by,CM-1-1-7-1,evidence,unique exact preferred-label match,"unique exact preferred-label match (candidate filter only, per PR #120)"
REL-00128,CM-1-1-7-2-4,informed-by,CM-1-1-7-1,reason,unique label match to CM-1-1-7-1; no contradicting context,label filter leaves one candidate: CM-1-1-7-1; resolution requires context evidence
REL-00129,CM-1-1-7-2-4,enables,CM-1-1-7-2-5,branch_domain,Commercial & Marketing,Refining
REL-00129,CM-1-1-7-2-4,enables,CM-1-1-7-2-5,confidence,ContextualResolved,CandidateOnly
REL-00129,CM-1-1-7-2-4,enables,CM-1-1-7-2-5,decision_reference,Q11+Q12,Q12
REL-00129,CM-1-1-7-2-4,enables,CM-1-1-7-2-5,disposition,ResolvedToConcept,SoleCandidate
REL-00129,CM-1-1-7-2-4,enables,CM-1-1-7-2-5,emission_decision,emit after mechanical uniqueness validation,HOLD: context-confirmation pass
REL-00129,CM-1-1-7-2-4,enables,CM-1-1-7-2-5,evidence,unique exact preferred-label match,"unique exact preferred-label match (candidate filter only, per PR #120)"
REL-00129,CM-1-1-7-2-4,enables,CM-1-1-7-2-5,reason,unique label match to CM-1-1-7-2-5; no contradicting context,label filter leaves one candidate: CM-1-1-7-2-5; resolution requires context evidence
REL-00130,CM-1-1-7-2-5,uses-input,CM-1-1-7-1-3,branch_domain,Commercial & Marketing,Refining
REL-00130,CM-1-1-7-2-5,uses-input,CM-1-1-7-1-3,confidence,ContextualResolved,CandidateOnly
REL-00130,CM-1-1-7-2-5,uses-input,CM-1-1-7-1-3,decision_reference,Q11+Q12,Q12
REL-00130,CM-1-1-7-2-5,uses-input,CM-1-1-7-1-3,disposition,ResolvedToConcept,SoleCandidate
REL-00130,CM-1-1-7-2-5,uses-input,CM-1-1-7-1-3,emission_decision,emit after mechanical uniqueness validation,HOLD: context-confirmation pass
REL-00130,CM-1-1-7-2-5,uses-input,CM-1-1-7-1-3,evidence,unique exact preferred-label match,"unique exact preferred-label match (candidate filter only, per PR #120)"
REL-00130,CM-1-1-7-2-5,uses-input,CM-1-1-7-1-3,reason,unique label match to CM-1-1-7-1-3; no contradicting context,label filter leaves one candidate: CM-1-1-7-1-3; resolution requires context evidence
REL-00131,CM-1-1-7-2-5,follows,CM-1-1-7-2-4,branch_domain,Commercial & Marketing,Refining
REL-00131,CM-1-1-7-2-5,follows,CM-1-1-7-2-4,confidence,ContextualResolved,CandidateOnly
REL-00131,CM-1-1-7-2-5,follows,CM-1-1-7-2-4,decision_reference,Q11+Q12,Q12
REL-00131,CM-1-1-7-2-5,follows,CM-1-1-7-2-4,disposition,ResolvedToConcept,SoleCandidate
REL-00131,CM-1-1-7-2-5,follows,CM-1-1-7-2-4,emission_decision,emit after mechanical uniqueness validation,HOLD: context-confirmation pass
REL-00131,CM-1-1-7-2-5,follows,CM-1-1-7-2-4,evidence,unique exact preferred-label match,"unique exact preferred-label match (candidate filter only, per PR #120)"
REL-00131,CM-1-1-7-2-5,follows,CM-1-1-7-2-4,reason,unique label match to CM-1-1-7-2-4; no contradicting context,label filter leaves one candidate: CM-1-1-7-2-4; resolution requires context evidence
REL-00132,CM-1-1-7-2-5,enables,CM-1-1-7-2,branch_domain,Commercial & Marketing,Refining
REL-00132,CM-1-1-7-2-5,enables,CM-1-1-7-2,confidence,ContextualResolved,CandidateOnly
REL-00132,CM-1-1-7-2-5,enables,CM-1-1-7-2,decision_reference,Q11+Q12,Q12
REL-00132,CM-1-1-7-2-5,enables,CM-1-1-7-2,disposition,ResolvedToConcept,SoleCandidate
REL-00132,CM-1-1-7-2-5,enables,CM-1-1-7-2,emission_decision,emit after mechanical uniqueness validation,HOLD: context-confirmation pass
REL-00132,CM-1-1-7-2-5,enables,CM-1-1-7-2,evidence,unique exact preferred-label match,"unique exact preferred-label match (candidate filter only, per PR #120)"
REL-00132,CM-1-1-7-2-5,enables,CM-1-1-7-2,reason,unique label match to CM-1-1-7-2; no contradicting context,label filter leaves one candidate: CM-1-1-7-2; resolution requires context evidence
REL-00133,CM-1-1-7-2-6,enables,CM-1-1-7-2-3,branch_domain,Commercial & Marketing,Refining
REL-00133,CM-1-1-7-2-6,enables,CM-1-1-7-2-3,confidence,ContextualResolved,CandidateOnly
REL-00133,CM-1-1-7-2-6,enables,CM-1-1-7-2-3,decision_reference,Q11+Q12,Q12
REL-00133,CM-1-1-7-2-6,enables,CM-1-1-7-2-3,disposition,ResolvedToConcept,SoleCandidate
REL-00133,CM-1-1-7-2-6,enables,CM-1-1-7-2-3,emission_decision,emit after mechanical uniqueness validation,HOLD: context-confirmation pass
REL-00133,CM-1-1-7-2-6,enables,CM-1-1-7-2-3,evidence,unique exact preferred-label match,"unique exact preferred-label match (candidate filter only, per PR #120)"
REL-00133,CM-1-1-7-2-6,enables,CM-1-1-7-2-3,reason,unique label match to CM-1-1-7-2-3; no contradicting context,label filter leaves one candidate: CM-1-1-7-2-3; resolution requires context evidence
REL-00134,CM-1-1-7-2-6,informed-by,CM-1-1-4,branch_domain,Commercial & Marketing,Refining
REL-00134,CM-1-1-7-2-6,informed-by,CM-1-1-4,candidate_labels,Refinery Planning,Refinery Planning and Optimization
REL-00134,CM-1-1-7-2-6,informed-by,CM-1-1-4,confidence,ContextualResolved,CandidateOnly
REL-00134,CM-1-1-7-2-6,informed-by,CM-1-1-4,decision_reference,Q11+Q12,Q12
REL-00134,CM-1-1-7-2-6,informed-by,CM-1-1-4,disposition,ResolvedToConcept,SoleCandidate
REL-00134,CM-1-1-7-2-6,informed-by,CM-1-1-4,emission_decision,emit after mechanical uniqueness validation,HOLD: context-confirmation pass
REL-00134,CM-1-1-7-2-6,informed-by,CM-1-1-4,evidence,unique exact preferred-label match,"unique exact preferred-label match (candidate filter only, per PR #120)"
REL-00134,CM-1-1-7-2-6,informed-by,CM-1-1-4,raw_target,Refinery Planning,Refinery Planning and Optimization
REL-00134,CM-1-1-7-2-6,informed-by,CM-1-1-4,reason,unique label match to CM-1-1-4; no contradicting context,label filter leaves one candidate: CM-1-1-4; resolution requires context evidence
REL-00135,CM-1-1-7-3-1,enables,CM-1-1-7-3-2,branch_domain,Commercial & Marketing,Refining
REL-00135,CM-1-1-7-3-1,enables,CM-1-1-7-3-2,confidence,ContextualResolved,CandidateOnly
REL-00135,CM-1-1-7-3-1,enables,CM-1-1-7-3-2,decision_reference,Q11+Q12,Q12
REL-00135,CM-1-1-7-3-1,enables,CM-1-1-7-3-2,disposition,ResolvedToConcept,SoleCandidate
REL-00135,CM-1-1-7-3-1,enables,CM-1-1-7-3-2,emission_decision,emit after mechanical uniqueness validation,HOLD: context-confirmation pass
REL-00135,CM-1-1-7-3-1,enables,CM-1-1-7-3-2,evidence,unique exact preferred-label match,"unique exact preferred-label match (candidate filter only, per PR #120)"
REL-00135,CM-1-1-7-3-1,enables,CM-1-1-7-3-2,reason,unique label match to CM-1-1-7-3-2; no contradicting context,label filter leaves one candidate: CM-1-1-7-3-2; resolution requires context evidence
REL-00136,CM-1-1-7-3-1,informed-by,CM-1-1-7-3-3,branch_domain,Commercial & Marketing,Refining
REL-00136,CM-1-1-7-3-1,informed-by,CM-1-1-7-3-3,confidence,Resolved,StableIdentifier
REL-00137,CM-1-1-7-3-2,follows,CM-1-1-7-3-1,branch_domain,Commercial & Marketing,Refining
REL-00137,CM-1-1-7-3-2,follows,CM-1-1-7-3-1,confidence,ContextualResolved,CandidateOnly
REL-00137,CM-1-1-7-3-2,follows,CM-1-1-7-3-1,decision_reference,Q11+Q12,Q12
REL-00137,CM-1-1-7-3-2,follows,CM-1-1-7-3-1,disposition,ResolvedToConcept,SoleCandidate
REL-00137,CM-1-1-7-3-2,follows,CM-1-1-7-3-1,emission_decision,emit after mechanical uniqueness validation,HOLD: context-confirmation pass
REL-00137,CM-1-1-7-3-2,follows,CM-1-1-7-3-1,evidence,unique exact preferred-label match,"unique exact preferred-label match (candidate filter only, per PR #120)"
REL-00137,CM-1-1-7-3-2,follows,CM-1-1-7-3-1,reason,unique label match to CM-1-1-7-3-1; no contradicting context,label filter leaves one candidate: CM-1-1-7-3-1; resolution requires context evidence
REL-00138,CM-1-1-7-3-2,enables,CM-1-1-7-1,branch_domain,Commercial & Marketing,Refining
REL-00138,CM-1-1-7-3-2,enables,CM-1-1-7-1,confidence,ContextualResolved,CandidateOnly
REL-00138,CM-1-1-7-3-2,enables,CM-1-1-7-1,decision_reference,Q11+Q12,Q12
REL-00138,CM-1-1-7-3-2,enables,CM-1-1-7-1,disposition,ResolvedToConcept,SoleCandidate
REL-00138,CM-1-1-7-3-2,enables,CM-1-1-7-1,emission_decision,emit after mechanical uniqueness validation,HOLD: context-confirmation pass
REL-00138,CM-1-1-7-3-2,enables,CM-1-1-7-1,evidence,unique exact preferred-label match,"unique exact preferred-label match (candidate filter only, per PR #120)"
REL-00138,CM-1-1-7-3-2,enables,CM-1-1-7-1,reason,unique label match to CM-1-1-7-1; no contradicting context,label filter leaves one candidate: CM-1-1-7-1; resolution requires context evidence
REL-00139,CM-1-1-7-3-3,informed-by,CM-1-1-7-2,branch_domain,Commercial & Marketing,Refining
REL-00139,CM-1-1-7-3-3,informed-by,CM-1-1-7-2,confidence,ContextualResolved,CandidateOnly
REL-00139,CM-1-1-7-3-3,informed-by,CM-1-1-7-2,decision_reference,Q11+Q12,Q12
REL-00139,CM-1-1-7-3-3,informed-by,CM-1-1-7-2,disposition,ResolvedToConcept,SoleCandidate
REL-00139,CM-1-1-7-3-3,informed-by,CM-1-1-7-2,emission_decision,emit after mechanical uniqueness validation,HOLD: context-confirmation pass
REL-00139,CM-1-1-7-3-3,informed-by,CM-1-1-7-2,evidence,unique exact preferred-label match,"unique exact preferred-label match (candidate filter only, per PR #120)"
REL-00139,CM-1-1-7-3-3,informed-by,CM-1-1-7-2,reason,unique label match to CM-1-1-7-2; no contradicting context,label filter leaves one candidate: CM-1-1-7-2; resolution requires context evidence
REL-00140,CM-1-1-7-3-3,enables,CM-1-1-7-3-1,branch_domain,Commercial & Marketing,Refining
REL-00140,CM-1-1-7-3-3,enables,CM-1-1-7-3-1,confidence,ContextualResolved,CandidateOnly
REL-00140,CM-1-1-7-3-3,enables,CM-1-1-7-3-1,decision_reference,Q11+Q12,Q12
REL-00140,CM-1-1-7-3-3,enables,CM-1-1-7-3-1,disposition,ResolvedToConcept,SoleCandidate
REL-00140,CM-1-1-7-3-3,enables,CM-1-1-7-3-1,emission_decision,emit after mechanical uniqueness validation,HOLD: context-confirmation pass
REL-00140,CM-1-1-7-3-3,enables,CM-1-1-7-3-1,evidence,unique exact preferred-label match,"unique exact preferred-label match (candidate filter only, per PR #120)"
REL-00140,CM-1-1-7-3-3,enables,CM-1-1-7-3-1,reason,unique label match to CM-1-1-7-3-1; no contradicting context,label filter leaves one candidate: CM-1-1-7-3-1; resolution requires context evidence
REL-00141,CM-1-2-1-1-1,informed-by,CM-1-1-4,candidate_labels,Refinery Planning,Refinery Planning and Optimization
REL-00141,CM-1-2-1-1-1,informed-by,CM-1-1-4,confidence,ContextualResolved,CandidateOnly
REL-00141,CM-1-2-1-1-1,informed-by,CM-1-1-4,decision_reference,Q11+Q12,Q12
REL-00141,CM-1-2-1-1-1,informed-by,CM-1-1-4,disposition,ResolvedToConcept,SoleCandidate
REL-00141,CM-1-2-1-1-1,informed-by,CM-1-1-4,emission_decision,emit after mechanical uniqueness validation,HOLD: context-confirmation pass
REL-00141,CM-1-2-1-1-1,informed-by,CM-1-1-4,evidence,unique exact preferred-label match,"unique exact preferred-label match (candidate filter only, per PR #120)"
REL-00141,CM-1-2-1-1-1,informed-by,CM-1-1-4,raw_target,Refinery Planning,Refinery Planning and Optimization
REL-00141,CM-1-2-1-1-1,informed-by,CM-1-1-4,reason,unique label match to CM-1-1-4; no contradicting context,label filter leaves one candidate: CM-1-1-4; resolution requires context evidence
REL-00142,CM-1-2-1-1-1,informed-by,CM-1-1-7-2,confidence,ContextualResolved,CandidateOnly
REL-00142,CM-1-2-1-1-1,informed-by,CM-1-1-7-2,decision_reference,Q11+Q12,Q12
REL-00142,CM-1-2-1-1-1,informed-by,CM-1-1-7-2,disposition,ResolvedToConcept,SoleCandidate
REL-00142,CM-1-2-1-1-1,informed-by,CM-1-1-7-2,emission_decision,emit after mechanical uniqueness validation,HOLD: context-confirmation pass
REL-00142,CM-1-2-1-1-1,informed-by,CM-1-1-7-2,evidence,unique exact preferred-label match,"unique exact preferred-label match (candidate filter only, per PR #120)"
REL-00142,CM-1-2-1-1-1,informed-by,CM-1-1-7-2,reason,unique label match to CM-1-1-7-2; no contradicting context,label filter leaves one candidate: CM-1-1-7-2; resolution requires context evidence
REL-00143,CM-1-2-1-1-1,enables,CM-1-2-1-1-4,confidence,ContextualResolved,CandidateOnly
REL-00143,CM-1-2-1-1-1,enables,CM-1-2-1-1-4,decision_reference,Q11+Q12,Q12
REL-00143,CM-1-2-1-1-1,enables,CM-1-2-1-1-4,disposition,ResolvedToConcept,SoleCandidate
REL-00143,CM-1-2-1-1-1,enables,CM-1-2-1-1-4,emission_decision,emit after mechanical uniqueness validation,HOLD: context-confirmation pass
REL-00143,CM-1-2-1-1-1,enables,CM-1-2-1-1-4,evidence,unique exact preferred-label match,"unique exact preferred-label match (candidate filter only, per PR #120)"
REL-00143,CM-1-2-1-1-1,enables,CM-1-2-1-1-4,reason,unique label match to CM-1-2-1-1-4; no contradicting context,label filter leaves one candidate: CM-1-2-1-1-4; resolution requires context evidence
REL-00144,CM-1-2-1-1-2,informed-by,CM-1-1-1-1,confidence,Resolved,StableIdentifier
REL-00145,CM-1-2-1-1-2,uses-input,CM-1-1-1-1-4,confidence,ContextualResolved,CandidateOnly
REL-00145,CM-1-2-1-1-2,uses-input,CM-1-1-1-1-4,decision_reference,Q11+Q12,Q12
REL-00145,CM-1-2-1-1-2,uses-input,CM-1-1-1-1-4,disposition,ResolvedToConcept,SoleCandidate
REL-00145,CM-1-2-1-1-2,uses-input,CM-1-1-1-1-4,emission_decision,emit after mechanical uniqueness validation,HOLD: context-confirmation pass
REL-00145,CM-1-2-1-1-2,uses-input,CM-1-1-1-1-4,evidence,unique exact preferred-label match,"unique exact preferred-label match (candidate filter only, per PR #120)"
REL-00145,CM-1-2-1-1-2,uses-input,CM-1-1-1-1-4,reason,unique label match to CM-1-1-1-1-4; no contradicting context,label filter leaves one candidate: CM-1-1-1-1-4; resolution requires context evidence
REL-00146,CM-1-2-1-1-2,enables,CM-1-2-1-1-4,confidence,ContextualResolved,CandidateOnly
REL-00146,CM-1-2-1-1-2,enables,CM-1-2-1-1-4,decision_reference,Q11+Q12,Q12
REL-00146,CM-1-2-1-1-2,enables,CM-1-2-1-1-4,disposition,ResolvedToConcept,SoleCandidate
REL-00146,CM-1-2-1-1-2,enables,CM-1-2-1-1-4,emission_decision,emit after mechanical uniqueness validation,HOLD: context-confirmation pass
REL-00146,CM-1-2-1-1-2,enables,CM-1-2-1-1-4,evidence,unique exact preferred-label match,"unique exact preferred-label match (candidate filter only, per PR #120)"
REL-00146,CM-1-2-1-1-2,enables,CM-1-2-1-1-4,reason,unique label match to CM-1-2-1-1-4; no contradicting context,label filter leaves one candidate: CM-1-2-1-1-4; resolution requires context evidence
REL-00147,CM-1-2-1-1-3,uses-input,CM-1-2-1-1-1,confidence,ContextualResolved,CandidateOnly
REL-00147,CM-1-2-1-1-3,uses-input,CM-1-2-1-1-1,decision_reference,Q11+Q12,Q12
REL-00147,CM-1-2-1-1-3,uses-input,CM-1-2-1-1-1,disposition,ResolvedToConcept,SoleCandidate
REL-00147,CM-1-2-1-1-3,uses-input,CM-1-2-1-1-1,emission_decision,emit after mechanical uniqueness validation,HOLD: context-confirmation pass
REL-00147,CM-1-2-1-1-3,uses-input,CM-1-2-1-1-1,evidence,unique exact preferred-label match,"unique exact preferred-label match (candidate filter only, per PR #120)"
REL-00147,CM-1-2-1-1-3,uses-input,CM-1-2-1-1-1,reason,unique label match to CM-1-2-1-1-1; no contradicting context,label filter leaves one candidate: CM-1-2-1-1-1; resolution requires context evidence
REL-00148,CM-1-2-1-1-3,enables,CM-1-2-1-1-4,confidence,ContextualResolved,CandidateOnly
REL-00148,CM-1-2-1-1-3,enables,CM-1-2-1-1-4,decision_reference,Q11+Q12,Q12
REL-00148,CM-1-2-1-1-3,enables,CM-1-2-1-1-4,disposition,ResolvedToConcept,SoleCandidate
REL-00148,CM-1-2-1-1-3,enables,CM-1-2-1-1-4,emission_decision,emit after mechanical uniqueness validation,HOLD: context-confirmation pass
REL-00148,CM-1-2-1-1-3,enables,CM-1-2-1-1-4,evidence,unique exact preferred-label match,"unique exact preferred-label match (candidate filter only, per PR #120)"
REL-00148,CM-1-2-1-1-3,enables,CM-1-2-1-1-4,reason,unique label match to CM-1-2-1-1-4; no contradicting context,label filter leaves one candidate: CM-1-2-1-1-4; resolution requires context evidence
REL-00149,CM-1-2-1-1-3,precedes,CM-1-2-3-1-7,confidence,ContextualResolved,CandidateOnly
REL-00149,CM-1-2-1-1-3,precedes,CM-1-2-3-1-7,decision_reference,Q11+Q12,Q12
REL-00149,CM-1-2-1-1-3,precedes,CM-1-2-3-1-7,disposition,ResolvedToConcept,SoleCandidate
REL-00149,CM-1-2-1-1-3,precedes,CM-1-2-3-1-7,emission_decision,emit after mechanical uniqueness validation,HOLD: context-confirmation pass
REL-00149,CM-1-2-1-1-3,precedes,CM-1-2-3-1-7,evidence,unique exact preferred-label match,"unique exact preferred-label match (candidate filter only, per PR #120)"
REL-00149,CM-1-2-1-1-3,precedes,CM-1-2-3-1-7,reason,unique label match to CM-1-2-3-1-7; no contradicting context,label filter leaves one candidate: CM-1-2-3-1-7; resolution requires context evidence
REL-00150,CM-1-2-1-1-4,uses-input,CM-1-2-1-1-1,confidence,ContextualResolved,CandidateOnly
REL-00150,CM-1-2-1-1-4,uses-input,CM-1-2-1-1-1,decision_reference,Q11+Q12,Q12
REL-00150,CM-1-2-1-1-4,uses-input,CM-1-2-1-1-1,disposition,ResolvedToConcept,SoleCandidate
REL-00150,CM-1-2-1-1-4,uses-input,CM-1-2-1-1-1,emission_decision,emit after mechanical uniqueness validation,HOLD: context-confirmation pass
REL-00150,CM-1-2-1-1-4,uses-input,CM-1-2-1-1-1,evidence,unique exact preferred-label match,"unique exact preferred-label match (candidate filter only, per PR #120)"
REL-00150,CM-1-2-1-1-4,uses-input,CM-1-2-1-1-1,reason,unique label match to CM-1-2-1-1-1; no contradicting context,label filter leaves one candidate: CM-1-2-1-1-1; resolution requires context evidence
REL-00151,CM-1-2-1-1-4,uses-input,CM-1-2-1-1-2,confidence,ContextualResolved,CandidateOnly
REL-00151,CM-1-2-1-1-4,uses-input,CM-1-2-1-1-2,decision_reference,Q11+Q12,Q12
REL-00151,CM-1-2-1-1-4,uses-input,CM-1-2-1-1-2,disposition,ResolvedToConcept,SoleCandidate
REL-00151,CM-1-2-1-1-4,uses-input,CM-1-2-1-1-2,emission_decision,emit after mechanical uniqueness validation,HOLD: context-confirmation pass
REL-00151,CM-1-2-1-1-4,uses-input,CM-1-2-1-1-2,evidence,unique exact preferred-label match,"unique exact preferred-label match (candidate filter only, per PR #120)"
REL-00151,CM-1-2-1-1-4,uses-input,CM-1-2-1-1-2,reason,unique label match to CM-1-2-1-1-2; no contradicting context,label filter leaves one candidate: CM-1-2-1-1-2; resolution requires context evidence
REL-00152,CM-1-2-1-1-4,enables,CM-1-2-1-4,confidence,ContextualResolved,CandidateOnly
REL-00152,CM-1-2-1-1-4,enables,CM-1-2-1-4,decision_reference,Q11+Q12,Q12
REL-00152,CM-1-2-1-1-4,enables,CM-1-2-1-4,disposition,ResolvedToConcept,SoleCandidate
REL-00152,CM-1-2-1-1-4,enables,CM-1-2-1-4,emission_decision,emit after mechanical uniqueness validation,HOLD: context-confirmation pass
REL-00152,CM-1-2-1-1-4,enables,CM-1-2-1-4,evidence,unique exact preferred-label match,"unique exact preferred-label match (candidate filter only, per PR #120)"
REL-00152,CM-1-2-1-1-4,enables,CM-1-2-1-4,reason,unique label match to CM-1-2-1-4; no contradicting context,label filter leaves one candidate: CM-1-2-1-4; resolution requires context evidence
REL-00153,CM-1-2-1-1-5,uses-input,CM-1-2-1-1-4,confidence,ContextualResolved,CandidateOnly
REL-00153,CM-1-2-1-1-5,uses-input,CM-1-2-1-1-4,decision_reference,Q11+Q12,Q12
REL-00153,CM-1-2-1-1-5,uses-input,CM-1-2-1-1-4,disposition,ResolvedToConcept,SoleCandidate
REL-00153,CM-1-2-1-1-5,uses-input,CM-1-2-1-1-4,emission_decision,emit after mechanical uniqueness validation,HOLD: context-confirmation pass
REL-00153,CM-1-2-1-1-5,uses-input,CM-1-2-1-1-4,evidence,unique exact preferred-label match,"unique exact preferred-label match (candidate filter only, per PR #120)"
REL-00153,CM-1-2-1-1-5,uses-input,CM-1-2-1-1-4,reason,unique label match to CM-1-2-1-1-4; no contradicting context,label filter leaves one candidate: CM-1-2-1-1-4; resolution requires context evidence
REL-00154,CM-1-2-1-1-5,enables,CM-1-2-1-4,confidence,ContextualResolved,CandidateOnly
REL-00154,CM-1-2-1-1-5,enables,CM-1-2-1-4,decision_reference,Q11+Q12,Q12
REL-00154,CM-1-2-1-1-5,enables,CM-1-2-1-4,disposition,ResolvedToConcept,SoleCandidate
REL-00154,CM-1-2-1-1-5,enables,CM-1-2-1-4,emission_decision,emit after mechanical uniqueness validation,HOLD: context-confirmation pass
REL-00154,CM-1-2-1-1-5,enables,CM-1-2-1-4,evidence,unique exact preferred-label match,"unique exact preferred-label match (candidate filter only, per PR #120)"
REL-00154,CM-1-2-1-1-5,enables,CM-1-2-1-4,reason,unique label match to CM-1-2-1-4; no contradicting context,label filter leaves one candidate: CM-1-2-1-4; resolution requires context evidence
REL-00155,CM-1-2-1-1-6,informed-by,CM-1-1-7-3,confidence,ContextualResolved,CandidateOnly
REL-00155,CM-1-2-1-1-6,informed-by,CM-1-1-7-3,decision_reference,Q11+Q12,Q12
REL-00155,CM-1-2-1-1-6,informed-by,CM-1-1-7-3,disposition,ResolvedToConcept,SoleCandidate
REL-00155,CM-1-2-1-1-6,informed-by,CM-1-1-7-3,emission_decision,emit after mechanical uniqueness validation,HOLD: context-confirmation pass
REL-00155,CM-1-2-1-1-6,informed-by,CM-1-1-7-3,evidence,unique exact preferred-label match,"unique exact preferred-label match (candidate filter only, per PR #120)"
REL-00155,CM-1-2-1-1-6,informed-by,CM-1-1-7-3,reason,unique label match to CM-1-1-7-3; no contradicting context,label filter leaves one candidate: CM-1-1-7-3; resolution requires context evidence
REL-00156,CM-1-2-1-1-6,enables,CM-1-2-1-1-4,confidence,ContextualResolved,CandidateOnly
REL-00156,CM-1-2-1-1-6,enables,CM-1-2-1-1-4,decision_reference,Q11+Q12,Q12
REL-00156,CM-1-2-1-1-6,enables,CM-1-2-1-1-4,disposition,ResolvedToConcept,SoleCandidate
REL-00156,CM-1-2-1-1-6,enables,CM-1-2-1-1-4,emission_decision,emit after mechanical uniqueness validation,HOLD: context-confirmation pass
REL-00156,CM-1-2-1-1-6,enables,CM-1-2-1-1-4,evidence,unique exact preferred-label match,"unique exact preferred-label match (candidate filter only, per PR #120)"
REL-00156,CM-1-2-1-1-6,enables,CM-1-2-1-1-4,reason,unique label match to CM-1-2-1-1-4; no contradicting context,label filter leaves one candidate: CM-1-2-1-1-4; resolution requires context evidence
REL-00157,CM-1-2-1-2-1,precedes,CM-1-2-1-2-5,confidence,ContextualResolved,CandidateOnly
REL-00157,CM-1-2-1-2-1,precedes,CM-1-2-1-2-5,decision_reference,Q11+Q12,Q12
REL-00157,CM-1-2-1-2-1,precedes,CM-1-2-1-2-5,disposition,ResolvedToConcept,SoleCandidate
REL-00157,CM-1-2-1-2-1,precedes,CM-1-2-1-2-5,emission_decision,emit after mechanical uniqueness validation,HOLD: context-confirmation pass
REL-00157,CM-1-2-1-2-1,precedes,CM-1-2-1-2-5,evidence,unique exact preferred-label match,"unique exact preferred-label match (candidate filter only, per PR #120)"
REL-00157,CM-1-2-1-2-1,precedes,CM-1-2-1-2-5,reason,unique label match to CM-1-2-1-2-5; no contradicting context,label filter leaves one candidate: CM-1-2-1-2-5; resolution requires context evidence
REL-00158,CM-1-2-1-2-1,requires,CM-1-2-2-1-1,confidence,ContextualResolved,CandidateOnly
REL-00158,CM-1-2-1-2-1,requires,CM-1-2-2-1-1,decision_reference,Q11+Q12,Q12
REL-00158,CM-1-2-1-2-1,requires,CM-1-2-2-1-1,disposition,ResolvedToConcept,SoleCandidate
REL-00158,CM-1-2-1-2-1,requires,CM-1-2-2-1-1,emission_decision,emit after mechanical uniqueness validation,HOLD: context-confirmation pass
REL-00158,CM-1-2-1-2-1,requires,CM-1-2-2-1-1,evidence,unique exact preferred-label match,"unique exact preferred-label match (candidate filter only, per PR #120)"
REL-00158,CM-1-2-1-2-1,requires,CM-1-2-2-1-1,reason,unique label match to CM-1-2-2-1-1; no contradicting context,label filter leaves one candidate: CM-1-2-2-1-1; resolution requires context evidence
REL-00159,CM-1-2-1-2-10,follows,CM-1-2-7-1-3,confidence,ContextualResolved,CandidateOnly
REL-00159,CM-1-2-1-2-10,follows,CM-1-2-7-1-3,decision_reference,Q11+Q12,Q12
REL-00159,CM-1-2-1-2-10,follows,CM-1-2-7-1-3,disposition,ResolvedToConcept,SoleCandidate
REL-00159,CM-1-2-1-2-10,follows,CM-1-2-7-1-3,emission_decision,emit after mechanical uniqueness validation,HOLD: context-confirmation pass
REL-00159,CM-1-2-1-2-10,follows,CM-1-2-7-1-3,evidence,unique exact preferred-label match,"unique exact preferred-label match (candidate filter only, per PR #120)"
REL-00159,CM-1-2-1-2-10,follows,CM-1-2-7-1-3,reason,unique label match to CM-1-2-7-1-3; no contradicting context,label filter leaves one candidate: CM-1-2-7-1-3; resolution requires context evidence
REL-00160,CM-1-2-1-2-10,enables,CM-1-2-1-3-5,confidence,ContextualResolved,CandidateOnly
REL-00160,CM-1-2-1-2-10,enables,CM-1-2-1-3-5,decision_reference,Q11+Q12,Q12
REL-00160,CM-1-2-1-2-10,enables,CM-1-2-1-3-5,disposition,ResolvedToConcept,SoleCandidate
REL-00160,CM-1-2-1-2-10,enables,CM-1-2-1-3-5,emission_decision,emit after mechanical uniqueness validation,HOLD: context-confirmation pass
REL-00160,CM-1-2-1-2-10,enables,CM-1-2-1-3-5,evidence,unique exact preferred-label match,"unique exact preferred-label match (candidate filter only, per PR #120)"
REL-00160,CM-1-2-1-2-10,enables,CM-1-2-1-3-5,reason,unique label match to CM-1-2-1-3-5; no contradicting context,label filter leaves one candidate: CM-1-2-1-3-5; resolution requires context evidence
REL-00161,CM-1-2-1-2-10,enables,CM-1-1-3-7-11,confidence,ContextualResolved,CandidateOnly
REL-00161,CM-1-2-1-2-10,enables,CM-1-1-3-7-11,decision_reference,Q11+Q12,Q12
REL-00161,CM-1-2-1-2-10,enables,CM-1-1-3-7-11,disposition,ResolvedToConcept,SoleCandidate
REL-00161,CM-1-2-1-2-10,enables,CM-1-1-3-7-11,emission_decision,emit after mechanical uniqueness validation,HOLD: context-confirmation pass
REL-00161,CM-1-2-1-2-10,enables,CM-1-1-3-7-11,evidence,unique exact preferred-label match,"unique exact preferred-label match (candidate filter only, per PR #120)"
REL-00161,CM-1-2-1-2-10,enables,CM-1-1-3-7-11,reason,unique label match to CM-1-1-3-7-11; no contradicting context,label filter leaves one candidate: CM-1-1-3-7-11; resolution requires context evidence
REL-00162,CM-1-2-1-2-11,follows,CM-1-2-1-2-6,confidence,ContextualResolved,CandidateOnly
REL-00162,CM-1-2-1-2-11,follows,CM-1-2-1-2-6,decision_reference,Q11+Q12,Q12
REL-00162,CM-1-2-1-2-11,follows,CM-1-2-1-2-6,disposition,ResolvedToConcept,SoleCandidate
REL-00162,CM-1-2-1-2-11,follows,CM-1-2-1-2-6,emission_decision,emit after mechanical uniqueness validation,HOLD: context-confirmation pass
REL-00162,CM-1-2-1-2-11,follows,CM-1-2-1-2-6,evidence,unique exact preferred-label match,"unique exact preferred-label match (candidate filter only, per PR #120)"
REL-00162,CM-1-2-1-2-11,follows,CM-1-2-1-2-6,reason,unique label match to CM-1-2-1-2-6; no contradicting context,label filter leaves one candidate: CM-1-2-1-2-6; resolution requires context evidence
REL-00163,CM-1-2-1-2-11,triggers,CM-1-2-1-2-6,confidence,ContextualResolved,CandidateOnly
REL-00163,CM-1-2-1-2-11,triggers,CM-1-2-1-2-6,decision_reference,Q11+Q12,Q12
REL-00163,CM-1-2-1-2-11,triggers,CM-1-2-1-2-6,disposition,ResolvedToConcept,SoleCandidate
REL-00163,CM-1-2-1-2-11,triggers,CM-1-2-1-2-6,emission_decision,emit after mechanical uniqueness validation,HOLD: context-confirmation pass
REL-00163,CM-1-2-1-2-11,triggers,CM-1-2-1-2-6,evidence,unique exact preferred-label match,"unique exact preferred-label match (candidate filter only, per PR #120)"
REL-00163,CM-1-2-1-2-11,triggers,CM-1-2-1-2-6,reason,unique label match to CM-1-2-1-2-6; no contradicting context,label filter leaves one candidate: CM-1-2-1-2-6; resolution requires context evidence
REL-00164,CM-1-2-1-2-11,enables,CM-1-2-1-4,confidence,ContextualResolved,CandidateOnly
REL-00164,CM-1-2-1-2-11,enables,CM-1-2-1-4,decision_reference,Q11+Q12,Q12
REL-00164,CM-1-2-1-2-11,enables,CM-1-2-1-4,disposition,ResolvedToConcept,SoleCandidate
REL-00164,CM-1-2-1-2-11,enables,CM-1-2-1-4,emission_decision,emit after mechanical uniqueness validation,HOLD: context-confirmation pass
REL-00164,CM-1-2-1-2-11,enables,CM-1-2-1-4,evidence,unique exact preferred-label match,"unique exact preferred-label match (candidate filter only, per PR #120)"
REL-00164,CM-1-2-1-2-11,enables,CM-1-2-1-4,reason,unique label match to CM-1-2-1-4; no contradicting context,label filter leaves one candidate: CM-1-2-1-4; resolution requires context evidence
REL-00165,CM-1-2-1-2-2,follows,CM-1-2-1-2-1,confidence,ContextualResolved,CandidateOnly
REL-00165,CM-1-2-1-2-2,follows,CM-1-2-1-2-1,decision_reference,Q11+Q12,Q12
REL-00165,CM-1-2-1-2-2,follows,CM-1-2-1-2-1,disposition,ResolvedToConcept,SoleCandidate
REL-00165,CM-1-2-1-2-2,follows,CM-1-2-1-2-1,emission_decision,emit after mechanical uniqueness validation,HOLD: context-confirmation pass
REL-00165,CM-1-2-1-2-2,follows,CM-1-2-1-2-1,evidence,unique exact preferred-label match,"unique exact preferred-label match (candidate filter only, per PR #120)"
REL-00165,CM-1-2-1-2-2,follows,CM-1-2-1-2-1,reason,unique label match to CM-1-2-1-2-1; no contradicting context,label filter leaves one candidate: CM-1-2-1-2-1; resolution requires context evidence
REL-00166,CM-1-2-1-2-2,enables,CM-1-2-1-3,confidence,ContextualResolved,CandidateOnly
REL-00166,CM-1-2-1-2-2,enables,CM-1-2-1-3,decision_reference,Q11+Q12,Q12
REL-00166,CM-1-2-1-2-2,enables,CM-1-2-1-3,disposition,ResolvedToConcept,SoleCandidate
REL-00166,CM-1-2-1-2-2,enables,CM-1-2-1-3,emission_decision,emit after mechanical uniqueness validation,HOLD: context-confirmation pass
REL-00166,CM-1-2-1-2-2,enables,CM-1-2-1-3,evidence,unique exact preferred-label match,"unique exact preferred-label match (candidate filter only, per PR #120)"
REL-00166,CM-1-2-1-2-2,enables,CM-1-2-1-3,reason,unique label match to CM-1-2-1-3; no contradicting context,label filter leaves one candidate: CM-1-2-1-3; resolution requires context evidence
REL-00167,CM-1-2-1-2-3,follows,CM-1-2-1-2-2,confidence,ContextualResolved,CandidateOnly
REL-00167,CM-1-2-1-2-3,follows,CM-1-2-1-2-2,decision_reference,Q11+Q12,Q12
REL-00167,CM-1-2-1-2-3,follows,CM-1-2-1-2-2,disposition,ResolvedToConcept,SoleCandidate
REL-00167,CM-1-2-1-2-3,follows,CM-1-2-1-2-2,emission_decision,emit after mechanical uniqueness validation,HOLD: context-confirmation pass
REL-00167,CM-1-2-1-2-3,follows,CM-1-2-1-2-2,evidence,unique exact preferred-label match,"unique exact preferred-label match (candidate filter only, per PR #120)"
REL-00167,CM-1-2-1-2-3,follows,CM-1-2-1-2-2,reason,unique label match to CM-1-2-1-2-2; no contradicting context,label filter leaves one candidate: CM-1-2-1-2-2; resolution requires context evidence
REL-00168,CM-1-2-1-2-3,requires,CM-1-2-2-1-3,confidence,ContextualResolved,CandidateOnly
REL-00168,CM-1-2-1-2-3,requires,CM-1-2-2-1-3,decision_reference,Q11+Q12,Q12
REL-00168,CM-1-2-1-2-3,requires,CM-1-2-2-1-3,disposition,ResolvedToConcept,SoleCandidate
REL-00168,CM-1-2-1-2-3,requires,CM-1-2-2-1-3,emission_decision,emit after mechanical uniqueness validation,HOLD: context-confirmation pass
REL-00168,CM-1-2-1-2-3,requires,CM-1-2-2-1-3,evidence,unique exact preferred-label match,"unique exact preferred-label match (candidate filter only, per PR #120)"
REL-00168,CM-1-2-1-2-3,requires,CM-1-2-2-1-3,reason,unique label match to CM-1-2-2-1-3; no contradicting context,label filter leaves one candidate: CM-1-2-2-1-3; resolution requires context evidence
REL-00169,CM-1-2-1-2-4,triggers,CM-1-2-1-2-3,confidence,ContextualResolved,CandidateOnly
REL-00169,CM-1-2-1-2-4,triggers,CM-1-2-1-2-3,decision_reference,Q11+Q12,Q12
REL-00169,CM-1-2-1-2-4,triggers,CM-1-2-1-2-3,disposition,ResolvedToConcept,SoleCandidate
REL-00169,CM-1-2-1-2-4,triggers,CM-1-2-1-2-3,emission_decision,emit after mechanical uniqueness validation,HOLD: context-confirmation pass
REL-00169,CM-1-2-1-2-4,triggers,CM-1-2-1-2-3,evidence,unique exact preferred-label match,"unique exact preferred-label match (candidate filter only, per PR #120)"
REL-00169,CM-1-2-1-2-4,triggers,CM-1-2-1-2-3,reason,unique label match to CM-1-2-1-2-3; no contradicting context,label filter leaves one candidate: CM-1-2-1-2-3; resolution requires context evidence
REL-00170,CM-1-2-1-2-4,triggers,CM-1-2-1-2-7,confidence,ContextualResolved,CandidateOnly
REL-00170,CM-1-2-1-2-4,triggers,CM-1-2-1-2-7,decision_reference,Q11+Q12,Q12
REL-00170,CM-1-2-1-2-4,triggers,CM-1-2-1-2-7,disposition,ResolvedToConcept,SoleCandidate
REL-00170,CM-1-2-1-2-4,triggers,CM-1-2-1-2-7,emission_decision,emit after mechanical uniqueness validation,HOLD: context-confirmation pass
REL-00170,CM-1-2-1-2-4,triggers,CM-1-2-1-2-7,evidence,unique exact preferred-label match,"unique exact preferred-label match (candidate filter only, per PR #120)"
REL-00170,CM-1-2-1-2-4,triggers,CM-1-2-1-2-7,reason,unique label match to CM-1-2-1-2-7; no contradicting context,label filter leaves one candidate: CM-1-2-1-2-7; resolution requires context evidence
REL-00171,CM-1-2-1-2-5,follows,CM-1-2-1-2-1,confidence,ContextualResolved,CandidateOnly
REL-00171,CM-1-2-1-2-5,follows,CM-1-2-1-2-1,decision_reference,Q11+Q12,Q12
REL-00171,CM-1-2-1-2-5,follows,CM-1-2-1-2-1,disposition,ResolvedToConcept,SoleCandidate
REL-00171,CM-1-2-1-2-5,follows,CM-1-2-1-2-1,emission_decision,emit after mechanical uniqueness validation,HOLD: context-confirmation pass
REL-00171,CM-1-2-1-2-5,follows,CM-1-2-1-2-1,evidence,unique exact preferred-label match,"unique exact preferred-label match (candidate filter only, per PR #120)"
REL-00171,CM-1-2-1-2-5,follows,CM-1-2-1-2-1,reason,unique label match to CM-1-2-1-2-1; no contradicting context,label filter leaves one candidate: CM-1-2-1-2-1; resolution requires context evidence
REL-00172,CM-1-2-1-2-5,enables,CM-1-2-1-3,confidence,ContextualResolved,CandidateOnly
REL-00172,CM-1-2-1-2-5,enables,CM-1-2-1-3,decision_reference,Q11+Q12,Q12
REL-00172,CM-1-2-1-2-5,enables,CM-1-2-1-3,disposition,ResolvedToConcept,SoleCandidate
REL-00172,CM-1-2-1-2-5,enables,CM-1-2-1-3,emission_decision,emit after mechanical uniqueness validation,HOLD: context-confirmation pass
REL-00172,CM-1-2-1-2-5,enables,CM-1-2-1-3,evidence,unique exact preferred-label match,"unique exact preferred-label match (candidate filter only, per PR #120)"
REL-00172,CM-1-2-1-2-5,enables,CM-1-2-1-3,reason,unique label match to CM-1-2-1-3; no contradicting context,label filter leaves one candidate: CM-1-2-1-3; resolution requires context evidence
REL-00173,CM-1-2-1-2-6,follows,CM-1-2-1-2-5,confidence,ContextualResolved,CandidateOnly
REL-00173,CM-1-2-1-2-6,follows,CM-1-2-1-2-5,decision_reference,Q11+Q12,Q12
REL-00173,CM-1-2-1-2-6,follows,CM-1-2-1-2-5,disposition,ResolvedToConcept,SoleCandidate
REL-00173,CM-1-2-1-2-6,follows,CM-1-2-1-2-5,emission_decision,emit after mechanical uniqueness validation,HOLD: context-confirmation pass
REL-00173,CM-1-2-1-2-6,follows,CM-1-2-1-2-5,evidence,unique exact preferred-label match,"unique exact preferred-label match (candidate filter only, per PR #120)"
REL-00173,CM-1-2-1-2-6,follows,CM-1-2-1-2-5,reason,unique label match to CM-1-2-1-2-5; no contradicting context,label filter leaves one candidate: CM-1-2-1-2-5; resolution requires context evidence
REL-00174,CM-1-2-1-2-6,enables,CM-1-2-1-2-11,confidence,ContextualResolved,CandidateOnly
REL-00174,CM-1-2-1-2-6,enables,CM-1-2-1-2-11,decision_reference,Q11+Q12,Q12
REL-00174,CM-1-2-1-2-6,enables,CM-1-2-1-2-11,disposition,ResolvedToConcept,SoleCandidate
REL-00174,CM-1-2-1-2-6,enables,CM-1-2-1-2-11,emission_decision,emit after mechanical uniqueness validation,HOLD: context-confirmation pass
REL-00174,CM-1-2-1-2-6,enables,CM-1-2-1-2-11,evidence,unique exact preferred-label match,"unique exact preferred-label match (candidate filter only, per PR #120)"
REL-00174,CM-1-2-1-2-6,enables,CM-1-2-1-2-11,reason,unique label match to CM-1-2-1-2-11; no contradicting context,label filter leaves one candidate: CM-1-2-1-2-11; resolution requires context evidence
REL-00175,CM-1-2-1-2-7,follows,CM-1-2-1-2-6,confidence,ContextualResolved,CandidateOnly
REL-00175,CM-1-2-1-2-7,follows,CM-1-2-1-2-6,decision_reference,Q11+Q12,Q12
REL-00175,CM-1-2-1-2-7,follows,CM-1-2-1-2-6,disposition,ResolvedToConcept,SoleCandidate
REL-00175,CM-1-2-1-2-7,follows,CM-1-2-1-2-6,emission_decision,emit after mechanical uniqueness validation,HOLD: context-confirmation pass
REL-00175,CM-1-2-1-2-7,follows,CM-1-2-1-2-6,evidence,unique exact preferred-label match,"unique exact preferred-label match (candidate filter only, per PR #120)"
REL-00175,CM-1-2-1-2-7,follows,CM-1-2-1-2-6,reason,unique label match to CM-1-2-1-2-6; no contradicting context,label filter leaves one candidate: CM-1-2-1-2-6; resolution requires context evidence
REL-00176,CM-1-2-1-2-7,enables,CM-1-2-4-1,confidence,ContextualResolved,CandidateOnly
REL-00176,CM-1-2-1-2-7,enables,CM-1-2-4-1,decision_reference,Q11+Q12,Q12
REL-00176,CM-1-2-1-2-7,enables,CM-1-2-4-1,disposition,ResolvedToConcept,SoleCandidate
REL-00176,CM-1-2-1-2-7,enables,CM-1-2-4-1,emission_decision,emit after mechanical uniqueness validation,HOLD: context-confirmation pass
REL-00176,CM-1-2-1-2-7,enables,CM-1-2-4-1,evidence,unique exact preferred-label match,"unique exact preferred-label match (candidate filter only, per PR #120)"
REL-00176,CM-1-2-1-2-7,enables,CM-1-2-4-1,reason,unique label match to CM-1-2-4-1; no contradicting context,label filter leaves one candidate: CM-1-2-4-1; resolution requires context evidence
REL-00177,CM-1-2-1-2-8,enables,CM-1-2-3-1-6,confidence,ContextualResolved,CandidateOnly
REL-00177,CM-1-2-1-2-8,enables,CM-1-2-3-1-6,decision_reference,Q11+Q12,Q12
REL-00177,CM-1-2-1-2-8,enables,CM-1-2-3-1-6,disposition,ResolvedToConcept,SoleCandidate
REL-00177,CM-1-2-1-2-8,enables,CM-1-2-3-1-6,emission_decision,emit after mechanical uniqueness validation,HOLD: context-confirmation pass
REL-00177,CM-1-2-1-2-8,enables,CM-1-2-3-1-6,evidence,unique exact preferred-label match,"unique exact preferred-label match (candidate filter only, per PR #120)"
REL-00177,CM-1-2-1-2-8,enables,CM-1-2-3-1-6,reason,unique label match to CM-1-2-3-1-6; no contradicting context,label filter leaves one candidate: CM-1-2-3-1-6; resolution requires context evidence
REL-00178,CM-1-2-1-2-8,enables,CM-1-2-4-1-6,confidence,ContextualResolved,CandidateOnly
REL-00178,CM-1-2-1-2-8,enables,CM-1-2-4-1-6,decision_reference,Q11+Q12,Q12
REL-00178,CM-1-2-1-2-8,enables,CM-1-2-4-1-6,disposition,ResolvedToConcept,SoleCandidate
REL-00178,CM-1-2-1-2-8,enables,CM-1-2-4-1-6,emission_decision,emit after mechanical uniqueness validation,HOLD: context-confirmation pass
REL-00178,CM-1-2-1-2-8,enables,CM-1-2-4-1-6,evidence,unique exact preferred-label match,"unique exact preferred-label match (candidate filter only, per PR #120)"
REL-00178,CM-1-2-1-2-8,enables,CM-1-2-4-1-6,reason,unique label match to CM-1-2-4-1-6; no contradicting context,label filter leaves one candidate: CM-1-2-4-1-6; resolution requires context evidence
REL-00179,CM-1-2-1-2-9,enables,CM-1-2-1-3-9,confidence,ContextualResolved,CandidateOnly
REL-00179,CM-1-2-1-2-9,enables,CM-1-2-1-3-9,decision_reference,Q11+Q12,Q12
REL-00179,CM-1-2-1-2-9,enables,CM-1-2-1-3-9,disposition,ResolvedToConcept,SoleCandidate
REL-00179,CM-1-2-1-2-9,enables,CM-1-2-1-3-9,emission_decision,emit after mechanical uniqueness validation,HOLD: context-confirmation pass
REL-00179,CM-1-2-1-2-9,enables,CM-1-2-1-3-9,evidence,unique exact preferred-label match,"unique exact preferred-label match (candidate filter only, per PR #120)"
REL-00179,CM-1-2-1-2-9,enables,CM-1-2-1-3-9,reason,unique label match to CM-1-2-1-3-9; no contradicting context,label filter leaves one candidate: CM-1-2-1-3-9; resolution requires context evidence
REL-00180,CM-1-2-1-2-9,enables,CM-1-1-3-6-1,confidence,ContextualResolved,CandidateOnly
REL-00180,CM-1-2-1-2-9,enables,CM-1-1-3-6-1,decision_reference,Q11+Q12,Q12
REL-00180,CM-1-2-1-2-9,enables,CM-1-1-3-6-1,disposition,ResolvedToConcept,SoleCandidate
REL-00180,CM-1-2-1-2-9,enables,CM-1-1-3-6-1,emission_decision,emit after mechanical uniqueness validation,HOLD: context-confirmation pass
REL-00180,CM-1-2-1-2-9,enables,CM-1-1-3-6-1,evidence,unique exact preferred-label match,"unique exact preferred-label match (candidate filter only, per PR #120)"
REL-00180,CM-1-2-1-2-9,enables,CM-1-1-3-6-1,reason,unique label match to CM-1-1-3-6-1; no contradicting context,label filter leaves one candidate: CM-1-1-3-6-1; resolution requires context evidence
REL-00181,CM-1-2-1-3-1,uses-input,CM-1-2-1-1-4,confidence,ContextualResolved,CandidateOnly
REL-00181,CM-1-2-1-3-1,uses-input,CM-1-2-1-1-4,decision_reference,Q11+Q12,Q12
REL-00181,CM-1-2-1-3-1,uses-input,CM-1-2-1-1-4,disposition,ResolvedToConcept,SoleCandidate
REL-00181,CM-1-2-1-3-1,uses-input,CM-1-2-1-1-4,emission_decision,emit after mechanical uniqueness validation,HOLD: context-confirmation pass
REL-00181,CM-1-2-1-3-1,uses-input,CM-1-2-1-1-4,evidence,unique exact preferred-label match,"unique exact preferred-label match (candidate filter only, per PR #120)"
REL-00181,CM-1-2-1-3-1,uses-input,CM-1-2-1-1-4,reason,unique label match to CM-1-2-1-1-4; no contradicting context,label filter leaves one candidate: CM-1-2-1-1-4; resolution requires context evidence
REL-00182,CM-1-2-1-3-1,precedes,CM-1-2-1-3-2,confidence,ContextualResolved,CandidateOnly
REL-00182,CM-1-2-1-3-1,precedes,CM-1-2-1-3-2,decision_reference,Q11+Q12,Q12
REL-00182,CM-1-2-1-3-1,precedes,CM-1-2-1-3-2,disposition,ResolvedToConcept,SoleCandidate
REL-00182,CM-1-2-1-3-1,precedes,CM-1-2-1-3-2,emission_decision,emit after mechanical uniqueness validation,HOLD: context-confirmation pass
REL-00182,CM-1-2-1-3-1,precedes,CM-1-2-1-3-2,evidence,unique exact preferred-label match,"unique exact preferred-label match (candidate filter only, per PR #120)"
REL-00182,CM-1-2-1-3-1,precedes,CM-1-2-1-3-2,reason,unique label match to CM-1-2-1-3-2; no contradicting context,label filter leaves one candidate: CM-1-2-1-3-2; resolution requires context evidence
REL-00183,CM-1-2-1-3-10,follows,CM-1-2-1-3-7,confidence,ContextualResolved,CandidateOnly
REL-00183,CM-1-2-1-3-10,follows,CM-1-2-1-3-7,decision_reference,Q11+Q12,Q12
REL-00183,CM-1-2-1-3-10,follows,CM-1-2-1-3-7,disposition,ResolvedToConcept,SoleCandidate
REL-00183,CM-1-2-1-3-10,follows,CM-1-2-1-3-7,emission_decision,emit after mechanical uniqueness validation,HOLD: context-confirmation pass
REL-00183,CM-1-2-1-3-10,follows,CM-1-2-1-3-7,evidence,unique exact preferred-label match,"unique exact preferred-label match (candidate filter only, per PR #120)"
REL-00183,CM-1-2-1-3-10,follows,CM-1-2-1-3-7,reason,unique label match to CM-1-2-1-3-7; no contradicting context,label filter leaves one candidate: CM-1-2-1-3-7; resolution requires context evidence
REL-00184,CM-1-2-1-3-10,precedes,CM-1-2-2-2-4,confidence,ContextualResolved,CandidateOnly
REL-00184,CM-1-2-1-3-10,precedes,CM-1-2-2-2-4,decision_reference,Q11+Q12,Q12
REL-00184,CM-1-2-1-3-10,precedes,CM-1-2-2-2-4,disposition,ResolvedToConcept,SoleCandidate
REL-00184,CM-1-2-1-3-10,precedes,CM-1-2-2-2-4,emission_decision,emit after mechanical uniqueness validation,HOLD: context-confirmation pass
REL-00184,CM-1-2-1-3-10,precedes,CM-1-2-2-2-4,evidence,unique exact preferred-label match,"unique exact preferred-label match (candidate filter only, per PR #120)"
REL-00184,CM-1-2-1-3-10,precedes,CM-1-2-2-2-4,reason,unique label match to CM-1-2-2-2-4; no contradicting context,label filter leaves one candidate: CM-1-2-2-2-4; resolution requires context evidence
REL-00185,CM-1-2-1-3-10,governed-by,CM-1-2-4-3,confidence,ContextualResolved,CandidateOnly
REL-00185,CM-1-2-1-3-10,governed-by,CM-1-2-4-3,decision_reference,Q11+Q12,Q12
REL-00185,CM-1-2-1-3-10,governed-by,CM-1-2-4-3,disposition,ResolvedToConcept,SoleCandidate
REL-00185,CM-1-2-1-3-10,governed-by,CM-1-2-4-3,emission_decision,emit after mechanical uniqueness validation,HOLD: context-confirmation pass
REL-00185,CM-1-2-1-3-10,governed-by,CM-1-2-4-3,evidence,unique exact preferred-label match,"unique exact preferred-label match (candidate filter only, per PR #120)"
REL-00185,CM-1-2-1-3-10,governed-by,CM-1-2-4-3,reason,unique label match to CM-1-2-4-3; no contradicting context,label filter leaves one candidate: CM-1-2-4-3; resolution requires context evidence
REL-00186,CM-1-2-1-3-11,follows,CM-1-2-1-3-2,confidence,ContextualResolved,CandidateOnly
REL-00186,CM-1-2-1-3-11,follows,CM-1-2-1-3-2,decision_reference,Q11+Q12,Q12
REL-00186,CM-1-2-1-3-11,follows,CM-1-2-1-3-2,disposition,ResolvedToConcept,SoleCandidate
REL-00186,CM-1-2-1-3-11,follows,CM-1-2-1-3-2,emission_decision,emit after mechanical uniqueness validation,HOLD: context-confirmation pass
REL-00186,CM-1-2-1-3-11,follows,CM-1-2-1-3-2,evidence,unique exact preferred-label match,"unique exact preferred-label match (candidate filter only, per PR #120)"
REL-00186,CM-1-2-1-3-11,follows,CM-1-2-1-3-2,reason,unique label match to CM-1-2-1-3-2; no contradicting context,label filter leaves one candidate: CM-1-2-1-3-2; resolution requires context evidence
REL-00187,CM-1-2-1-3-11,informed-by,CM-1-2-1-1-6,confidence,ContextualResolved,CandidateOnly
REL-00187,CM-1-2-1-3-11,informed-by,CM-1-2-1-1-6,decision_reference,Q11+Q12,Q12
REL-00187,CM-1-2-1-3-11,informed-by,CM-1-2-1-1-6,disposition,ResolvedToConcept,SoleCandidate
REL-00187,CM-1-2-1-3-11,informed-by,CM-1-2-1-1-6,emission_decision,emit after mechanical uniqueness validation,HOLD: context-confirmation pass
REL-00187,CM-1-2-1-3-11,informed-by,CM-1-2-1-1-6,evidence,unique exact preferred-label match,"unique exact preferred-label match (candidate filter only, per PR #120)"
REL-00187,CM-1-2-1-3-11,informed-by,CM-1-2-1-1-6,reason,unique label match to CM-1-2-1-1-6; no contradicting context,label filter leaves one candidate: CM-1-2-1-1-6; resolution requires context evidence
REL-00188,CM-1-2-1-3-11,precedes,CM-1-2-4-1-15,confidence,ContextualResolved,CandidateOnly
REL-00188,CM-1-2-1-3-11,precedes,CM-1-2-4-1-15,decision_reference,Q11+Q12,Q12
REL-00188,CM-1-2-1-3-11,precedes,CM-1-2-4-1-15,disposition,ResolvedToConcept,SoleCandidate
REL-00188,CM-1-2-1-3-11,precedes,CM-1-2-4-1-15,emission_decision,emit after mechanical uniqueness validation,HOLD: context-confirmation pass
REL-00188,CM-1-2-1-3-11,precedes,CM-1-2-4-1-15,evidence,unique exact preferred-label match,"unique exact preferred-label match (candidate filter only, per PR #120)"
REL-00188,CM-1-2-1-3-11,precedes,CM-1-2-4-1-15,reason,unique label match to CM-1-2-4-1-15; no contradicting context,label filter leaves one candidate: CM-1-2-4-1-15; resolution requires context evidence
REL-00189,CM-1-2-1-3-2,follows,CM-1-2-1-3-1,confidence,ContextualResolved,CandidateOnly
REL-00189,CM-1-2-1-3-2,follows,CM-1-2-1-3-1,decision_reference,Q11+Q12,Q12
REL-00189,CM-1-2-1-3-2,follows,CM-1-2-1-3-1,disposition,ResolvedToConcept,SoleCandidate
REL-00189,CM-1-2-1-3-2,follows,CM-1-2-1-3-1,emission_decision,emit after mechanical uniqueness validation,HOLD: context-confirmation pass
REL-00189,CM-1-2-1-3-2,follows,CM-1-2-1-3-1,evidence,unique exact preferred-label match,"unique exact preferred-label match (candidate filter only, per PR #120)"
REL-00189,CM-1-2-1-3-2,follows,CM-1-2-1-3-1,reason,unique label match to CM-1-2-1-3-1; no contradicting context,label filter leaves one candidate: CM-1-2-1-3-1; resolution requires context evidence
REL-00190,CM-1-2-1-3-2,governed-by,CM-1-2-2-3,confidence,ContextualResolved,CandidateOnly
REL-00190,CM-1-2-1-3-2,governed-by,CM-1-2-2-3,decision_reference,Q11+Q12,Q12
REL-00190,CM-1-2-1-3-2,governed-by,CM-1-2-2-3,disposition,ResolvedToConcept,SoleCandidate
REL-00190,CM-1-2-1-3-2,governed-by,CM-1-2-2-3,emission_decision,emit after mechanical uniqueness validation,HOLD: context-confirmation pass
REL-00190,CM-1-2-1-3-2,governed-by,CM-1-2-2-3,evidence,unique exact preferred-label match,"unique exact preferred-label match (candidate filter only, per PR #120)"
REL-00190,CM-1-2-1-3-2,governed-by,CM-1-2-2-3,reason,unique label match to CM-1-2-2-3; no contradicting context,label filter leaves one candidate: CM-1-2-2-3; resolution requires context evidence
REL-00191,CM-1-2-1-3-2,precedes,CM-1-2-1-3-3,confidence,ContextualResolved,CandidateOnly
REL-00191,CM-1-2-1-3-2,precedes,CM-1-2-1-3-3,decision_reference,Q11+Q12,Q12
REL-00191,CM-1-2-1-3-2,precedes,CM-1-2-1-3-3,disposition,ResolvedToConcept,SoleCandidate
REL-00191,CM-1-2-1-3-2,precedes,CM-1-2-1-3-3,emission_decision,emit after mechanical uniqueness validation,HOLD: context-confirmation pass
REL-00191,CM-1-2-1-3-2,precedes,CM-1-2-1-3-3,evidence,unique exact preferred-label match,"unique exact preferred-label match (candidate filter only, per PR #120)"
REL-00191,CM-1-2-1-3-2,precedes,CM-1-2-1-3-3,reason,unique label match to CM-1-2-1-3-3; no contradicting context,label filter leaves one candidate: CM-1-2-1-3-3; resolution requires context evidence
REL-00192,CM-1-2-1-3-3,follows,CM-1-2-1-3-2,confidence,ContextualResolved,CandidateOnly
REL-00192,CM-1-2-1-3-3,follows,CM-1-2-1-3-2,decision_reference,Q11+Q12,Q12
REL-00192,CM-1-2-1-3-3,follows,CM-1-2-1-3-2,disposition,ResolvedToConcept,SoleCandidate
REL-00192,CM-1-2-1-3-3,follows,CM-1-2-1-3-2,emission_decision,emit after mechanical uniqueness validation,HOLD: context-confirmation pass
REL-00192,CM-1-2-1-3-3,follows,CM-1-2-1-3-2,evidence,unique exact preferred-label match,"unique exact preferred-label match (candidate filter only, per PR #120)"
REL-00192,CM-1-2-1-3-3,follows,CM-1-2-1-3-2,reason,unique label match to CM-1-2-1-3-2; no contradicting context,label filter leaves one candidate: CM-1-2-1-3-2; resolution requires context evidence
REL-00193,CM-1-2-1-3-3,precedes,CM-1-2-2-2,confidence,ContextualResolved,CandidateOnly
REL-00193,CM-1-2-1-3-3,precedes,CM-1-2-2-2,decision_reference,Q11+Q12,Q12
REL-00193,CM-1-2-1-3-3,precedes,CM-1-2-2-2,disposition,ResolvedToConcept,SoleCandidate
REL-00193,CM-1-2-1-3-3,precedes,CM-1-2-2-2,emission_decision,emit after mechanical uniqueness validation,HOLD: context-confirmation pass
REL-00193,CM-1-2-1-3-3,precedes,CM-1-2-2-2,evidence,unique exact preferred-label match,"unique exact preferred-label match (candidate filter only, per PR #120)"
REL-00193,CM-1-2-1-3-3,precedes,CM-1-2-2-2,reason,unique label match to CM-1-2-2-2; no contradicting context,label filter leaves one candidate: CM-1-2-2-2; resolution requires context evidence
REL-00195,CM-1-2-1-3-4,follows,CM-1-2-1-3-2,confidence,ContextualResolved,CandidateOnly
REL-00195,CM-1-2-1-3-4,follows,CM-1-2-1-3-2,decision_reference,Q11+Q12,Q12
REL-00195,CM-1-2-1-3-4,follows,CM-1-2-1-3-2,disposition,ResolvedToConcept,SoleCandidate
REL-00195,CM-1-2-1-3-4,follows,CM-1-2-1-3-2,emission_decision,emit after mechanical uniqueness validation,HOLD: context-confirmation pass
REL-00195,CM-1-2-1-3-4,follows,CM-1-2-1-3-2,evidence,unique exact preferred-label match,"unique exact preferred-label match (candidate filter only, per PR #120)"
REL-00195,CM-1-2-1-3-4,follows,CM-1-2-1-3-2,reason,unique label match to CM-1-2-1-3-2; no contradicting context,label filter leaves one candidate: CM-1-2-1-3-2; resolution requires context evidence
REL-00196,CM-1-2-1-3-4,enables,CM-1-2-2-1-5,confidence,ContextualResolved,CandidateOnly
REL-00196,CM-1-2-1-3-4,enables,CM-1-2-2-1-5,decision_reference,Q11+Q12,Q12
REL-00196,CM-1-2-1-3-4,enables,CM-1-2-2-1-5,disposition,ResolvedToConcept,SoleCandidate
REL-00196,CM-1-2-1-3-4,enables,CM-1-2-2-1-5,emission_decision,emit after mechanical uniqueness validation,HOLD: context-confirmation pass
REL-00196,CM-1-2-1-3-4,enables,CM-1-2-2-1-5,evidence,unique exact preferred-label match,"unique exact preferred-label match (candidate filter only, per PR #120)"
REL-00196,CM-1-2-1-3-4,enables,CM-1-2-2-1-5,reason,unique label match to CM-1-2-2-1-5; no contradicting context,label filter leaves one candidate: CM-1-2-2-1-5; resolution requires context evidence
REL-00197,CM-1-2-1-3-4,precedes,CM-1-2-4-1-3,confidence,ContextualResolved,CandidateOnly
REL-00197,CM-1-2-1-3-4,precedes,CM-1-2-4-1-3,decision_reference,Q11+Q12,Q12
REL-00197,CM-1-2-1-3-4,precedes,CM-1-2-4-1-3,disposition,ResolvedToConcept,SoleCandidate
REL-00197,CM-1-2-1-3-4,precedes,CM-1-2-4-1-3,emission_decision,emit after mechanical uniqueness validation,HOLD: context-confirmation pass
REL-00197,CM-1-2-1-3-4,precedes,CM-1-2-4-1-3,evidence,unique exact preferred-label match,"unique exact preferred-label match (candidate filter only, per PR #120)"
REL-00197,CM-1-2-1-3-4,precedes,CM-1-2-4-1-3,reason,unique label match to CM-1-2-4-1-3; no contradicting context,label filter leaves one candidate: CM-1-2-4-1-3; resolution requires context evidence
REL-00198,CM-1-2-1-3-5,follows,CM-1-2-1-3-2,confidence,ContextualResolved,CandidateOnly
REL-00198,CM-1-2-1-3-5,follows,CM-1-2-1-3-2,decision_reference,Q11+Q12,Q12
REL-00198,CM-1-2-1-3-5,follows,CM-1-2-1-3-2,disposition,ResolvedToConcept,SoleCandidate
REL-00198,CM-1-2-1-3-5,follows,CM-1-2-1-3-2,emission_decision,emit after mechanical uniqueness validation,HOLD: context-confirmation pass
REL-00198,CM-1-2-1-3-5,follows,CM-1-2-1-3-2,evidence,unique exact preferred-label match,"unique exact preferred-label match (candidate filter only, per PR #120)"
REL-00198,CM-1-2-1-3-5,follows,CM-1-2-1-3-2,reason,unique label match to CM-1-2-1-3-2; no contradicting context,label filter leaves one candidate: CM-1-2-1-3-2; resolution requires context evidence
REL-00199,CM-1-2-1-3-5,enables,CM-1-1-3-7-11,confidence,ContextualResolved,CandidateOnly
REL-00199,CM-1-2-1-3-5,enables,CM-1-1-3-7-11,decision_reference,Q11+Q12,Q12
REL-00199,CM-1-2-1-3-5,enables,CM-1-1-3-7-11,disposition,ResolvedToConcept,SoleCandidate
REL-00199,CM-1-2-1-3-5,enables,CM-1-1-3-7-11,emission_decision,emit after mechanical uniqueness validation,HOLD: context-confirmation pass
REL-00199,CM-1-2-1-3-5,enables,CM-1-1-3-7-11,evidence,unique exact preferred-label match,"unique exact preferred-label match (candidate filter only, per PR #120)"
REL-00199,CM-1-2-1-3-5,enables,CM-1-1-3-7-11,reason,unique label match to CM-1-1-3-7-11; no contradicting context,label filter leaves one candidate: CM-1-1-3-7-11; resolution requires context evidence
REL-00200,CM-1-2-1-3-5,precedes,CM-1-2-4-1-14,confidence,ContextualResolved,CandidateOnly
REL-00200,CM-1-2-1-3-5,precedes,CM-1-2-4-1-14,decision_reference,Q11+Q12,Q12
REL-00200,CM-1-2-1-3-5,precedes,CM-1-2-4-1-14,disposition,ResolvedToConcept,SoleCandidate
REL-00200,CM-1-2-1-3-5,precedes,CM-1-2-4-1-14,emission_decision,emit after mechanical uniqueness validation,HOLD: context-confirmation pass
REL-00200,CM-1-2-1-3-5,precedes,CM-1-2-4-1-14,evidence,unique exact preferred-label match,"unique exact preferred-label match (candidate filter only, per PR #120)"
REL-00200,CM-1-2-1-3-5,precedes,CM-1-2-4-1-14,reason,unique label match to CM-1-2-4-1-14; no contradicting context,label filter leaves one candidate: CM-1-2-4-1-14; resolution requires context evidence
REL-00201,CM-1-2-1-3-6,follows,CM-1-2-1-3-2,confidence,ContextualResolved,CandidateOnly
REL-00201,CM-1-2-1-3-6,follows,CM-1-2-1-3-2,decision_reference,Q11+Q12,Q12
REL-00201,CM-1-2-1-3-6,follows,CM-1-2-1-3-2,disposition,ResolvedToConcept,SoleCandidate
REL-00201,CM-1-2-1-3-6,follows,CM-1-2-1-3-2,emission_decision,emit after mechanical uniqueness validation,HOLD: context-confirmation pass
REL-00201,CM-1-2-1-3-6,follows,CM-1-2-1-3-2,evidence,unique exact preferred-label match,"unique exact preferred-label match (candidate filter only, per PR #120)"
REL-00201,CM-1-2-1-3-6,follows,CM-1-2-1-3-2,reason,unique label match to CM-1-2-1-3-2; no contradicting context,label filter leaves one candidate: CM-1-2-1-3-2; resolution requires context evidence
REL-00202,CM-1-2-1-3-6,informed-by,CM-1-2-1-1-3,confidence,ContextualResolved,CandidateOnly
REL-00202,CM-1-2-1-3-6,informed-by,CM-1-2-1-1-3,decision_reference,Q11+Q12,Q12
REL-00202,CM-1-2-1-3-6,informed-by,CM-1-2-1-1-3,disposition,ResolvedToConcept,SoleCandidate
REL-00202,CM-1-2-1-3-6,informed-by,CM-1-2-1-1-3,emission_decision,emit after mechanical uniqueness validation,HOLD: context-confirmation pass
REL-00202,CM-1-2-1-3-6,informed-by,CM-1-2-1-1-3,evidence,unique exact preferred-label match,"unique exact preferred-label match (candidate filter only, per PR #120)"
REL-00202,CM-1-2-1-3-6,informed-by,CM-1-2-1-1-3,reason,unique label match to CM-1-2-1-1-3; no contradicting context,label filter leaves one candidate: CM-1-2-1-1-3; resolution requires context evidence
REL-00203,CM-1-2-1-3-6,precedes,CM-1-2-3-1-7,confidence,ContextualResolved,CandidateOnly
REL-00203,CM-1-2-1-3-6,precedes,CM-1-2-3-1-7,decision_reference,Q11+Q12,Q12
REL-00203,CM-1-2-1-3-6,precedes,CM-1-2-3-1-7,disposition,ResolvedToConcept,SoleCandidate
REL-00203,CM-1-2-1-3-6,precedes,CM-1-2-3-1-7,emission_decision,emit after mechanical uniqueness validation,HOLD: context-confirmation pass
REL-00203,CM-1-2-1-3-6,precedes,CM-1-2-3-1-7,evidence,unique exact preferred-label match,"unique exact preferred-label match (candidate filter only, per PR #120)"
REL-00203,CM-1-2-1-3-6,precedes,CM-1-2-3-1-7,reason,unique label match to CM-1-2-3-1-7; no contradicting context,label filter leaves one candidate: CM-1-2-3-1-7; resolution requires context evidence
REL-00204,CM-1-2-1-3-7,follows,CM-1-2-1-3-2,confidence,ContextualResolved,CandidateOnly
REL-00204,CM-1-2-1-3-7,follows,CM-1-2-1-3-2,decision_reference,Q11+Q12,Q12
REL-00204,CM-1-2-1-3-7,follows,CM-1-2-1-3-2,disposition,ResolvedToConcept,SoleCandidate
REL-00204,CM-1-2-1-3-7,follows,CM-1-2-1-3-2,emission_decision,emit after mechanical uniqueness validation,HOLD: context-confirmation pass
REL-00204,CM-1-2-1-3-7,follows,CM-1-2-1-3-2,evidence,unique exact preferred-label match,"unique exact preferred-label match (candidate filter only, per PR #120)"
REL-00204,CM-1-2-1-3-7,follows,CM-1-2-1-3-2,reason,unique label match to CM-1-2-1-3-2; no contradicting context,label filter leaves one candidate: CM-1-2-1-3-2; resolution requires context evidence
REL-00205,CM-1-2-1-3-7,precedes,CM-1-2-1-3-10,confidence,ContextualResolved,CandidateOnly
REL-00205,CM-1-2-1-3-7,precedes,CM-1-2-1-3-10,decision_reference,Q11+Q12,Q12
REL-00205,CM-1-2-1-3-7,precedes,CM-1-2-1-3-10,disposition,ResolvedToConcept,SoleCandidate
REL-00205,CM-1-2-1-3-7,precedes,CM-1-2-1-3-10,emission_decision,emit after mechanical uniqueness validation,HOLD: context-confirmation pass
REL-00205,CM-1-2-1-3-7,precedes,CM-1-2-1-3-10,evidence,unique exact preferred-label match,"unique exact preferred-label match (candidate filter only, per PR #120)"
REL-00205,CM-1-2-1-3-7,precedes,CM-1-2-1-3-10,reason,unique label match to CM-1-2-1-3-10; no contradicting context,label filter leaves one candidate: CM-1-2-1-3-10; resolution requires context evidence
REL-00206,CM-1-2-1-3-7,precedes,CM-1-2-2-2,confidence,ContextualResolved,CandidateOnly
REL-00206,CM-1-2-1-3-7,precedes,CM-1-2-2-2,decision_reference,Q11+Q12,Q12
REL-00206,CM-1-2-1-3-7,precedes,CM-1-2-2-2,disposition,ResolvedToConcept,SoleCandidate
REL-00206,CM-1-2-1-3-7,precedes,CM-1-2-2-2,emission_decision,emit after mechanical uniqueness validation,HOLD: context-confirmation pass
REL-00206,CM-1-2-1-3-7,precedes,CM-1-2-2-2,evidence,unique exact preferred-label match,"unique exact preferred-label match (candidate filter only, per PR #120)"
REL-00206,CM-1-2-1-3-7,precedes,CM-1-2-2-2,reason,unique label match to CM-1-2-2-2; no contradicting context,label filter leaves one candidate: CM-1-2-2-2; resolution requires context evidence
REL-00207,CM-1-2-1-3-8,follows,CM-1-2-1-3-2,confidence,ContextualResolved,CandidateOnly
REL-00207,CM-1-2-1-3-8,follows,CM-1-2-1-3-2,decision_reference,Q11+Q12,Q12
REL-00207,CM-1-2-1-3-8,follows,CM-1-2-1-3-2,disposition,ResolvedToConcept,SoleCandidate
REL-00207,CM-1-2-1-3-8,follows,CM-1-2-1-3-2,emission_decision,emit after mechanical uniqueness validation,HOLD: context-confirmation pass
REL-00207,CM-1-2-1-3-8,follows,CM-1-2-1-3-2,evidence,unique exact preferred-label match,"unique exact preferred-label match (candidate filter only, per PR #120)"
REL-00207,CM-1-2-1-3-8,follows,CM-1-2-1-3-2,reason,unique label match to CM-1-2-1-3-2; no contradicting context,label filter leaves one candidate: CM-1-2-1-3-2; resolution requires context evidence
REL-00208,CM-1-2-1-3-8,requires,CM-1-2-2-3-15,confidence,ContextualResolved,CandidateOnly
REL-00208,CM-1-2-1-3-8,requires,CM-1-2-2-3-15,decision_reference,Q11+Q12,Q12
REL-00208,CM-1-2-1-3-8,requires,CM-1-2-2-3-15,disposition,ResolvedToConcept,SoleCandidate
REL-00208,CM-1-2-1-3-8,requires,CM-1-2-2-3-15,emission_decision,emit after mechanical uniqueness validation,HOLD: context-confirmation pass
REL-00208,CM-1-2-1-3-8,requires,CM-1-2-2-3-15,evidence,unique exact preferred-label match,"unique exact preferred-label match (candidate filter only, per PR #120)"
REL-00208,CM-1-2-1-3-8,requires,CM-1-2-2-3-15,reason,unique label match to CM-1-2-2-3-15; no contradicting context,label filter leaves one candidate: CM-1-2-2-3-15; resolution requires context evidence
REL-00209,CM-1-2-1-3-8,precedes,CM-1-2-2-2,confidence,ContextualResolved,CandidateOnly
REL-00209,CM-1-2-1-3-8,precedes,CM-1-2-2-2,decision_reference,Q11+Q12,Q12
REL-00209,CM-1-2-1-3-8,precedes,CM-1-2-2-2,disposition,ResolvedToConcept,SoleCandidate
REL-00209,CM-1-2-1-3-8,precedes,CM-1-2-2-2,emission_decision,emit after mechanical uniqueness validation,HOLD: context-confirmation pass
REL-00209,CM-1-2-1-3-8,precedes,CM-1-2-2-2,evidence,unique exact preferred-label match,"unique exact preferred-label match (candidate filter only, per PR #120)"
REL-00209,CM-1-2-1-3-8,precedes,CM-1-2-2-2,reason,unique label match to CM-1-2-2-2; no contradicting context,label filter leaves one candidate: CM-1-2-2-2; resolution requires context evidence
REL-00210,CM-1-2-1-3-9,follows,CM-1-2-1-3-2,confidence,ContextualResolved,CandidateOnly
REL-00210,CM-1-2-1-3-9,follows,CM-1-2-1-3-2,decision_reference,Q11+Q12,Q12
REL-00210,CM-1-2-1-3-9,follows,CM-1-2-1-3-2,disposition,ResolvedToConcept,SoleCandidate
REL-00210,CM-1-2-1-3-9,follows,CM-1-2-1-3-2,emission_decision,emit after mechanical uniqueness validation,HOLD: context-confirmation pass
REL-00210,CM-1-2-1-3-9,follows,CM-1-2-1-3-2,evidence,unique exact preferred-label match,"unique exact preferred-label match (candidate filter only, per PR #120)"
REL-00210,CM-1-2-1-3-9,follows,CM-1-2-1-3-2,reason,unique label match to CM-1-2-1-3-2; no contradicting context,label filter leaves one candidate: CM-1-2-1-3-2; resolution requires context evidence
REL-00211,CM-1-2-1-3-9,enables,CM-1-1-3-6-1,confidence,ContextualResolved,CandidateOnly
REL-00211,CM-1-2-1-3-9,enables,CM-1-1-3-6-1,decision_reference,Q11+Q12,Q12
REL-00211,CM-1-2-1-3-9,enables,CM-1-1-3-6-1,disposition,ResolvedToConcept,SoleCandidate
REL-00211,CM-1-2-1-3-9,enables,CM-1-1-3-6-1,emission_decision,emit after mechanical uniqueness validation,HOLD: context-confirmation pass
REL-00211,CM-1-2-1-3-9,enables,CM-1-1-3-6-1,evidence,unique exact preferred-label match,"unique exact preferred-label match (candidate filter only, per PR #120)"
REL-00211,CM-1-2-1-3-9,enables,CM-1-1-3-6-1,reason,unique label match to CM-1-1-3-6-1; no contradicting context,label filter leaves one candidate: CM-1-1-3-6-1; resolution requires context evidence
REL-00212,CM-1-2-1-3-9,precedes,CM-1-2-4-1-12,confidence,ContextualResolved,CandidateOnly
REL-00212,CM-1-2-1-3-9,precedes,CM-1-2-4-1-12,decision_reference,Q11+Q12,Q12
REL-00212,CM-1-2-1-3-9,precedes,CM-1-2-4-1-12,disposition,ResolvedToConcept,SoleCandidate
REL-00212,CM-1-2-1-3-9,precedes,CM-1-2-4-1-12,emission_decision,emit after mechanical uniqueness validation,HOLD: context-confirmation pass
REL-00212,CM-1-2-1-3-9,precedes,CM-1-2-4-1-12,evidence,unique exact preferred-label match,"unique exact preferred-label match (candidate filter only, per PR #120)"
REL-00212,CM-1-2-1-3-9,precedes,CM-1-2-4-1-12,reason,unique label match to CM-1-2-4-1-12; no contradicting context,label filter leaves one candidate: CM-1-2-4-1-12; resolution requires context evidence
REL-00213,CM-1-2-1-4,uses-input,CM-1-2-1-1-5,confidence,ContextualResolved,CandidateOnly
REL-00213,CM-1-2-1-4,uses-input,CM-1-2-1-1-5,decision_reference,Q11+Q12,Q12
REL-00213,CM-1-2-1-4,uses-input,CM-1-2-1-1-5,disposition,ResolvedToConcept,SoleCandidate
REL-00213,CM-1-2-1-4,uses-input,CM-1-2-1-1-5,emission_decision,emit after mechanical uniqueness validation,HOLD: context-confirmation pass
REL-00213,CM-1-2-1-4,uses-input,CM-1-2-1-1-5,evidence,unique exact preferred-label match,"unique exact preferred-label match (candidate filter only, per PR #120)"
REL-00213,CM-1-2-1-4,uses-input,CM-1-2-1-1-5,reason,unique label match to CM-1-2-1-1-5; no contradicting context,label filter leaves one candidate: CM-1-2-1-1-5; resolution requires context evidence
REL-00214,CM-1-2-1-4,uses-input,CM-1-2-1-1-4,confidence,ContextualResolved,CandidateOnly
REL-00214,CM-1-2-1-4,uses-input,CM-1-2-1-1-4,decision_reference,Q11+Q12,Q12
REL-00214,CM-1-2-1-4,uses-input,CM-1-2-1-1-4,disposition,ResolvedToConcept,SoleCandidate
REL-00214,CM-1-2-1-4,uses-input,CM-1-2-1-1-4,emission_decision,emit after mechanical uniqueness validation,HOLD: context-confirmation pass
REL-00214,CM-1-2-1-4,uses-input,CM-1-2-1-1-4,evidence,unique exact preferred-label match,"unique exact preferred-label match (candidate filter only, per PR #120)"
REL-00214,CM-1-2-1-4,uses-input,CM-1-2-1-1-4,reason,unique label match to CM-1-2-1-1-4; no contradicting context,label filter leaves one candidate: CM-1-2-1-1-4; resolution requires context evidence
REL-00215,CM-1-2-1-4,governed-by,CM-1-2-2-3,confidence,ContextualResolved,CandidateOnly
REL-00215,CM-1-2-1-4,governed-by,CM-1-2-2-3,decision_reference,Q11+Q12,Q12
REL-00215,CM-1-2-1-4,governed-by,CM-1-2-2-3,disposition,ResolvedToConcept,SoleCandidate
REL-00215,CM-1-2-1-4,governed-by,CM-1-2-2-3,emission_decision,emit after mechanical uniqueness validation,HOLD: context-confirmation pass
REL-00215,CM-1-2-1-4,governed-by,CM-1-2-2-3,evidence,unique exact preferred-label match,"unique exact preferred-label match (candidate filter only, per PR #120)"
REL-00215,CM-1-2-1-4,governed-by,CM-1-2-2-3,reason,unique label match to CM-1-2-2-3; no contradicting context,label filter leaves one candidate: CM-1-2-2-3; resolution requires context evidence
REL-00216,CM-1-2-2-1-1,enables,CM-1-2-2-1-2,confidence,ContextualResolved,CandidateOnly
REL-00216,CM-1-2-2-1-1,enables,CM-1-2-2-1-2,decision_reference,Q11+Q12,Q12
REL-00216,CM-1-2-2-1-1,enables,CM-1-2-2-1-2,disposition,ResolvedToConcept,SoleCandidate
REL-00216,CM-1-2-2-1-1,enables,CM-1-2-2-1-2,emission_decision,emit after mechanical uniqueness validation,HOLD: context-confirmation pass
REL-00216,CM-1-2-2-1-1,enables,CM-1-2-2-1-2,evidence,unique exact preferred-label match,"unique exact preferred-label match (candidate filter only, per PR #120)"
REL-00216,CM-1-2-2-1-1,enables,CM-1-2-2-1-2,reason,unique label match to CM-1-2-2-1-2; no contradicting context,label filter leaves one candidate: CM-1-2-2-1-2; resolution requires context evidence
REL-00217,CM-1-2-2-1-1,enables,CM-1-2-1-2-1,confidence,ContextualResolved,CandidateOnly
REL-00217,CM-1-2-2-1-1,enables,CM-1-2-1-2-1,decision_reference,Q11+Q12,Q12
REL-00217,CM-1-2-2-1-1,enables,CM-1-2-1-2-1,disposition,ResolvedToConcept,SoleCandidate
REL-00217,CM-1-2-2-1-1,enables,CM-1-2-1-2-1,emission_decision,emit after mechanical uniqueness validation,HOLD: context-confirmation pass
REL-00217,CM-1-2-2-1-1,enables,CM-1-2-1-2-1,evidence,unique exact preferred-label match,"unique exact preferred-label match (candidate filter only, per PR #120)"
REL-00217,CM-1-2-2-1-1,enables,CM-1-2-1-2-1,reason,unique label match to CM-1-2-1-2-1; no contradicting context,label filter leaves one candidate: CM-1-2-1-2-1; resolution requires context evidence
REL-00218,CM-1-2-2-1-1,informed-by,CM-1-2-2-1-7,confidence,ContextualResolved,CandidateOnly
REL-00218,CM-1-2-2-1-1,informed-by,CM-1-2-2-1-7,decision_reference,Q11+Q12,Q12
REL-00218,CM-1-2-2-1-1,informed-by,CM-1-2-2-1-7,disposition,ResolvedToConcept,SoleCandidate
REL-00218,CM-1-2-2-1-1,informed-by,CM-1-2-2-1-7,emission_decision,emit after mechanical uniqueness validation,HOLD: context-confirmation pass
REL-00218,CM-1-2-2-1-1,informed-by,CM-1-2-2-1-7,evidence,unique exact preferred-label match,"unique exact preferred-label match (candidate filter only, per PR #120)"
REL-00218,CM-1-2-2-1-1,informed-by,CM-1-2-2-1-7,reason,unique label match to CM-1-2-2-1-7; no contradicting context,label filter leaves one candidate: CM-1-2-2-1-7; resolution requires context evidence
REL-00219,CM-1-2-2-1-2,follows,CM-1-2-2-1-1,confidence,ContextualResolved,CandidateOnly
REL-00219,CM-1-2-2-1-2,follows,CM-1-2-2-1-1,decision_reference,Q11+Q12,Q12
REL-00219,CM-1-2-2-1-2,follows,CM-1-2-2-1-1,disposition,ResolvedToConcept,SoleCandidate
REL-00219,CM-1-2-2-1-2,follows,CM-1-2-2-1-1,emission_decision,emit after mechanical uniqueness validation,HOLD: context-confirmation pass
REL-00219,CM-1-2-2-1-2,follows,CM-1-2-2-1-1,evidence,unique exact preferred-label match,"unique exact preferred-label match (candidate filter only, per PR #120)"
REL-00219,CM-1-2-2-1-2,follows,CM-1-2-2-1-1,reason,unique label match to CM-1-2-2-1-1; no contradicting context,label filter leaves one candidate: CM-1-2-2-1-1; resolution requires context evidence
REL-00220,CM-1-2-2-1-2,enables,CM-1-2-1-3-1,confidence,ContextualResolved,CandidateOnly
REL-00220,CM-1-2-2-1-2,enables,CM-1-2-1-3-1,decision_reference,Q11+Q12,Q12
REL-00220,CM-1-2-2-1-2,enables,CM-1-2-1-3-1,disposition,ResolvedToConcept,SoleCandidate
REL-00220,CM-1-2-2-1-2,enables,CM-1-2-1-3-1,emission_decision,emit after mechanical uniqueness validation,HOLD: context-confirmation pass
REL-00220,CM-1-2-2-1-2,enables,CM-1-2-1-3-1,evidence,unique exact preferred-label match,"unique exact preferred-label match (candidate filter only, per PR #120)"
REL-00220,CM-1-2-2-1-2,enables,CM-1-2-1-3-1,reason,unique label match to CM-1-2-1-3-1; no contradicting context,label filter leaves one candidate: CM-1-2-1-3-1; resolution requires context evidence
REL-00221,CM-1-2-2-1-2,enables,CM-1-2-2-1-7,confidence,ContextualResolved,CandidateOnly
REL-00221,CM-1-2-2-1-2,enables,CM-1-2-2-1-7,decision_reference,Q11+Q12,Q12
REL-00221,CM-1-2-2-1-2,enables,CM-1-2-2-1-7,disposition,ResolvedToConcept,SoleCandidate
REL-00221,CM-1-2-2-1-2,enables,CM-1-2-2-1-7,emission_decision,emit after mechanical uniqueness validation,HOLD: context-confirmation pass
REL-00221,CM-1-2-2-1-2,enables,CM-1-2-2-1-7,evidence,unique exact preferred-label match,"unique exact preferred-label match (candidate filter only, per PR #120)"
REL-00221,CM-1-2-2-1-2,enables,CM-1-2-2-1-7,reason,unique label match to CM-1-2-2-1-7; no contradicting context,label filter leaves one candidate: CM-1-2-2-1-7; resolution requires context evidence
REL-00222,CM-1-2-2-1-3,uses-input,CM-1-2-2-1-4,confidence,ContextualResolved,CandidateOnly
REL-00222,CM-1-2-2-1-3,uses-input,CM-1-2-2-1-4,decision_reference,Q11+Q12,Q12
REL-00222,CM-1-2-2-1-3,uses-input,CM-1-2-2-1-4,disposition,ResolvedToConcept,SoleCandidate
REL-00222,CM-1-2-2-1-3,uses-input,CM-1-2-2-1-4,emission_decision,emit after mechanical uniqueness validation,HOLD: context-confirmation pass
REL-00222,CM-1-2-2-1-3,uses-input,CM-1-2-2-1-4,evidence,unique exact preferred-label match,"unique exact preferred-label match (candidate filter only, per PR #120)"
REL-00222,CM-1-2-2-1-3,uses-input,CM-1-2-2-1-4,reason,unique label match to CM-1-2-2-1-4; no contradicting context,label filter leaves one candidate: CM-1-2-2-1-4; resolution requires context evidence
REL-00223,CM-1-2-2-1-3,enables,CM-1-2-1-2-3,confidence,ContextualResolved,CandidateOnly
REL-00223,CM-1-2-2-1-3,enables,CM-1-2-1-2-3,decision_reference,Q11+Q12,Q12
REL-00223,CM-1-2-2-1-3,enables,CM-1-2-1-2-3,disposition,ResolvedToConcept,SoleCandidate
REL-00223,CM-1-2-2-1-3,enables,CM-1-2-1-2-3,emission_decision,emit after mechanical uniqueness validation,HOLD: context-confirmation pass
REL-00223,CM-1-2-2-1-3,enables,CM-1-2-1-2-3,evidence,unique exact preferred-label match,"unique exact preferred-label match (candidate filter only, per PR #120)"
REL-00223,CM-1-2-2-1-3,enables,CM-1-2-1-2-3,reason,unique label match to CM-1-2-1-2-3; no contradicting context,label filter leaves one candidate: CM-1-2-1-2-3; resolution requires context evidence
REL-00224,CM-1-2-2-1-3,informed-by,CM-1-2-1-2,confidence,ContextualResolved,CandidateOnly
REL-00224,CM-1-2-2-1-3,informed-by,CM-1-2-1-2,decision_reference,Q11+Q12,Q12
REL-00224,CM-1-2-2-1-3,informed-by,CM-1-2-1-2,disposition,ResolvedToConcept,SoleCandidate
REL-00224,CM-1-2-2-1-3,informed-by,CM-1-2-1-2,emission_decision,emit after mechanical uniqueness validation,HOLD: context-confirmation pass
REL-00224,CM-1-2-2-1-3,informed-by,CM-1-2-1-2,evidence,unique exact preferred-label match,"unique exact preferred-label match (candidate filter only, per PR #120)"
REL-00224,CM-1-2-2-1-3,informed-by,CM-1-2-1-2,reason,unique label match to CM-1-2-1-2; no contradicting context,label filter leaves one candidate: CM-1-2-1-2; resolution requires context evidence
REL-00225,CM-1-2-2-1-4,uses-input,CM-1-2-2-3-15,confidence,ContextualResolved,CandidateOnly
REL-00225,CM-1-2-2-1-4,uses-input,CM-1-2-2-3-15,decision_reference,Q11+Q12,Q12
REL-00225,CM-1-2-2-1-4,uses-input,CM-1-2-2-3-15,disposition,ResolvedToConcept,SoleCandidate
REL-00225,CM-1-2-2-1-4,uses-input,CM-1-2-2-3-15,emission_decision,emit after mechanical uniqueness validation,HOLD: context-confirmation pass
REL-00225,CM-1-2-2-1-4,uses-input,CM-1-2-2-3-15,evidence,unique exact preferred-label match,"unique exact preferred-label match (candidate filter only, per PR #120)"
REL-00225,CM-1-2-2-1-4,uses-input,CM-1-2-2-3-15,reason,unique label match to CM-1-2-2-3-15; no contradicting context,label filter leaves one candidate: CM-1-2-2-3-15; resolution requires context evidence
REL-00226,CM-1-2-2-1-4,enables,CM-1-2-2-1-2,confidence,ContextualResolved,CandidateOnly
REL-00226,CM-1-2-2-1-4,enables,CM-1-2-2-1-2,decision_reference,Q11+Q12,Q12
REL-00226,CM-1-2-2-1-4,enables,CM-1-2-2-1-2,disposition,ResolvedToConcept,SoleCandidate
REL-00226,CM-1-2-2-1-4,enables,CM-1-2-2-1-2,emission_decision,emit after mechanical uniqueness validation,HOLD: context-confirmation pass
REL-00226,CM-1-2-2-1-4,enables,CM-1-2-2-1-2,evidence,unique exact preferred-label match,"unique exact preferred-label match (candidate filter only, per PR #120)"
REL-00226,CM-1-2-2-1-4,enables,CM-1-2-2-1-2,reason,unique label match to CM-1-2-2-1-2; no contradicting context,label filter leaves one candidate: CM-1-2-2-1-2; resolution requires context evidence
REL-00227,CM-1-2-2-1-4,enables,CM-1-2-2-1-3,confidence,ContextualResolved,CandidateOnly
REL-00227,CM-1-2-2-1-4,enables,CM-1-2-2-1-3,decision_reference,Q11+Q12,Q12
REL-00227,CM-1-2-2-1-4,enables,CM-1-2-2-1-3,disposition,ResolvedToConcept,SoleCandidate
REL-00227,CM-1-2-2-1-4,enables,CM-1-2-2-1-3,emission_decision,emit after mechanical uniqueness validation,HOLD: context-confirmation pass
REL-00227,CM-1-2-2-1-4,enables,CM-1-2-2-1-3,evidence,unique exact preferred-label match,"unique exact preferred-label match (candidate filter only, per PR #120)"
REL-00227,CM-1-2-2-1-4,enables,CM-1-2-2-1-3,reason,unique label match to CM-1-2-2-1-3; no contradicting context,label filter leaves one candidate: CM-1-2-2-1-3; resolution requires context evidence
REL-00228,CM-1-2-2-1-5,follows,CM-1-2-1-3-4,confidence,ContextualResolved,CandidateOnly
REL-00228,CM-1-2-2-1-5,follows,CM-1-2-1-3-4,decision_reference,Q11+Q12,Q12
REL-00228,CM-1-2-2-1-5,follows,CM-1-2-1-3-4,disposition,ResolvedToConcept,SoleCandidate
REL-00228,CM-1-2-2-1-5,follows,CM-1-2-1-3-4,emission_decision,emit after mechanical uniqueness validation,HOLD: context-confirmation pass
REL-00228,CM-1-2-2-1-5,follows,CM-1-2-1-3-4,evidence,unique exact preferred-label match,"unique exact preferred-label match (candidate filter only, per PR #120)"
REL-00228,CM-1-2-2-1-5,follows,CM-1-2-1-3-4,reason,unique label match to CM-1-2-1-3-4; no contradicting context,label filter leaves one candidate: CM-1-2-1-3-4; resolution requires context evidence
REL-00229,CM-1-2-2-1-5,uses-input,CM-1-2-2-1-4,confidence,ContextualResolved,CandidateOnly
REL-00229,CM-1-2-2-1-5,uses-input,CM-1-2-2-1-4,decision_reference,Q11+Q12,Q12
REL-00229,CM-1-2-2-1-5,uses-input,CM-1-2-2-1-4,disposition,ResolvedToConcept,SoleCandidate
REL-00229,CM-1-2-2-1-5,uses-input,CM-1-2-2-1-4,emission_decision,emit after mechanical uniqueness validation,HOLD: context-confirmation pass
REL-00229,CM-1-2-2-1-5,uses-input,CM-1-2-2-1-4,evidence,unique exact preferred-label match,"unique exact preferred-label match (candidate filter only, per PR #120)"
REL-00229,CM-1-2-2-1-5,uses-input,CM-1-2-2-1-4,reason,unique label match to CM-1-2-2-1-4; no contradicting context,label filter leaves one candidate: CM-1-2-2-1-4; resolution requires context evidence
REL-00230,CM-1-2-2-1-5,precedes,CM-1-2-4-1-16,confidence,ContextualResolved,CandidateOnly
REL-00230,CM-1-2-2-1-5,precedes,CM-1-2-4-1-16,decision_reference,Q11+Q12,Q12
REL-00230,CM-1-2-2-1-5,precedes,CM-1-2-4-1-16,disposition,ResolvedToConcept,SoleCandidate
REL-00230,CM-1-2-2-1-5,precedes,CM-1-2-4-1-16,emission_decision,emit after mechanical uniqueness validation,HOLD: context-confirmation pass
REL-00230,CM-1-2-2-1-5,precedes,CM-1-2-4-1-16,evidence,unique exact preferred-label match,"unique exact preferred-label match (candidate filter only, per PR #120)"
REL-00230,CM-1-2-2-1-5,precedes,CM-1-2-4-1-16,reason,unique label match to CM-1-2-4-1-16; no contradicting context,label filter leaves one candidate: CM-1-2-4-1-16; resolution requires context evidence
REL-00231,CM-1-2-2-1-6,uses-input,CM-1-2-2-1-4,confidence,ContextualResolved,CandidateOnly
REL-00231,CM-1-2-2-1-6,uses-input,CM-1-2-2-1-4,decision_reference,Q11+Q12,Q12
REL-00231,CM-1-2-2-1-6,uses-input,CM-1-2-2-1-4,disposition,ResolvedToConcept,SoleCandidate
REL-00231,CM-1-2-2-1-6,uses-input,CM-1-2-2-1-4,emission_decision,emit after mechanical uniqueness validation,HOLD: context-confirmation pass
REL-00231,CM-1-2-2-1-6,uses-input,CM-1-2-2-1-4,evidence,unique exact preferred-label match,"unique exact preferred-label match (candidate filter only, per PR #120)"
REL-00231,CM-1-2-2-1-6,uses-input,CM-1-2-2-1-4,reason,unique label match to CM-1-2-2-1-4; no contradicting context,label filter leaves one candidate: CM-1-2-2-1-4; resolution requires context evidence
REL-00232,CM-1-2-2-1-6,enables,CM-1-2-2-1-2,confidence,ContextualResolved,CandidateOnly
REL-00232,CM-1-2-2-1-6,enables,CM-1-2-2-1-2,decision_reference,Q11+Q12,Q12
REL-00232,CM-1-2-2-1-6,enables,CM-1-2-2-1-2,disposition,ResolvedToConcept,SoleCandidate
REL-00232,CM-1-2-2-1-6,enables,CM-1-2-2-1-2,emission_decision,emit after mechanical uniqueness validation,HOLD: context-confirmation pass
REL-00232,CM-1-2-2-1-6,enables,CM-1-2-2-1-2,evidence,unique exact preferred-label match,"unique exact preferred-label match (candidate filter only, per PR #120)"
REL-00232,CM-1-2-2-1-6,enables,CM-1-2-2-1-2,reason,unique label match to CM-1-2-2-1-2; no contradicting context,label filter leaves one candidate: CM-1-2-2-1-2; resolution requires context evidence
REL-00233,CM-1-2-2-1-6,enables,CM-1-2-2-1-8,confidence,ContextualResolved,CandidateOnly
REL-00233,CM-1-2-2-1-6,enables,CM-1-2-2-1-8,decision_reference,Q11+Q12,Q12
REL-00233,CM-1-2-2-1-6,enables,CM-1-2-2-1-8,disposition,ResolvedToConcept,SoleCandidate
REL-00233,CM-1-2-2-1-6,enables,CM-1-2-2-1-8,emission_decision,emit after mechanical uniqueness validation,HOLD: context-confirmation pass
REL-00233,CM-1-2-2-1-6,enables,CM-1-2-2-1-8,evidence,unique exact preferred-label match,"unique exact preferred-label match (candidate filter only, per PR #120)"
REL-00233,CM-1-2-2-1-6,enables,CM-1-2-2-1-8,reason,unique label match to CM-1-2-2-1-8; no contradicting context,label filter leaves one candidate: CM-1-2-2-1-8; resolution requires context evidence
REL-00234,CM-1-2-2-1-7,uses-input,CM-1-2-2-1-4,confidence,ContextualResolved,CandidateOnly
REL-00234,CM-1-2-2-1-7,uses-input,CM-1-2-2-1-4,decision_reference,Q11+Q12,Q12
REL-00234,CM-1-2-2-1-7,uses-input,CM-1-2-2-1-4,disposition,ResolvedToConcept,SoleCandidate
REL-00234,CM-1-2-2-1-7,uses-input,CM-1-2-2-1-4,emission_decision,emit after mechanical uniqueness validation,HOLD: context-confirmation pass
REL-00234,CM-1-2-2-1-7,uses-input,CM-1-2-2-1-4,evidence,unique exact preferred-label match,"unique exact preferred-label match (candidate filter only, per PR #120)"
REL-00234,CM-1-2-2-1-7,uses-input,CM-1-2-2-1-4,reason,unique label match to CM-1-2-2-1-4; no contradicting context,label filter leaves one candidate: CM-1-2-2-1-4; resolution requires context evidence
REL-00235,CM-1-2-2-1-7,triggers,CM-1-2-2-1-1,confidence,ContextualResolved,CandidateOnly
REL-00235,CM-1-2-2-1-7,triggers,CM-1-2-2-1-1,decision_reference,Q11+Q12,Q12
REL-00235,CM-1-2-2-1-7,triggers,CM-1-2-2-1-1,disposition,ResolvedToConcept,SoleCandidate
REL-00235,CM-1-2-2-1-7,triggers,CM-1-2-2-1-1,emission_decision,emit after mechanical uniqueness validation,HOLD: context-confirmation pass
REL-00235,CM-1-2-2-1-7,triggers,CM-1-2-2-1-1,evidence,unique exact preferred-label match,"unique exact preferred-label match (candidate filter only, per PR #120)"
REL-00235,CM-1-2-2-1-7,triggers,CM-1-2-2-1-1,reason,unique label match to CM-1-2-2-1-1; no contradicting context,label filter leaves one candidate: CM-1-2-2-1-1; resolution requires context evidence
REL-00236,CM-1-2-2-1-7,triggers,CM-1-2-2-1-2,confidence,ContextualResolved,CandidateOnly
REL-00236,CM-1-2-2-1-7,triggers,CM-1-2-2-1-2,decision_reference,Q11+Q12,Q12
REL-00236,CM-1-2-2-1-7,triggers,CM-1-2-2-1-2,disposition,ResolvedToConcept,SoleCandidate
REL-00236,CM-1-2-2-1-7,triggers,CM-1-2-2-1-2,emission_decision,emit after mechanical uniqueness validation,HOLD: context-confirmation pass
REL-00236,CM-1-2-2-1-7,triggers,CM-1-2-2-1-2,evidence,unique exact preferred-label match,"unique exact preferred-label match (candidate filter only, per PR #120)"
REL-00236,CM-1-2-2-1-7,triggers,CM-1-2-2-1-2,reason,unique label match to CM-1-2-2-1-2; no contradicting context,label filter leaves one candidate: CM-1-2-2-1-2; resolution requires context evidence
REL-00237,CM-1-2-2-1-8,uses-input,CM-1-2-2-1-7,confidence,ContextualResolved,CandidateOnly
REL-00237,CM-1-2-2-1-8,uses-input,CM-1-2-2-1-7,decision_reference,Q11+Q12,Q12
REL-00237,CM-1-2-2-1-8,uses-input,CM-1-2-2-1-7,disposition,ResolvedToConcept,SoleCandidate
REL-00237,CM-1-2-2-1-8,uses-input,CM-1-2-2-1-7,emission_decision,emit after mechanical uniqueness validation,HOLD: context-confirmation pass
REL-00237,CM-1-2-2-1-8,uses-input,CM-1-2-2-1-7,evidence,unique exact preferred-label match,"unique exact preferred-label match (candidate filter only, per PR #120)"
REL-00237,CM-1-2-2-1-8,uses-input,CM-1-2-2-1-7,reason,unique label match to CM-1-2-2-1-7; no contradicting context,label filter leaves one candidate: CM-1-2-2-1-7; resolution requires context evidence
REL-00238,CM-1-2-2-1-8,uses-input,CM-1-2-2-1-6,confidence,ContextualResolved,CandidateOnly
REL-00238,CM-1-2-2-1-8,uses-input,CM-1-2-2-1-6,decision_reference,Q11+Q12,Q12
REL-00238,CM-1-2-2-1-8,uses-input,CM-1-2-2-1-6,disposition,ResolvedToConcept,SoleCandidate
REL-00238,CM-1-2-2-1-8,uses-input,CM-1-2-2-1-6,emission_decision,emit after mechanical uniqueness validation,HOLD: context-confirmation pass
REL-00238,CM-1-2-2-1-8,uses-input,CM-1-2-2-1-6,evidence,unique exact preferred-label match,"unique exact preferred-label match (candidate filter only, per PR #120)"
REL-00238,CM-1-2-2-1-8,uses-input,CM-1-2-2-1-6,reason,unique label match to CM-1-2-2-1-6; no contradicting context,label filter leaves one candidate: CM-1-2-2-1-6; resolution requires context evidence
REL-00239,CM-1-2-2-1-8,enables,CM-1-2-1-4,confidence,ContextualResolved,CandidateOnly
REL-00239,CM-1-2-2-1-8,enables,CM-1-2-1-4,decision_reference,Q11+Q12,Q12
REL-00239,CM-1-2-2-1-8,enables,CM-1-2-1-4,disposition,ResolvedToConcept,SoleCandidate
REL-00239,CM-1-2-2-1-8,enables,CM-1-2-1-4,emission_decision,emit after mechanical uniqueness validation,HOLD: context-confirmation pass
REL-00239,CM-1-2-2-1-8,enables,CM-1-2-1-4,evidence,unique exact preferred-label match,"unique exact preferred-label match (candidate filter only, per PR #120)"
REL-00239,CM-1-2-2-1-8,enables,CM-1-2-1-4,reason,unique label match to CM-1-2-1-4; no contradicting context,label filter leaves one candidate: CM-1-2-1-4; resolution requires context evidence
REL-00240,CM-1-2-2-2-1,follows,CM-1-2-1-3,confidence,ContextualResolved,CandidateOnly
REL-00240,CM-1-2-2-2-1,follows,CM-1-2-1-3,decision_reference,Q11+Q12,Q12
REL-00240,CM-1-2-2-2-1,follows,CM-1-2-1-3,disposition,ResolvedToConcept,SoleCandidate
REL-00240,CM-1-2-2-2-1,follows,CM-1-2-1-3,emission_decision,emit after mechanical uniqueness validation,HOLD: context-confirmation pass
REL-00240,CM-1-2-2-2-1,follows,CM-1-2-1-3,evidence,unique exact preferred-label match,"unique exact preferred-label match (candidate filter only, per PR #120)"
REL-00240,CM-1-2-2-2-1,follows,CM-1-2-1-3,reason,unique label match to CM-1-2-1-3; no contradicting context,label filter leaves one candidate: CM-1-2-1-3; resolution requires context evidence
REL-00241,CM-1-2-2-2-1,precedes,CM-1-2-2-2-5,confidence,ContextualResolved,CandidateOnly
REL-00241,CM-1-2-2-2-1,precedes,CM-1-2-2-2-5,decision_reference,Q11+Q12,Q12
REL-00241,CM-1-2-2-2-1,precedes,CM-1-2-2-2-5,disposition,ResolvedToConcept,SoleCandidate
REL-00241,CM-1-2-2-2-1,precedes,CM-1-2-2-2-5,emission_decision,emit after mechanical uniqueness validation,HOLD: context-confirmation pass
REL-00241,CM-1-2-2-2-1,precedes,CM-1-2-2-2-5,evidence,unique exact preferred-label match,"unique exact preferred-label match (candidate filter only, per PR #120)"
REL-00241,CM-1-2-2-2-1,precedes,CM-1-2-2-2-5,reason,unique label match to CM-1-2-2-2-5; no contradicting context,label filter leaves one candidate: CM-1-2-2-2-5; resolution requires context evidence
REL-00242,CM-1-2-2-2-1,uses-input,CM-1-2-2-2-2,confidence,ContextualResolved,CandidateOnly
REL-00242,CM-1-2-2-2-1,uses-input,CM-1-2-2-2-2,decision_reference,Q11+Q12,Q12
REL-00242,CM-1-2-2-2-1,uses-input,CM-1-2-2-2-2,disposition,ResolvedToConcept,SoleCandidate
REL-00242,CM-1-2-2-2-1,uses-input,CM-1-2-2-2-2,emission_decision,emit after mechanical uniqueness validation,HOLD: context-confirmation pass
REL-00242,CM-1-2-2-2-1,uses-input,CM-1-2-2-2-2,evidence,unique exact preferred-label match,"unique exact preferred-label match (candidate filter only, per PR #120)"
REL-00242,CM-1-2-2-2-1,uses-input,CM-1-2-2-2-2,reason,unique label match to CM-1-2-2-2-2; no contradicting context,label filter leaves one candidate: CM-1-2-2-2-2; resolution requires context evidence
REL-00243,CM-1-2-2-2-2,enables,CM-1-2-2-2-1,confidence,ContextualResolved,CandidateOnly
REL-00243,CM-1-2-2-2-2,enables,CM-1-2-2-2-1,decision_reference,Q11+Q12,Q12
REL-00243,CM-1-2-2-2-2,enables,CM-1-2-2-2-1,disposition,ResolvedToConcept,SoleCandidate
REL-00243,CM-1-2-2-2-2,enables,CM-1-2-2-2-1,emission_decision,emit after mechanical uniqueness validation,HOLD: context-confirmation pass
REL-00243,CM-1-2-2-2-2,enables,CM-1-2-2-2-1,evidence,unique exact preferred-label match,"unique exact preferred-label match (candidate filter only, per PR #120)"
REL-00243,CM-1-2-2-2-2,enables,CM-1-2-2-2-1,reason,unique label match to CM-1-2-2-2-1; no contradicting context,label filter leaves one candidate: CM-1-2-2-2-1; resolution requires context evidence
REL-00244,CM-1-2-2-2-2,informed-by,CM-1-2-1-2,confidence,ContextualResolved,CandidateOnly
REL-00244,CM-1-2-2-2-2,informed-by,CM-1-2-1-2,decision_reference,Q11+Q12,Q12
REL-00244,CM-1-2-2-2-2,informed-by,CM-1-2-1-2,disposition,ResolvedToConcept,SoleCandidate
REL-00244,CM-1-2-2-2-2,informed-by,CM-1-2-1-2,emission_decision,emit after mechanical uniqueness validation,HOLD: context-confirmation pass
REL-00244,CM-1-2-2-2-2,informed-by,CM-1-2-1-2,evidence,unique exact preferred-label match,"unique exact preferred-label match (candidate filter only, per PR #120)"
REL-00244,CM-1-2-2-2-2,informed-by,CM-1-2-1-2,reason,unique label match to CM-1-2-1-2; no contradicting context,label filter leaves one candidate: CM-1-2-1-2; resolution requires context evidence
REL-00245,CM-1-2-2-2-3,follows,CM-1-2-2-2-1,confidence,ContextualResolved,CandidateOnly
REL-00245,CM-1-2-2-2-3,follows,CM-1-2-2-2-1,decision_reference,Q11+Q12,Q12
REL-00245,CM-1-2-2-2-3,follows,CM-1-2-2-2-1,disposition,ResolvedToConcept,SoleCandidate
REL-00245,CM-1-2-2-2-3,follows,CM-1-2-2-2-1,emission_decision,emit after mechanical uniqueness validation,HOLD: context-confirmation pass
REL-00245,CM-1-2-2-2-3,follows,CM-1-2-2-2-1,evidence,unique exact preferred-label match,"unique exact preferred-label match (candidate filter only, per PR #120)"
REL-00245,CM-1-2-2-2-3,follows,CM-1-2-2-2-1,reason,unique label match to CM-1-2-2-2-1; no contradicting context,label filter leaves one candidate: CM-1-2-2-2-1; resolution requires context evidence
REL-00246,CM-1-2-2-2-3,triggers,CM-1-2-2-2-4,confidence,ContextualResolved,CandidateOnly
REL-00246,CM-1-2-2-2-3,triggers,CM-1-2-2-2-4,decision_reference,Q11+Q12,Q12
REL-00246,CM-1-2-2-2-3,triggers,CM-1-2-2-2-4,disposition,ResolvedToConcept,SoleCandidate
REL-00246,CM-1-2-2-2-3,triggers,CM-1-2-2-2-4,emission_decision,emit after mechanical uniqueness validation,HOLD: context-confirmation pass
REL-00246,CM-1-2-2-2-3,triggers,CM-1-2-2-2-4,evidence,unique exact preferred-label match,"unique exact preferred-label match (candidate filter only, per PR #120)"
REL-00246,CM-1-2-2-2-3,triggers,CM-1-2-2-2-4,reason,unique label match to CM-1-2-2-2-4; no contradicting context,label filter leaves one candidate: CM-1-2-2-2-4; resolution requires context evidence
REL-00247,CM-1-2-2-2-3,requires,CM-1-2-1-3,confidence,ContextualResolved,CandidateOnly
REL-00247,CM-1-2-2-2-3,requires,CM-1-2-1-3,decision_reference,Q11+Q12,Q12
REL-00247,CM-1-2-2-2-3,requires,CM-1-2-1-3,disposition,ResolvedToConcept,SoleCandidate
REL-00247,CM-1-2-2-2-3,requires,CM-1-2-1-3,emission_decision,emit after mechanical uniqueness validation,HOLD: context-confirmation pass
REL-00247,CM-1-2-2-2-3,requires,CM-1-2-1-3,evidence,unique exact preferred-label match,"unique exact preferred-label match (candidate filter only, per PR #120)"
REL-00247,CM-1-2-2-2-3,requires,CM-1-2-1-3,reason,unique label match to CM-1-2-1-3; no contradicting context,label filter leaves one candidate: CM-1-2-1-3; resolution requires context evidence
REL-00248,CM-1-2-2-2-4,informed-by,CM-1-2-1-3-10,confidence,ContextualResolved,CandidateOnly
REL-00248,CM-1-2-2-2-4,informed-by,CM-1-2-1-3-10,decision_reference,Q11+Q12,Q12
REL-00248,CM-1-2-2-2-4,informed-by,CM-1-2-1-3-10,disposition,ResolvedToConcept,SoleCandidate
REL-00248,CM-1-2-2-2-4,informed-by,CM-1-2-1-3-10,emission_decision,emit after mechanical uniqueness validation,HOLD: context-confirmation pass
REL-00248,CM-1-2-2-2-4,informed-by,CM-1-2-1-3-10,evidence,unique exact preferred-label match,"unique exact preferred-label match (candidate filter only, per PR #120)"
REL-00248,CM-1-2-2-2-4,informed-by,CM-1-2-1-3-10,reason,unique label match to CM-1-2-1-3-10; no contradicting context,label filter leaves one candidate: CM-1-2-1-3-10; resolution requires context evidence
REL-00249,CM-1-2-2-2-4,informed-by,CM-1-2-2-2-3,confidence,ContextualResolved,CandidateOnly
REL-00249,CM-1-2-2-2-4,informed-by,CM-1-2-2-2-3,decision_reference,Q11+Q12,Q12
REL-00249,CM-1-2-2-2-4,informed-by,CM-1-2-2-2-3,disposition,ResolvedToConcept,SoleCandidate
REL-00249,CM-1-2-2-2-4,informed-by,CM-1-2-2-2-3,emission_decision,emit after mechanical uniqueness validation,HOLD: context-confirmation pass
REL-00249,CM-1-2-2-2-4,informed-by,CM-1-2-2-2-3,evidence,unique exact preferred-label match,"unique exact preferred-label match (candidate filter only, per PR #120)"
REL-00249,CM-1-2-2-2-4,informed-by,CM-1-2-2-2-3,reason,unique label match to CM-1-2-2-2-3; no contradicting context,label filter leaves one candidate: CM-1-2-2-2-3; resolution requires context evidence
REL-00250,CM-1-2-2-2-4,governed-by,CM-1-2-4-3,confidence,ContextualResolved,CandidateOnly
REL-00250,CM-1-2-2-2-4,governed-by,CM-1-2-4-3,decision_reference,Q11+Q12,Q12
REL-00250,CM-1-2-2-2-4,governed-by,CM-1-2-4-3,disposition,ResolvedToConcept,SoleCandidate
REL-00250,CM-1-2-2-2-4,governed-by,CM-1-2-4-3,emission_decision,emit after mechanical uniqueness validation,HOLD: context-confirmation pass
REL-00250,CM-1-2-2-2-4,governed-by,CM-1-2-4-3,evidence,unique exact preferred-label match,"unique exact preferred-label match (candidate filter only, per PR #120)"
REL-00250,CM-1-2-2-2-4,governed-by,CM-1-2-4-3,reason,unique label match to CM-1-2-4-3; no contradicting context,label filter leaves one candidate: CM-1-2-4-3; resolution requires context evidence
REL-00251,CM-1-2-2-2-5,follows,CM-1-2-2-2-1,confidence,ContextualResolved,CandidateOnly
REL-00251,CM-1-2-2-2-5,follows,CM-1-2-2-2-1,decision_reference,Q11+Q12,Q12
REL-00251,CM-1-2-2-2-5,follows,CM-1-2-2-2-1,disposition,ResolvedToConcept,SoleCandidate
REL-00251,CM-1-2-2-2-5,follows,CM-1-2-2-2-1,emission_decision,emit after mechanical uniqueness validation,HOLD: context-confirmation pass
REL-00251,CM-1-2-2-2-5,follows,CM-1-2-2-2-1,evidence,unique exact preferred-label match,"unique exact preferred-label match (candidate filter only, per PR #120)"
REL-00251,CM-1-2-2-2-5,follows,CM-1-2-2-2-1,reason,unique label match to CM-1-2-2-2-1; no contradicting context,label filter leaves one candidate: CM-1-2-2-2-1; resolution requires context evidence
REL-00252,CM-1-2-2-2-5,triggers,CM-1-2-2-2-3,confidence,ContextualResolved,CandidateOnly
REL-00252,CM-1-2-2-2-5,triggers,CM-1-2-2-2-3,decision_reference,Q11+Q12,Q12
REL-00252,CM-1-2-2-2-5,triggers,CM-1-2-2-2-3,disposition,ResolvedToConcept,SoleCandidate
REL-00252,CM-1-2-2-2-5,triggers,CM-1-2-2-2-3,emission_decision,emit after mechanical uniqueness validation,HOLD: context-confirmation pass
REL-00252,CM-1-2-2-2-5,triggers,CM-1-2-2-2-3,evidence,unique exact preferred-label match,"unique exact preferred-label match (candidate filter only, per PR #120)"
REL-00252,CM-1-2-2-2-5,triggers,CM-1-2-2-2-3,reason,unique label match to CM-1-2-2-2-3; no contradicting context,label filter leaves one candidate: CM-1-2-2-2-3; resolution requires context evidence
REL-00253,CM-1-2-2-2-5,enables,CM-1-2-4-1,confidence,ContextualResolved,CandidateOnly
REL-00253,CM-1-2-2-2-5,enables,CM-1-2-4-1,decision_reference,Q11+Q12,Q12
REL-00253,CM-1-2-2-2-5,enables,CM-1-2-4-1,disposition,ResolvedToConcept,SoleCandidate
REL-00253,CM-1-2-2-2-5,enables,CM-1-2-4-1,emission_decision,emit after mechanical uniqueness validation,HOLD: context-confirmation pass
REL-00253,CM-1-2-2-2-5,enables,CM-1-2-4-1,evidence,unique exact preferred-label match,"unique exact preferred-label match (candidate filter only, per PR #120)"
REL-00253,CM-1-2-2-2-5,enables,CM-1-2-4-1,reason,unique label match to CM-1-2-4-1; no contradicting context,label filter leaves one candidate: CM-1-2-4-1; resolution requires context evidence
REL-00254,CM-1-2-2-3-1,enables,CM-1-2-1-3,confidence,ContextualResolved,CandidateOnly
REL-00254,CM-1-2-2-3-1,enables,CM-1-2-1-3,decision_reference,Q11+Q12,Q12
REL-00254,CM-1-2-2-3-1,enables,CM-1-2-1-3,disposition,ResolvedToConcept,SoleCandidate
REL-00254,CM-1-2-2-3-1,enables,CM-1-2-1-3,emission_decision,emit after mechanical uniqueness validation,HOLD: context-confirmation pass
REL-00254,CM-1-2-2-3-1,enables,CM-1-2-1-3,evidence,unique exact preferred-label match,"unique exact preferred-label match (candidate filter only, per PR #120)"
REL-00254,CM-1-2-2-3-1,enables,CM-1-2-1-3,reason,unique label match to CM-1-2-1-3; no contradicting context,label filter leaves one candidate: CM-1-2-1-3; resolution requires context evidence
REL-00255,CM-1-2-2-3-1,enables,CM-1-2-2-3-9,confidence,Resolved,StableIdentifier
REL-00256,CM-1-2-2-3-10,uses-input,CM-1-2-2-3-2,confidence,ContextualResolved,CandidateOnly
REL-00256,CM-1-2-2-3-10,uses-input,CM-1-2-2-3-2,decision_reference,Q11+Q12,Q12
REL-00256,CM-1-2-2-3-10,uses-input,CM-1-2-2-3-2,disposition,ResolvedToConcept,SoleCandidate
REL-00256,CM-1-2-2-3-10,uses-input,CM-1-2-2-3-2,emission_decision,emit after mechanical uniqueness validation,HOLD: context-confirmation pass
REL-00256,CM-1-2-2-3-10,uses-input,CM-1-2-2-3-2,evidence,unique exact preferred-label match,"unique exact preferred-label match (candidate filter only, per PR #120)"
REL-00256,CM-1-2-2-3-10,uses-input,CM-1-2-2-3-2,reason,unique label match to CM-1-2-2-3-2; no contradicting context,label filter leaves one candidate: CM-1-2-2-3-2; resolution requires context evidence
REL-00257,CM-1-2-2-3-10,enables,CM-1-2-2-3-13,confidence,ContextualResolved,CandidateOnly
REL-00257,CM-1-2-2-3-10,enables,CM-1-2-2-3-13,decision_reference,Q11+Q12,Q12
REL-00257,CM-1-2-2-3-10,enables,CM-1-2-2-3-13,disposition,ResolvedToConcept,SoleCandidate
REL-00257,CM-1-2-2-3-10,enables,CM-1-2-2-3-13,emission_decision,emit after mechanical uniqueness validation,HOLD: context-confirmation pass
REL-00257,CM-1-2-2-3-10,enables,CM-1-2-2-3-13,evidence,unique exact preferred-label match,"unique exact preferred-label match (candidate filter only, per PR #120)"
REL-00257,CM-1-2-2-3-10,enables,CM-1-2-2-3-13,reason,unique label match to CM-1-2-2-3-13; no contradicting context,label filter leaves one candidate: CM-1-2-2-3-13; resolution requires context evidence
REL-00258,CM-1-2-2-3-11,uses-input,CM-1-2-2-3-7,confidence,ContextualResolved,CandidateOnly
REL-00258,CM-1-2-2-3-11,uses-input,CM-1-2-2-3-7,decision_reference,Q11+Q12,Q12
REL-00258,CM-1-2-2-3-11,uses-input,CM-1-2-2-3-7,disposition,ResolvedToConcept,SoleCandidate
REL-00258,CM-1-2-2-3-11,uses-input,CM-1-2-2-3-7,emission_decision,emit after mechanical uniqueness validation,HOLD: context-confirmation pass
REL-00258,CM-1-2-2-3-11,uses-input,CM-1-2-2-3-7,evidence,unique exact preferred-label match,"unique exact preferred-label match (candidate filter only, per PR #120)"
REL-00258,CM-1-2-2-3-11,uses-input,CM-1-2-2-3-7,reason,unique label match to CM-1-2-2-3-7; no contradicting context,label filter leaves one candidate: CM-1-2-2-3-7; resolution requires context evidence
REL-00259,CM-1-2-2-3-11,enables,CM-1-2-2-3-6,confidence,ContextualResolved,CandidateOnly
REL-00259,CM-1-2-2-3-11,enables,CM-1-2-2-3-6,decision_reference,Q11+Q12,Q12
REL-00259,CM-1-2-2-3-11,enables,CM-1-2-2-3-6,disposition,ResolvedToConcept,SoleCandidate
REL-00259,CM-1-2-2-3-11,enables,CM-1-2-2-3-6,emission_decision,emit after mechanical uniqueness validation,HOLD: context-confirmation pass
REL-00259,CM-1-2-2-3-11,enables,CM-1-2-2-3-6,evidence,unique exact preferred-label match,"unique exact preferred-label match (candidate filter only, per PR #120)"
REL-00259,CM-1-2-2-3-11,enables,CM-1-2-2-3-6,reason,unique label match to CM-1-2-2-3-6; no contradicting context,label filter leaves one candidate: CM-1-2-2-3-6; resolution requires context evidence
REL-00260,CM-1-2-2-3-11,enables,CM-1-2-2-3-13,confidence,ContextualResolved,CandidateOnly
REL-00260,CM-1-2-2-3-11,enables,CM-1-2-2-3-13,decision_reference,Q11+Q12,Q12
REL-00260,CM-1-2-2-3-11,enables,CM-1-2-2-3-13,disposition,ResolvedToConcept,SoleCandidate
REL-00260,CM-1-2-2-3-11,enables,CM-1-2-2-3-13,emission_decision,emit after mechanical uniqueness validation,HOLD: context-confirmation pass
REL-00260,CM-1-2-2-3-11,enables,CM-1-2-2-3-13,evidence,unique exact preferred-label match,"unique exact preferred-label match (candidate filter only, per PR #120)"
REL-00260,CM-1-2-2-3-11,enables,CM-1-2-2-3-13,reason,unique label match to CM-1-2-2-3-13; no contradicting context,label filter leaves one candidate: CM-1-2-2-3-13; resolution requires context evidence
REL-00261,CM-1-2-2-3-12,uses-input,CM-1-2-2-3-7,confidence,ContextualResolved,CandidateOnly
REL-00261,CM-1-2-2-3-12,uses-input,CM-1-2-2-3-7,decision_reference,Q11+Q12,Q12
REL-00261,CM-1-2-2-3-12,uses-input,CM-1-2-2-3-7,disposition,ResolvedToConcept,SoleCandidate
REL-00261,CM-1-2-2-3-12,uses-input,CM-1-2-2-3-7,emission_decision,emit after mechanical uniqueness validation,HOLD: context-confirmation pass
REL-00261,CM-1-2-2-3-12,uses-input,CM-1-2-2-3-7,evidence,unique exact preferred-label match,"unique exact preferred-label match (candidate filter only, per PR #120)"
REL-00261,CM-1-2-2-3-12,uses-input,CM-1-2-2-3-7,reason,unique label match to CM-1-2-2-3-7; no contradicting context,label filter leaves one candidate: CM-1-2-2-3-7; resolution requires context evidence
REL-00262,CM-1-2-2-3-12,enables,CM-1-2-2-3-6,confidence,ContextualResolved,CandidateOnly
REL-00262,CM-1-2-2-3-12,enables,CM-1-2-2-3-6,decision_reference,Q11+Q12,Q12
REL-00262,CM-1-2-2-3-12,enables,CM-1-2-2-3-6,disposition,ResolvedToConcept,SoleCandidate
REL-00262,CM-1-2-2-3-12,enables,CM-1-2-2-3-6,emission_decision,emit after mechanical uniqueness validation,HOLD: context-confirmation pass
REL-00262,CM-1-2-2-3-12,enables,CM-1-2-2-3-6,evidence,unique exact preferred-label match,"unique exact preferred-label match (candidate filter only, per PR #120)"
REL-00262,CM-1-2-2-3-12,enables,CM-1-2-2-3-6,reason,unique label match to CM-1-2-2-3-6; no contradicting context,label filter leaves one candidate: CM-1-2-2-3-6; resolution requires context evidence
REL-00263,CM-1-2-2-3-12,enables,CM-1-2-2-3-13,confidence,ContextualResolved,CandidateOnly
REL-00263,CM-1-2-2-3-12,enables,CM-1-2-2-3-13,decision_reference,Q11+Q12,Q12
REL-00263,CM-1-2-2-3-12,enables,CM-1-2-2-3-13,disposition,ResolvedToConcept,SoleCandidate
REL-00263,CM-1-2-2-3-12,enables,CM-1-2-2-3-13,emission_decision,emit after mechanical uniqueness validation,HOLD: context-confirmation pass
REL-00263,CM-1-2-2-3-12,enables,CM-1-2-2-3-13,evidence,unique exact preferred-label match,"unique exact preferred-label match (candidate filter only, per PR #120)"
REL-00263,CM-1-2-2-3-12,enables,CM-1-2-2-3-13,reason,unique label match to CM-1-2-2-3-13; no contradicting context,label filter leaves one candidate: CM-1-2-2-3-13; resolution requires context evidence
REL-00264,CM-1-2-2-3-13,uses-input,CM-1-2-2-3-8,confidence,ContextualResolved,CandidateOnly
REL-00264,CM-1-2-2-3-13,uses-input,CM-1-2-2-3-8,decision_reference,Q11+Q12,Q12
REL-00264,CM-1-2-2-3-13,uses-input,CM-1-2-2-3-8,disposition,ResolvedToConcept,SoleCandidate
REL-00264,CM-1-2-2-3-13,uses-input,CM-1-2-2-3-8,emission_decision,emit after mechanical uniqueness validation,HOLD: context-confirmation pass
REL-00264,CM-1-2-2-3-13,uses-input,CM-1-2-2-3-8,evidence,unique exact preferred-label match,"unique exact preferred-label match (candidate filter only, per PR #120)"
REL-00264,CM-1-2-2-3-13,uses-input,CM-1-2-2-3-8,reason,unique label match to CM-1-2-2-3-8; no contradicting context,label filter leaves one candidate: CM-1-2-2-3-8; resolution requires context evidence
REL-00265,CM-1-2-2-3-13,uses-input,CM-1-2-2-3-9,confidence,Resolved,StableIdentifier
REL-00266,CM-1-2-2-3-13,enables,CM-1-2-1-4,confidence,ContextualResolved,CandidateOnly
REL-00266,CM-1-2-2-3-13,enables,CM-1-2-1-4,decision_reference,Q11+Q12,Q12
REL-00266,CM-1-2-2-3-13,enables,CM-1-2-1-4,disposition,ResolvedToConcept,SoleCandidate
REL-00266,CM-1-2-2-3-13,enables,CM-1-2-1-4,emission_decision,emit after mechanical uniqueness validation,HOLD: context-confirmation pass
REL-00266,CM-1-2-2-3-13,enables,CM-1-2-1-4,evidence,unique exact preferred-label match,"unique exact preferred-label match (candidate filter only, per PR #120)"
REL-00266,CM-1-2-2-3-13,enables,CM-1-2-1-4,reason,unique label match to CM-1-2-1-4; no contradicting context,label filter leaves one candidate: CM-1-2-1-4; resolution requires context evidence
REL-00267,CM-1-2-2-3-14,enables,CM-1-2-2-3-15,confidence,ContextualResolved,CandidateOnly
REL-00267,CM-1-2-2-3-14,enables,CM-1-2-2-3-15,decision_reference,Q11+Q12,Q12
REL-00267,CM-1-2-2-3-14,enables,CM-1-2-2-3-15,disposition,ResolvedToConcept,SoleCandidate
REL-00267,CM-1-2-2-3-14,enables,CM-1-2-2-3-15,emission_decision,emit after mechanical uniqueness validation,HOLD: context-confirmation pass
REL-00267,CM-1-2-2-3-14,enables,CM-1-2-2-3-15,evidence,unique exact preferred-label match,"unique exact preferred-label match (candidate filter only, per PR #120)"
REL-00267,CM-1-2-2-3-14,enables,CM-1-2-2-3-15,reason,unique label match to CM-1-2-2-3-15; no contradicting context,label filter leaves one candidate: CM-1-2-2-3-15; resolution requires context evidence
REL-00268,CM-1-2-2-3-14,enables,CM-1-2-2-3-7,confidence,ContextualResolved,CandidateOnly
REL-00268,CM-1-2-2-3-14,enables,CM-1-2-2-3-7,decision_reference,Q11+Q12,Q12
REL-00268,CM-1-2-2-3-14,enables,CM-1-2-2-3-7,disposition,ResolvedToConcept,SoleCandidate
REL-00268,CM-1-2-2-3-14,enables,CM-1-2-2-3-7,emission_decision,emit after mechanical uniqueness validation,HOLD: context-confirmation pass
REL-00268,CM-1-2-2-3-14,enables,CM-1-2-2-3-7,evidence,unique exact preferred-label match,"unique exact preferred-label match (candidate filter only, per PR #120)"
REL-00268,CM-1-2-2-3-14,enables,CM-1-2-2-3-7,reason,unique label match to CM-1-2-2-3-7; no contradicting context,label filter leaves one candidate: CM-1-2-2-3-7; resolution requires context evidence
REL-00269,CM-1-2-2-3-15,uses-input,CM-1-2-2-3-3,confidence,ContextualResolved,CandidateOnly
REL-00269,CM-1-2-2-3-15,uses-input,CM-1-2-2-3-3,decision_reference,Q11+Q12,Q12
REL-00269,CM-1-2-2-3-15,uses-input,CM-1-2-2-3-3,disposition,ResolvedToConcept,SoleCandidate
REL-00269,CM-1-2-2-3-15,uses-input,CM-1-2-2-3-3,emission_decision,emit after mechanical uniqueness validation,HOLD: context-confirmation pass
REL-00269,CM-1-2-2-3-15,uses-input,CM-1-2-2-3-3,evidence,unique exact preferred-label match,"unique exact preferred-label match (candidate filter only, per PR #120)"
REL-00269,CM-1-2-2-3-15,uses-input,CM-1-2-2-3-3,reason,unique label match to CM-1-2-2-3-3; no contradicting context,label filter leaves one candidate: CM-1-2-2-3-3; resolution requires context evidence
REL-00270,CM-1-2-2-3-15,uses-input,CM-1-2-2-3-14,confidence,ContextualResolved,CandidateOnly
REL-00270,CM-1-2-2-3-15,uses-input,CM-1-2-2-3-14,decision_reference,Q11+Q12,Q12
REL-00270,CM-1-2-2-3-15,uses-input,CM-1-2-2-3-14,disposition,ResolvedToConcept,SoleCandidate
REL-00270,CM-1-2-2-3-15,uses-input,CM-1-2-2-3-14,emission_decision,emit after mechanical uniqueness validation,HOLD: context-confirmation pass
REL-00270,CM-1-2-2-3-15,uses-input,CM-1-2-2-3-14,evidence,unique exact preferred-label match,"unique exact preferred-label match (candidate filter only, per PR #120)"
REL-00270,CM-1-2-2-3-15,uses-input,CM-1-2-2-3-14,reason,unique label match to CM-1-2-2-3-14; no contradicting context,label filter leaves one candidate: CM-1-2-2-3-14; resolution requires context evidence
REL-00271,CM-1-2-2-3-15,enables,CM-1-2-2-3-9,confidence,Resolved,StableIdentifier
REL-00272,CM-1-2-2-3-2,enables,CM-1-2-1-3-2,confidence,ContextualResolved,CandidateOnly
REL-00272,CM-1-2-2-3-2,enables,CM-1-2-1-3-2,decision_reference,Q11+Q12,Q12
REL-00272,CM-1-2-2-3-2,enables,CM-1-2-1-3-2,disposition,ResolvedToConcept,SoleCandidate
REL-00272,CM-1-2-2-3-2,enables,CM-1-2-1-3-2,emission_decision,emit after mechanical uniqueness validation,HOLD: context-confirmation pass
REL-00272,CM-1-2-2-3-2,enables,CM-1-2-1-3-2,evidence,unique exact preferred-label match,"unique exact preferred-label match (candidate filter only, per PR #120)"
REL-00272,CM-1-2-2-3-2,enables,CM-1-2-1-3-2,reason,unique label match to CM-1-2-1-3-2; no contradicting context,label filter leaves one candidate: CM-1-2-1-3-2; resolution requires context evidence
REL-00273,CM-1-2-2-3-2,enables,CM-1-2-1-4,confidence,ContextualResolved,CandidateOnly
REL-00273,CM-1-2-2-3-2,enables,CM-1-2-1-4,decision_reference,Q11+Q12,Q12
REL-00273,CM-1-2-2-3-2,enables,CM-1-2-1-4,disposition,ResolvedToConcept,SoleCandidate
REL-00273,CM-1-2-2-3-2,enables,CM-1-2-1-4,emission_decision,emit after mechanical uniqueness validation,HOLD: context-confirmation pass
REL-00273,CM-1-2-2-3-2,enables,CM-1-2-1-4,evidence,unique exact preferred-label match,"unique exact preferred-label match (candidate filter only, per PR #120)"
REL-00273,CM-1-2-2-3-2,enables,CM-1-2-1-4,reason,unique label match to CM-1-2-1-4; no contradicting context,label filter leaves one candidate: CM-1-2-1-4; resolution requires context evidence
REL-00274,CM-1-2-2-3-2,governed-by,CM-1-2-4-3,confidence,ContextualResolved,CandidateOnly
REL-00274,CM-1-2-2-3-2,governed-by,CM-1-2-4-3,decision_reference,Q11+Q12,Q12
REL-00274,CM-1-2-2-3-2,governed-by,CM-1-2-4-3,disposition,ResolvedToConcept,SoleCandidate
REL-00274,CM-1-2-2-3-2,governed-by,CM-1-2-4-3,emission_decision,emit after mechanical uniqueness validation,HOLD: context-confirmation pass
REL-00274,CM-1-2-2-3-2,governed-by,CM-1-2-4-3,evidence,unique exact preferred-label match,"unique exact preferred-label match (candidate filter only, per PR #120)"
REL-00274,CM-1-2-2-3-2,governed-by,CM-1-2-4-3,reason,unique label match to CM-1-2-4-3; no contradicting context,label filter leaves one candidate: CM-1-2-4-3; resolution requires context evidence
REL-00275,CM-1-2-2-3-3,enables,CM-1-2-2-3-15,confidence,ContextualResolved,CandidateOnly
REL-00275,CM-1-2-2-3-3,enables,CM-1-2-2-3-15,decision_reference,Q11+Q12,Q12
REL-00275,CM-1-2-2-3-3,enables,CM-1-2-2-3-15,disposition,ResolvedToConcept,SoleCandidate
REL-00275,CM-1-2-2-3-3,enables,CM-1-2-2-3-15,emission_decision,emit after mechanical uniqueness validation,HOLD: context-confirmation pass
REL-00275,CM-1-2-2-3-3,enables,CM-1-2-2-3-15,evidence,unique exact preferred-label match,"unique exact preferred-label match (candidate filter only, per PR #120)"
REL-00275,CM-1-2-2-3-3,enables,CM-1-2-2-3-15,reason,unique label match to CM-1-2-2-3-15; no contradicting context,label filter leaves one candidate: CM-1-2-2-3-15; resolution requires context evidence
REL-00276,CM-1-2-2-3-3,enables,CM-1-2-2-1-4,confidence,ContextualResolved,CandidateOnly
REL-00276,CM-1-2-2-3-3,enables,CM-1-2-2-1-4,decision_reference,Q11+Q12,Q12
REL-00276,CM-1-2-2-3-3,enables,CM-1-2-2-1-4,disposition,ResolvedToConcept,SoleCandidate
REL-00276,CM-1-2-2-3-3,enables,CM-1-2-2-1-4,emission_decision,emit after mechanical uniqueness validation,HOLD: context-confirmation pass
REL-00276,CM-1-2-2-3-3,enables,CM-1-2-2-1-4,evidence,unique exact preferred-label match,"unique exact preferred-label match (candidate filter only, per PR #120)"
REL-00276,CM-1-2-2-3-3,enables,CM-1-2-2-1-4,reason,unique label match to CM-1-2-2-1-4; no contradicting context,label filter leaves one candidate: CM-1-2-2-1-4; resolution requires context evidence
REL-00277,CM-1-2-2-3-3,enables,CM-1-2-2-3-7,confidence,ContextualResolved,CandidateOnly
REL-00277,CM-1-2-2-3-3,enables,CM-1-2-2-3-7,decision_reference,Q11+Q12,Q12
REL-00277,CM-1-2-2-3-3,enables,CM-1-2-2-3-7,disposition,ResolvedToConcept,SoleCandidate
REL-00277,CM-1-2-2-3-3,enables,CM-1-2-2-3-7,emission_decision,emit after mechanical uniqueness validation,HOLD: context-confirmation pass
REL-00277,CM-1-2-2-3-3,enables,CM-1-2-2-3-7,evidence,unique exact preferred-label match,"unique exact preferred-label match (candidate filter only, per PR #120)"
REL-00277,CM-1-2-2-3-3,enables,CM-1-2-2-3-7,reason,unique label match to CM-1-2-2-3-7; no contradicting context,label filter leaves one candidate: CM-1-2-2-3-7; resolution requires context evidence
REL-00278,CM-1-2-2-3-4,uses-input,CM-1-2-2-3-3,confidence,ContextualResolved,CandidateOnly
REL-00278,CM-1-2-2-3-4,uses-input,CM-1-2-2-3-3,decision_reference,Q11+Q12,Q12
REL-00278,CM-1-2-2-3-4,uses-input,CM-1-2-2-3-3,disposition,ResolvedToConcept,SoleCandidate
REL-00278,CM-1-2-2-3-4,uses-input,CM-1-2-2-3-3,emission_decision,emit after mechanical uniqueness validation,HOLD: context-confirmation pass
REL-00278,CM-1-2-2-3-4,uses-input,CM-1-2-2-3-3,evidence,unique exact preferred-label match,"unique exact preferred-label match (candidate filter only, per PR #120)"
REL-00278,CM-1-2-2-3-4,uses-input,CM-1-2-2-3-3,reason,unique label match to CM-1-2-2-3-3; no contradicting context,label filter leaves one candidate: CM-1-2-2-3-3; resolution requires context evidence
REL-00279,CM-1-2-2-3-4,uses-input,CM-1-2-2-3-15,confidence,ContextualResolved,CandidateOnly
REL-00279,CM-1-2-2-3-4,uses-input,CM-1-2-2-3-15,decision_reference,Q11+Q12,Q12
REL-00279,CM-1-2-2-3-4,uses-input,CM-1-2-2-3-15,disposition,ResolvedToConcept,SoleCandidate
REL-00279,CM-1-2-2-3-4,uses-input,CM-1-2-2-3-15,emission_decision,emit after mechanical uniqueness validation,HOLD: context-confirmation pass
REL-00279,CM-1-2-2-3-4,uses-input,CM-1-2-2-3-15,evidence,unique exact preferred-label match,"unique exact preferred-label match (candidate filter only, per PR #120)"
REL-00279,CM-1-2-2-3-4,uses-input,CM-1-2-2-3-15,reason,unique label match to CM-1-2-2-3-15; no contradicting context,label filter leaves one candidate: CM-1-2-2-3-15; resolution requires context evidence
REL-00280,CM-1-2-2-3-4,precedes,CM-1-2-2-3-5,confidence,ContextualResolved,CandidateOnly
REL-00280,CM-1-2-2-3-4,precedes,CM-1-2-2-3-5,decision_reference,Q11+Q12,Q12
REL-00280,CM-1-2-2-3-4,precedes,CM-1-2-2-3-5,disposition,ResolvedToConcept,SoleCandidate
REL-00280,CM-1-2-2-3-4,precedes,CM-1-2-2-3-5,emission_decision,emit after mechanical uniqueness validation,HOLD: context-confirmation pass
REL-00280,CM-1-2-2-3-4,precedes,CM-1-2-2-3-5,evidence,unique exact preferred-label match,"unique exact preferred-label match (candidate filter only, per PR #120)"
REL-00280,CM-1-2-2-3-4,precedes,CM-1-2-2-3-5,reason,unique label match to CM-1-2-2-3-5; no contradicting context,label filter leaves one candidate: CM-1-2-2-3-5; resolution requires context evidence
REL-00281,CM-1-2-2-3-5,follows,CM-1-2-2-3-4,confidence,ContextualResolved,CandidateOnly
REL-00281,CM-1-2-2-3-5,follows,CM-1-2-2-3-4,decision_reference,Q11+Q12,Q12
REL-00281,CM-1-2-2-3-5,follows,CM-1-2-2-3-4,disposition,ResolvedToConcept,SoleCandidate
REL-00281,CM-1-2-2-3-5,follows,CM-1-2-2-3-4,emission_decision,emit after mechanical uniqueness validation,HOLD: context-confirmation pass
REL-00281,CM-1-2-2-3-5,follows,CM-1-2-2-3-4,evidence,unique exact preferred-label match,"unique exact preferred-label match (candidate filter only, per PR #120)"
REL-00281,CM-1-2-2-3-5,follows,CM-1-2-2-3-4,reason,unique label match to CM-1-2-2-3-4; no contradicting context,label filter leaves one candidate: CM-1-2-2-3-4; resolution requires context evidence
REL-00282,CM-1-2-2-3-5,enables,CM-1-2-4-2-6,candidate_labels,Reconcile Economic PNL To Accounting PNL,Reconcile Economic PNL to Accounting PNL
REL-00282,CM-1-2-2-3-5,enables,CM-1-2-4-2-6,confidence,ContextualResolved,StableIdentifier
REL-00282,CM-1-2-2-3-5,enables,CM-1-2-4-2-6,emission_decision,emit after mechanical uniqueness validation,emit automatically after subject/target existence checks
REL-00282,CM-1-2-2-3-5,enables,CM-1-2-4-2-6,evidence,unique exact preferred-label match,stable identifier CM-1-2-4-2-6 carried in mention text
REL-00282,CM-1-2-2-3-5,enables,CM-1-2-4-2-6,raw_target,Reconcile Economic PNL To Accounting PNL,Reconcile Economic PNL to Accounting PNL (CM-1-2-4-2-6)
REL-00282,CM-1-2-2-3-5,enables,CM-1-2-4-2-6,reason,unique label match to CM-1-2-4-2-6; no contradicting context,target carries its slug; resolves to Reconcile Economic PNL to Accounting PNL
REL-00283,CM-1-2-2-3-5,enables,CM-1-2-2-3-13,confidence,ContextualResolved,CandidateOnly
REL-00283,CM-1-2-2-3-5,enables,CM-1-2-2-3-13,decision_reference,Q11+Q12,Q12
REL-00283,CM-1-2-2-3-5,enables,CM-1-2-2-3-13,disposition,ResolvedToConcept,SoleCandidate
REL-00283,CM-1-2-2-3-5,enables,CM-1-2-2-3-13,emission_decision,emit after mechanical uniqueness validation,HOLD: context-confirmation pass
REL-00283,CM-1-2-2-3-5,enables,CM-1-2-2-3-13,evidence,unique exact preferred-label match,"unique exact preferred-label match (candidate filter only, per PR #120)"
REL-00283,CM-1-2-2-3-5,enables,CM-1-2-2-3-13,reason,unique label match to CM-1-2-2-3-13; no contradicting context,label filter leaves one candidate: CM-1-2-2-3-13; resolution requires context evidence
REL-00284,CM-1-2-2-3-6,enables,CM-1-2-2-3-8,confidence,ContextualResolved,CandidateOnly
REL-00284,CM-1-2-2-3-6,enables,CM-1-2-2-3-8,decision_reference,Q11+Q12,Q12
REL-00284,CM-1-2-2-3-6,enables,CM-1-2-2-3-8,disposition,ResolvedToConcept,SoleCandidate
REL-00284,CM-1-2-2-3-6,enables,CM-1-2-2-3-8,emission_decision,emit after mechanical uniqueness validation,HOLD: context-confirmation pass
REL-00284,CM-1-2-2-3-6,enables,CM-1-2-2-3-8,evidence,unique exact preferred-label match,"unique exact preferred-label match (candidate filter only, per PR #120)"
REL-00284,CM-1-2-2-3-6,enables,CM-1-2-2-3-8,reason,unique label match to CM-1-2-2-3-8; no contradicting context,label filter leaves one candidate: CM-1-2-2-3-8; resolution requires context evidence
REL-00285,CM-1-2-2-3-6,enables,CM-1-2-1-4,confidence,ContextualResolved,CandidateOnly
REL-00285,CM-1-2-2-3-6,enables,CM-1-2-1-4,decision_reference,Q11+Q12,Q12
REL-00285,CM-1-2-2-3-6,enables,CM-1-2-1-4,disposition,ResolvedToConcept,SoleCandidate
REL-00285,CM-1-2-2-3-6,enables,CM-1-2-1-4,emission_decision,emit after mechanical uniqueness validation,HOLD: context-confirmation pass
REL-00285,CM-1-2-2-3-6,enables,CM-1-2-1-4,evidence,unique exact preferred-label match,"unique exact preferred-label match (candidate filter only, per PR #120)"
REL-00285,CM-1-2-2-3-6,enables,CM-1-2-1-4,reason,unique label match to CM-1-2-1-4; no contradicting context,label filter leaves one candidate: CM-1-2-1-4; resolution requires context evidence
REL-00286,CM-1-2-2-3-6,informed-by,CM-1-2-2-3-7,confidence,ContextualResolved,CandidateOnly
REL-00286,CM-1-2-2-3-6,informed-by,CM-1-2-2-3-7,decision_reference,Q11+Q12,Q12
REL-00286,CM-1-2-2-3-6,informed-by,CM-1-2-2-3-7,disposition,ResolvedToConcept,SoleCandidate
REL-00286,CM-1-2-2-3-6,informed-by,CM-1-2-2-3-7,emission_decision,emit after mechanical uniqueness validation,HOLD: context-confirmation pass
REL-00286,CM-1-2-2-3-6,informed-by,CM-1-2-2-3-7,evidence,unique exact preferred-label match,"unique exact preferred-label match (candidate filter only, per PR #120)"
REL-00286,CM-1-2-2-3-6,informed-by,CM-1-2-2-3-7,reason,unique label match to CM-1-2-2-3-7; no contradicting context,label filter leaves one candidate: CM-1-2-2-3-7; resolution requires context evidence
REL-00287,CM-1-2-2-3-7,uses-input,CM-1-2-2-3-3,confidence,ContextualResolved,CandidateOnly
REL-00287,CM-1-2-2-3-7,uses-input,CM-1-2-2-3-3,decision_reference,Q11+Q12,Q12
REL-00287,CM-1-2-2-3-7,uses-input,CM-1-2-2-3-3,disposition,ResolvedToConcept,SoleCandidate
REL-00287,CM-1-2-2-3-7,uses-input,CM-1-2-2-3-3,emission_decision,emit after mechanical uniqueness validation,HOLD: context-confirmation pass
REL-00287,CM-1-2-2-3-7,uses-input,CM-1-2-2-3-3,evidence,unique exact preferred-label match,"unique exact preferred-label match (candidate filter only, per PR #120)"
REL-00287,CM-1-2-2-3-7,uses-input,CM-1-2-2-3-3,reason,unique label match to CM-1-2-2-3-3; no contradicting context,label filter leaves one candidate: CM-1-2-2-3-3; resolution requires context evidence
REL-00288,CM-1-2-2-3-7,uses-input,CM-1-2-2-3-14,confidence,ContextualResolved,CandidateOnly
REL-00288,CM-1-2-2-3-7,uses-input,CM-1-2-2-3-14,decision_reference,Q11+Q12,Q12
REL-00288,CM-1-2-2-3-7,uses-input,CM-1-2-2-3-14,disposition,ResolvedToConcept,SoleCandidate
REL-00288,CM-1-2-2-3-7,uses-input,CM-1-2-2-3-14,emission_decision,emit after mechanical uniqueness validation,HOLD: context-confirmation pass
REL-00288,CM-1-2-2-3-7,uses-input,CM-1-2-2-3-14,evidence,unique exact preferred-label match,"unique exact preferred-label match (candidate filter only, per PR #120)"
REL-00288,CM-1-2-2-3-7,uses-input,CM-1-2-2-3-14,reason,unique label match to CM-1-2-2-3-14; no contradicting context,label filter leaves one candidate: CM-1-2-2-3-14; resolution requires context evidence
REL-00289,CM-1-2-2-3-7,enables,CM-1-2-2-3-8,confidence,ContextualResolved,CandidateOnly
REL-00289,CM-1-2-2-3-7,enables,CM-1-2-2-3-8,decision_reference,Q11+Q12,Q12
REL-00289,CM-1-2-2-3-7,enables,CM-1-2-2-3-8,disposition,ResolvedToConcept,SoleCandidate
REL-00289,CM-1-2-2-3-7,enables,CM-1-2-2-3-8,emission_decision,emit after mechanical uniqueness validation,HOLD: context-confirmation pass
REL-00289,CM-1-2-2-3-7,enables,CM-1-2-2-3-8,evidence,unique exact preferred-label match,"unique exact preferred-label match (candidate filter only, per PR #120)"
REL-00289,CM-1-2-2-3-7,enables,CM-1-2-2-3-8,reason,unique label match to CM-1-2-2-3-8; no contradicting context,label filter leaves one candidate: CM-1-2-2-3-8; resolution requires context evidence
REL-00290,CM-1-2-2-3-8,uses-input,CM-1-2-2-3-7,confidence,ContextualResolved,CandidateOnly
REL-00290,CM-1-2-2-3-8,uses-input,CM-1-2-2-3-7,decision_reference,Q11+Q12,Q12
REL-00290,CM-1-2-2-3-8,uses-input,CM-1-2-2-3-7,disposition,ResolvedToConcept,SoleCandidate
REL-00290,CM-1-2-2-3-8,uses-input,CM-1-2-2-3-7,emission_decision,emit after mechanical uniqueness validation,HOLD: context-confirmation pass
REL-00290,CM-1-2-2-3-8,uses-input,CM-1-2-2-3-7,evidence,unique exact preferred-label match,"unique exact preferred-label match (candidate filter only, per PR #120)"
REL-00290,CM-1-2-2-3-8,uses-input,CM-1-2-2-3-7,reason,unique label match to CM-1-2-2-3-7; no contradicting context,label filter leaves one candidate: CM-1-2-2-3-7; resolution requires context evidence
REL-00291,CM-1-2-2-3-8,triggers,CM-1-2-2-3-6,confidence,ContextualResolved,CandidateOnly
REL-00291,CM-1-2-2-3-8,triggers,CM-1-2-2-3-6,decision_reference,Q11+Q12,Q12
REL-00291,CM-1-2-2-3-8,triggers,CM-1-2-2-3-6,disposition,ResolvedToConcept,SoleCandidate
REL-00291,CM-1-2-2-3-8,triggers,CM-1-2-2-3-6,emission_decision,emit after mechanical uniqueness validation,HOLD: context-confirmation pass
REL-00291,CM-1-2-2-3-8,triggers,CM-1-2-2-3-6,evidence,unique exact preferred-label match,"unique exact preferred-label match (candidate filter only, per PR #120)"
REL-00291,CM-1-2-2-3-8,triggers,CM-1-2-2-3-6,reason,unique label match to CM-1-2-2-3-6; no contradicting context,label filter leaves one candidate: CM-1-2-2-3-6; resolution requires context evidence
REL-00292,CM-1-2-2-3-8,enables,CM-1-2-2-3-13,confidence,ContextualResolved,CandidateOnly
REL-00292,CM-1-2-2-3-8,enables,CM-1-2-2-3-13,decision_reference,Q11+Q12,Q12
REL-00292,CM-1-2-2-3-8,enables,CM-1-2-2-3-13,disposition,ResolvedToConcept,SoleCandidate
REL-00292,CM-1-2-2-3-8,enables,CM-1-2-2-3-13,emission_decision,emit after mechanical uniqueness validation,HOLD: context-confirmation pass
REL-00292,CM-1-2-2-3-8,enables,CM-1-2-2-3-13,evidence,unique exact preferred-label match,"unique exact preferred-label match (candidate filter only, per PR #120)"
REL-00292,CM-1-2-2-3-8,enables,CM-1-2-2-3-13,reason,unique label match to CM-1-2-2-3-13; no contradicting context,label filter leaves one candidate: CM-1-2-2-3-13; resolution requires context evidence
REL-00293,CM-1-2-2-3-9,uses-input,CM-1-2-2-3-15,confidence,ContextualResolved,CandidateOnly
REL-00293,CM-1-2-2-3-9,uses-input,CM-1-2-2-3-15,decision_reference,Q11+Q12,Q12
REL-00293,CM-1-2-2-3-9,uses-input,CM-1-2-2-3-15,disposition,ResolvedToConcept,SoleCandidate
REL-00293,CM-1-2-2-3-9,uses-input,CM-1-2-2-3-15,emission_decision,emit after mechanical uniqueness validation,HOLD: context-confirmation pass
REL-00293,CM-1-2-2-3-9,uses-input,CM-1-2-2-3-15,evidence,unique exact preferred-label match,"unique exact preferred-label match (candidate filter only, per PR #120)"
REL-00293,CM-1-2-2-3-9,uses-input,CM-1-2-2-3-15,reason,unique label match to CM-1-2-2-3-15; no contradicting context,label filter leaves one candidate: CM-1-2-2-3-15; resolution requires context evidence
REL-00294,CM-1-2-2-3-9,enables,CM-1-2-4-2-6,candidate_labels,Reconcile Economic PNL To Accounting PNL,Reconcile Economic PNL to Accounting PNL
REL-00294,CM-1-2-2-3-9,enables,CM-1-2-4-2-6,confidence,ContextualResolved,StableIdentifier
REL-00294,CM-1-2-2-3-9,enables,CM-1-2-4-2-6,emission_decision,emit after mechanical uniqueness validation,emit automatically after subject/target existence checks
REL-00294,CM-1-2-2-3-9,enables,CM-1-2-4-2-6,evidence,unique exact preferred-label match,stable identifier CM-1-2-4-2-6 carried in mention text
REL-00294,CM-1-2-2-3-9,enables,CM-1-2-4-2-6,raw_target,Reconcile Economic PNL To Accounting PNL,Reconcile Economic PNL to Accounting PNL (CM-1-2-4-2-6)
REL-00294,CM-1-2-2-3-9,enables,CM-1-2-4-2-6,reason,unique label match to CM-1-2-4-2-6; no contradicting context,target carries its slug; resolves to Reconcile Economic PNL to Accounting PNL
REL-00295,CM-1-2-2-3-9,enables,CM-1-2-2-3-13,confidence,ContextualResolved,CandidateOnly
REL-00295,CM-1-2-2-3-9,enables,CM-1-2-2-3-13,decision_reference,Q11+Q12,Q12
REL-00295,CM-1-2-2-3-9,enables,CM-1-2-2-3-13,disposition,ResolvedToConcept,SoleCandidate
REL-00295,CM-1-2-2-3-9,enables,CM-1-2-2-3-13,emission_decision,emit after mechanical uniqueness validation,HOLD: context-confirmation pass
REL-00295,CM-1-2-2-3-9,enables,CM-1-2-2-3-13,evidence,unique exact preferred-label match,"unique exact preferred-label match (candidate filter only, per PR #120)"
REL-00295,CM-1-2-2-3-9,enables,CM-1-2-2-3-13,reason,unique label match to CM-1-2-2-3-13; no contradicting context,label filter leaves one candidate: CM-1-2-2-3-13; resolution requires context evidence
REL-00296,CM-1-2-3-1-1,precedes,CM-1-2-4-1-12,confidence,ContextualResolved,CandidateOnly
REL-00296,CM-1-2-3-1-1,precedes,CM-1-2-4-1-12,decision_reference,Q11+Q12,Q12
REL-00296,CM-1-2-3-1-1,precedes,CM-1-2-4-1-12,disposition,ResolvedToConcept,SoleCandidate
REL-00296,CM-1-2-3-1-1,precedes,CM-1-2-4-1-12,emission_decision,emit after mechanical uniqueness validation,HOLD: context-confirmation pass
REL-00296,CM-1-2-3-1-1,precedes,CM-1-2-4-1-12,evidence,unique exact preferred-label match,"unique exact preferred-label match (candidate filter only, per PR #120)"
REL-00296,CM-1-2-3-1-1,precedes,CM-1-2-4-1-12,reason,unique label match to CM-1-2-4-1-12; no contradicting context,label filter leaves one candidate: CM-1-2-4-1-12; resolution requires context evidence
REL-00297,CM-1-2-3-1-1,follows,CM-1-2-1-3-3,confidence,ContextualResolved,CandidateOnly
REL-00297,CM-1-2-3-1-1,follows,CM-1-2-1-3-3,decision_reference,Q11+Q12,Q12
REL-00297,CM-1-2-3-1-1,follows,CM-1-2-1-3-3,disposition,ResolvedToConcept,SoleCandidate
REL-00297,CM-1-2-3-1-1,follows,CM-1-2-1-3-3,emission_decision,emit after mechanical uniqueness validation,HOLD: context-confirmation pass
REL-00297,CM-1-2-3-1-1,follows,CM-1-2-1-3-3,evidence,unique exact preferred-label match,"unique exact preferred-label match (candidate filter only, per PR #120)"
REL-00297,CM-1-2-3-1-1,follows,CM-1-2-1-3-3,reason,unique label match to CM-1-2-1-3-3; no contradicting context,label filter leaves one candidate: CM-1-2-1-3-3; resolution requires context evidence
REL-00298,CM-1-2-3-1-2,precedes,CM-1-2-4-1-4,confidence,ContextualResolved,CandidateOnly
REL-00298,CM-1-2-3-1-2,precedes,CM-1-2-4-1-4,decision_reference,Q11+Q12,Q12
REL-00298,CM-1-2-3-1-2,precedes,CM-1-2-4-1-4,disposition,ResolvedToConcept,SoleCandidate
REL-00298,CM-1-2-3-1-2,precedes,CM-1-2-4-1-4,emission_decision,emit after mechanical uniqueness validation,HOLD: context-confirmation pass
REL-00298,CM-1-2-3-1-2,precedes,CM-1-2-4-1-4,evidence,unique exact preferred-label match,"unique exact preferred-label match (candidate filter only, per PR #120)"
REL-00298,CM-1-2-3-1-2,precedes,CM-1-2-4-1-4,reason,unique label match to CM-1-2-4-1-4; no contradicting context,label filter leaves one candidate: CM-1-2-4-1-4; resolution requires context evidence
REL-00299,CM-1-2-3-1-2,follows,CM-1-2-1-3-3,confidence,ContextualResolved,CandidateOnly
REL-00299,CM-1-2-3-1-2,follows,CM-1-2-1-3-3,decision_reference,Q11+Q12,Q12
REL-00299,CM-1-2-3-1-2,follows,CM-1-2-1-3-3,disposition,ResolvedToConcept,SoleCandidate
REL-00299,CM-1-2-3-1-2,follows,CM-1-2-1-3-3,emission_decision,emit after mechanical uniqueness validation,HOLD: context-confirmation pass
REL-00299,CM-1-2-3-1-2,follows,CM-1-2-1-3-3,evidence,unique exact preferred-label match,"unique exact preferred-label match (candidate filter only, per PR #120)"
REL-00299,CM-1-2-3-1-2,follows,CM-1-2-1-3-3,reason,unique label match to CM-1-2-1-3-3; no contradicting context,label filter leaves one candidate: CM-1-2-1-3-3; resolution requires context evidence
REL-00300,CM-1-2-3-1-3,precedes,CM-1-2-4-1-13,confidence,ContextualResolved,CandidateOnly
REL-00300,CM-1-2-3-1-3,precedes,CM-1-2-4-1-13,decision_reference,Q11+Q12,Q12
REL-00300,CM-1-2-3-1-3,precedes,CM-1-2-4-1-13,disposition,ResolvedToConcept,SoleCandidate
REL-00300,CM-1-2-3-1-3,precedes,CM-1-2-4-1-13,emission_decision,emit after mechanical uniqueness validation,HOLD: context-confirmation pass
REL-00300,CM-1-2-3-1-3,precedes,CM-1-2-4-1-13,evidence,unique exact preferred-label match,"unique exact preferred-label match (candidate filter only, per PR #120)"
REL-00300,CM-1-2-3-1-3,precedes,CM-1-2-4-1-13,reason,unique label match to CM-1-2-4-1-13; no contradicting context,label filter leaves one candidate: CM-1-2-4-1-13; resolution requires context evidence
REL-00301,CM-1-2-3-1-3,follows,CM-1-2-1-3-3,confidence,ContextualResolved,CandidateOnly
REL-00301,CM-1-2-3-1-3,follows,CM-1-2-1-3-3,decision_reference,Q11+Q12,Q12
REL-00301,CM-1-2-3-1-3,follows,CM-1-2-1-3-3,disposition,ResolvedToConcept,SoleCandidate
REL-00301,CM-1-2-3-1-3,follows,CM-1-2-1-3-3,emission_decision,emit after mechanical uniqueness validation,HOLD: context-confirmation pass
REL-00301,CM-1-2-3-1-3,follows,CM-1-2-1-3-3,evidence,unique exact preferred-label match,"unique exact preferred-label match (candidate filter only, per PR #120)"
REL-00301,CM-1-2-3-1-3,follows,CM-1-2-1-3-3,reason,unique label match to CM-1-2-1-3-3; no contradicting context,label filter leaves one candidate: CM-1-2-1-3-3; resolution requires context evidence
REL-00302,CM-1-2-3-1-4,precedes,CM-1-2-4-1-5,confidence,ContextualResolved,CandidateOnly
REL-00302,CM-1-2-3-1-4,precedes,CM-1-2-4-1-5,decision_reference,Q11+Q12,Q12
REL-00302,CM-1-2-3-1-4,precedes,CM-1-2-4-1-5,disposition,ResolvedToConcept,SoleCandidate
REL-00302,CM-1-2-3-1-4,precedes,CM-1-2-4-1-5,emission_decision,emit after mechanical uniqueness validation,HOLD: context-confirmation pass
REL-00302,CM-1-2-3-1-4,precedes,CM-1-2-4-1-5,evidence,unique exact preferred-label match,"unique exact preferred-label match (candidate filter only, per PR #120)"
REL-00302,CM-1-2-3-1-4,precedes,CM-1-2-4-1-5,reason,unique label match to CM-1-2-4-1-5; no contradicting context,label filter leaves one candidate: CM-1-2-4-1-5; resolution requires context evidence
REL-00303,CM-1-2-3-1-4,follows,CM-1-2-1-3-3,confidence,ContextualResolved,CandidateOnly
REL-00303,CM-1-2-3-1-4,follows,CM-1-2-1-3-3,decision_reference,Q11+Q12,Q12
REL-00303,CM-1-2-3-1-4,follows,CM-1-2-1-3-3,disposition,ResolvedToConcept,SoleCandidate
REL-00303,CM-1-2-3-1-4,follows,CM-1-2-1-3-3,emission_decision,emit after mechanical uniqueness validation,HOLD: context-confirmation pass
REL-00303,CM-1-2-3-1-4,follows,CM-1-2-1-3-3,evidence,unique exact preferred-label match,"unique exact preferred-label match (candidate filter only, per PR #120)"
REL-00303,CM-1-2-3-1-4,follows,CM-1-2-1-3-3,reason,unique label match to CM-1-2-1-3-3; no contradicting context,label filter leaves one candidate: CM-1-2-1-3-3; resolution requires context evidence
REL-00304,CM-1-2-3-1-4,enables,CM-1-2-4-4-1,confidence,ContextualResolved,CandidateOnly
REL-00304,CM-1-2-3-1-4,enables,CM-1-2-4-4-1,decision_reference,Q11+Q12,Q12
REL-00304,CM-1-2-3-1-4,enables,CM-1-2-4-4-1,disposition,ResolvedToConcept,SoleCandidate
REL-00304,CM-1-2-3-1-4,enables,CM-1-2-4-4-1,emission_decision,emit after mechanical uniqueness validation,HOLD: context-confirmation pass
REL-00304,CM-1-2-3-1-4,enables,CM-1-2-4-4-1,evidence,unique exact preferred-label match,"unique exact preferred-label match (candidate filter only, per PR #120)"
REL-00304,CM-1-2-3-1-4,enables,CM-1-2-4-4-1,reason,unique label match to CM-1-2-4-4-1; no contradicting context,label filter leaves one candidate: CM-1-2-4-4-1; resolution requires context evidence
REL-00305,CM-1-2-3-1-5,precedes,CM-1-2-4-1-14,confidence,ContextualResolved,CandidateOnly
REL-00305,CM-1-2-3-1-5,precedes,CM-1-2-4-1-14,decision_reference,Q11+Q12,Q12
REL-00305,CM-1-2-3-1-5,precedes,CM-1-2-4-1-14,disposition,ResolvedToConcept,SoleCandidate
REL-00305,CM-1-2-3-1-5,precedes,CM-1-2-4-1-14,emission_decision,emit after mechanical uniqueness validation,HOLD: context-confirmation pass
REL-00305,CM-1-2-3-1-5,precedes,CM-1-2-4-1-14,evidence,unique exact preferred-label match,"unique exact preferred-label match (candidate filter only, per PR #120)"
REL-00305,CM-1-2-3-1-5,precedes,CM-1-2-4-1-14,reason,unique label match to CM-1-2-4-1-14; no contradicting context,label filter leaves one candidate: CM-1-2-4-1-14; resolution requires context evidence
REL-00306,CM-1-2-3-1-5,follows,CM-1-2-1-3-5,confidence,ContextualResolved,CandidateOnly
REL-00306,CM-1-2-3-1-5,follows,CM-1-2-1-3-5,decision_reference,Q11+Q12,Q12
REL-00306,CM-1-2-3-1-5,follows,CM-1-2-1-3-5,disposition,ResolvedToConcept,SoleCandidate
REL-00306,CM-1-2-3-1-5,follows,CM-1-2-1-3-5,emission_decision,emit after mechanical uniqueness validation,HOLD: context-confirmation pass
REL-00306,CM-1-2-3-1-5,follows,CM-1-2-1-3-5,evidence,unique exact preferred-label match,"unique exact preferred-label match (candidate filter only, per PR #120)"
REL-00306,CM-1-2-3-1-5,follows,CM-1-2-1-3-5,reason,unique label match to CM-1-2-1-3-5; no contradicting context,label filter leaves one candidate: CM-1-2-1-3-5; resolution requires context evidence
REL-00307,CM-1-2-3-1-6,follows,CM-1-2-1-2-8,confidence,ContextualResolved,CandidateOnly
REL-00307,CM-1-2-3-1-6,follows,CM-1-2-1-2-8,decision_reference,Q11+Q12,Q12
REL-00307,CM-1-2-3-1-6,follows,CM-1-2-1-2-8,disposition,ResolvedToConcept,SoleCandidate
REL-00307,CM-1-2-3-1-6,follows,CM-1-2-1-2-8,emission_decision,emit after mechanical uniqueness validation,HOLD: context-confirmation pass
REL-00307,CM-1-2-3-1-6,follows,CM-1-2-1-2-8,evidence,unique exact preferred-label match,"unique exact preferred-label match (candidate filter only, per PR #120)"
REL-00307,CM-1-2-3-1-6,follows,CM-1-2-1-2-8,reason,unique label match to CM-1-2-1-2-8; no contradicting context,label filter leaves one candidate: CM-1-2-1-2-8; resolution requires context evidence
REL-00308,CM-1-2-3-1-6,precedes,CM-1-2-4-1-6,confidence,ContextualResolved,CandidateOnly
REL-00308,CM-1-2-3-1-6,precedes,CM-1-2-4-1-6,decision_reference,Q11+Q12,Q12
REL-00308,CM-1-2-3-1-6,precedes,CM-1-2-4-1-6,disposition,ResolvedToConcept,SoleCandidate
REL-00308,CM-1-2-3-1-6,precedes,CM-1-2-4-1-6,emission_decision,emit after mechanical uniqueness validation,HOLD: context-confirmation pass
REL-00308,CM-1-2-3-1-6,precedes,CM-1-2-4-1-6,evidence,unique exact preferred-label match,"unique exact preferred-label match (candidate filter only, per PR #120)"
REL-00308,CM-1-2-3-1-6,precedes,CM-1-2-4-1-6,reason,unique label match to CM-1-2-4-1-6; no contradicting context,label filter leaves one candidate: CM-1-2-4-1-6; resolution requires context evidence
REL-00309,CM-1-2-3-1-7,follows,CM-1-2-1-3-6,confidence,ContextualResolved,CandidateOnly
REL-00309,CM-1-2-3-1-7,follows,CM-1-2-1-3-6,decision_reference,Q11+Q12,Q12
REL-00309,CM-1-2-3-1-7,follows,CM-1-2-1-3-6,disposition,ResolvedToConcept,SoleCandidate
REL-00309,CM-1-2-3-1-7,follows,CM-1-2-1-3-6,emission_decision,emit after mechanical uniqueness validation,HOLD: context-confirmation pass
REL-00309,CM-1-2-3-1-7,follows,CM-1-2-1-3-6,evidence,unique exact preferred-label match,"unique exact preferred-label match (candidate filter only, per PR #120)"
REL-00309,CM-1-2-3-1-7,follows,CM-1-2-1-3-6,reason,unique label match to CM-1-2-1-3-6; no contradicting context,label filter leaves one candidate: CM-1-2-1-3-6; resolution requires context evidence
REL-00310,CM-1-2-3-1-7,informed-by,CM-1-2-1-1-3,confidence,ContextualResolved,CandidateOnly
REL-00310,CM-1-2-3-1-7,informed-by,CM-1-2-1-1-3,decision_reference,Q11+Q12,Q12
REL-00310,CM-1-2-3-1-7,informed-by,CM-1-2-1-1-3,disposition,ResolvedToConcept,SoleCandidate
REL-00310,CM-1-2-3-1-7,informed-by,CM-1-2-1-1-3,emission_decision,emit after mechanical uniqueness validation,HOLD: context-confirmation pass
REL-00310,CM-1-2-3-1-7,informed-by,CM-1-2-1-1-3,evidence,unique exact preferred-label match,"unique exact preferred-label match (candidate filter only, per PR #120)"
REL-00310,CM-1-2-3-1-7,informed-by,CM-1-2-1-1-3,reason,unique label match to CM-1-2-1-1-3; no contradicting context,label filter leaves one candidate: CM-1-2-1-1-3; resolution requires context evidence
REL-00311,CM-1-2-3-1-7,precedes,CM-1-2-4-1-8,confidence,Resolved,StableIdentifier
REL-00313,CM-1-2-3-1-8,informed-by,CM-1-2-2-2-5,confidence,ContextualResolved,CandidateOnly
REL-00313,CM-1-2-3-1-8,informed-by,CM-1-2-2-2-5,decision_reference,Q11+Q12,Q12
REL-00313,CM-1-2-3-1-8,informed-by,CM-1-2-2-2-5,disposition,ResolvedToConcept,SoleCandidate
REL-00313,CM-1-2-3-1-8,informed-by,CM-1-2-2-2-5,emission_decision,emit after mechanical uniqueness validation,HOLD: context-confirmation pass
REL-00313,CM-1-2-3-1-8,informed-by,CM-1-2-2-2-5,evidence,unique exact preferred-label match,"unique exact preferred-label match (candidate filter only, per PR #120)"
REL-00313,CM-1-2-3-1-8,informed-by,CM-1-2-2-2-5,reason,unique label match to CM-1-2-2-2-5; no contradicting context,label filter leaves one candidate: CM-1-2-2-2-5; resolution requires context evidence
REL-00314,CM-1-2-4-1-1,follows,CM-1-2-3-1-1,confidence,ContextualResolved,CandidateOnly
REL-00314,CM-1-2-4-1-1,follows,CM-1-2-3-1-1,decision_reference,Q11+Q12,Q12
REL-00314,CM-1-2-4-1-1,follows,CM-1-2-3-1-1,disposition,ResolvedToConcept,SoleCandidate
REL-00314,CM-1-2-4-1-1,follows,CM-1-2-3-1-1,emission_decision,emit after mechanical uniqueness validation,HOLD: context-confirmation pass
REL-00314,CM-1-2-4-1-1,follows,CM-1-2-3-1-1,evidence,unique exact preferred-label match,"unique exact preferred-label match (candidate filter only, per PR #120)"
REL-00314,CM-1-2-4-1-1,follows,CM-1-2-3-1-1,reason,unique label match to CM-1-2-3-1-1; no contradicting context,label filter leaves one candidate: CM-1-2-3-1-1; resolution requires context evidence
REL-00315,CM-1-2-4-1-1,follows,CM-1-2-3-1-4,confidence,ContextualResolved,CandidateOnly
REL-00315,CM-1-2-4-1-1,follows,CM-1-2-3-1-4,decision_reference,Q11+Q12,Q12
REL-00315,CM-1-2-4-1-1,follows,CM-1-2-3-1-4,disposition,ResolvedToConcept,SoleCandidate
REL-00315,CM-1-2-4-1-1,follows,CM-1-2-3-1-4,emission_decision,emit after mechanical uniqueness validation,HOLD: context-confirmation pass
REL-00315,CM-1-2-4-1-1,follows,CM-1-2-3-1-4,evidence,unique exact preferred-label match,"unique exact preferred-label match (candidate filter only, per PR #120)"
REL-00315,CM-1-2-4-1-1,follows,CM-1-2-3-1-4,reason,unique label match to CM-1-2-3-1-4; no contradicting context,label filter leaves one candidate: CM-1-2-3-1-4; resolution requires context evidence
REL-00316,CM-1-2-4-1-1,precedes,CM-1-2-4-2-4,confidence,ContextualResolved,CandidateOnly
REL-00316,CM-1-2-4-1-1,precedes,CM-1-2-4-2-4,decision_reference,Q11+Q12,Q12
REL-00316,CM-1-2-4-1-1,precedes,CM-1-2-4-2-4,disposition,ResolvedToConcept,SoleCandidate
REL-00316,CM-1-2-4-1-1,precedes,CM-1-2-4-2-4,emission_decision,emit after mechanical uniqueness validation,HOLD: context-confirmation pass
REL-00316,CM-1-2-4-1-1,precedes,CM-1-2-4-2-4,evidence,unique exact preferred-label match,"unique exact preferred-label match (candidate filter only, per PR #120)"
REL-00316,CM-1-2-4-1-1,precedes,CM-1-2-4-2-4,reason,unique label match to CM-1-2-4-2-4; no contradicting context,label filter leaves one candidate: CM-1-2-4-2-4; resolution requires context evidence
REL-00317,CM-1-2-4-1-10,follows,CM-1-2-1-3-3,confidence,ContextualResolved,CandidateOnly
REL-00317,CM-1-2-4-1-10,follows,CM-1-2-1-3-3,decision_reference,Q11+Q12,Q12
REL-00317,CM-1-2-4-1-10,follows,CM-1-2-1-3-3,disposition,ResolvedToConcept,SoleCandidate
REL-00317,CM-1-2-4-1-10,follows,CM-1-2-1-3-3,emission_decision,emit after mechanical uniqueness validation,HOLD: context-confirmation pass
REL-00317,CM-1-2-4-1-10,follows,CM-1-2-1-3-3,evidence,unique exact preferred-label match,"unique exact preferred-label match (candidate filter only, per PR #120)"
REL-00317,CM-1-2-4-1-10,follows,CM-1-2-1-3-3,reason,unique label match to CM-1-2-1-3-3; no contradicting context,label filter leaves one candidate: CM-1-2-1-3-3; resolution requires context evidence
REL-00318,CM-1-2-4-1-10,precedes,CM-1-2-4-2-4,confidence,ContextualResolved,CandidateOnly
REL-00318,CM-1-2-4-1-10,precedes,CM-1-2-4-2-4,decision_reference,Q11+Q12,Q12
REL-00318,CM-1-2-4-1-10,precedes,CM-1-2-4-2-4,disposition,ResolvedToConcept,SoleCandidate
REL-00318,CM-1-2-4-1-10,precedes,CM-1-2-4-2-4,emission_decision,emit after mechanical uniqueness validation,HOLD: context-confirmation pass
REL-00318,CM-1-2-4-1-10,precedes,CM-1-2-4-2-4,evidence,unique exact preferred-label match,"unique exact preferred-label match (candidate filter only, per PR #120)"
REL-00318,CM-1-2-4-1-10,precedes,CM-1-2-4-2-4,reason,unique label match to CM-1-2-4-2-4; no contradicting context,label filter leaves one candidate: CM-1-2-4-2-4; resolution requires context evidence
REL-00319,CM-1-2-4-1-11,follows,CM-1-2-1-3-7,confidence,ContextualResolved,CandidateOnly
REL-00319,CM-1-2-4-1-11,follows,CM-1-2-1-3-7,decision_reference,Q11+Q12,Q12
REL-00319,CM-1-2-4-1-11,follows,CM-1-2-1-3-7,disposition,ResolvedToConcept,SoleCandidate
REL-00319,CM-1-2-4-1-11,follows,CM-1-2-1-3-7,emission_decision,emit after mechanical uniqueness validation,HOLD: context-confirmation pass
REL-00319,CM-1-2-4-1-11,follows,CM-1-2-1-3-7,evidence,unique exact preferred-label match,"unique exact preferred-label match (candidate filter only, per PR #120)"
REL-00319,CM-1-2-4-1-11,follows,CM-1-2-1-3-7,reason,unique label match to CM-1-2-1-3-7; no contradicting context,label filter leaves one candidate: CM-1-2-1-3-7; resolution requires context evidence
REL-00320,CM-1-2-4-1-11,informed-by,CM-1-2-2-2,confidence,ContextualResolved,CandidateOnly
REL-00320,CM-1-2-4-1-11,informed-by,CM-1-2-2-2,decision_reference,Q11+Q12,Q12
REL-00320,CM-1-2-4-1-11,informed-by,CM-1-2-2-2,disposition,ResolvedToConcept,SoleCandidate
REL-00320,CM-1-2-4-1-11,informed-by,CM-1-2-2-2,emission_decision,emit after mechanical uniqueness validation,HOLD: context-confirmation pass
REL-00320,CM-1-2-4-1-11,informed-by,CM-1-2-2-2,evidence,unique exact preferred-label match,"unique exact preferred-label match (candidate filter only, per PR #120)"
REL-00320,CM-1-2-4-1-11,informed-by,CM-1-2-2-2,reason,unique label match to CM-1-2-2-2; no contradicting context,label filter leaves one candidate: CM-1-2-2-2; resolution requires context evidence
REL-00321,CM-1-2-4-1-11,precedes,CM-1-2-4-2-4,confidence,ContextualResolved,CandidateOnly
REL-00321,CM-1-2-4-1-11,precedes,CM-1-2-4-2-4,decision_reference,Q11+Q12,Q12
REL-00321,CM-1-2-4-1-11,precedes,CM-1-2-4-2-4,disposition,ResolvedToConcept,SoleCandidate
REL-00321,CM-1-2-4-1-11,precedes,CM-1-2-4-2-4,emission_decision,emit after mechanical uniqueness validation,HOLD: context-confirmation pass
REL-00321,CM-1-2-4-1-11,precedes,CM-1-2-4-2-4,evidence,unique exact preferred-label match,"unique exact preferred-label match (candidate filter only, per PR #120)"
REL-00321,CM-1-2-4-1-11,precedes,CM-1-2-4-2-4,reason,unique label match to CM-1-2-4-2-4; no contradicting context,label filter leaves one candidate: CM-1-2-4-2-4; resolution requires context evidence
REL-00322,CM-1-2-4-1-12,follows,CM-1-2-3-1-1,confidence,ContextualResolved,CandidateOnly
REL-00322,CM-1-2-4-1-12,follows,CM-1-2-3-1-1,decision_reference,Q11+Q12,Q12
REL-00322,CM-1-2-4-1-12,follows,CM-1-2-3-1-1,disposition,ResolvedToConcept,SoleCandidate
REL-00322,CM-1-2-4-1-12,follows,CM-1-2-3-1-1,emission_decision,emit after mechanical uniqueness validation,HOLD: context-confirmation pass
REL-00322,CM-1-2-4-1-12,follows,CM-1-2-3-1-1,evidence,unique exact preferred-label match,"unique exact preferred-label match (candidate filter only, per PR #120)"
REL-00322,CM-1-2-4-1-12,follows,CM-1-2-3-1-1,reason,unique label match to CM-1-2-3-1-1; no contradicting context,label filter leaves one candidate: CM-1-2-3-1-1; resolution requires context evidence
REL-00323,CM-1-2-4-1-12,precedes,CM-1-2-4-2-4,confidence,ContextualResolved,CandidateOnly
REL-00323,CM-1-2-4-1-12,precedes,CM-1-2-4-2-4,decision_reference,Q11+Q12,Q12
REL-00323,CM-1-2-4-1-12,precedes,CM-1-2-4-2-4,disposition,ResolvedToConcept,SoleCandidate
REL-00323,CM-1-2-4-1-12,precedes,CM-1-2-4-2-4,emission_decision,emit after mechanical uniqueness validation,HOLD: context-confirmation pass
REL-00323,CM-1-2-4-1-12,precedes,CM-1-2-4-2-4,evidence,unique exact preferred-label match,"unique exact preferred-label match (candidate filter only, per PR #120)"
REL-00323,CM-1-2-4-1-12,precedes,CM-1-2-4-2-4,reason,unique label match to CM-1-2-4-2-4; no contradicting context,label filter leaves one candidate: CM-1-2-4-2-4; resolution requires context evidence
REL-00324,CM-1-2-4-1-13,follows,CM-1-2-3-1-3,confidence,ContextualResolved,CandidateOnly
REL-00324,CM-1-2-4-1-13,follows,CM-1-2-3-1-3,decision_reference,Q11+Q12,Q12
REL-00324,CM-1-2-4-1-13,follows,CM-1-2-3-1-3,disposition,ResolvedToConcept,SoleCandidate
REL-00324,CM-1-2-4-1-13,follows,CM-1-2-3-1-3,emission_decision,emit after mechanical uniqueness validation,HOLD: context-confirmation pass
REL-00324,CM-1-2-4-1-13,follows,CM-1-2-3-1-3,evidence,unique exact preferred-label match,"unique exact preferred-label match (candidate filter only, per PR #120)"
REL-00324,CM-1-2-4-1-13,follows,CM-1-2-3-1-3,reason,unique label match to CM-1-2-3-1-3; no contradicting context,label filter leaves one candidate: CM-1-2-3-1-3; resolution requires context evidence
REL-00325,CM-1-2-4-1-13,precedes,CM-1-2-4-2-4,confidence,ContextualResolved,CandidateOnly
REL-00325,CM-1-2-4-1-13,precedes,CM-1-2-4-2-4,decision_reference,Q11+Q12,Q12
REL-00325,CM-1-2-4-1-13,precedes,CM-1-2-4-2-4,disposition,ResolvedToConcept,SoleCandidate
REL-00325,CM-1-2-4-1-13,precedes,CM-1-2-4-2-4,emission_decision,emit after mechanical uniqueness validation,HOLD: context-confirmation pass
REL-00325,CM-1-2-4-1-13,precedes,CM-1-2-4-2-4,evidence,unique exact preferred-label match,"unique exact preferred-label match (candidate filter only, per PR #120)"
REL-00325,CM-1-2-4-1-13,precedes,CM-1-2-4-2-4,reason,unique label match to CM-1-2-4-2-4; no contradicting context,label filter leaves one candidate: CM-1-2-4-2-4; resolution requires context evidence
REL-00326,CM-1-2-4-1-14,follows,CM-1-2-3-1-5,confidence,ContextualResolved,CandidateOnly
REL-00326,CM-1-2-4-1-14,follows,CM-1-2-3-1-5,decision_reference,Q11+Q12,Q12
REL-00326,CM-1-2-4-1-14,follows,CM-1-2-3-1-5,disposition,ResolvedToConcept,SoleCandidate
REL-00326,CM-1-2-4-1-14,follows,CM-1-2-3-1-5,emission_decision,emit after mechanical uniqueness validation,HOLD: context-confirmation pass
REL-00326,CM-1-2-4-1-14,follows,CM-1-2-3-1-5,evidence,unique exact preferred-label match,"unique exact preferred-label match (candidate filter only, per PR #120)"
REL-00326,CM-1-2-4-1-14,follows,CM-1-2-3-1-5,reason,unique label match to CM-1-2-3-1-5; no contradicting context,label filter leaves one candidate: CM-1-2-3-1-5; resolution requires context evidence
REL-00327,CM-1-2-4-1-14,precedes,CM-1-2-4-2-4,confidence,ContextualResolved,CandidateOnly
REL-00327,CM-1-2-4-1-14,precedes,CM-1-2-4-2-4,decision_reference,Q11+Q12,Q12
REL-00327,CM-1-2-4-1-14,precedes,CM-1-2-4-2-4,disposition,ResolvedToConcept,SoleCandidate
REL-00327,CM-1-2-4-1-14,precedes,CM-1-2-4-2-4,emission_decision,emit after mechanical uniqueness validation,HOLD: context-confirmation pass
REL-00327,CM-1-2-4-1-14,precedes,CM-1-2-4-2-4,evidence,unique exact preferred-label match,"unique exact preferred-label match (candidate filter only, per PR #120)"
REL-00327,CM-1-2-4-1-14,precedes,CM-1-2-4-2-4,reason,unique label match to CM-1-2-4-2-4; no contradicting context,label filter leaves one candidate: CM-1-2-4-2-4; resolution requires context evidence
REL-00328,CM-1-2-4-1-15,follows,CM-1-2-1-3-3,confidence,ContextualResolved,CandidateOnly
REL-00328,CM-1-2-4-1-15,follows,CM-1-2-1-3-3,decision_reference,Q11+Q12,Q12
REL-00328,CM-1-2-4-1-15,follows,CM-1-2-1-3-3,disposition,ResolvedToConcept,SoleCandidate
REL-00328,CM-1-2-4-1-15,follows,CM-1-2-1-3-3,emission_decision,emit after mechanical uniqueness validation,HOLD: context-confirmation pass
REL-00328,CM-1-2-4-1-15,follows,CM-1-2-1-3-3,evidence,unique exact preferred-label match,"unique exact preferred-label match (candidate filter only, per PR #120)"
REL-00328,CM-1-2-4-1-15,follows,CM-1-2-1-3-3,reason,unique label match to CM-1-2-1-3-3; no contradicting context,label filter leaves one candidate: CM-1-2-1-3-3; resolution requires context evidence
REL-00329,CM-1-2-4-1-15,precedes,CM-1-2-4-2-4,confidence,ContextualResolved,CandidateOnly
REL-00329,CM-1-2-4-1-15,precedes,CM-1-2-4-2-4,decision_reference,Q11+Q12,Q12
REL-00329,CM-1-2-4-1-15,precedes,CM-1-2-4-2-4,disposition,ResolvedToConcept,SoleCandidate
REL-00329,CM-1-2-4-1-15,precedes,CM-1-2-4-2-4,emission_decision,emit after mechanical uniqueness validation,HOLD: context-confirmation pass
REL-00329,CM-1-2-4-1-15,precedes,CM-1-2-4-2-4,evidence,unique exact preferred-label match,"unique exact preferred-label match (candidate filter only, per PR #120)"
REL-00329,CM-1-2-4-1-15,precedes,CM-1-2-4-2-4,reason,unique label match to CM-1-2-4-2-4; no contradicting context,label filter leaves one candidate: CM-1-2-4-2-4; resolution requires context evidence
REL-00330,CM-1-2-4-1-16,follows,CM-1-2-4-1-3,confidence,ContextualResolved,CandidateOnly
REL-00330,CM-1-2-4-1-16,follows,CM-1-2-4-1-3,decision_reference,Q11+Q12,Q12
REL-00330,CM-1-2-4-1-16,follows,CM-1-2-4-1-3,disposition,ResolvedToConcept,SoleCandidate
REL-00330,CM-1-2-4-1-16,follows,CM-1-2-4-1-3,emission_decision,emit after mechanical uniqueness validation,HOLD: context-confirmation pass
REL-00330,CM-1-2-4-1-16,follows,CM-1-2-4-1-3,evidence,unique exact preferred-label match,"unique exact preferred-label match (candidate filter only, per PR #120)"
REL-00330,CM-1-2-4-1-16,follows,CM-1-2-4-1-3,reason,unique label match to CM-1-2-4-1-3; no contradicting context,label filter leaves one candidate: CM-1-2-4-1-3; resolution requires context evidence
REL-00331,CM-1-2-4-1-16,informed-by,CM-1-2-2-1-5,confidence,ContextualResolved,CandidateOnly
REL-00331,CM-1-2-4-1-16,informed-by,CM-1-2-2-1-5,decision_reference,Q11+Q12,Q12
REL-00331,CM-1-2-4-1-16,informed-by,CM-1-2-2-1-5,disposition,ResolvedToConcept,SoleCandidate
REL-00331,CM-1-2-4-1-16,informed-by,CM-1-2-2-1-5,emission_decision,emit after mechanical uniqueness validation,HOLD: context-confirmation pass
REL-00331,CM-1-2-4-1-16,informed-by,CM-1-2-2-1-5,evidence,unique exact preferred-label match,"unique exact preferred-label match (candidate filter only, per PR #120)"
REL-00331,CM-1-2-4-1-16,informed-by,CM-1-2-2-1-5,reason,unique label match to CM-1-2-2-1-5; no contradicting context,label filter leaves one candidate: CM-1-2-2-1-5; resolution requires context evidence
REL-00332,CM-1-2-4-1-16,precedes,CM-1-2-4-2-4,confidence,ContextualResolved,CandidateOnly
REL-00332,CM-1-2-4-1-16,precedes,CM-1-2-4-2-4,decision_reference,Q11+Q12,Q12
REL-00332,CM-1-2-4-1-16,precedes,CM-1-2-4-2-4,disposition,ResolvedToConcept,SoleCandidate
REL-00332,CM-1-2-4-1-16,precedes,CM-1-2-4-2-4,emission_decision,emit after mechanical uniqueness validation,HOLD: context-confirmation pass
REL-00332,CM-1-2-4-1-16,precedes,CM-1-2-4-2-4,evidence,unique exact preferred-label match,"unique exact preferred-label match (candidate filter only, per PR #120)"
REL-00332,CM-1-2-4-1-16,precedes,CM-1-2-4-2-4,reason,unique label match to CM-1-2-4-2-4; no contradicting context,label filter leaves one candidate: CM-1-2-4-2-4; resolution requires context evidence
REL-00333,CM-1-2-4-1-17,follows,CM-1-2-4-1,confidence,ContextualResolved,CandidateOnly
REL-00333,CM-1-2-4-1-17,follows,CM-1-2-4-1,decision_reference,Q11+Q12,Q12
REL-00333,CM-1-2-4-1-17,follows,CM-1-2-4-1,disposition,ResolvedToConcept,SoleCandidate
REL-00333,CM-1-2-4-1-17,follows,CM-1-2-4-1,emission_decision,emit after mechanical uniqueness validation,HOLD: context-confirmation pass
REL-00333,CM-1-2-4-1-17,follows,CM-1-2-4-1,evidence,unique exact preferred-label match,"unique exact preferred-label match (candidate filter only, per PR #120)"
REL-00333,CM-1-2-4-1-17,follows,CM-1-2-4-1,reason,unique label match to CM-1-2-4-1; no contradicting context,label filter leaves one candidate: CM-1-2-4-1; resolution requires context evidence
REL-00334,CM-1-2-4-1-17,informed-by,CM-1-2-3-1-8,confidence,ContextualResolved,CandidateOnly
REL-00334,CM-1-2-4-1-17,informed-by,CM-1-2-3-1-8,decision_reference,Q11+Q12,Q12
REL-00334,CM-1-2-4-1-17,informed-by,CM-1-2-3-1-8,disposition,ResolvedToConcept,SoleCandidate
REL-00334,CM-1-2-4-1-17,informed-by,CM-1-2-3-1-8,emission_decision,emit after mechanical uniqueness validation,HOLD: context-confirmation pass
REL-00334,CM-1-2-4-1-17,informed-by,CM-1-2-3-1-8,evidence,unique exact preferred-label match,"unique exact preferred-label match (candidate filter only, per PR #120)"
REL-00334,CM-1-2-4-1-17,informed-by,CM-1-2-3-1-8,reason,unique label match to CM-1-2-3-1-8; no contradicting context,label filter leaves one candidate: CM-1-2-3-1-8; resolution requires context evidence
REL-00335,CM-1-2-4-1-17,informed-by,CM-1-2-2-2-5,confidence,ContextualResolved,CandidateOnly
REL-00335,CM-1-2-4-1-17,informed-by,CM-1-2-2-2-5,decision_reference,Q11+Q12,Q12
REL-00335,CM-1-2-4-1-17,informed-by,CM-1-2-2-2-5,disposition,ResolvedToConcept,SoleCandidate
REL-00335,CM-1-2-4-1-17,informed-by,CM-1-2-2-2-5,emission_decision,emit after mechanical uniqueness validation,HOLD: context-confirmation pass
REL-00335,CM-1-2-4-1-17,informed-by,CM-1-2-2-2-5,evidence,unique exact preferred-label match,"unique exact preferred-label match (candidate filter only, per PR #120)"
REL-00335,CM-1-2-4-1-17,informed-by,CM-1-2-2-2-5,reason,unique label match to CM-1-2-2-2-5; no contradicting context,label filter leaves one candidate: CM-1-2-2-2-5; resolution requires context evidence
REL-00337,CM-1-2-4-1-18,precedes,CM-1-2-4-2-4,confidence,ContextualResolved,CandidateOnly
REL-00337,CM-1-2-4-1-18,precedes,CM-1-2-4-2-4,decision_reference,Q11+Q12,Q12
REL-00337,CM-1-2-4-1-18,precedes,CM-1-2-4-2-4,disposition,ResolvedToConcept,SoleCandidate
REL-00337,CM-1-2-4-1-18,precedes,CM-1-2-4-2-4,emission_decision,emit after mechanical uniqueness validation,HOLD: context-confirmation pass
REL-00337,CM-1-2-4-1-18,precedes,CM-1-2-4-2-4,evidence,unique exact preferred-label match,"unique exact preferred-label match (candidate filter only, per PR #120)"
REL-00337,CM-1-2-4-1-18,precedes,CM-1-2-4-2-4,reason,unique label match to CM-1-2-4-2-4; no contradicting context,label filter leaves one candidate: CM-1-2-4-2-4; resolution requires context evidence
REL-00339,CM-1-2-4-1-19,precedes,CM-1-2-4-2-4,confidence,ContextualResolved,CandidateOnly
REL-00339,CM-1-2-4-1-19,precedes,CM-1-2-4-2-4,decision_reference,Q11+Q12,Q12
REL-00339,CM-1-2-4-1-19,precedes,CM-1-2-4-2-4,disposition,ResolvedToConcept,SoleCandidate
REL-00339,CM-1-2-4-1-19,precedes,CM-1-2-4-2-4,emission_decision,emit after mechanical uniqueness validation,HOLD: context-confirmation pass
REL-00339,CM-1-2-4-1-19,precedes,CM-1-2-4-2-4,evidence,unique exact preferred-label match,"unique exact preferred-label match (candidate filter only, per PR #120)"
REL-00339,CM-1-2-4-1-19,precedes,CM-1-2-4-2-4,reason,unique label match to CM-1-2-4-2-4; no contradicting context,label filter leaves one candidate: CM-1-2-4-2-4; resolution requires context evidence
REL-00341,CM-1-2-4-1-2,precedes,CM-1-2-4-2-4,confidence,ContextualResolved,CandidateOnly
REL-00341,CM-1-2-4-1-2,precedes,CM-1-2-4-2-4,decision_reference,Q11+Q12,Q12
REL-00341,CM-1-2-4-1-2,precedes,CM-1-2-4-2-4,disposition,ResolvedToConcept,SoleCandidate
REL-00341,CM-1-2-4-1-2,precedes,CM-1-2-4-2-4,emission_decision,emit after mechanical uniqueness validation,HOLD: context-confirmation pass
REL-00341,CM-1-2-4-1-2,precedes,CM-1-2-4-2-4,evidence,unique exact preferred-label match,"unique exact preferred-label match (candidate filter only, per PR #120)"
REL-00341,CM-1-2-4-1-2,precedes,CM-1-2-4-2-4,reason,unique label match to CM-1-2-4-2-4; no contradicting context,label filter leaves one candidate: CM-1-2-4-2-4; resolution requires context evidence
REL-00342,CM-1-2-4-1-3,follows,CM-1-2-1-3-4,confidence,ContextualResolved,CandidateOnly
REL-00342,CM-1-2-4-1-3,follows,CM-1-2-1-3-4,decision_reference,Q11+Q12,Q12
REL-00342,CM-1-2-4-1-3,follows,CM-1-2-1-3-4,disposition,ResolvedToConcept,SoleCandidate
REL-00342,CM-1-2-4-1-3,follows,CM-1-2-1-3-4,emission_decision,emit after mechanical uniqueness validation,HOLD: context-confirmation pass
REL-00342,CM-1-2-4-1-3,follows,CM-1-2-1-3-4,evidence,unique exact preferred-label match,"unique exact preferred-label match (candidate filter only, per PR #120)"
REL-00342,CM-1-2-4-1-3,follows,CM-1-2-1-3-4,reason,unique label match to CM-1-2-1-3-4; no contradicting context,label filter leaves one candidate: CM-1-2-1-3-4; resolution requires context evidence
REL-00343,CM-1-2-4-1-3,informed-by,CM-1-2-2-1-5,confidence,ContextualResolved,CandidateOnly
REL-00343,CM-1-2-4-1-3,informed-by,CM-1-2-2-1-5,decision_reference,Q11+Q12,Q12
REL-00343,CM-1-2-4-1-3,informed-by,CM-1-2-2-1-5,disposition,ResolvedToConcept,SoleCandidate
REL-00343,CM-1-2-4-1-3,informed-by,CM-1-2-2-1-5,emission_decision,emit after mechanical uniqueness validation,HOLD: context-confirmation pass
REL-00343,CM-1-2-4-1-3,informed-by,CM-1-2-2-1-5,evidence,unique exact preferred-label match,"unique exact preferred-label match (candidate filter only, per PR #120)"
REL-00343,CM-1-2-4-1-3,informed-by,CM-1-2-2-1-5,reason,unique label match to CM-1-2-2-1-5; no contradicting context,label filter leaves one candidate: CM-1-2-2-1-5; resolution requires context evidence
REL-00344,CM-1-2-4-1-3,precedes,CM-1-2-4-1-16,confidence,ContextualResolved,CandidateOnly
REL-00344,CM-1-2-4-1-3,precedes,CM-1-2-4-1-16,decision_reference,Q11+Q12,Q12
REL-00344,CM-1-2-4-1-3,precedes,CM-1-2-4-1-16,disposition,ResolvedToConcept,SoleCandidate
REL-00344,CM-1-2-4-1-3,precedes,CM-1-2-4-1-16,emission_decision,emit after mechanical uniqueness validation,HOLD: context-confirmation pass
REL-00344,CM-1-2-4-1-3,precedes,CM-1-2-4-1-16,evidence,unique exact preferred-label match,"unique exact preferred-label match (candidate filter only, per PR #120)"
REL-00344,CM-1-2-4-1-3,precedes,CM-1-2-4-1-16,reason,unique label match to CM-1-2-4-1-16; no contradicting context,label filter leaves one candidate: CM-1-2-4-1-16; resolution requires context evidence
REL-00345,CM-1-2-4-1-4,follows,CM-1-2-3-1-2,confidence,ContextualResolved,CandidateOnly
REL-00345,CM-1-2-4-1-4,follows,CM-1-2-3-1-2,decision_reference,Q11+Q12,Q12
REL-00345,CM-1-2-4-1-4,follows,CM-1-2-3-1-2,disposition,ResolvedToConcept,SoleCandidate
REL-00345,CM-1-2-4-1-4,follows,CM-1-2-3-1-2,emission_decision,emit after mechanical uniqueness validation,HOLD: context-confirmation pass
REL-00345,CM-1-2-4-1-4,follows,CM-1-2-3-1-2,evidence,unique exact preferred-label match,"unique exact preferred-label match (candidate filter only, per PR #120)"
REL-00345,CM-1-2-4-1-4,follows,CM-1-2-3-1-2,reason,unique label match to CM-1-2-3-1-2; no contradicting context,label filter leaves one candidate: CM-1-2-3-1-2; resolution requires context evidence
REL-00346,CM-1-2-4-1-4,precedes,CM-1-2-4-2-4,confidence,ContextualResolved,CandidateOnly
REL-00346,CM-1-2-4-1-4,precedes,CM-1-2-4-2-4,decision_reference,Q11+Q12,Q12
REL-00346,CM-1-2-4-1-4,precedes,CM-1-2-4-2-4,disposition,ResolvedToConcept,SoleCandidate
REL-00346,CM-1-2-4-1-4,precedes,CM-1-2-4-2-4,emission_decision,emit after mechanical uniqueness validation,HOLD: context-confirmation pass
REL-00346,CM-1-2-4-1-4,precedes,CM-1-2-4-2-4,evidence,unique exact preferred-label match,"unique exact preferred-label match (candidate filter only, per PR #120)"
REL-00346,CM-1-2-4-1-4,precedes,CM-1-2-4-2-4,reason,unique label match to CM-1-2-4-2-4; no contradicting context,label filter leaves one candidate: CM-1-2-4-2-4; resolution requires context evidence
REL-00347,CM-1-2-4-1-5,follows,CM-1-2-3-1-4,confidence,ContextualResolved,CandidateOnly
REL-00347,CM-1-2-4-1-5,follows,CM-1-2-3-1-4,decision_reference,Q11+Q12,Q12
REL-00347,CM-1-2-4-1-5,follows,CM-1-2-3-1-4,disposition,ResolvedToConcept,SoleCandidate
REL-00347,CM-1-2-4-1-5,follows,CM-1-2-3-1-4,emission_decision,emit after mechanical uniqueness validation,HOLD: context-confirmation pass
REL-00347,CM-1-2-4-1-5,follows,CM-1-2-3-1-4,evidence,unique exact preferred-label match,"unique exact preferred-label match (candidate filter only, per PR #120)"
REL-00347,CM-1-2-4-1-5,follows,CM-1-2-3-1-4,reason,unique label match to CM-1-2-3-1-4; no contradicting context,label filter leaves one candidate: CM-1-2-3-1-4; resolution requires context evidence
REL-00348,CM-1-2-4-1-5,precedes,CM-1-2-4-2-4,confidence,ContextualResolved,CandidateOnly
REL-00348,CM-1-2-4-1-5,precedes,CM-1-2-4-2-4,decision_reference,Q11+Q12,Q12
REL-00348,CM-1-2-4-1-5,precedes,CM-1-2-4-2-4,disposition,ResolvedToConcept,SoleCandidate
REL-00348,CM-1-2-4-1-5,precedes,CM-1-2-4-2-4,emission_decision,emit after mechanical uniqueness validation,HOLD: context-confirmation pass
REL-00348,CM-1-2-4-1-5,precedes,CM-1-2-4-2-4,evidence,unique exact preferred-label match,"unique exact preferred-label match (candidate filter only, per PR #120)"
REL-00348,CM-1-2-4-1-5,precedes,CM-1-2-4-2-4,reason,unique label match to CM-1-2-4-2-4; no contradicting context,label filter leaves one candidate: CM-1-2-4-2-4; resolution requires context evidence
REL-00349,CM-1-2-4-1-6,follows,CM-1-2-3-1-6,confidence,ContextualResolved,CandidateOnly
REL-00349,CM-1-2-4-1-6,follows,CM-1-2-3-1-6,decision_reference,Q11+Q12,Q12
REL-00349,CM-1-2-4-1-6,follows,CM-1-2-3-1-6,disposition,ResolvedToConcept,SoleCandidate
REL-00349,CM-1-2-4-1-6,follows,CM-1-2-3-1-6,emission_decision,emit after mechanical uniqueness validation,HOLD: context-confirmation pass
REL-00349,CM-1-2-4-1-6,follows,CM-1-2-3-1-6,evidence,unique exact preferred-label match,"unique exact preferred-label match (candidate filter only, per PR #120)"
REL-00349,CM-1-2-4-1-6,follows,CM-1-2-3-1-6,reason,unique label match to CM-1-2-3-1-6; no contradicting context,label filter leaves one candidate: CM-1-2-3-1-6; resolution requires context evidence
REL-00350,CM-1-2-4-1-6,precedes,CM-1-2-4-2-3,confidence,ContextualResolved,CandidateOnly
REL-00350,CM-1-2-4-1-6,precedes,CM-1-2-4-2-3,decision_reference,Q11+Q12,Q12
REL-00350,CM-1-2-4-1-6,precedes,CM-1-2-4-2-3,disposition,ResolvedToConcept,SoleCandidate
REL-00350,CM-1-2-4-1-6,precedes,CM-1-2-4-2-3,emission_decision,emit after mechanical uniqueness validation,HOLD: context-confirmation pass
REL-00350,CM-1-2-4-1-6,precedes,CM-1-2-4-2-3,evidence,unique exact preferred-label match,"unique exact preferred-label match (candidate filter only, per PR #120)"
REL-00350,CM-1-2-4-1-6,precedes,CM-1-2-4-2-3,reason,unique label match to CM-1-2-4-2-3; no contradicting context,label filter leaves one candidate: CM-1-2-4-2-3; resolution requires context evidence
REL-00351,CM-1-2-4-1-7,follows,CM-1-2-1-3-11,confidence,ContextualResolved,CandidateOnly
REL-00351,CM-1-2-4-1-7,follows,CM-1-2-1-3-11,decision_reference,Q11+Q12,Q12
REL-00351,CM-1-2-4-1-7,follows,CM-1-2-1-3-11,disposition,ResolvedToConcept,SoleCandidate
REL-00351,CM-1-2-4-1-7,follows,CM-1-2-1-3-11,emission_decision,emit after mechanical uniqueness validation,HOLD: context-confirmation pass
REL-00351,CM-1-2-4-1-7,follows,CM-1-2-1-3-11,evidence,unique exact preferred-label match,"unique exact preferred-label match (candidate filter only, per PR #120)"
REL-00351,CM-1-2-4-1-7,follows,CM-1-2-1-3-11,reason,unique label match to CM-1-2-1-3-11; no contradicting context,label filter leaves one candidate: CM-1-2-1-3-11; resolution requires context evidence
REL-00352,CM-1-2-4-1-7,precedes,CM-1-2-4-2-4,confidence,ContextualResolved,CandidateOnly
REL-00352,CM-1-2-4-1-7,precedes,CM-1-2-4-2-4,decision_reference,Q11+Q12,Q12
REL-00352,CM-1-2-4-1-7,precedes,CM-1-2-4-2-4,disposition,ResolvedToConcept,SoleCandidate
REL-00352,CM-1-2-4-1-7,precedes,CM-1-2-4-2-4,emission_decision,emit after mechanical uniqueness validation,HOLD: context-confirmation pass
REL-00352,CM-1-2-4-1-7,precedes,CM-1-2-4-2-4,evidence,unique exact preferred-label match,"unique exact preferred-label match (candidate filter only, per PR #120)"
REL-00352,CM-1-2-4-1-7,precedes,CM-1-2-4-2-4,reason,unique label match to CM-1-2-4-2-4; no contradicting context,label filter leaves one candidate: CM-1-2-4-2-4; resolution requires context evidence
REL-00353,CM-1-2-4-1-8,follows,CM-1-2-3-1-7,confidence,ContextualResolved,CandidateOnly
REL-00353,CM-1-2-4-1-8,follows,CM-1-2-3-1-7,decision_reference,Q11+Q12,Q12
REL-00353,CM-1-2-4-1-8,follows,CM-1-2-3-1-7,disposition,ResolvedToConcept,SoleCandidate
REL-00353,CM-1-2-4-1-8,follows,CM-1-2-3-1-7,emission_decision,emit after mechanical uniqueness validation,HOLD: context-confirmation pass
REL-00353,CM-1-2-4-1-8,follows,CM-1-2-3-1-7,evidence,unique exact preferred-label match,"unique exact preferred-label match (candidate filter only, per PR #120)"
REL-00353,CM-1-2-4-1-8,follows,CM-1-2-3-1-7,reason,unique label match to CM-1-2-3-1-7; no contradicting context,label filter leaves one candidate: CM-1-2-3-1-7; resolution requires context evidence
REL-00354,CM-1-2-4-1-8,precedes,CM-1-2-4-2-4,confidence,ContextualResolved,CandidateOnly
REL-00354,CM-1-2-4-1-8,precedes,CM-1-2-4-2-4,decision_reference,Q11+Q12,Q12
REL-00354,CM-1-2-4-1-8,precedes,CM-1-2-4-2-4,disposition,ResolvedToConcept,SoleCandidate
REL-00354,CM-1-2-4-1-8,precedes,CM-1-2-4-2-4,emission_decision,emit after mechanical uniqueness validation,HOLD: context-confirmation pass
REL-00354,CM-1-2-4-1-8,precedes,CM-1-2-4-2-4,evidence,unique exact preferred-label match,"unique exact preferred-label match (candidate filter only, per PR #120)"
REL-00354,CM-1-2-4-1-8,precedes,CM-1-2-4-2-4,reason,unique label match to CM-1-2-4-2-4; no contradicting context,label filter leaves one candidate: CM-1-2-4-2-4; resolution requires context evidence
REL-00355,CM-1-2-4-1-9,assures,CM-1-2-4-1,confidence,ContextualResolved,CandidateOnly
REL-00355,CM-1-2-4-1-9,assures,CM-1-2-4-1,decision_reference,Q11+Q12,Q12
REL-00355,CM-1-2-4-1-9,assures,CM-1-2-4-1,disposition,ResolvedToConcept,SoleCandidate
REL-00355,CM-1-2-4-1-9,assures,CM-1-2-4-1,emission_decision,emit after mechanical uniqueness validation,HOLD: context-confirmation pass
REL-00355,CM-1-2-4-1-9,assures,CM-1-2-4-1,evidence,unique exact preferred-label match,"unique exact preferred-label match (candidate filter only, per PR #120)"
REL-00355,CM-1-2-4-1-9,assures,CM-1-2-4-1,reason,unique label match to CM-1-2-4-1; no contradicting context,label filter leaves one candidate: CM-1-2-4-1; resolution requires context evidence
REL-00356,CM-1-2-4-1-9,informed-by,CM-1-2-2-2-2,confidence,ContextualResolved,CandidateOnly
REL-00356,CM-1-2-4-1-9,informed-by,CM-1-2-2-2-2,decision_reference,Q11+Q12,Q12
REL-00356,CM-1-2-4-1-9,informed-by,CM-1-2-2-2-2,disposition,ResolvedToConcept,SoleCandidate
REL-00356,CM-1-2-4-1-9,informed-by,CM-1-2-2-2-2,emission_decision,emit after mechanical uniqueness validation,HOLD: context-confirmation pass
REL-00356,CM-1-2-4-1-9,informed-by,CM-1-2-2-2-2,evidence,unique exact preferred-label match,"unique exact preferred-label match (candidate filter only, per PR #120)"
REL-00356,CM-1-2-4-1-9,informed-by,CM-1-2-2-2-2,reason,unique label match to CM-1-2-2-2-2; no contradicting context,label filter leaves one candidate: CM-1-2-2-2-2; resolution requires context evidence
REL-00357,CM-1-2-4-2-1,informed-by,CM-1-2-1-3,confidence,ContextualResolved,CandidateOnly
REL-00357,CM-1-2-4-2-1,informed-by,CM-1-2-1-3,decision_reference,Q11+Q12,Q12
REL-00357,CM-1-2-4-2-1,informed-by,CM-1-2-1-3,disposition,ResolvedToConcept,SoleCandidate
REL-00357,CM-1-2-4-2-1,informed-by,CM-1-2-1-3,emission_decision,emit after mechanical uniqueness validation,HOLD: context-confirmation pass
REL-00357,CM-1-2-4-2-1,informed-by,CM-1-2-1-3,evidence,unique exact preferred-label match,"unique exact preferred-label match (candidate filter only, per PR #120)"
REL-00357,CM-1-2-4-2-1,informed-by,CM-1-2-1-3,reason,unique label match to CM-1-2-1-3; no contradicting context,label filter leaves one candidate: CM-1-2-1-3; resolution requires context evidence
REL-00358,CM-1-2-4-2-1,enables,CM-1-2-4-2-5,confidence,ContextualResolved,CandidateOnly
REL-00358,CM-1-2-4-2-1,enables,CM-1-2-4-2-5,decision_reference,Q11+Q12,Q12
REL-00358,CM-1-2-4-2-1,enables,CM-1-2-4-2-5,disposition,ResolvedToConcept,SoleCandidate
REL-00358,CM-1-2-4-2-1,enables,CM-1-2-4-2-5,emission_decision,emit after mechanical uniqueness validation,HOLD: context-confirmation pass
REL-00358,CM-1-2-4-2-1,enables,CM-1-2-4-2-5,evidence,unique exact preferred-label match,"unique exact preferred-label match (candidate filter only, per PR #120)"
REL-00358,CM-1-2-4-2-1,enables,CM-1-2-4-2-5,reason,unique label match to CM-1-2-4-2-5; no contradicting context,label filter leaves one candidate: CM-1-2-4-2-5; resolution requires context evidence
REL-00359,CM-1-2-4-2-1,governed-by,CM-1-2-4-2-12,confidence,Resolved,StableIdentifier
REL-00361,CM-1-2-4-2-10,uses-input,CM-1-2-4-1,confidence,ContextualResolved,CandidateOnly
REL-00361,CM-1-2-4-2-10,uses-input,CM-1-2-4-1,decision_reference,Q11+Q12,Q12
REL-00361,CM-1-2-4-2-10,uses-input,CM-1-2-4-1,disposition,ResolvedToConcept,SoleCandidate
REL-00361,CM-1-2-4-2-10,uses-input,CM-1-2-4-1,emission_decision,emit after mechanical uniqueness validation,HOLD: context-confirmation pass
REL-00361,CM-1-2-4-2-10,uses-input,CM-1-2-4-1,evidence,unique exact preferred-label match,"unique exact preferred-label match (candidate filter only, per PR #120)"
REL-00361,CM-1-2-4-2-10,uses-input,CM-1-2-4-1,reason,unique label match to CM-1-2-4-1; no contradicting context,label filter leaves one candidate: CM-1-2-4-1; resolution requires context evidence
REL-00362,CM-1-2-4-2-10,enables,CM-1-2-4-2-5,confidence,ContextualResolved,CandidateOnly
REL-00362,CM-1-2-4-2-10,enables,CM-1-2-4-2-5,decision_reference,Q11+Q12,Q12
REL-00362,CM-1-2-4-2-10,enables,CM-1-2-4-2-5,disposition,ResolvedToConcept,SoleCandidate
REL-00362,CM-1-2-4-2-10,enables,CM-1-2-4-2-5,emission_decision,emit after mechanical uniqueness validation,HOLD: context-confirmation pass
REL-00362,CM-1-2-4-2-10,enables,CM-1-2-4-2-5,evidence,unique exact preferred-label match,"unique exact preferred-label match (candidate filter only, per PR #120)"
REL-00362,CM-1-2-4-2-10,enables,CM-1-2-4-2-5,reason,unique label match to CM-1-2-4-2-5; no contradicting context,label filter leaves one candidate: CM-1-2-4-2-5; resolution requires context evidence
REL-00364,CM-1-2-4-2-11,enables,CM-1-2-4-2-5,confidence,ContextualResolved,CandidateOnly
REL-00364,CM-1-2-4-2-11,enables,CM-1-2-4-2-5,decision_reference,Q11+Q12,Q12
REL-00364,CM-1-2-4-2-11,enables,CM-1-2-4-2-5,disposition,ResolvedToConcept,SoleCandidate
REL-00364,CM-1-2-4-2-11,enables,CM-1-2-4-2-5,emission_decision,emit after mechanical uniqueness validation,HOLD: context-confirmation pass
REL-00364,CM-1-2-4-2-11,enables,CM-1-2-4-2-5,evidence,unique exact preferred-label match,"unique exact preferred-label match (candidate filter only, per PR #120)"
REL-00364,CM-1-2-4-2-11,enables,CM-1-2-4-2-5,reason,unique label match to CM-1-2-4-2-5; no contradicting context,label filter leaves one candidate: CM-1-2-4-2-5; resolution requires context evidence
REL-00365,CM-1-2-4-2-11,informed-by,CM-1-2-4-2-12,confidence,Resolved,StableIdentifier
REL-00366,CM-1-2-4-2-12,governed-by,CM-1-2-4-2,confidence,ContextualResolved,CandidateOnly
REL-00366,CM-1-2-4-2-12,governed-by,CM-1-2-4-2,decision_reference,Q11+Q12,Q12
REL-00366,CM-1-2-4-2-12,governed-by,CM-1-2-4-2,disposition,ResolvedToConcept,SoleCandidate
REL-00366,CM-1-2-4-2-12,governed-by,CM-1-2-4-2,emission_decision,emit after mechanical uniqueness validation,HOLD: context-confirmation pass
REL-00366,CM-1-2-4-2-12,governed-by,CM-1-2-4-2,evidence,unique exact preferred-label match,"unique exact preferred-label match (candidate filter only, per PR #120)"
REL-00366,CM-1-2-4-2-12,governed-by,CM-1-2-4-2,reason,unique label match to CM-1-2-4-2; no contradicting context,label filter leaves one candidate: CM-1-2-4-2; resolution requires context evidence
REL-00367,CM-1-2-4-2-12,enables,CM-1-2-4-2-1,confidence,ContextualResolved,CandidateOnly
REL-00367,CM-1-2-4-2-12,enables,CM-1-2-4-2-1,decision_reference,Q11+Q12,Q12
REL-00367,CM-1-2-4-2-12,enables,CM-1-2-4-2-1,disposition,ResolvedToConcept,SoleCandidate
REL-00367,CM-1-2-4-2-12,enables,CM-1-2-4-2-1,emission_decision,emit after mechanical uniqueness validation,HOLD: context-confirmation pass
REL-00367,CM-1-2-4-2-12,enables,CM-1-2-4-2-1,evidence,unique exact preferred-label match,"unique exact preferred-label match (candidate filter only, per PR #120)"
REL-00367,CM-1-2-4-2-12,enables,CM-1-2-4-2-1,reason,unique label match to CM-1-2-4-2-1; no contradicting context,label filter leaves one candidate: CM-1-2-4-2-1; resolution requires context evidence
REL-00368,CM-1-2-4-2-12,informed-by,CM-1-2-1-3,confidence,ContextualResolved,CandidateOnly
REL-00368,CM-1-2-4-2-12,informed-by,CM-1-2-1-3,decision_reference,Q11+Q12,Q12
REL-00368,CM-1-2-4-2-12,informed-by,CM-1-2-1-3,disposition,ResolvedToConcept,SoleCandidate
REL-00368,CM-1-2-4-2-12,informed-by,CM-1-2-1-3,emission_decision,emit after mechanical uniqueness validation,HOLD: context-confirmation pass
REL-00368,CM-1-2-4-2-12,informed-by,CM-1-2-1-3,evidence,unique exact preferred-label match,"unique exact preferred-label match (candidate filter only, per PR #120)"
REL-00368,CM-1-2-4-2-12,informed-by,CM-1-2-1-3,reason,unique label match to CM-1-2-1-3; no contradicting context,label filter leaves one candidate: CM-1-2-1-3; resolution requires context evidence
REL-00369,CM-1-2-4-2-2,uses-input,CM-1-1-7-1-3,confidence,ContextualResolved,CandidateOnly
REL-00369,CM-1-2-4-2-2,uses-input,CM-1-1-7-1-3,decision_reference,Q11+Q12,Q12
REL-00369,CM-1-2-4-2-2,uses-input,CM-1-1-7-1-3,disposition,ResolvedToConcept,SoleCandidate
REL-00369,CM-1-2-4-2-2,uses-input,CM-1-1-7-1-3,emission_decision,emit after mechanical uniqueness validation,HOLD: context-confirmation pass
REL-00369,CM-1-2-4-2-2,uses-input,CM-1-1-7-1-3,evidence,unique exact preferred-label match,"unique exact preferred-label match (candidate filter only, per PR #120)"
REL-00369,CM-1-2-4-2-2,uses-input,CM-1-1-7-1-3,reason,unique label match to CM-1-1-7-1-3; no contradicting context,label filter leaves one candidate: CM-1-1-7-1-3; resolution requires context evidence
REL-00370,CM-1-2-4-2-2,uses-input,CM-1-1-3-7-5,confidence,ContextualResolved,CandidateOnly
REL-00370,CM-1-2-4-2-2,uses-input,CM-1-1-3-7-5,decision_reference,Q11+Q12,Q12
REL-00370,CM-1-2-4-2-2,uses-input,CM-1-1-3-7-5,disposition,ResolvedToConcept,SoleCandidate
REL-00370,CM-1-2-4-2-2,uses-input,CM-1-1-3-7-5,emission_decision,emit after mechanical uniqueness validation,HOLD: context-confirmation pass
REL-00370,CM-1-2-4-2-2,uses-input,CM-1-1-3-7-5,evidence,unique exact preferred-label match,"unique exact preferred-label match (candidate filter only, per PR #120)"
REL-00370,CM-1-2-4-2-2,uses-input,CM-1-1-3-7-5,reason,unique label match to CM-1-1-3-7-5; no contradicting context,label filter leaves one candidate: CM-1-1-3-7-5; resolution requires context evidence
REL-00371,CM-1-2-4-2-2,enables,CM-1-2-4-2-5,confidence,ContextualResolved,CandidateOnly
REL-00371,CM-1-2-4-2-2,enables,CM-1-2-4-2-5,decision_reference,Q11+Q12,Q12
REL-00371,CM-1-2-4-2-2,enables,CM-1-2-4-2-5,disposition,ResolvedToConcept,SoleCandidate
REL-00371,CM-1-2-4-2-2,enables,CM-1-2-4-2-5,emission_decision,emit after mechanical uniqueness validation,HOLD: context-confirmation pass
REL-00371,CM-1-2-4-2-2,enables,CM-1-2-4-2-5,evidence,unique exact preferred-label match,"unique exact preferred-label match (candidate filter only, per PR #120)"
REL-00371,CM-1-2-4-2-2,enables,CM-1-2-4-2-5,reason,unique label match to CM-1-2-4-2-5; no contradicting context,label filter leaves one candidate: CM-1-2-4-2-5; resolution requires context evidence
REL-00372,CM-1-2-4-2-3,follows,CM-1-2-4-1-6,confidence,ContextualResolved,CandidateOnly
REL-00372,CM-1-2-4-2-3,follows,CM-1-2-4-1-6,decision_reference,Q11+Q12,Q12
REL-00372,CM-1-2-4-2-3,follows,CM-1-2-4-1-6,disposition,ResolvedToConcept,SoleCandidate
REL-00372,CM-1-2-4-2-3,follows,CM-1-2-4-1-6,emission_decision,emit after mechanical uniqueness validation,HOLD: context-confirmation pass
REL-00372,CM-1-2-4-2-3,follows,CM-1-2-4-1-6,evidence,unique exact preferred-label match,"unique exact preferred-label match (candidate filter only, per PR #120)"
REL-00372,CM-1-2-4-2-3,follows,CM-1-2-4-1-6,reason,unique label match to CM-1-2-4-1-6; no contradicting context,label filter leaves one candidate: CM-1-2-4-1-6; resolution requires context evidence
REL-00373,CM-1-2-4-2-3,uses-input,CM-1-2-1-2-8,confidence,ContextualResolved,CandidateOnly
REL-00373,CM-1-2-4-2-3,uses-input,CM-1-2-1-2-8,decision_reference,Q11+Q12,Q12
REL-00373,CM-1-2-4-2-3,uses-input,CM-1-2-1-2-8,disposition,ResolvedToConcept,SoleCandidate
REL-00373,CM-1-2-4-2-3,uses-input,CM-1-2-1-2-8,emission_decision,emit after mechanical uniqueness validation,HOLD: context-confirmation pass
REL-00373,CM-1-2-4-2-3,uses-input,CM-1-2-1-2-8,evidence,unique exact preferred-label match,"unique exact preferred-label match (candidate filter only, per PR #120)"
REL-00373,CM-1-2-4-2-3,uses-input,CM-1-2-1-2-8,reason,unique label match to CM-1-2-1-2-8; no contradicting context,label filter leaves one candidate: CM-1-2-1-2-8; resolution requires context evidence
REL-00374,CM-1-2-4-2-4,follows,CM-1-2-4-1,confidence,ContextualResolved,CandidateOnly
REL-00374,CM-1-2-4-2-4,follows,CM-1-2-4-1,decision_reference,Q11+Q12,Q12
REL-00374,CM-1-2-4-2-4,follows,CM-1-2-4-1,disposition,ResolvedToConcept,SoleCandidate
REL-00374,CM-1-2-4-2-4,follows,CM-1-2-4-1,emission_decision,emit after mechanical uniqueness validation,HOLD: context-confirmation pass
REL-00374,CM-1-2-4-2-4,follows,CM-1-2-4-1,evidence,unique exact preferred-label match,"unique exact preferred-label match (candidate filter only, per PR #120)"
REL-00374,CM-1-2-4-2-4,follows,CM-1-2-4-1,reason,unique label match to CM-1-2-4-1; no contradicting context,label filter leaves one candidate: CM-1-2-4-1; resolution requires context evidence
REL-00375,CM-1-2-4-2-4,enables,CM-1-2-4-2-9,confidence,ContextualResolved,CandidateOnly
REL-00375,CM-1-2-4-2-4,enables,CM-1-2-4-2-9,decision_reference,Q11+Q12,Q12
REL-00375,CM-1-2-4-2-4,enables,CM-1-2-4-2-9,disposition,ResolvedToConcept,SoleCandidate
REL-00375,CM-1-2-4-2-4,enables,CM-1-2-4-2-9,emission_decision,emit after mechanical uniqueness validation,HOLD: context-confirmation pass
REL-00375,CM-1-2-4-2-4,enables,CM-1-2-4-2-9,evidence,unique exact preferred-label match,"unique exact preferred-label match (candidate filter only, per PR #120)"
REL-00375,CM-1-2-4-2-4,enables,CM-1-2-4-2-9,reason,unique label match to CM-1-2-4-2-9; no contradicting context,label filter leaves one candidate: CM-1-2-4-2-9; resolution requires context evidence
REL-00376,CM-1-2-4-2-4,enables,CM-1-2-4-2-5,confidence,ContextualResolved,CandidateOnly
REL-00376,CM-1-2-4-2-4,enables,CM-1-2-4-2-5,decision_reference,Q11+Q12,Q12
REL-00376,CM-1-2-4-2-4,enables,CM-1-2-4-2-5,disposition,ResolvedToConcept,SoleCandidate
REL-00376,CM-1-2-4-2-4,enables,CM-1-2-4-2-5,emission_decision,emit after mechanical uniqueness validation,HOLD: context-confirmation pass
REL-00376,CM-1-2-4-2-4,enables,CM-1-2-4-2-5,evidence,unique exact preferred-label match,"unique exact preferred-label match (candidate filter only, per PR #120)"
REL-00376,CM-1-2-4-2-4,enables,CM-1-2-4-2-5,reason,unique label match to CM-1-2-4-2-5; no contradicting context,label filter leaves one candidate: CM-1-2-4-2-5; resolution requires context evidence
REL-00377,CM-1-2-4-2-5,uses-input,CM-1-2-4-2-4,confidence,ContextualResolved,CandidateOnly
REL-00377,CM-1-2-4-2-5,uses-input,CM-1-2-4-2-4,decision_reference,Q11+Q12,Q12
REL-00377,CM-1-2-4-2-5,uses-input,CM-1-2-4-2-4,disposition,ResolvedToConcept,SoleCandidate
REL-00377,CM-1-2-4-2-5,uses-input,CM-1-2-4-2-4,emission_decision,emit after mechanical uniqueness validation,HOLD: context-confirmation pass
REL-00377,CM-1-2-4-2-5,uses-input,CM-1-2-4-2-4,evidence,unique exact preferred-label match,"unique exact preferred-label match (candidate filter only, per PR #120)"
REL-00377,CM-1-2-4-2-5,uses-input,CM-1-2-4-2-4,reason,unique label match to CM-1-2-4-2-4; no contradicting context,label filter leaves one candidate: CM-1-2-4-2-4; resolution requires context evidence
REL-00378,CM-1-2-4-2-5,uses-input,CM-1-2-4-2-1,confidence,ContextualResolved,CandidateOnly
REL-00378,CM-1-2-4-2-5,uses-input,CM-1-2-4-2-1,decision_reference,Q11+Q12,Q12
REL-00378,CM-1-2-4-2-5,uses-input,CM-1-2-4-2-1,disposition,ResolvedToConcept,SoleCandidate
REL-00378,CM-1-2-4-2-5,uses-input,CM-1-2-4-2-1,emission_decision,emit after mechanical uniqueness validation,HOLD: context-confirmation pass
REL-00378,CM-1-2-4-2-5,uses-input,CM-1-2-4-2-1,evidence,unique exact preferred-label match,"unique exact preferred-label match (candidate filter only, per PR #120)"
REL-00378,CM-1-2-4-2-5,uses-input,CM-1-2-4-2-1,reason,unique label match to CM-1-2-4-2-1; no contradicting context,label filter leaves one candidate: CM-1-2-4-2-1; resolution requires context evidence
REL-00379,CM-1-2-4-2-5,enables,CM-1-2-4-2-6,candidate_labels,Reconcile Economic PNL To Accounting PNL,Reconcile Economic PNL to Accounting PNL
REL-00379,CM-1-2-4-2-5,enables,CM-1-2-4-2-6,confidence,ContextualResolved,StableIdentifier
REL-00379,CM-1-2-4-2-5,enables,CM-1-2-4-2-6,emission_decision,emit after mechanical uniqueness validation,emit automatically after subject/target existence checks
REL-00379,CM-1-2-4-2-5,enables,CM-1-2-4-2-6,evidence,unique exact preferred-label match,stable identifier CM-1-2-4-2-6 carried in mention text
REL-00379,CM-1-2-4-2-5,enables,CM-1-2-4-2-6,raw_target,Reconcile Economic PNL To Accounting PNL,Reconcile Economic PNL to Accounting PNL (CM-1-2-4-2-6)
REL-00379,CM-1-2-4-2-5,enables,CM-1-2-4-2-6,reason,unique label match to CM-1-2-4-2-6; no contradicting context,target carries its slug; resolves to Reconcile Economic PNL to Accounting PNL
REL-00380,CM-1-2-4-2-6,uses-input,CM-1-2-2-3-5,confidence,ContextualResolved,CandidateOnly
REL-00380,CM-1-2-4-2-6,uses-input,CM-1-2-2-3-5,decision_reference,Q11+Q12,Q12
REL-00380,CM-1-2-4-2-6,uses-input,CM-1-2-2-3-5,disposition,ResolvedToConcept,SoleCandidate
REL-00380,CM-1-2-4-2-6,uses-input,CM-1-2-2-3-5,emission_decision,emit after mechanical uniqueness validation,HOLD: context-confirmation pass
REL-00380,CM-1-2-4-2-6,uses-input,CM-1-2-2-3-5,evidence,unique exact preferred-label match,"unique exact preferred-label match (candidate filter only, per PR #120)"
REL-00380,CM-1-2-4-2-6,uses-input,CM-1-2-2-3-5,reason,unique label match to CM-1-2-2-3-5; no contradicting context,label filter leaves one candidate: CM-1-2-2-3-5; resolution requires context evidence
REL-00380,CM-1-2-4-2-6,uses-input,CM-1-2-2-3-5,source_label,Reconcile Economic PNL To Accounting PNL,Reconcile Economic PNL to Accounting PNL
REL-00381,CM-1-2-4-2-6,uses-input,CM-1-2-4-2-5,confidence,ContextualResolved,CandidateOnly
REL-00381,CM-1-2-4-2-6,uses-input,CM-1-2-4-2-5,decision_reference,Q11+Q12,Q12
REL-00381,CM-1-2-4-2-6,uses-input,CM-1-2-4-2-5,disposition,ResolvedToConcept,SoleCandidate
REL-00381,CM-1-2-4-2-6,uses-input,CM-1-2-4-2-5,emission_decision,emit after mechanical uniqueness validation,HOLD: context-confirmation pass
REL-00381,CM-1-2-4-2-6,uses-input,CM-1-2-4-2-5,evidence,unique exact preferred-label match,"unique exact preferred-label match (candidate filter only, per PR #120)"
REL-00381,CM-1-2-4-2-6,uses-input,CM-1-2-4-2-5,reason,unique label match to CM-1-2-4-2-5; no contradicting context,label filter leaves one candidate: CM-1-2-4-2-5; resolution requires context evidence
REL-00381,CM-1-2-4-2-6,uses-input,CM-1-2-4-2-5,source_label,Reconcile Economic PNL To Accounting PNL,Reconcile Economic PNL to Accounting PNL
REL-00382,CM-1-2-4-2-6,informed-by,CM-1-2-4-2-1,confidence,ContextualResolved,CandidateOnly
REL-00382,CM-1-2-4-2-6,informed-by,CM-1-2-4-2-1,decision_reference,Q11+Q12,Q12
REL-00382,CM-1-2-4-2-6,informed-by,CM-1-2-4-2-1,disposition,ResolvedToConcept,SoleCandidate
REL-00382,CM-1-2-4-2-6,informed-by,CM-1-2-4-2-1,emission_decision,emit after mechanical uniqueness validation,HOLD: context-confirmation pass
REL-00382,CM-1-2-4-2-6,informed-by,CM-1-2-4-2-1,evidence,unique exact preferred-label match,"unique exact preferred-label match (candidate filter only, per PR #120)"
REL-00382,CM-1-2-4-2-6,informed-by,CM-1-2-4-2-1,reason,unique label match to CM-1-2-4-2-1; no contradicting context,label filter leaves one candidate: CM-1-2-4-2-1; resolution requires context evidence
REL-00382,CM-1-2-4-2-6,informed-by,CM-1-2-4-2-1,source_label,Reconcile Economic PNL To Accounting PNL,Reconcile Economic PNL to Accounting PNL
REL-00383,CM-1-2-4-2-7,uses-input,CM-1-2-4-2-6,candidate_labels,Reconcile Economic PNL To Accounting PNL,Reconcile Economic PNL to Accounting PNL
REL-00383,CM-1-2-4-2-7,uses-input,CM-1-2-4-2-6,confidence,ContextualResolved,StableIdentifier
REL-00383,CM-1-2-4-2-7,uses-input,CM-1-2-4-2-6,emission_decision,emit after mechanical uniqueness validation,emit automatically after subject/target existence checks
REL-00383,CM-1-2-4-2-7,uses-input,CM-1-2-4-2-6,evidence,unique exact preferred-label match,stable identifier CM-1-2-4-2-6 carried in mention text
REL-00383,CM-1-2-4-2-7,uses-input,CM-1-2-4-2-6,raw_target,Reconcile Economic PNL To Accounting PNL,Reconcile Economic PNL to Accounting PNL (CM-1-2-4-2-6)
REL-00383,CM-1-2-4-2-7,uses-input,CM-1-2-4-2-6,reason,unique label match to CM-1-2-4-2-6; no contradicting context,target carries its slug; resolves to Reconcile Economic PNL to Accounting PNL
REL-00384,CM-1-2-4-2-7,uses-input,CM-1-2-4-2-5,confidence,ContextualResolved,CandidateOnly
REL-00384,CM-1-2-4-2-7,uses-input,CM-1-2-4-2-5,decision_reference,Q11+Q12,Q12
REL-00384,CM-1-2-4-2-7,uses-input,CM-1-2-4-2-5,disposition,ResolvedToConcept,SoleCandidate
REL-00384,CM-1-2-4-2-7,uses-input,CM-1-2-4-2-5,emission_decision,emit after mechanical uniqueness validation,HOLD: context-confirmation pass
REL-00384,CM-1-2-4-2-7,uses-input,CM-1-2-4-2-5,evidence,unique exact preferred-label match,"unique exact preferred-label match (candidate filter only, per PR #120)"
REL-00384,CM-1-2-4-2-7,uses-input,CM-1-2-4-2-5,reason,unique label match to CM-1-2-4-2-5; no contradicting context,label filter leaves one candidate: CM-1-2-4-2-5; resolution requires context evidence
REL-00385,CM-1-2-4-2-7,assures,CM-1-2-4-2,confidence,ContextualResolved,CandidateOnly
REL-00385,CM-1-2-4-2-7,assures,CM-1-2-4-2,decision_reference,Q11+Q12,Q12
REL-00385,CM-1-2-4-2-7,assures,CM-1-2-4-2,disposition,ResolvedToConcept,SoleCandidate
REL-00385,CM-1-2-4-2-7,assures,CM-1-2-4-2,emission_decision,emit after mechanical uniqueness validation,HOLD: context-confirmation pass
REL-00385,CM-1-2-4-2-7,assures,CM-1-2-4-2,evidence,unique exact preferred-label match,"unique exact preferred-label match (candidate filter only, per PR #120)"
REL-00385,CM-1-2-4-2-7,assures,CM-1-2-4-2,reason,unique label match to CM-1-2-4-2; no contradicting context,label filter leaves one candidate: CM-1-2-4-2; resolution requires context evidence
REL-00386,CM-1-2-4-2-8,enables,CM-1-2-4-2-5,confidence,ContextualResolved,CandidateOnly
REL-00386,CM-1-2-4-2-8,enables,CM-1-2-4-2-5,decision_reference,Q11+Q12,Q12
REL-00386,CM-1-2-4-2-8,enables,CM-1-2-4-2-5,disposition,ResolvedToConcept,SoleCandidate
REL-00386,CM-1-2-4-2-8,enables,CM-1-2-4-2-5,emission_decision,emit after mechanical uniqueness validation,HOLD: context-confirmation pass
REL-00386,CM-1-2-4-2-8,enables,CM-1-2-4-2-5,evidence,unique exact preferred-label match,"unique exact preferred-label match (candidate filter only, per PR #120)"
REL-00386,CM-1-2-4-2-8,enables,CM-1-2-4-2-5,reason,unique label match to CM-1-2-4-2-5; no contradicting context,label filter leaves one candidate: CM-1-2-4-2-5; resolution requires context evidence
REL-00387,CM-1-2-4-2-8,enables,CM-1-2-4-2-4,confidence,ContextualResolved,CandidateOnly
REL-00387,CM-1-2-4-2-8,enables,CM-1-2-4-2-4,decision_reference,Q11+Q12,Q12
REL-00387,CM-1-2-4-2-8,enables,CM-1-2-4-2-4,disposition,ResolvedToConcept,SoleCandidate
REL-00387,CM-1-2-4-2-8,enables,CM-1-2-4-2-4,emission_decision,emit after mechanical uniqueness validation,HOLD: context-confirmation pass
REL-00387,CM-1-2-4-2-8,enables,CM-1-2-4-2-4,evidence,unique exact preferred-label match,"unique exact preferred-label match (candidate filter only, per PR #120)"
REL-00387,CM-1-2-4-2-8,enables,CM-1-2-4-2-4,reason,unique label match to CM-1-2-4-2-4; no contradicting context,label filter leaves one candidate: CM-1-2-4-2-4; resolution requires context evidence
REL-00389,CM-1-2-4-2-9,follows,CM-1-2-4-2-4,confidence,ContextualResolved,CandidateOnly
REL-00389,CM-1-2-4-2-9,follows,CM-1-2-4-2-4,decision_reference,Q11+Q12,Q12
REL-00389,CM-1-2-4-2-9,follows,CM-1-2-4-2-4,disposition,ResolvedToConcept,SoleCandidate
REL-00389,CM-1-2-4-2-9,follows,CM-1-2-4-2-4,emission_decision,emit after mechanical uniqueness validation,HOLD: context-confirmation pass
REL-00389,CM-1-2-4-2-9,follows,CM-1-2-4-2-4,evidence,unique exact preferred-label match,"unique exact preferred-label match (candidate filter only, per PR #120)"
REL-00389,CM-1-2-4-2-9,follows,CM-1-2-4-2-4,reason,unique label match to CM-1-2-4-2-4; no contradicting context,label filter leaves one candidate: CM-1-2-4-2-4; resolution requires context evidence
REL-00390,CM-1-2-4-2-9,uses-input,CM-1-2-4-1,confidence,ContextualResolved,CandidateOnly
REL-00390,CM-1-2-4-2-9,uses-input,CM-1-2-4-1,decision_reference,Q11+Q12,Q12
REL-00390,CM-1-2-4-2-9,uses-input,CM-1-2-4-1,disposition,ResolvedToConcept,SoleCandidate
REL-00390,CM-1-2-4-2-9,uses-input,CM-1-2-4-1,emission_decision,emit after mechanical uniqueness validation,HOLD: context-confirmation pass
REL-00390,CM-1-2-4-2-9,uses-input,CM-1-2-4-1,evidence,unique exact preferred-label match,"unique exact preferred-label match (candidate filter only, per PR #120)"
REL-00390,CM-1-2-4-2-9,uses-input,CM-1-2-4-1,reason,unique label match to CM-1-2-4-1; no contradicting context,label filter leaves one candidate: CM-1-2-4-1; resolution requires context evidence
REL-00391,CM-1-2-4-3-1,enables,CM-1-2-4-3-2,confidence,ContextualResolved,CandidateOnly
REL-00391,CM-1-2-4-3-1,enables,CM-1-2-4-3-2,decision_reference,Q11+Q12,Q12
REL-00391,CM-1-2-4-3-1,enables,CM-1-2-4-3-2,disposition,ResolvedToConcept,SoleCandidate
REL-00391,CM-1-2-4-3-1,enables,CM-1-2-4-3-2,emission_decision,emit after mechanical uniqueness validation,HOLD: context-confirmation pass
REL-00391,CM-1-2-4-3-1,enables,CM-1-2-4-3-2,evidence,unique exact preferred-label match,"unique exact preferred-label match (candidate filter only, per PR #120)"
REL-00391,CM-1-2-4-3-1,enables,CM-1-2-4-3-2,reason,unique label match to CM-1-2-4-3-2; no contradicting context,label filter leaves one candidate: CM-1-2-4-3-2; resolution requires context evidence
REL-00392,CM-1-2-4-3-1,enables,CM-1-2-4-3-3,confidence,ContextualResolved,CandidateOnly
REL-00392,CM-1-2-4-3-1,enables,CM-1-2-4-3-3,decision_reference,Q11+Q12,Q12
REL-00392,CM-1-2-4-3-1,enables,CM-1-2-4-3-3,disposition,ResolvedToConcept,SoleCandidate
REL-00392,CM-1-2-4-3-1,enables,CM-1-2-4-3-3,emission_decision,emit after mechanical uniqueness validation,HOLD: context-confirmation pass
REL-00392,CM-1-2-4-3-1,enables,CM-1-2-4-3-3,evidence,unique exact preferred-label match,"unique exact preferred-label match (candidate filter only, per PR #120)"
REL-00392,CM-1-2-4-3-1,enables,CM-1-2-4-3-3,reason,unique label match to CM-1-2-4-3-3; no contradicting context,label filter leaves one candidate: CM-1-2-4-3-3; resolution requires context evidence
REL-00393,CM-1-2-4-3-1,governed-by,CM-1-2-4-3,confidence,ContextualResolved,CandidateOnly
REL-00393,CM-1-2-4-3-1,governed-by,CM-1-2-4-3,decision_reference,Q11+Q12,Q12
REL-00393,CM-1-2-4-3-1,governed-by,CM-1-2-4-3,disposition,ResolvedToConcept,SoleCandidate
REL-00393,CM-1-2-4-3-1,governed-by,CM-1-2-4-3,emission_decision,emit after mechanical uniqueness validation,HOLD: context-confirmation pass
REL-00393,CM-1-2-4-3-1,governed-by,CM-1-2-4-3,evidence,unique exact preferred-label match,"unique exact preferred-label match (candidate filter only, per PR #120)"
REL-00393,CM-1-2-4-3-1,governed-by,CM-1-2-4-3,reason,unique label match to CM-1-2-4-3; no contradicting context,label filter leaves one candidate: CM-1-2-4-3; resolution requires context evidence
REL-00394,CM-1-2-4-3-2,governed-by,CM-1-2-4-3-1,confidence,ContextualResolved,CandidateOnly
REL-00394,CM-1-2-4-3-2,governed-by,CM-1-2-4-3-1,decision_reference,Q11+Q12,Q12
REL-00394,CM-1-2-4-3-2,governed-by,CM-1-2-4-3-1,disposition,ResolvedToConcept,SoleCandidate
REL-00394,CM-1-2-4-3-2,governed-by,CM-1-2-4-3-1,emission_decision,emit after mechanical uniqueness validation,HOLD: context-confirmation pass
REL-00394,CM-1-2-4-3-2,governed-by,CM-1-2-4-3-1,evidence,unique exact preferred-label match,"unique exact preferred-label match (candidate filter only, per PR #120)"
REL-00394,CM-1-2-4-3-2,governed-by,CM-1-2-4-3-1,reason,unique label match to CM-1-2-4-3-1; no contradicting context,label filter leaves one candidate: CM-1-2-4-3-1; resolution requires context evidence
REL-00395,CM-1-2-4-3-2,informed-by,CM-1-2-1-3,confidence,ContextualResolved,CandidateOnly
REL-00395,CM-1-2-4-3-2,informed-by,CM-1-2-1-3,decision_reference,Q11+Q12,Q12
REL-00395,CM-1-2-4-3-2,informed-by,CM-1-2-1-3,disposition,ResolvedToConcept,SoleCandidate
REL-00395,CM-1-2-4-3-2,informed-by,CM-1-2-1-3,emission_decision,emit after mechanical uniqueness validation,HOLD: context-confirmation pass
REL-00395,CM-1-2-4-3-2,informed-by,CM-1-2-1-3,evidence,unique exact preferred-label match,"unique exact preferred-label match (candidate filter only, per PR #120)"
REL-00395,CM-1-2-4-3-2,informed-by,CM-1-2-1-3,reason,unique label match to CM-1-2-1-3; no contradicting context,label filter leaves one candidate: CM-1-2-1-3; resolution requires context evidence
REL-00396,CM-1-2-4-3-2,triggers,CM-1-2-4-3-7,confidence,ContextualResolved,CandidateOnly
REL-00396,CM-1-2-4-3-2,triggers,CM-1-2-4-3-7,decision_reference,Q11+Q12,Q12
REL-00396,CM-1-2-4-3-2,triggers,CM-1-2-4-3-7,disposition,ResolvedToConcept,SoleCandidate
REL-00396,CM-1-2-4-3-2,triggers,CM-1-2-4-3-7,emission_decision,emit after mechanical uniqueness validation,HOLD: context-confirmation pass
REL-00396,CM-1-2-4-3-2,triggers,CM-1-2-4-3-7,evidence,unique exact preferred-label match,"unique exact preferred-label match (candidate filter only, per PR #120)"
REL-00396,CM-1-2-4-3-2,triggers,CM-1-2-4-3-7,reason,unique label match to CM-1-2-4-3-7; no contradicting context,label filter leaves one candidate: CM-1-2-4-3-7; resolution requires context evidence
REL-00397,CM-1-2-4-3-3,governed-by,CM-1-2-4-3-1,confidence,ContextualResolved,CandidateOnly
REL-00397,CM-1-2-4-3-3,governed-by,CM-1-2-4-3-1,decision_reference,Q11+Q12,Q12
REL-00397,CM-1-2-4-3-3,governed-by,CM-1-2-4-3-1,disposition,ResolvedToConcept,SoleCandidate
REL-00397,CM-1-2-4-3-3,governed-by,CM-1-2-4-3-1,emission_decision,emit after mechanical uniqueness validation,HOLD: context-confirmation pass
REL-00397,CM-1-2-4-3-3,governed-by,CM-1-2-4-3-1,evidence,unique exact preferred-label match,"unique exact preferred-label match (candidate filter only, per PR #120)"
REL-00397,CM-1-2-4-3-3,governed-by,CM-1-2-4-3-1,reason,unique label match to CM-1-2-4-3-1; no contradicting context,label filter leaves one candidate: CM-1-2-4-3-1; resolution requires context evidence
REL-00398,CM-1-2-4-3-3,triggers,CM-1-2-4-3-7,confidence,ContextualResolved,CandidateOnly
REL-00398,CM-1-2-4-3-3,triggers,CM-1-2-4-3-7,decision_reference,Q11+Q12,Q12
REL-00398,CM-1-2-4-3-3,triggers,CM-1-2-4-3-7,disposition,ResolvedToConcept,SoleCandidate
REL-00398,CM-1-2-4-3-3,triggers,CM-1-2-4-3-7,emission_decision,emit after mechanical uniqueness validation,HOLD: context-confirmation pass
REL-00398,CM-1-2-4-3-3,triggers,CM-1-2-4-3-7,evidence,unique exact preferred-label match,"unique exact preferred-label match (candidate filter only, per PR #120)"
REL-00398,CM-1-2-4-3-3,triggers,CM-1-2-4-3-7,reason,unique label match to CM-1-2-4-3-7; no contradicting context,label filter leaves one candidate: CM-1-2-4-3-7; resolution requires context evidence
REL-00399,CM-1-2-4-3-4,governed-by,CM-1-2-4-3-1,confidence,ContextualResolved,CandidateOnly
REL-00399,CM-1-2-4-3-4,governed-by,CM-1-2-4-3-1,decision_reference,Q11+Q12,Q12
REL-00399,CM-1-2-4-3-4,governed-by,CM-1-2-4-3-1,disposition,ResolvedToConcept,SoleCandidate
REL-00399,CM-1-2-4-3-4,governed-by,CM-1-2-4-3-1,emission_decision,emit after mechanical uniqueness validation,HOLD: context-confirmation pass
REL-00399,CM-1-2-4-3-4,governed-by,CM-1-2-4-3-1,evidence,unique exact preferred-label match,"unique exact preferred-label match (candidate filter only, per PR #120)"
REL-00399,CM-1-2-4-3-4,governed-by,CM-1-2-4-3-1,reason,unique label match to CM-1-2-4-3-1; no contradicting context,label filter leaves one candidate: CM-1-2-4-3-1; resolution requires context evidence
REL-00400,CM-1-2-4-3-4,triggers,CM-1-2-4-3-7,confidence,ContextualResolved,CandidateOnly
REL-00400,CM-1-2-4-3-4,triggers,CM-1-2-4-3-7,decision_reference,Q11+Q12,Q12
REL-00400,CM-1-2-4-3-4,triggers,CM-1-2-4-3-7,disposition,ResolvedToConcept,SoleCandidate
REL-00400,CM-1-2-4-3-4,triggers,CM-1-2-4-3-7,emission_decision,emit after mechanical uniqueness validation,HOLD: context-confirmation pass
REL-00400,CM-1-2-4-3-4,triggers,CM-1-2-4-3-7,evidence,unique exact preferred-label match,"unique exact preferred-label match (candidate filter only, per PR #120)"
REL-00400,CM-1-2-4-3-4,triggers,CM-1-2-4-3-7,reason,unique label match to CM-1-2-4-3-7; no contradicting context,label filter leaves one candidate: CM-1-2-4-3-7; resolution requires context evidence
REL-00401,CM-1-2-4-3-5,assures,CM-1-2-4-2-11,confidence,ContextualResolved,CandidateOnly
REL-00401,CM-1-2-4-3-5,assures,CM-1-2-4-2-11,decision_reference,Q11+Q12,Q12
REL-00401,CM-1-2-4-3-5,assures,CM-1-2-4-2-11,disposition,ResolvedToConcept,SoleCandidate
REL-00401,CM-1-2-4-3-5,assures,CM-1-2-4-2-11,emission_decision,emit after mechanical uniqueness validation,HOLD: context-confirmation pass
REL-00401,CM-1-2-4-3-5,assures,CM-1-2-4-2-11,evidence,unique exact preferred-label match,"unique exact preferred-label match (candidate filter only, per PR #120)"
REL-00401,CM-1-2-4-3-5,assures,CM-1-2-4-2-11,reason,unique label match to CM-1-2-4-2-11; no contradicting context,label filter leaves one candidate: CM-1-2-4-2-11; resolution requires context evidence
REL-00402,CM-1-2-4-3-5,informed-by,CM-1-2-4-3-1,confidence,ContextualResolved,CandidateOnly
REL-00402,CM-1-2-4-3-5,informed-by,CM-1-2-4-3-1,decision_reference,Q11+Q12,Q12
REL-00402,CM-1-2-4-3-5,informed-by,CM-1-2-4-3-1,disposition,ResolvedToConcept,SoleCandidate
REL-00402,CM-1-2-4-3-5,informed-by,CM-1-2-4-3-1,emission_decision,emit after mechanical uniqueness validation,HOLD: context-confirmation pass
REL-00402,CM-1-2-4-3-5,informed-by,CM-1-2-4-3-1,evidence,unique exact preferred-label match,"unique exact preferred-label match (candidate filter only, per PR #120)"
REL-00402,CM-1-2-4-3-5,informed-by,CM-1-2-4-3-1,reason,unique label match to CM-1-2-4-3-1; no contradicting context,label filter leaves one candidate: CM-1-2-4-3-1; resolution requires context evidence
REL-00403,CM-1-2-4-3-5,triggers,CM-1-2-4-3-7,confidence,ContextualResolved,CandidateOnly
REL-00403,CM-1-2-4-3-5,triggers,CM-1-2-4-3-7,decision_reference,Q11+Q12,Q12
REL-00403,CM-1-2-4-3-5,triggers,CM-1-2-4-3-7,disposition,ResolvedToConcept,SoleCandidate
REL-00403,CM-1-2-4-3-5,triggers,CM-1-2-4-3-7,emission_decision,emit after mechanical uniqueness validation,HOLD: context-confirmation pass
REL-00403,CM-1-2-4-3-5,triggers,CM-1-2-4-3-7,evidence,unique exact preferred-label match,"unique exact preferred-label match (candidate filter only, per PR #120)"
REL-00403,CM-1-2-4-3-5,triggers,CM-1-2-4-3-7,reason,unique label match to CM-1-2-4-3-7; no contradicting context,label filter leaves one candidate: CM-1-2-4-3-7; resolution requires context evidence
REL-00404,CM-1-2-4-3-6,uses-input,CM-1-2-3-1-7,confidence,ContextualResolved,CandidateOnly
REL-00404,CM-1-2-4-3-6,uses-input,CM-1-2-3-1-7,decision_reference,Q11+Q12,Q12
REL-00404,CM-1-2-4-3-6,uses-input,CM-1-2-3-1-7,disposition,ResolvedToConcept,SoleCandidate
REL-00404,CM-1-2-4-3-6,uses-input,CM-1-2-3-1-7,emission_decision,emit after mechanical uniqueness validation,HOLD: context-confirmation pass
REL-00404,CM-1-2-4-3-6,uses-input,CM-1-2-3-1-7,evidence,unique exact preferred-label match,"unique exact preferred-label match (candidate filter only, per PR #120)"
REL-00404,CM-1-2-4-3-6,uses-input,CM-1-2-3-1-7,reason,unique label match to CM-1-2-3-1-7; no contradicting context,label filter leaves one candidate: CM-1-2-3-1-7; resolution requires context evidence
REL-00405,CM-1-2-4-3-6,enables,CM-1-2-4-3-2,confidence,ContextualResolved,CandidateOnly
REL-00405,CM-1-2-4-3-6,enables,CM-1-2-4-3-2,decision_reference,Q11+Q12,Q12
REL-00405,CM-1-2-4-3-6,enables,CM-1-2-4-3-2,disposition,ResolvedToConcept,SoleCandidate
REL-00405,CM-1-2-4-3-6,enables,CM-1-2-4-3-2,emission_decision,emit after mechanical uniqueness validation,HOLD: context-confirmation pass
REL-00405,CM-1-2-4-3-6,enables,CM-1-2-4-3-2,evidence,unique exact preferred-label match,"unique exact preferred-label match (candidate filter only, per PR #120)"
REL-00405,CM-1-2-4-3-6,enables,CM-1-2-4-3-2,reason,unique label match to CM-1-2-4-3-2; no contradicting context,label filter leaves one candidate: CM-1-2-4-3-2; resolution requires context evidence
REL-00406,CM-1-2-4-3-6,governed-by,CM-1-2-4-3-1,confidence,ContextualResolved,CandidateOnly
REL-00406,CM-1-2-4-3-6,governed-by,CM-1-2-4-3-1,decision_reference,Q11+Q12,Q12
REL-00406,CM-1-2-4-3-6,governed-by,CM-1-2-4-3-1,disposition,ResolvedToConcept,SoleCandidate
REL-00406,CM-1-2-4-3-6,governed-by,CM-1-2-4-3-1,emission_decision,emit after mechanical uniqueness validation,HOLD: context-confirmation pass
REL-00406,CM-1-2-4-3-6,governed-by,CM-1-2-4-3-1,evidence,unique exact preferred-label match,"unique exact preferred-label match (candidate filter only, per PR #120)"
REL-00406,CM-1-2-4-3-6,governed-by,CM-1-2-4-3-1,reason,unique label match to CM-1-2-4-3-1; no contradicting context,label filter leaves one candidate: CM-1-2-4-3-1; resolution requires context evidence
REL-00407,CM-1-2-4-3-7,follows,CM-1-2-4-3-2,confidence,ContextualResolved,CandidateOnly
REL-00407,CM-1-2-4-3-7,follows,CM-1-2-4-3-2,decision_reference,Q11+Q12,Q12
REL-00407,CM-1-2-4-3-7,follows,CM-1-2-4-3-2,disposition,ResolvedToConcept,SoleCandidate
REL-00407,CM-1-2-4-3-7,follows,CM-1-2-4-3-2,emission_decision,emit after mechanical uniqueness validation,HOLD: context-confirmation pass
REL-00407,CM-1-2-4-3-7,follows,CM-1-2-4-3-2,evidence,unique exact preferred-label match,"unique exact preferred-label match (candidate filter only, per PR #120)"
REL-00407,CM-1-2-4-3-7,follows,CM-1-2-4-3-2,reason,unique label match to CM-1-2-4-3-2; no contradicting context,label filter leaves one candidate: CM-1-2-4-3-2; resolution requires context evidence
REL-00408,CM-1-2-4-3-7,follows,CM-1-2-4-3-4,confidence,ContextualResolved,CandidateOnly
REL-00408,CM-1-2-4-3-7,follows,CM-1-2-4-3-4,decision_reference,Q11+Q12,Q12
REL-00408,CM-1-2-4-3-7,follows,CM-1-2-4-3-4,disposition,ResolvedToConcept,SoleCandidate
REL-00408,CM-1-2-4-3-7,follows,CM-1-2-4-3-4,emission_decision,emit after mechanical uniqueness validation,HOLD: context-confirmation pass
REL-00408,CM-1-2-4-3-7,follows,CM-1-2-4-3-4,evidence,unique exact preferred-label match,"unique exact preferred-label match (candidate filter only, per PR #120)"
REL-00408,CM-1-2-4-3-7,follows,CM-1-2-4-3-4,reason,unique label match to CM-1-2-4-3-4; no contradicting context,label filter leaves one candidate: CM-1-2-4-3-4; resolution requires context evidence
REL-00409,CM-1-2-4-3-7,enables,CM-1-2-4-3-1,confidence,ContextualResolved,CandidateOnly
REL-00409,CM-1-2-4-3-7,enables,CM-1-2-4-3-1,decision_reference,Q11+Q12,Q12
REL-00409,CM-1-2-4-3-7,enables,CM-1-2-4-3-1,disposition,ResolvedToConcept,SoleCandidate
REL-00409,CM-1-2-4-3-7,enables,CM-1-2-4-3-1,emission_decision,emit after mechanical uniqueness validation,HOLD: context-confirmation pass
REL-00409,CM-1-2-4-3-7,enables,CM-1-2-4-3-1,evidence,unique exact preferred-label match,"unique exact preferred-label match (candidate filter only, per PR #120)"
REL-00409,CM-1-2-4-3-7,enables,CM-1-2-4-3-1,reason,unique label match to CM-1-2-4-3-1; no contradicting context,label filter leaves one candidate: CM-1-2-4-3-1; resolution requires context evidence
REL-00410,CM-1-2-4-4-1,uses-input,CM-1-2-3-1-4,confidence,ContextualResolved,CandidateOnly
REL-00410,CM-1-2-4-4-1,uses-input,CM-1-2-3-1-4,decision_reference,Q11+Q12,Q12
REL-00410,CM-1-2-4-4-1,uses-input,CM-1-2-3-1-4,disposition,ResolvedToConcept,SoleCandidate
REL-00410,CM-1-2-4-4-1,uses-input,CM-1-2-3-1-4,emission_decision,emit after mechanical uniqueness validation,HOLD: context-confirmation pass
REL-00410,CM-1-2-4-4-1,uses-input,CM-1-2-3-1-4,evidence,unique exact preferred-label match,"unique exact preferred-label match (candidate filter only, per PR #120)"
REL-00410,CM-1-2-4-4-1,uses-input,CM-1-2-3-1-4,reason,unique label match to CM-1-2-3-1-4; no contradicting context,label filter leaves one candidate: CM-1-2-3-1-4; resolution requires context evidence
REL-00411,CM-1-2-4-4-1,precedes,CM-1-2-4-4-2,confidence,Resolved,StableIdentifier
REL-00412,CM-1-2-4-4-2,follows,CM-1-2-4-4-1,confidence,ContextualResolved,CandidateOnly
REL-00412,CM-1-2-4-4-2,follows,CM-1-2-4-4-1,decision_reference,Q11+Q12,Q12
REL-00412,CM-1-2-4-4-2,follows,CM-1-2-4-4-1,disposition,ResolvedToConcept,SoleCandidate
REL-00412,CM-1-2-4-4-2,follows,CM-1-2-4-4-1,emission_decision,emit after mechanical uniqueness validation,HOLD: context-confirmation pass
REL-00412,CM-1-2-4-4-2,follows,CM-1-2-4-4-1,evidence,unique exact preferred-label match,"unique exact preferred-label match (candidate filter only, per PR #120)"
REL-00412,CM-1-2-4-4-2,follows,CM-1-2-4-4-1,reason,unique label match to CM-1-2-4-4-1; no contradicting context,label filter leaves one candidate: CM-1-2-4-4-1; resolution requires context evidence
REL-00413,CM-1-2-4-4-2,precedes,CM-1-2-4-4-5,confidence,Resolved,StableIdentifier
REL-00414,CM-1-2-4-4-3,precedes,CM-1-2-4-4-4,confidence,Resolved,StableIdentifier
REL-00415,CM-1-2-4-4-3,uses-input,CM-1-2-1-2-9,confidence,ContextualResolved,CandidateOnly
REL-00415,CM-1-2-4-4-3,uses-input,CM-1-2-1-2-9,decision_reference,Q11+Q12,Q12
REL-00415,CM-1-2-4-4-3,uses-input,CM-1-2-1-2-9,disposition,ResolvedToConcept,SoleCandidate
REL-00415,CM-1-2-4-4-3,uses-input,CM-1-2-1-2-9,emission_decision,emit after mechanical uniqueness validation,HOLD: context-confirmation pass
REL-00415,CM-1-2-4-4-3,uses-input,CM-1-2-1-2-9,evidence,unique exact preferred-label match,"unique exact preferred-label match (candidate filter only, per PR #120)"
REL-00415,CM-1-2-4-4-3,uses-input,CM-1-2-1-2-9,reason,unique label match to CM-1-2-1-2-9; no contradicting context,label filter leaves one candidate: CM-1-2-1-2-9; resolution requires context evidence
REL-00416,CM-1-2-4-4-4,follows,CM-1-2-4-4-3,confidence,Resolved,StableIdentifier
REL-00417,CM-1-2-4-4-4,precedes,CM-1-2-4-4-6,confidence,Resolved,StableIdentifier
REL-00418,CM-1-2-4-4-4,informed-by,CM-1-2-3-1-4,confidence,ContextualResolved,CandidateOnly
REL-00418,CM-1-2-4-4-4,informed-by,CM-1-2-3-1-4,decision_reference,Q11+Q12,Q12
REL-00418,CM-1-2-4-4-4,informed-by,CM-1-2-3-1-4,disposition,ResolvedToConcept,SoleCandidate
REL-00418,CM-1-2-4-4-4,informed-by,CM-1-2-3-1-4,emission_decision,emit after mechanical uniqueness validation,HOLD: context-confirmation pass
REL-00418,CM-1-2-4-4-4,informed-by,CM-1-2-3-1-4,evidence,unique exact preferred-label match,"unique exact preferred-label match (candidate filter only, per PR #120)"
REL-00418,CM-1-2-4-4-4,informed-by,CM-1-2-3-1-4,reason,unique label match to CM-1-2-3-1-4; no contradicting context,label filter leaves one candidate: CM-1-2-3-1-4; resolution requires context evidence
REL-00419,CM-1-2-4-4-5,follows,CM-1-2-4-4-2,confidence,Resolved,StableIdentifier
REL-00420,CM-1-2-4-4-5,precedes,CM-1-2-4-4-7,confidence,Resolved,StableIdentifier
REL-00421,CM-1-2-4-4-6,follows,CM-1-2-4-4-4,confidence,Resolved,StableIdentifier
REL-00422,CM-1-2-4-4-6,precedes,CM-1-2-4-4-8,confidence,Resolved,StableIdentifier
REL-00423,CM-1-2-4-4-7,follows,CM-1-2-4-4-5,confidence,Resolved,StableIdentifier
REL-00424,CM-1-2-4-4-7,precedes,CM-1-2-4-2-4,confidence,ContextualResolved,CandidateOnly
REL-00424,CM-1-2-4-4-7,precedes,CM-1-2-4-2-4,decision_reference,Q11+Q12,Q12
REL-00424,CM-1-2-4-4-7,precedes,CM-1-2-4-2-4,disposition,ResolvedToConcept,SoleCandidate
REL-00424,CM-1-2-4-4-7,precedes,CM-1-2-4-2-4,emission_decision,emit after mechanical uniqueness validation,HOLD: context-confirmation pass
REL-00424,CM-1-2-4-4-7,precedes,CM-1-2-4-2-4,evidence,unique exact preferred-label match,"unique exact preferred-label match (candidate filter only, per PR #120)"
REL-00424,CM-1-2-4-4-7,precedes,CM-1-2-4-2-4,reason,unique label match to CM-1-2-4-2-4; no contradicting context,label filter leaves one candidate: CM-1-2-4-2-4; resolution requires context evidence
REL-00425,CM-1-2-4-4-8,follows,CM-1-2-4-4-6,confidence,Resolved,StableIdentifier
REL-00426,CM-1-2-4-4-8,precedes,CM-1-2-4-2-4,confidence,ContextualResolved,CandidateOnly
REL-00426,CM-1-2-4-4-8,precedes,CM-1-2-4-2-4,decision_reference,Q11+Q12,Q12
REL-00426,CM-1-2-4-4-8,precedes,CM-1-2-4-2-4,disposition,ResolvedToConcept,SoleCandidate
REL-00426,CM-1-2-4-4-8,precedes,CM-1-2-4-2-4,emission_decision,emit after mechanical uniqueness validation,HOLD: context-confirmation pass
REL-00426,CM-1-2-4-4-8,precedes,CM-1-2-4-2-4,evidence,unique exact preferred-label match,"unique exact preferred-label match (candidate filter only, per PR #120)"
REL-00426,CM-1-2-4-4-8,precedes,CM-1-2-4-2-4,reason,unique label match to CM-1-2-4-2-4; no contradicting context,label filter leaves one candidate: CM-1-2-4-2-4; resolution requires context evidence
REL-00427,CM-1-2-5-1-1,enables,CM-1-2-5-1-2,confidence,ContextualResolved,CandidateOnly
REL-00427,CM-1-2-5-1-1,enables,CM-1-2-5-1-2,decision_reference,Q11+Q12,Q12
REL-00427,CM-1-2-5-1-1,enables,CM-1-2-5-1-2,disposition,ResolvedToConcept,SoleCandidate
REL-00427,CM-1-2-5-1-1,enables,CM-1-2-5-1-2,emission_decision,emit after mechanical uniqueness validation,HOLD: context-confirmation pass
REL-00427,CM-1-2-5-1-1,enables,CM-1-2-5-1-2,evidence,unique exact preferred-label match,"unique exact preferred-label match (candidate filter only, per PR #120)"
REL-00427,CM-1-2-5-1-1,enables,CM-1-2-5-1-2,reason,unique label match to CM-1-2-5-1-2; no contradicting context,label filter leaves one candidate: CM-1-2-5-1-2; resolution requires context evidence
REL-00428,CM-1-2-5-1-1,enables,CM-1-2-5-1-3,confidence,ContextualResolved,CandidateOnly
REL-00428,CM-1-2-5-1-1,enables,CM-1-2-5-1-3,decision_reference,Q11+Q12,Q12
REL-00428,CM-1-2-5-1-1,enables,CM-1-2-5-1-3,disposition,ResolvedToConcept,SoleCandidate
REL-00428,CM-1-2-5-1-1,enables,CM-1-2-5-1-3,emission_decision,emit after mechanical uniqueness validation,HOLD: context-confirmation pass
REL-00428,CM-1-2-5-1-1,enables,CM-1-2-5-1-3,evidence,unique exact preferred-label match,"unique exact preferred-label match (candidate filter only, per PR #120)"
REL-00428,CM-1-2-5-1-1,enables,CM-1-2-5-1-3,reason,unique label match to CM-1-2-5-1-3; no contradicting context,label filter leaves one candidate: CM-1-2-5-1-3; resolution requires context evidence
REL-00429,CM-1-2-5-1-1,uses-input,CM-1-2-3-1-4,confidence,ContextualResolved,CandidateOnly
REL-00429,CM-1-2-5-1-1,uses-input,CM-1-2-3-1-4,decision_reference,Q11+Q12,Q12
REL-00429,CM-1-2-5-1-1,uses-input,CM-1-2-3-1-4,disposition,ResolvedToConcept,SoleCandidate
REL-00429,CM-1-2-5-1-1,uses-input,CM-1-2-3-1-4,emission_decision,emit after mechanical uniqueness validation,HOLD: context-confirmation pass
REL-00429,CM-1-2-5-1-1,uses-input,CM-1-2-3-1-4,evidence,unique exact preferred-label match,"unique exact preferred-label match (candidate filter only, per PR #120)"
REL-00429,CM-1-2-5-1-1,uses-input,CM-1-2-3-1-4,reason,unique label match to CM-1-2-3-1-4; no contradicting context,label filter leaves one candidate: CM-1-2-3-1-4; resolution requires context evidence
REL-00430,CM-1-2-5-1-2,uses-input,CM-1-2-5-1-1,confidence,Resolved,StableIdentifier
REL-00431,CM-1-2-5-1-2,enables,CM-1-2-5-1-3,confidence,ContextualResolved,CandidateOnly
REL-00431,CM-1-2-5-1-2,enables,CM-1-2-5-1-3,decision_reference,Q11+Q12,Q12
REL-00431,CM-1-2-5-1-2,enables,CM-1-2-5-1-3,disposition,ResolvedToConcept,SoleCandidate
REL-00431,CM-1-2-5-1-2,enables,CM-1-2-5-1-3,emission_decision,emit after mechanical uniqueness validation,HOLD: context-confirmation pass
REL-00431,CM-1-2-5-1-2,enables,CM-1-2-5-1-3,evidence,unique exact preferred-label match,"unique exact preferred-label match (candidate filter only, per PR #120)"
REL-00431,CM-1-2-5-1-2,enables,CM-1-2-5-1-3,reason,unique label match to CM-1-2-5-1-3; no contradicting context,label filter leaves one candidate: CM-1-2-5-1-3; resolution requires context evidence
REL-00432,CM-1-2-5-1-2,informed-by,CM-1-1-4,candidate_labels,Refinery Planning,Refinery Planning and Optimization
REL-00432,CM-1-2-5-1-2,informed-by,CM-1-1-4,confidence,ContextualResolved,CandidateOnly
REL-00432,CM-1-2-5-1-2,informed-by,CM-1-1-4,decision_reference,Q11+Q12,Q12
REL-00432,CM-1-2-5-1-2,informed-by,CM-1-1-4,disposition,ResolvedToConcept,SoleCandidate
REL-00432,CM-1-2-5-1-2,informed-by,CM-1-1-4,emission_decision,emit after mechanical uniqueness validation,HOLD: context-confirmation pass
REL-00432,CM-1-2-5-1-2,informed-by,CM-1-1-4,evidence,unique exact preferred-label match,"unique exact preferred-label match (candidate filter only, per PR #120)"
REL-00432,CM-1-2-5-1-2,informed-by,CM-1-1-4,raw_target,Refinery Planning,Refinery Planning and Optimization
REL-00432,CM-1-2-5-1-2,informed-by,CM-1-1-4,reason,unique label match to CM-1-1-4; no contradicting context,label filter leaves one candidate: CM-1-1-4; resolution requires context evidence
REL-00433,CM-1-2-5-1-3,enables,CM-1-2-5-2-3,confidence,Resolved,StableIdentifier
REL-00434,CM-1-2-5-1-3,informed-by,CM-1-1-4-7-2,confidence,ContextualResolved,CandidateOnly
REL-00434,CM-1-2-5-1-3,informed-by,CM-1-1-4-7-2,decision_reference,Q11+Q12,Q12
REL-00434,CM-1-2-5-1-3,informed-by,CM-1-1-4-7-2,disposition,ResolvedToConcept,SoleCandidate
REL-00434,CM-1-2-5-1-3,informed-by,CM-1-1-4-7-2,emission_decision,emit after mechanical uniqueness validation,HOLD: context-confirmation pass
REL-00434,CM-1-2-5-1-3,informed-by,CM-1-1-4-7-2,evidence,unique exact preferred-label match,"unique exact preferred-label match (candidate filter only, per PR #120)"
REL-00434,CM-1-2-5-1-3,informed-by,CM-1-1-4-7-2,reason,unique label match to CM-1-1-4-7-2; no contradicting context,label filter leaves one candidate: CM-1-1-4-7-2; resolution requires context evidence
REL-00435,CM-1-2-5-1-3,precedes,CM-1-2-1-2-5,confidence,ContextualResolved,CandidateOnly
REL-00435,CM-1-2-5-1-3,precedes,CM-1-2-1-2-5,decision_reference,Q11+Q12,Q12
REL-00435,CM-1-2-5-1-3,precedes,CM-1-2-1-2-5,disposition,ResolvedToConcept,SoleCandidate
REL-00435,CM-1-2-5-1-3,precedes,CM-1-2-1-2-5,emission_decision,emit after mechanical uniqueness validation,HOLD: context-confirmation pass
REL-00435,CM-1-2-5-1-3,precedes,CM-1-2-1-2-5,evidence,unique exact preferred-label match,"unique exact preferred-label match (candidate filter only, per PR #120)"
REL-00435,CM-1-2-5-1-3,precedes,CM-1-2-1-2-5,reason,unique label match to CM-1-2-1-2-5; no contradicting context,label filter leaves one candidate: CM-1-2-1-2-5; resolution requires context evidence
REL-00436,CM-1-2-5-1-4,enables,CM-1-2-5-2-3,confidence,Resolved,StableIdentifier
REL-00437,CM-1-2-5-1-4,enables,CM-1-2-5-2-1,confidence,ContextualResolved,CandidateOnly
REL-00437,CM-1-2-5-1-4,enables,CM-1-2-5-2-1,decision_reference,Q11+Q12,Q12
REL-00437,CM-1-2-5-1-4,enables,CM-1-2-5-2-1,disposition,ResolvedToConcept,SoleCandidate
REL-00437,CM-1-2-5-1-4,enables,CM-1-2-5-2-1,emission_decision,emit after mechanical uniqueness validation,HOLD: context-confirmation pass
REL-00437,CM-1-2-5-1-4,enables,CM-1-2-5-2-1,evidence,unique exact preferred-label match,"unique exact preferred-label match (candidate filter only, per PR #120)"
REL-00437,CM-1-2-5-1-4,enables,CM-1-2-5-2-1,reason,unique label match to CM-1-2-5-2-1; no contradicting context,label filter leaves one candidate: CM-1-2-5-2-1; resolution requires context evidence
REL-00438,CM-1-2-5-1-4,informed-by,CM-1-2-5-1-3,confidence,ContextualResolved,CandidateOnly
REL-00438,CM-1-2-5-1-4,informed-by,CM-1-2-5-1-3,decision_reference,Q11+Q12,Q12
REL-00438,CM-1-2-5-1-4,informed-by,CM-1-2-5-1-3,disposition,ResolvedToConcept,SoleCandidate
REL-00438,CM-1-2-5-1-4,informed-by,CM-1-2-5-1-3,emission_decision,emit after mechanical uniqueness validation,HOLD: context-confirmation pass
REL-00438,CM-1-2-5-1-4,informed-by,CM-1-2-5-1-3,evidence,unique exact preferred-label match,"unique exact preferred-label match (candidate filter only, per PR #120)"
REL-00438,CM-1-2-5-1-4,informed-by,CM-1-2-5-1-3,reason,unique label match to CM-1-2-5-1-3; no contradicting context,label filter leaves one candidate: CM-1-2-5-1-3; resolution requires context evidence
REL-00439,CM-1-2-5-2-1,follows,CM-1-2-5-2-2,confidence,ContextualResolved,CandidateOnly
REL-00439,CM-1-2-5-2-1,follows,CM-1-2-5-2-2,decision_reference,Q11+Q12,Q12
REL-00439,CM-1-2-5-2-1,follows,CM-1-2-5-2-2,disposition,ResolvedToConcept,SoleCandidate
REL-00439,CM-1-2-5-2-1,follows,CM-1-2-5-2-2,emission_decision,emit after mechanical uniqueness validation,HOLD: context-confirmation pass
REL-00439,CM-1-2-5-2-1,follows,CM-1-2-5-2-2,evidence,unique exact preferred-label match,"unique exact preferred-label match (candidate filter only, per PR #120)"
REL-00439,CM-1-2-5-2-1,follows,CM-1-2-5-2-2,reason,unique label match to CM-1-2-5-2-2; no contradicting context,label filter leaves one candidate: CM-1-2-5-2-2; resolution requires context evidence
REL-00440,CM-1-2-5-2-1,enables,CM-1-2-1-3,confidence,ContextualResolved,CandidateOnly
REL-00440,CM-1-2-5-2-1,enables,CM-1-2-1-3,decision_reference,Q11+Q12,Q12
REL-00440,CM-1-2-5-2-1,enables,CM-1-2-1-3,disposition,ResolvedToConcept,SoleCandidate
REL-00440,CM-1-2-5-2-1,enables,CM-1-2-1-3,emission_decision,emit after mechanical uniqueness validation,HOLD: context-confirmation pass
REL-00440,CM-1-2-5-2-1,enables,CM-1-2-1-3,evidence,unique exact preferred-label match,"unique exact preferred-label match (candidate filter only, per PR #120)"
REL-00440,CM-1-2-5-2-1,enables,CM-1-2-1-3,reason,unique label match to CM-1-2-1-3; no contradicting context,label filter leaves one candidate: CM-1-2-1-3; resolution requires context evidence
REL-00441,CM-1-2-5-2-1,precedes,CM-1-2-5-3-1,confidence,ContextualResolved,CandidateOnly
REL-00441,CM-1-2-5-2-1,precedes,CM-1-2-5-3-1,decision_reference,Q11+Q12,Q12
REL-00441,CM-1-2-5-2-1,precedes,CM-1-2-5-3-1,disposition,ResolvedToConcept,SoleCandidate
REL-00441,CM-1-2-5-2-1,precedes,CM-1-2-5-3-1,emission_decision,emit after mechanical uniqueness validation,HOLD: context-confirmation pass
REL-00441,CM-1-2-5-2-1,precedes,CM-1-2-5-3-1,evidence,unique exact preferred-label match,"unique exact preferred-label match (candidate filter only, per PR #120)"
REL-00441,CM-1-2-5-2-1,precedes,CM-1-2-5-3-1,reason,unique label match to CM-1-2-5-3-1; no contradicting context,label filter leaves one candidate: CM-1-2-5-3-1; resolution requires context evidence
REL-00442,CM-1-2-5-2-2,uses-input,CM-1-1-4,candidate_labels,Refinery Planning,Refinery Planning and Optimization
REL-00442,CM-1-2-5-2-2,uses-input,CM-1-1-4,confidence,ContextualResolved,CandidateOnly
REL-00442,CM-1-2-5-2-2,uses-input,CM-1-1-4,decision_reference,Q11+Q12,Q12
REL-00442,CM-1-2-5-2-2,uses-input,CM-1-1-4,disposition,ResolvedToConcept,SoleCandidate
REL-00442,CM-1-2-5-2-2,uses-input,CM-1-1-4,emission_decision,emit after mechanical uniqueness validation,HOLD: context-confirmation pass
REL-00442,CM-1-2-5-2-2,uses-input,CM-1-1-4,evidence,unique exact preferred-label match,"unique exact preferred-label match (candidate filter only, per PR #120)"
REL-00442,CM-1-2-5-2-2,uses-input,CM-1-1-4,raw_target,Refinery Planning,Refinery Planning and Optimization
REL-00442,CM-1-2-5-2-2,uses-input,CM-1-1-4,reason,unique label match to CM-1-1-4; no contradicting context,label filter leaves one candidate: CM-1-1-4; resolution requires context evidence
REL-00443,CM-1-2-5-2-2,uses-input,CM-1-2-5-4-2,confidence,ContextualResolved,CandidateOnly
REL-00443,CM-1-2-5-2-2,uses-input,CM-1-2-5-4-2,decision_reference,Q11+Q12,Q12
REL-00443,CM-1-2-5-2-2,uses-input,CM-1-2-5-4-2,disposition,ResolvedToConcept,SoleCandidate
REL-00443,CM-1-2-5-2-2,uses-input,CM-1-2-5-4-2,emission_decision,emit after mechanical uniqueness validation,HOLD: context-confirmation pass
REL-00443,CM-1-2-5-2-2,uses-input,CM-1-2-5-4-2,evidence,unique exact preferred-label match,"unique exact preferred-label match (candidate filter only, per PR #120)"
REL-00443,CM-1-2-5-2-2,uses-input,CM-1-2-5-4-2,reason,unique label match to CM-1-2-5-4-2; no contradicting context,label filter leaves one candidate: CM-1-2-5-4-2; resolution requires context evidence
REL-00444,CM-1-2-5-2-2,precedes,CM-1-2-5-2-1,confidence,ContextualResolved,CandidateOnly
REL-00444,CM-1-2-5-2-2,precedes,CM-1-2-5-2-1,decision_reference,Q11+Q12,Q12
REL-00444,CM-1-2-5-2-2,precedes,CM-1-2-5-2-1,disposition,ResolvedToConcept,SoleCandidate
REL-00444,CM-1-2-5-2-2,precedes,CM-1-2-5-2-1,emission_decision,emit after mechanical uniqueness validation,HOLD: context-confirmation pass
REL-00444,CM-1-2-5-2-2,precedes,CM-1-2-5-2-1,evidence,unique exact preferred-label match,"unique exact preferred-label match (candidate filter only, per PR #120)"
REL-00444,CM-1-2-5-2-2,precedes,CM-1-2-5-2-1,reason,unique label match to CM-1-2-5-2-1; no contradicting context,label filter leaves one candidate: CM-1-2-5-2-1; resolution requires context evidence
REL-00445,CM-1-2-5-2-3,enables,CM-1-1-4,candidate_labels,Refinery Planning,Refinery Planning and Optimization
REL-00445,CM-1-2-5-2-3,enables,CM-1-1-4,confidence,ContextualResolved,CandidateOnly
REL-00445,CM-1-2-5-2-3,enables,CM-1-1-4,decision_reference,Q11+Q12,Q12
REL-00445,CM-1-2-5-2-3,enables,CM-1-1-4,disposition,ResolvedToConcept,SoleCandidate
REL-00445,CM-1-2-5-2-3,enables,CM-1-1-4,emission_decision,emit after mechanical uniqueness validation,HOLD: context-confirmation pass
REL-00445,CM-1-2-5-2-3,enables,CM-1-1-4,evidence,unique exact preferred-label match,"unique exact preferred-label match (candidate filter only, per PR #120)"
REL-00445,CM-1-2-5-2-3,enables,CM-1-1-4,raw_target,Refinery Planning,Refinery Planning and Optimization
REL-00445,CM-1-2-5-2-3,enables,CM-1-1-4,reason,unique label match to CM-1-1-4; no contradicting context,label filter leaves one candidate: CM-1-1-4; resolution requires context evidence
REL-00446,CM-1-2-5-2-3,uses-input,CM-1-2-5-2-2,confidence,ContextualResolved,CandidateOnly
REL-00446,CM-1-2-5-2-3,uses-input,CM-1-2-5-2-2,decision_reference,Q11+Q12,Q12
REL-00446,CM-1-2-5-2-3,uses-input,CM-1-2-5-2-2,disposition,ResolvedToConcept,SoleCandidate
REL-00446,CM-1-2-5-2-3,uses-input,CM-1-2-5-2-2,emission_decision,emit after mechanical uniqueness validation,HOLD: context-confirmation pass
REL-00446,CM-1-2-5-2-3,uses-input,CM-1-2-5-2-2,evidence,unique exact preferred-label match,"unique exact preferred-label match (candidate filter only, per PR #120)"
REL-00446,CM-1-2-5-2-3,uses-input,CM-1-2-5-2-2,reason,unique label match to CM-1-2-5-2-2; no contradicting context,label filter leaves one candidate: CM-1-2-5-2-2; resolution requires context evidence
REL-00447,CM-1-2-5-2-3,uses-input,CM-1-2-5-1-4,confidence,ContextualResolved,CandidateOnly
REL-00447,CM-1-2-5-2-3,uses-input,CM-1-2-5-1-4,decision_reference,Q11+Q12,Q12
REL-00447,CM-1-2-5-2-3,uses-input,CM-1-2-5-1-4,disposition,ResolvedToConcept,SoleCandidate
REL-00447,CM-1-2-5-2-3,uses-input,CM-1-2-5-1-4,emission_decision,emit after mechanical uniqueness validation,HOLD: context-confirmation pass
REL-00447,CM-1-2-5-2-3,uses-input,CM-1-2-5-1-4,evidence,unique exact preferred-label match,"unique exact preferred-label match (candidate filter only, per PR #120)"
REL-00447,CM-1-2-5-2-3,uses-input,CM-1-2-5-1-4,reason,unique label match to CM-1-2-5-1-4; no contradicting context,label filter leaves one candidate: CM-1-2-5-1-4; resolution requires context evidence
REL-00448,CM-1-2-5-3-1,follows,CM-1-2-5-2-1,confidence,ContextualResolved,CandidateOnly
REL-00448,CM-1-2-5-3-1,follows,CM-1-2-5-2-1,decision_reference,Q11+Q12,Q12
REL-00448,CM-1-2-5-3-1,follows,CM-1-2-5-2-1,disposition,ResolvedToConcept,SoleCandidate
REL-00448,CM-1-2-5-3-1,follows,CM-1-2-5-2-1,emission_decision,emit after mechanical uniqueness validation,HOLD: context-confirmation pass
REL-00448,CM-1-2-5-3-1,follows,CM-1-2-5-2-1,evidence,unique exact preferred-label match,"unique exact preferred-label match (candidate filter only, per PR #120)"
REL-00448,CM-1-2-5-3-1,follows,CM-1-2-5-2-1,reason,unique label match to CM-1-2-5-2-1; no contradicting context,label filter leaves one candidate: CM-1-2-5-2-1; resolution requires context evidence
REL-00449,CM-1-2-5-3-1,precedes,CM-1-2-5-3-2,confidence,ContextualResolved,CandidateOnly
REL-00449,CM-1-2-5-3-1,precedes,CM-1-2-5-3-2,decision_reference,Q11+Q12,Q12
REL-00449,CM-1-2-5-3-1,precedes,CM-1-2-5-3-2,disposition,ResolvedToConcept,SoleCandidate
REL-00449,CM-1-2-5-3-1,precedes,CM-1-2-5-3-2,emission_decision,emit after mechanical uniqueness validation,HOLD: context-confirmation pass
REL-00449,CM-1-2-5-3-1,precedes,CM-1-2-5-3-2,evidence,unique exact preferred-label match,"unique exact preferred-label match (candidate filter only, per PR #120)"
REL-00449,CM-1-2-5-3-1,precedes,CM-1-2-5-3-2,reason,unique label match to CM-1-2-5-3-2; no contradicting context,label filter leaves one candidate: CM-1-2-5-3-2; resolution requires context evidence
REL-00450,CM-1-2-5-3-1,uses-input,CM-1-2-1-2-9,confidence,ContextualResolved,CandidateOnly
REL-00450,CM-1-2-5-3-1,uses-input,CM-1-2-1-2-9,decision_reference,Q11+Q12,Q12
REL-00450,CM-1-2-5-3-1,uses-input,CM-1-2-1-2-9,disposition,ResolvedToConcept,SoleCandidate
REL-00450,CM-1-2-5-3-1,uses-input,CM-1-2-1-2-9,emission_decision,emit after mechanical uniqueness validation,HOLD: context-confirmation pass
REL-00450,CM-1-2-5-3-1,uses-input,CM-1-2-1-2-9,evidence,unique exact preferred-label match,"unique exact preferred-label match (candidate filter only, per PR #120)"
REL-00450,CM-1-2-5-3-1,uses-input,CM-1-2-1-2-9,reason,unique label match to CM-1-2-1-2-9; no contradicting context,label filter leaves one candidate: CM-1-2-1-2-9; resolution requires context evidence
REL-00451,CM-1-2-5-3-2,follows,CM-1-2-5-3-1,confidence,ContextualResolved,CandidateOnly
REL-00451,CM-1-2-5-3-2,follows,CM-1-2-5-3-1,decision_reference,Q11+Q12,Q12
REL-00451,CM-1-2-5-3-2,follows,CM-1-2-5-3-1,disposition,ResolvedToConcept,SoleCandidate
REL-00451,CM-1-2-5-3-2,follows,CM-1-2-5-3-1,emission_decision,emit after mechanical uniqueness validation,HOLD: context-confirmation pass
REL-00451,CM-1-2-5-3-2,follows,CM-1-2-5-3-1,evidence,unique exact preferred-label match,"unique exact preferred-label match (candidate filter only, per PR #120)"
REL-00451,CM-1-2-5-3-2,follows,CM-1-2-5-3-1,reason,unique label match to CM-1-2-5-3-1; no contradicting context,label filter leaves one candidate: CM-1-2-5-3-1; resolution requires context evidence
REL-00452,CM-1-2-5-3-2,precedes,CM-1-2-5-3-3,confidence,ContextualResolved,CandidateOnly
REL-00452,CM-1-2-5-3-2,precedes,CM-1-2-5-3-3,decision_reference,Q11+Q12,Q12
REL-00452,CM-1-2-5-3-2,precedes,CM-1-2-5-3-3,disposition,ResolvedToConcept,SoleCandidate
REL-00452,CM-1-2-5-3-2,precedes,CM-1-2-5-3-3,emission_decision,emit after mechanical uniqueness validation,HOLD: context-confirmation pass
REL-00452,CM-1-2-5-3-2,precedes,CM-1-2-5-3-3,evidence,unique exact preferred-label match,"unique exact preferred-label match (candidate filter only, per PR #120)"
REL-00452,CM-1-2-5-3-2,precedes,CM-1-2-5-3-3,reason,unique label match to CM-1-2-5-3-3; no contradicting context,label filter leaves one candidate: CM-1-2-5-3-3; resolution requires context evidence
REL-00453,CM-1-2-5-3-2,informed-by,CM-1-1-7-2,confidence,ContextualResolved,CandidateOnly
REL-00453,CM-1-2-5-3-2,informed-by,CM-1-1-7-2,decision_reference,Q11+Q12,Q12
REL-00453,CM-1-2-5-3-2,informed-by,CM-1-1-7-2,disposition,ResolvedToConcept,SoleCandidate
REL-00453,CM-1-2-5-3-2,informed-by,CM-1-1-7-2,emission_decision,emit after mechanical uniqueness validation,HOLD: context-confirmation pass
REL-00453,CM-1-2-5-3-2,informed-by,CM-1-1-7-2,evidence,unique exact preferred-label match,"unique exact preferred-label match (candidate filter only, per PR #120)"
REL-00453,CM-1-2-5-3-2,informed-by,CM-1-1-7-2,reason,unique label match to CM-1-1-7-2; no contradicting context,label filter leaves one candidate: CM-1-1-7-2; resolution requires context evidence
REL-00454,CM-1-2-5-3-3,follows,CM-1-2-5-3-2,confidence,ContextualResolved,CandidateOnly
REL-00454,CM-1-2-5-3-3,follows,CM-1-2-5-3-2,decision_reference,Q11+Q12,Q12
REL-00454,CM-1-2-5-3-3,follows,CM-1-2-5-3-2,disposition,ResolvedToConcept,SoleCandidate
REL-00454,CM-1-2-5-3-3,follows,CM-1-2-5-3-2,emission_decision,emit after mechanical uniqueness validation,HOLD: context-confirmation pass
REL-00454,CM-1-2-5-3-3,follows,CM-1-2-5-3-2,evidence,unique exact preferred-label match,"unique exact preferred-label match (candidate filter only, per PR #120)"
REL-00454,CM-1-2-5-3-3,follows,CM-1-2-5-3-2,reason,unique label match to CM-1-2-5-3-2; no contradicting context,label filter leaves one candidate: CM-1-2-5-3-2; resolution requires context evidence
REL-00455,CM-1-2-5-3-3,enables,CM-1-2-3-1-4,confidence,ContextualResolved,CandidateOnly
REL-00455,CM-1-2-5-3-3,enables,CM-1-2-3-1-4,decision_reference,Q11+Q12,Q12
REL-00455,CM-1-2-5-3-3,enables,CM-1-2-3-1-4,disposition,ResolvedToConcept,SoleCandidate
REL-00455,CM-1-2-5-3-3,enables,CM-1-2-3-1-4,emission_decision,emit after mechanical uniqueness validation,HOLD: context-confirmation pass
REL-00455,CM-1-2-5-3-3,enables,CM-1-2-3-1-4,evidence,unique exact preferred-label match,"unique exact preferred-label match (candidate filter only, per PR #120)"
REL-00455,CM-1-2-5-3-3,enables,CM-1-2-3-1-4,reason,unique label match to CM-1-2-3-1-4; no contradicting context,label filter leaves one candidate: CM-1-2-3-1-4; resolution requires context evidence
REL-00456,CM-1-2-5-3-3,informed-by,CM-1-2-5-4-2,confidence,ContextualResolved,CandidateOnly
REL-00456,CM-1-2-5-3-3,informed-by,CM-1-2-5-4-2,decision_reference,Q11+Q12,Q12
REL-00456,CM-1-2-5-3-3,informed-by,CM-1-2-5-4-2,disposition,ResolvedToConcept,SoleCandidate
REL-00456,CM-1-2-5-3-3,informed-by,CM-1-2-5-4-2,emission_decision,emit after mechanical uniqueness validation,HOLD: context-confirmation pass
REL-00456,CM-1-2-5-3-3,informed-by,CM-1-2-5-4-2,evidence,unique exact preferred-label match,"unique exact preferred-label match (candidate filter only, per PR #120)"
REL-00456,CM-1-2-5-3-3,informed-by,CM-1-2-5-4-2,reason,unique label match to CM-1-2-5-4-2; no contradicting context,label filter leaves one candidate: CM-1-2-5-4-2; resolution requires context evidence
REL-00457,CM-1-2-5-4-1,uses-input,CM-1-2-5-4-2,confidence,ContextualResolved,CandidateOnly
REL-00457,CM-1-2-5-4-1,uses-input,CM-1-2-5-4-2,decision_reference,Q11+Q12,Q12
REL-00457,CM-1-2-5-4-1,uses-input,CM-1-2-5-4-2,disposition,ResolvedToConcept,SoleCandidate
REL-00457,CM-1-2-5-4-1,uses-input,CM-1-2-5-4-2,emission_decision,emit after mechanical uniqueness validation,HOLD: context-confirmation pass
REL-00457,CM-1-2-5-4-1,uses-input,CM-1-2-5-4-2,evidence,unique exact preferred-label match,"unique exact preferred-label match (candidate filter only, per PR #120)"
REL-00457,CM-1-2-5-4-1,uses-input,CM-1-2-5-4-2,reason,unique label match to CM-1-2-5-4-2; no contradicting context,label filter leaves one candidate: CM-1-2-5-4-2; resolution requires context evidence
REL-00458,CM-1-2-5-4-1,enables,CM-1-2-1,confidence,ContextualResolved,CandidateOnly
REL-00458,CM-1-2-5-4-1,enables,CM-1-2-1,decision_reference,Q11+Q12,Q12
REL-00458,CM-1-2-5-4-1,enables,CM-1-2-1,disposition,ResolvedToConcept,SoleCandidate
REL-00458,CM-1-2-5-4-1,enables,CM-1-2-1,emission_decision,emit after mechanical uniqueness validation,HOLD: context-confirmation pass
REL-00458,CM-1-2-5-4-1,enables,CM-1-2-1,evidence,unique exact preferred-label match,"unique exact preferred-label match (candidate filter only, per PR #120)"
REL-00458,CM-1-2-5-4-1,enables,CM-1-2-1,reason,unique label match to CM-1-2-1; no contradicting context,label filter leaves one candidate: CM-1-2-1; resolution requires context evidence
REL-00459,CM-1-2-5-4-1,informed-by,CM-1-2-2-3,confidence,ContextualResolved,CandidateOnly
REL-00459,CM-1-2-5-4-1,informed-by,CM-1-2-2-3,decision_reference,Q11+Q12,Q12
REL-00459,CM-1-2-5-4-1,informed-by,CM-1-2-2-3,disposition,ResolvedToConcept,SoleCandidate
REL-00459,CM-1-2-5-4-1,informed-by,CM-1-2-2-3,emission_decision,emit after mechanical uniqueness validation,HOLD: context-confirmation pass
REL-00459,CM-1-2-5-4-1,informed-by,CM-1-2-2-3,evidence,unique exact preferred-label match,"unique exact preferred-label match (candidate filter only, per PR #120)"
REL-00459,CM-1-2-5-4-1,informed-by,CM-1-2-2-3,reason,unique label match to CM-1-2-2-3; no contradicting context,label filter leaves one candidate: CM-1-2-2-3; resolution requires context evidence
REL-00460,CM-1-2-5-4-2,enables,CM-1-2-5-2-2,confidence,ContextualResolved,CandidateOnly
REL-00460,CM-1-2-5-4-2,enables,CM-1-2-5-2-2,decision_reference,Q11+Q12,Q12
REL-00460,CM-1-2-5-4-2,enables,CM-1-2-5-2-2,disposition,ResolvedToConcept,SoleCandidate
REL-00460,CM-1-2-5-4-2,enables,CM-1-2-5-2-2,emission_decision,emit after mechanical uniqueness validation,HOLD: context-confirmation pass
REL-00460,CM-1-2-5-4-2,enables,CM-1-2-5-2-2,evidence,unique exact preferred-label match,"unique exact preferred-label match (candidate filter only, per PR #120)"
REL-00460,CM-1-2-5-4-2,enables,CM-1-2-5-2-2,reason,unique label match to CM-1-2-5-2-2; no contradicting context,label filter leaves one candidate: CM-1-2-5-2-2; resolution requires context evidence
REL-00461,CM-1-2-5-4-2,enables,CM-1-2-5-4-1,confidence,ContextualResolved,CandidateOnly
REL-00461,CM-1-2-5-4-2,enables,CM-1-2-5-4-1,decision_reference,Q11+Q12,Q12
REL-00461,CM-1-2-5-4-2,enables,CM-1-2-5-4-1,disposition,ResolvedToConcept,SoleCandidate
REL-00461,CM-1-2-5-4-2,enables,CM-1-2-5-4-1,emission_decision,emit after mechanical uniqueness validation,HOLD: context-confirmation pass
REL-00461,CM-1-2-5-4-2,enables,CM-1-2-5-4-1,evidence,unique exact preferred-label match,"unique exact preferred-label match (candidate filter only, per PR #120)"
REL-00461,CM-1-2-5-4-2,enables,CM-1-2-5-4-1,reason,unique label match to CM-1-2-5-4-1; no contradicting context,label filter leaves one candidate: CM-1-2-5-4-1; resolution requires context evidence
REL-00462,CM-1-2-5-4-2,informed-by,CM-1-2-5-3,confidence,ContextualResolved,CandidateOnly
REL-00462,CM-1-2-5-4-2,informed-by,CM-1-2-5-3,decision_reference,Q11+Q12,Q12
REL-00462,CM-1-2-5-4-2,informed-by,CM-1-2-5-3,disposition,ResolvedToConcept,SoleCandidate
REL-00462,CM-1-2-5-4-2,informed-by,CM-1-2-5-3,emission_decision,emit after mechanical uniqueness validation,HOLD: context-confirmation pass
REL-00462,CM-1-2-5-4-2,informed-by,CM-1-2-5-3,evidence,unique exact preferred-label match,"unique exact preferred-label match (candidate filter only, per PR #120)"
REL-00462,CM-1-2-5-4-2,informed-by,CM-1-2-5-3,reason,unique label match to CM-1-2-5-3; no contradicting context,label filter leaves one candidate: CM-1-2-5-3; resolution requires context evidence
REL-00463,CM-1-2-6-1-1,enables,CM-1-2-6-1-2,confidence,ContextualResolved,CandidateOnly
REL-00463,CM-1-2-6-1-1,enables,CM-1-2-6-1-2,decision_reference,Q11+Q12,Q12
REL-00463,CM-1-2-6-1-1,enables,CM-1-2-6-1-2,disposition,ResolvedToConcept,SoleCandidate
REL-00463,CM-1-2-6-1-1,enables,CM-1-2-6-1-2,emission_decision,emit after mechanical uniqueness validation,HOLD: context-confirmation pass
REL-00463,CM-1-2-6-1-1,enables,CM-1-2-6-1-2,evidence,unique exact preferred-label match,"unique exact preferred-label match (candidate filter only, per PR #120)"
REL-00463,CM-1-2-6-1-1,enables,CM-1-2-6-1-2,reason,unique label match to CM-1-2-6-1-2; no contradicting context,label filter leaves one candidate: CM-1-2-6-1-2; resolution requires context evidence
REL-00464,CM-1-2-6-1-1,enables,CM-1-2-6-1-3,confidence,ContextualResolved,CandidateOnly
REL-00464,CM-1-2-6-1-1,enables,CM-1-2-6-1-3,decision_reference,Q11+Q12,Q12
REL-00464,CM-1-2-6-1-1,enables,CM-1-2-6-1-3,disposition,ResolvedToConcept,SoleCandidate
REL-00464,CM-1-2-6-1-1,enables,CM-1-2-6-1-3,emission_decision,emit after mechanical uniqueness validation,HOLD: context-confirmation pass
REL-00464,CM-1-2-6-1-1,enables,CM-1-2-6-1-3,evidence,unique exact preferred-label match,"unique exact preferred-label match (candidate filter only, per PR #120)"
REL-00464,CM-1-2-6-1-1,enables,CM-1-2-6-1-3,reason,unique label match to CM-1-2-6-1-3; no contradicting context,label filter leaves one candidate: CM-1-2-6-1-3; resolution requires context evidence
REL-00465,CM-1-2-6-1-2,uses-input,CM-1-2-6-1-1,confidence,ContextualResolved,CandidateOnly
REL-00465,CM-1-2-6-1-2,uses-input,CM-1-2-6-1-1,decision_reference,Q11+Q12,Q12
REL-00465,CM-1-2-6-1-2,uses-input,CM-1-2-6-1-1,disposition,ResolvedToConcept,SoleCandidate
REL-00465,CM-1-2-6-1-2,uses-input,CM-1-2-6-1-1,emission_decision,emit after mechanical uniqueness validation,HOLD: context-confirmation pass
REL-00465,CM-1-2-6-1-2,uses-input,CM-1-2-6-1-1,evidence,unique exact preferred-label match,"unique exact preferred-label match (candidate filter only, per PR #120)"
REL-00465,CM-1-2-6-1-2,uses-input,CM-1-2-6-1-1,reason,unique label match to CM-1-2-6-1-1; no contradicting context,label filter leaves one candidate: CM-1-2-6-1-1; resolution requires context evidence
REL-00466,CM-1-2-6-1-2,enables,CM-1-2-6-1,confidence,Resolved,StableIdentifier
REL-00467,CM-1-2-6-1-2,informed-by,CM-1-2-6-1-3,confidence,ContextualResolved,CandidateOnly
REL-00467,CM-1-2-6-1-2,informed-by,CM-1-2-6-1-3,decision_reference,Q11+Q12,Q12
REL-00467,CM-1-2-6-1-2,informed-by,CM-1-2-6-1-3,disposition,ResolvedToConcept,SoleCandidate
REL-00467,CM-1-2-6-1-2,informed-by,CM-1-2-6-1-3,emission_decision,emit after mechanical uniqueness validation,HOLD: context-confirmation pass
REL-00467,CM-1-2-6-1-2,informed-by,CM-1-2-6-1-3,evidence,unique exact preferred-label match,"unique exact preferred-label match (candidate filter only, per PR #120)"
REL-00467,CM-1-2-6-1-2,informed-by,CM-1-2-6-1-3,reason,unique label match to CM-1-2-6-1-3; no contradicting context,label filter leaves one candidate: CM-1-2-6-1-3; resolution requires context evidence
REL-00468,CM-1-2-6-1-3,uses-input,CM-1-2-6-1-1,confidence,ContextualResolved,CandidateOnly
REL-00468,CM-1-2-6-1-3,uses-input,CM-1-2-6-1-1,decision_reference,Q11+Q12,Q12
REL-00468,CM-1-2-6-1-3,uses-input,CM-1-2-6-1-1,disposition,ResolvedToConcept,SoleCandidate
REL-00468,CM-1-2-6-1-3,uses-input,CM-1-2-6-1-1,emission_decision,emit after mechanical uniqueness validation,HOLD: context-confirmation pass
REL-00468,CM-1-2-6-1-3,uses-input,CM-1-2-6-1-1,evidence,unique exact preferred-label match,"unique exact preferred-label match (candidate filter only, per PR #120)"
REL-00468,CM-1-2-6-1-3,uses-input,CM-1-2-6-1-1,reason,unique label match to CM-1-2-6-1-1; no contradicting context,label filter leaves one candidate: CM-1-2-6-1-1; resolution requires context evidence
REL-00469,CM-1-2-6-1-3,enables,CM-1-2-6-1,confidence,Resolved,StableIdentifier
REL-00470,CM-1-2-6-1-3,uses-input,CM-1-2-4-2,confidence,ContextualResolved,CandidateOnly
REL-00470,CM-1-2-6-1-3,uses-input,CM-1-2-4-2,decision_reference,Q11+Q12,Q12
REL-00470,CM-1-2-6-1-3,uses-input,CM-1-2-4-2,disposition,ResolvedToConcept,SoleCandidate
REL-00470,CM-1-2-6-1-3,uses-input,CM-1-2-4-2,emission_decision,emit after mechanical uniqueness validation,HOLD: context-confirmation pass
REL-00470,CM-1-2-6-1-3,uses-input,CM-1-2-4-2,evidence,unique exact preferred-label match,"unique exact preferred-label match (candidate filter only, per PR #120)"
REL-00470,CM-1-2-6-1-3,uses-input,CM-1-2-4-2,reason,unique label match to CM-1-2-4-2; no contradicting context,label filter leaves one candidate: CM-1-2-4-2; resolution requires context evidence
REL-00471,CM-1-2-6-2-1,uses-input,CM-1-2-6-2-3,confidence,Resolved,StableIdentifier
REL-00472,CM-1-2-6-2-1,enables,CM-1-2-6-3-2,confidence,Resolved,StableIdentifier
REL-00473,CM-1-2-6-2-1,enables,CM-1-1-3-5-2,confidence,ContextualResolved,CandidateOnly
REL-00473,CM-1-2-6-2-1,enables,CM-1-1-3-5-2,decision_reference,Q11+Q12,Q12
REL-00473,CM-1-2-6-2-1,enables,CM-1-1-3-5-2,disposition,ResolvedToConcept,SoleCandidate
REL-00473,CM-1-2-6-2-1,enables,CM-1-1-3-5-2,emission_decision,emit after mechanical uniqueness validation,HOLD: context-confirmation pass
REL-00473,CM-1-2-6-2-1,enables,CM-1-1-3-5-2,evidence,unique exact preferred-label match,"unique exact preferred-label match (candidate filter only, per PR #120)"
REL-00473,CM-1-2-6-2-1,enables,CM-1-1-3-5-2,reason,unique label match to CM-1-1-3-5-2; no contradicting context,label filter leaves one candidate: CM-1-1-3-5-2; resolution requires context evidence
REL-00474,CM-1-2-6-2-2,uses-input,CM-1-2-6-2-1,confidence,ContextualResolved,CandidateOnly
REL-00474,CM-1-2-6-2-2,uses-input,CM-1-2-6-2-1,decision_reference,Q11+Q12,Q12
REL-00474,CM-1-2-6-2-2,uses-input,CM-1-2-6-2-1,disposition,ResolvedToConcept,SoleCandidate
REL-00474,CM-1-2-6-2-2,uses-input,CM-1-2-6-2-1,emission_decision,emit after mechanical uniqueness validation,HOLD: context-confirmation pass
REL-00474,CM-1-2-6-2-2,uses-input,CM-1-2-6-2-1,evidence,unique exact preferred-label match,"unique exact preferred-label match (candidate filter only, per PR #120)"
REL-00474,CM-1-2-6-2-2,uses-input,CM-1-2-6-2-1,reason,unique label match to CM-1-2-6-2-1; no contradicting context,label filter leaves one candidate: CM-1-2-6-2-1; resolution requires context evidence
REL-00475,CM-1-2-6-2-2,enables,CM-1-2-6-3,confidence,ContextualResolved,CandidateOnly
REL-00475,CM-1-2-6-2-2,enables,CM-1-2-6-3,decision_reference,Q11+Q12,Q12
REL-00475,CM-1-2-6-2-2,enables,CM-1-2-6-3,disposition,ResolvedToConcept,SoleCandidate
REL-00475,CM-1-2-6-2-2,enables,CM-1-2-6-3,emission_decision,emit after mechanical uniqueness validation,HOLD: context-confirmation pass
REL-00475,CM-1-2-6-2-2,enables,CM-1-2-6-3,evidence,unique exact preferred-label match,"unique exact preferred-label match (candidate filter only, per PR #120)"
REL-00475,CM-1-2-6-2-2,enables,CM-1-2-6-3,reason,unique label match to CM-1-2-6-3; no contradicting context,label filter leaves one candidate: CM-1-2-6-3; resolution requires context evidence
REL-00476,CM-1-2-6-2-2,informed-by,CM-1-2-7-1-1,confidence,ContextualResolved,CandidateOnly
REL-00476,CM-1-2-6-2-2,informed-by,CM-1-2-7-1-1,decision_reference,Q11+Q12,Q12
REL-00476,CM-1-2-6-2-2,informed-by,CM-1-2-7-1-1,disposition,ResolvedToConcept,SoleCandidate
REL-00476,CM-1-2-6-2-2,informed-by,CM-1-2-7-1-1,emission_decision,emit after mechanical uniqueness validation,HOLD: context-confirmation pass
REL-00476,CM-1-2-6-2-2,informed-by,CM-1-2-7-1-1,evidence,unique exact preferred-label match,"unique exact preferred-label match (candidate filter only, per PR #120)"
REL-00476,CM-1-2-6-2-2,informed-by,CM-1-2-7-1-1,reason,unique label match to CM-1-2-7-1-1; no contradicting context,label filter leaves one candidate: CM-1-2-7-1-1; resolution requires context evidence
REL-00477,CM-1-2-6-2-3,uses-input,CM-1-1-1-1,confidence,Resolved,StableIdentifier
REL-00478,CM-1-2-6-2-3,enables,CM-1-2-6-2-1,confidence,ContextualResolved,CandidateOnly
REL-00478,CM-1-2-6-2-3,enables,CM-1-2-6-2-1,decision_reference,Q11+Q12,Q12
REL-00478,CM-1-2-6-2-3,enables,CM-1-2-6-2-1,disposition,ResolvedToConcept,SoleCandidate
REL-00478,CM-1-2-6-2-3,enables,CM-1-2-6-2-1,emission_decision,emit after mechanical uniqueness validation,HOLD: context-confirmation pass
REL-00478,CM-1-2-6-2-3,enables,CM-1-2-6-2-1,evidence,unique exact preferred-label match,"unique exact preferred-label match (candidate filter only, per PR #120)"
REL-00478,CM-1-2-6-2-3,enables,CM-1-2-6-2-1,reason,unique label match to CM-1-2-6-2-1; no contradicting context,label filter leaves one candidate: CM-1-2-6-2-1; resolution requires context evidence
REL-00479,CM-1-2-6-2-3,enables,CM-1-2-6-3-2,confidence,Resolved,StableIdentifier
REL-00480,CM-1-2-6-3-1,enables,CM-1-2-6-3-2,confidence,Resolved,StableIdentifier
REL-00481,CM-1-2-6-3-1,uses-input,CM-1-2-6-2-2,confidence,ContextualResolved,CandidateOnly
REL-00481,CM-1-2-6-3-1,uses-input,CM-1-2-6-2-2,decision_reference,Q11+Q12,Q12
REL-00481,CM-1-2-6-3-1,uses-input,CM-1-2-6-2-2,disposition,ResolvedToConcept,SoleCandidate
REL-00481,CM-1-2-6-3-1,uses-input,CM-1-2-6-2-2,emission_decision,emit after mechanical uniqueness validation,HOLD: context-confirmation pass
REL-00481,CM-1-2-6-3-1,uses-input,CM-1-2-6-2-2,evidence,unique exact preferred-label match,"unique exact preferred-label match (candidate filter only, per PR #120)"
REL-00481,CM-1-2-6-3-1,uses-input,CM-1-2-6-2-2,reason,unique label match to CM-1-2-6-2-2; no contradicting context,label filter leaves one candidate: CM-1-2-6-2-2; resolution requires context evidence
REL-00482,CM-1-2-6-3-1,uses-input,CM-1-1-3-5-2,confidence,ContextualResolved,CandidateOnly
REL-00482,CM-1-2-6-3-1,uses-input,CM-1-1-3-5-2,decision_reference,Q11+Q12,Q12
REL-00482,CM-1-2-6-3-1,uses-input,CM-1-1-3-5-2,disposition,ResolvedToConcept,SoleCandidate
REL-00482,CM-1-2-6-3-1,uses-input,CM-1-1-3-5-2,emission_decision,emit after mechanical uniqueness validation,HOLD: context-confirmation pass
REL-00482,CM-1-2-6-3-1,uses-input,CM-1-1-3-5-2,evidence,unique exact preferred-label match,"unique exact preferred-label match (candidate filter only, per PR #120)"
REL-00482,CM-1-2-6-3-1,uses-input,CM-1-1-3-5-2,reason,unique label match to CM-1-1-3-5-2; no contradicting context,label filter leaves one candidate: CM-1-1-3-5-2; resolution requires context evidence
REL-00483,CM-1-2-6-3-2,uses-input,CM-1-1-3-7-9,confidence,ContextualResolved,CandidateOnly
REL-00483,CM-1-2-6-3-2,uses-input,CM-1-1-3-7-9,decision_reference,Q11+Q12,Q12
REL-00483,CM-1-2-6-3-2,uses-input,CM-1-1-3-7-9,disposition,ResolvedToConcept,SoleCandidate
REL-00483,CM-1-2-6-3-2,uses-input,CM-1-1-3-7-9,emission_decision,emit after mechanical uniqueness validation,HOLD: context-confirmation pass
REL-00483,CM-1-2-6-3-2,uses-input,CM-1-1-3-7-9,evidence,unique exact preferred-label match,"unique exact preferred-label match (candidate filter only, per PR #120)"
REL-00483,CM-1-2-6-3-2,uses-input,CM-1-1-3-7-9,reason,unique label match to CM-1-1-3-7-9; no contradicting context,label filter leaves one candidate: CM-1-1-3-7-9; resolution requires context evidence
REL-00484,CM-1-2-6-3-2,uses-input,CM-1-2-6-3-1,confidence,Resolved,StableIdentifier
REL-00485,CM-1-2-6-3-2,enables,CM-1-1-3-5-2,confidence,ContextualResolved,CandidateOnly
REL-00485,CM-1-2-6-3-2,enables,CM-1-1-3-5-2,decision_reference,Q11+Q12,Q12
REL-00485,CM-1-2-6-3-2,enables,CM-1-1-3-5-2,disposition,ResolvedToConcept,SoleCandidate
REL-00485,CM-1-2-6-3-2,enables,CM-1-1-3-5-2,emission_decision,emit after mechanical uniqueness validation,HOLD: context-confirmation pass
REL-00485,CM-1-2-6-3-2,enables,CM-1-1-3-5-2,evidence,unique exact preferred-label match,"unique exact preferred-label match (candidate filter only, per PR #120)"
REL-00485,CM-1-2-6-3-2,enables,CM-1-1-3-5-2,reason,unique label match to CM-1-1-3-5-2; no contradicting context,label filter leaves one candidate: CM-1-1-3-5-2; resolution requires context evidence
REL-00486,CM-1-2-6-3-3,follows,CM-1-2-6-3-2,confidence,Resolved,StableIdentifier
REL-00487,CM-1-2-6-3-3,uses-input,CM-1-2-1-2-9,confidence,ContextualResolved,CandidateOnly
REL-00487,CM-1-2-6-3-3,uses-input,CM-1-2-1-2-9,decision_reference,Q11+Q12,Q12
REL-00487,CM-1-2-6-3-3,uses-input,CM-1-2-1-2-9,disposition,ResolvedToConcept,SoleCandidate
REL-00487,CM-1-2-6-3-3,uses-input,CM-1-2-1-2-9,emission_decision,emit after mechanical uniqueness validation,HOLD: context-confirmation pass
REL-00487,CM-1-2-6-3-3,uses-input,CM-1-2-1-2-9,evidence,unique exact preferred-label match,"unique exact preferred-label match (candidate filter only, per PR #120)"
REL-00487,CM-1-2-6-3-3,uses-input,CM-1-2-1-2-9,reason,unique label match to CM-1-2-1-2-9; no contradicting context,label filter leaves one candidate: CM-1-2-1-2-9; resolution requires context evidence
REL-00488,CM-1-2-6-3-3,precedes,CM-1-1-3-6,confidence,ContextualResolved,CandidateOnly
REL-00488,CM-1-2-6-3-3,precedes,CM-1-1-3-6,decision_reference,Q11+Q12,Q12
REL-00488,CM-1-2-6-3-3,precedes,CM-1-1-3-6,disposition,ResolvedToConcept,SoleCandidate
REL-00488,CM-1-2-6-3-3,precedes,CM-1-1-3-6,emission_decision,emit after mechanical uniqueness validation,HOLD: context-confirmation pass
REL-00488,CM-1-2-6-3-3,precedes,CM-1-1-3-6,evidence,unique exact preferred-label match,"unique exact preferred-label match (candidate filter only, per PR #120)"
REL-00488,CM-1-2-6-3-3,precedes,CM-1-1-3-6,reason,unique label match to CM-1-1-3-6; no contradicting context,label filter leaves one candidate: CM-1-1-3-6; resolution requires context evidence
REL-00489,CM-1-2-7-1-1,enables,CM-1-2-6-2-2,confidence,ContextualResolved,CandidateOnly
REL-00489,CM-1-2-7-1-1,enables,CM-1-2-6-2-2,decision_reference,Q11+Q12,Q12
REL-00489,CM-1-2-7-1-1,enables,CM-1-2-6-2-2,disposition,ResolvedToConcept,SoleCandidate
REL-00489,CM-1-2-7-1-1,enables,CM-1-2-6-2-2,emission_decision,emit after mechanical uniqueness validation,HOLD: context-confirmation pass
REL-00489,CM-1-2-7-1-1,enables,CM-1-2-6-2-2,evidence,unique exact preferred-label match,"unique exact preferred-label match (candidate filter only, per PR #120)"
REL-00489,CM-1-2-7-1-1,enables,CM-1-2-6-2-2,reason,unique label match to CM-1-2-6-2-2; no contradicting context,label filter leaves one candidate: CM-1-2-6-2-2; resolution requires context evidence
REL-00491,CM-1-2-7-1-1,precedes,CM-1-2-4-1-2,confidence,ContextualResolved,CandidateOnly
REL-00491,CM-1-2-7-1-1,precedes,CM-1-2-4-1-2,decision_reference,Q11+Q12,Q12
REL-00491,CM-1-2-7-1-1,precedes,CM-1-2-4-1-2,disposition,ResolvedToConcept,SoleCandidate
REL-00491,CM-1-2-7-1-1,precedes,CM-1-2-4-1-2,emission_decision,emit after mechanical uniqueness validation,HOLD: context-confirmation pass
REL-00491,CM-1-2-7-1-1,precedes,CM-1-2-4-1-2,evidence,unique exact preferred-label match,"unique exact preferred-label match (candidate filter only, per PR #120)"
REL-00491,CM-1-2-7-1-1,precedes,CM-1-2-4-1-2,reason,unique label match to CM-1-2-4-1-2; no contradicting context,label filter leaves one candidate: CM-1-2-4-1-2; resolution requires context evidence
REL-00492,CM-1-2-7-1-2,informed-by,CM-1-2-1-2-9,confidence,ContextualResolved,CandidateOnly
REL-00492,CM-1-2-7-1-2,informed-by,CM-1-2-1-2-9,decision_reference,Q11+Q12,Q12
REL-00492,CM-1-2-7-1-2,informed-by,CM-1-2-1-2-9,disposition,ResolvedToConcept,SoleCandidate
REL-00492,CM-1-2-7-1-2,informed-by,CM-1-2-1-2-9,emission_decision,emit after mechanical uniqueness validation,HOLD: context-confirmation pass
REL-00492,CM-1-2-7-1-2,informed-by,CM-1-2-1-2-9,evidence,unique exact preferred-label match,"unique exact preferred-label match (candidate filter only, per PR #120)"
REL-00492,CM-1-2-7-1-2,informed-by,CM-1-2-1-2-9,reason,unique label match to CM-1-2-1-2-9; no contradicting context,label filter leaves one candidate: CM-1-2-1-2-9; resolution requires context evidence
REL-00493,CM-1-2-7-1-2,enables,CM-1-1-3-8,confidence,ContextualResolved,CandidateOnly
REL-00493,CM-1-2-7-1-2,enables,CM-1-1-3-8,decision_reference,Q11+Q12,Q12
REL-00493,CM-1-2-7-1-2,enables,CM-1-1-3-8,disposition,ResolvedToConcept,SoleCandidate
REL-00493,CM-1-2-7-1-2,enables,CM-1-1-3-8,emission_decision,emit after mechanical uniqueness validation,HOLD: context-confirmation pass
REL-00493,CM-1-2-7-1-2,enables,CM-1-1-3-8,evidence,unique exact preferred-label match,"unique exact preferred-label match (candidate filter only, per PR #120)"
REL-00493,CM-1-2-7-1-2,enables,CM-1-1-3-8,reason,unique label match to CM-1-1-3-8; no contradicting context,label filter leaves one candidate: CM-1-1-3-8; resolution requires context evidence
REL-00494,CM-1-2-7-1-2,enables,CM-1-2-4-1,confidence,ContextualResolved,CandidateOnly
REL-00494,CM-1-2-7-1-2,enables,CM-1-2-4-1,decision_reference,Q11+Q12,Q12
REL-00494,CM-1-2-7-1-2,enables,CM-1-2-4-1,disposition,ResolvedToConcept,SoleCandidate
REL-00494,CM-1-2-7-1-2,enables,CM-1-2-4-1,emission_decision,emit after mechanical uniqueness validation,HOLD: context-confirmation pass
REL-00494,CM-1-2-7-1-2,enables,CM-1-2-4-1,evidence,unique exact preferred-label match,"unique exact preferred-label match (candidate filter only, per PR #120)"
REL-00494,CM-1-2-7-1-2,enables,CM-1-2-4-1,reason,unique label match to CM-1-2-4-1; no contradicting context,label filter leaves one candidate: CM-1-2-4-1; resolution requires context evidence
REL-00495,CM-1-2-7-1-3,precedes,CM-1-2-1-2-10,confidence,ContextualResolved,CandidateOnly
REL-00495,CM-1-2-7-1-3,precedes,CM-1-2-1-2-10,decision_reference,Q11+Q12,Q12
REL-00495,CM-1-2-7-1-3,precedes,CM-1-2-1-2-10,disposition,ResolvedToConcept,SoleCandidate
REL-00495,CM-1-2-7-1-3,precedes,CM-1-2-1-2-10,emission_decision,emit after mechanical uniqueness validation,HOLD: context-confirmation pass
REL-00495,CM-1-2-7-1-3,precedes,CM-1-2-1-2-10,evidence,unique exact preferred-label match,"unique exact preferred-label match (candidate filter only, per PR #120)"
REL-00495,CM-1-2-7-1-3,precedes,CM-1-2-1-2-10,reason,unique label match to CM-1-2-1-2-10; no contradicting context,label filter leaves one candidate: CM-1-2-1-2-10; resolution requires context evidence
REL-00496,CM-1-2-7-1-3,precedes,CM-1-2-1-3-5,confidence,ContextualResolved,CandidateOnly
REL-00496,CM-1-2-7-1-3,precedes,CM-1-2-1-3-5,decision_reference,Q11+Q12,Q12
REL-00496,CM-1-2-7-1-3,precedes,CM-1-2-1-3-5,disposition,ResolvedToConcept,SoleCandidate
REL-00496,CM-1-2-7-1-3,precedes,CM-1-2-1-3-5,emission_decision,emit after mechanical uniqueness validation,HOLD: context-confirmation pass
REL-00496,CM-1-2-7-1-3,precedes,CM-1-2-1-3-5,evidence,unique exact preferred-label match,"unique exact preferred-label match (candidate filter only, per PR #120)"
REL-00496,CM-1-2-7-1-3,precedes,CM-1-2-1-3-5,reason,unique label match to CM-1-2-1-3-5; no contradicting context,label filter leaves one candidate: CM-1-2-1-3-5; resolution requires context evidence
REL-00497,CM-1-2-7-1-3,informed-by,CM-1-2-6-3,confidence,ContextualResolved,CandidateOnly
REL-00497,CM-1-2-7-1-3,informed-by,CM-1-2-6-3,decision_reference,Q11+Q12,Q12
REL-00497,CM-1-2-7-1-3,informed-by,CM-1-2-6-3,disposition,ResolvedToConcept,SoleCandidate
REL-00497,CM-1-2-7-1-3,informed-by,CM-1-2-6-3,emission_decision,emit after mechanical uniqueness validation,HOLD: context-confirmation pass
REL-00497,CM-1-2-7-1-3,informed-by,CM-1-2-6-3,evidence,unique exact preferred-label match,"unique exact preferred-label match (candidate filter only, per PR #120)"
REL-00497,CM-1-2-7-1-3,informed-by,CM-1-2-6-3,reason,unique label match to CM-1-2-6-3; no contradicting context,label filter leaves one candidate: CM-1-2-6-3; resolution requires context evidence
REL-00498,CM-1-2-7-2-1,governed-by,CM-1-2-7-2,confidence,ContextualResolved,CandidateOnly
REL-00498,CM-1-2-7-2-1,governed-by,CM-1-2-7-2,decision_reference,Q11+Q12,Q12
REL-00498,CM-1-2-7-2-1,governed-by,CM-1-2-7-2,disposition,ResolvedToConcept,SoleCandidate
REL-00498,CM-1-2-7-2-1,governed-by,CM-1-2-7-2,emission_decision,emit after mechanical uniqueness validation,HOLD: context-confirmation pass
REL-00498,CM-1-2-7-2-1,governed-by,CM-1-2-7-2,evidence,unique exact preferred-label match,"unique exact preferred-label match (candidate filter only, per PR #120)"
REL-00498,CM-1-2-7-2-1,governed-by,CM-1-2-7-2,reason,unique label match to CM-1-2-7-2; no contradicting context,label filter leaves one candidate: CM-1-2-7-2; resolution requires context evidence
REL-00499,CM-1-2-7-2-1,enables,CM-1-2-7-2-3,confidence,ContextualResolved,CandidateOnly
REL-00499,CM-1-2-7-2-1,enables,CM-1-2-7-2-3,decision_reference,Q11+Q12,Q12
REL-00499,CM-1-2-7-2-1,enables,CM-1-2-7-2-3,disposition,ResolvedToConcept,SoleCandidate
REL-00499,CM-1-2-7-2-1,enables,CM-1-2-7-2-3,emission_decision,emit after mechanical uniqueness validation,HOLD: context-confirmation pass
REL-00499,CM-1-2-7-2-1,enables,CM-1-2-7-2-3,evidence,unique exact preferred-label match,"unique exact preferred-label match (candidate filter only, per PR #120)"
REL-00499,CM-1-2-7-2-1,enables,CM-1-2-7-2-3,reason,unique label match to CM-1-2-7-2-3; no contradicting context,label filter leaves one candidate: CM-1-2-7-2-3; resolution requires context evidence
REL-00500,CM-1-2-7-2-1,informed-by,CM-1-2-7-2-2,confidence,ContextualResolved,CandidateOnly
REL-00500,CM-1-2-7-2-1,informed-by,CM-1-2-7-2-2,decision_reference,Q11+Q12,Q12
REL-00500,CM-1-2-7-2-1,informed-by,CM-1-2-7-2-2,disposition,ResolvedToConcept,SoleCandidate
REL-00500,CM-1-2-7-2-1,informed-by,CM-1-2-7-2-2,emission_decision,emit after mechanical uniqueness validation,HOLD: context-confirmation pass
REL-00500,CM-1-2-7-2-1,informed-by,CM-1-2-7-2-2,evidence,unique exact preferred-label match,"unique exact preferred-label match (candidate filter only, per PR #120)"
REL-00500,CM-1-2-7-2-1,informed-by,CM-1-2-7-2-2,reason,unique label match to CM-1-2-7-2-2; no contradicting context,label filter leaves one candidate: CM-1-2-7-2-2; resolution requires context evidence
REL-00501,CM-1-2-7-2-2,enables,CM-1-1-3-8,confidence,ContextualResolved,CandidateOnly
REL-00501,CM-1-2-7-2-2,enables,CM-1-1-3-8,decision_reference,Q11+Q12,Q12
REL-00501,CM-1-2-7-2-2,enables,CM-1-1-3-8,disposition,ResolvedToConcept,SoleCandidate
REL-00501,CM-1-2-7-2-2,enables,CM-1-1-3-8,emission_decision,emit after mechanical uniqueness validation,HOLD: context-confirmation pass
REL-00501,CM-1-2-7-2-2,enables,CM-1-1-3-8,evidence,unique exact preferred-label match,"unique exact preferred-label match (candidate filter only, per PR #120)"
REL-00501,CM-1-2-7-2-2,enables,CM-1-1-3-8,reason,unique label match to CM-1-1-3-8; no contradicting context,label filter leaves one candidate: CM-1-1-3-8; resolution requires context evidence
REL-00502,CM-1-2-7-2-2,governed-by,CM-1-2-7-2,confidence,ContextualResolved,CandidateOnly
REL-00502,CM-1-2-7-2-2,governed-by,CM-1-2-7-2,decision_reference,Q11+Q12,Q12
REL-00502,CM-1-2-7-2-2,governed-by,CM-1-2-7-2,disposition,ResolvedToConcept,SoleCandidate
REL-00502,CM-1-2-7-2-2,governed-by,CM-1-2-7-2,emission_decision,emit after mechanical uniqueness validation,HOLD: context-confirmation pass
REL-00502,CM-1-2-7-2-2,governed-by,CM-1-2-7-2,evidence,unique exact preferred-label match,"unique exact preferred-label match (candidate filter only, per PR #120)"
REL-00502,CM-1-2-7-2-2,governed-by,CM-1-2-7-2,reason,unique label match to CM-1-2-7-2; no contradicting context,label filter leaves one candidate: CM-1-2-7-2; resolution requires context evidence
REL-00503,CM-1-2-7-2-2,informed-by,CM-1-2-7-2-1,confidence,ContextualResolved,CandidateOnly
REL-00503,CM-1-2-7-2-2,informed-by,CM-1-2-7-2-1,decision_reference,Q11+Q12,Q12
REL-00503,CM-1-2-7-2-2,informed-by,CM-1-2-7-2-1,disposition,ResolvedToConcept,SoleCandidate
REL-00503,CM-1-2-7-2-2,informed-by,CM-1-2-7-2-1,emission_decision,emit after mechanical uniqueness validation,HOLD: context-confirmation pass
REL-00503,CM-1-2-7-2-2,informed-by,CM-1-2-7-2-1,evidence,unique exact preferred-label match,"unique exact preferred-label match (candidate filter only, per PR #120)"
REL-00503,CM-1-2-7-2-2,informed-by,CM-1-2-7-2-1,reason,unique label match to CM-1-2-7-2-1; no contradicting context,label filter leaves one candidate: CM-1-2-7-2-1; resolution requires context evidence
REL-00504,CM-1-2-7-2-3,governed-by,CM-1-2-7-2,confidence,ContextualResolved,CandidateOnly
REL-00504,CM-1-2-7-2-3,governed-by,CM-1-2-7-2,decision_reference,Q11+Q12,Q12
REL-00504,CM-1-2-7-2-3,governed-by,CM-1-2-7-2,disposition,ResolvedToConcept,SoleCandidate
REL-00504,CM-1-2-7-2-3,governed-by,CM-1-2-7-2,emission_decision,emit after mechanical uniqueness validation,HOLD: context-confirmation pass
REL-00504,CM-1-2-7-2-3,governed-by,CM-1-2-7-2,evidence,unique exact preferred-label match,"unique exact preferred-label match (candidate filter only, per PR #120)"
REL-00504,CM-1-2-7-2-3,governed-by,CM-1-2-7-2,reason,unique label match to CM-1-2-7-2; no contradicting context,label filter leaves one candidate: CM-1-2-7-2; resolution requires context evidence
REL-00505,CM-1-2-7-2-3,informed-by,CM-1-2-7-2-1,confidence,ContextualResolved,CandidateOnly
REL-00505,CM-1-2-7-2-3,informed-by,CM-1-2-7-2-1,decision_reference,Q11+Q12,Q12
REL-00505,CM-1-2-7-2-3,informed-by,CM-1-2-7-2-1,disposition,ResolvedToConcept,SoleCandidate
REL-00505,CM-1-2-7-2-3,informed-by,CM-1-2-7-2-1,emission_decision,emit after mechanical uniqueness validation,HOLD: context-confirmation pass
REL-00505,CM-1-2-7-2-3,informed-by,CM-1-2-7-2-1,evidence,unique exact preferred-label match,"unique exact preferred-label match (candidate filter only, per PR #120)"
REL-00505,CM-1-2-7-2-3,informed-by,CM-1-2-7-2-1,reason,unique label match to CM-1-2-7-2-1; no contradicting context,label filter leaves one candidate: CM-1-2-7-2-1; resolution requires context evidence
REL-00506,CM-1-2-7-2-3,enables,CM-1-2-6-3,confidence,ContextualResolved,CandidateOnly
REL-00506,CM-1-2-7-2-3,enables,CM-1-2-6-3,decision_reference,Q11+Q12,Q12
REL-00506,CM-1-2-7-2-3,enables,CM-1-2-6-3,disposition,ResolvedToConcept,SoleCandidate
REL-00506,CM-1-2-7-2-3,enables,CM-1-2-6-3,emission_decision,emit after mechanical uniqueness validation,HOLD: context-confirmation pass
REL-00506,CM-1-2-7-2-3,enables,CM-1-2-6-3,evidence,unique exact preferred-label match,"unique exact preferred-label match (candidate filter only, per PR #120)"
REL-00506,CM-1-2-7-2-3,enables,CM-1-2-6-3,reason,unique label match to CM-1-2-6-3; no contradicting context,label filter leaves one candidate: CM-1-2-6-3; resolution requires context evidence
REL-00507,CM-1-3-1-1-1,follows,CM-1-3-1-1-2,emission_decision,emit: approved pattern row; subject to promotion-script exact-row guards,HOLD: targeted human review before emission
REL-00507,CM-1-3-1-1-1,follows,CM-1-3-1-1-2,evidence,source and candidate share parent CM-1-3-1-1 (same decomposition pattern) — sibling review package: APPROVED,source and candidate share parent CM-1-3-1-1 (same decomposition pattern)
REL-00507,CM-1-3-1-1-1,follows,CM-1-3-1-1-2,reason,sibling-step inference within CM-1-3-1-1 — held for human review,sibling-step inference — human review required before emission
REL-00507,CM-1-3-1-1-1,follows,CM-1-3-1-1-2,review_trigger,revalidate if either concept is renamed/reparented,
REL-00508,CM-1-3-1-1-1,precedes,CM-1-3-1-1-3,emission_decision,emit: approved pattern row; subject to promotion-script exact-row guards,HOLD: targeted human review before emission
REL-00508,CM-1-3-1-1-1,precedes,CM-1-3-1-1-3,evidence,source and candidate share parent CM-1-3-1-1 (same decomposition pattern) — sibling review package: APPROVED,source and candidate share parent CM-1-3-1-1 (same decomposition pattern)
REL-00508,CM-1-3-1-1-1,precedes,CM-1-3-1-1-3,reason,sibling-step inference within CM-1-3-1-1 — held for human review,sibling-step inference — human review required before emission
REL-00508,CM-1-3-1-1-1,precedes,CM-1-3-1-1-3,review_trigger,revalidate if either concept is renamed/reparented,
REL-00509,CM-1-3-1-1-1,governed-by,CM-1-3-1-1,confidence,ContextualResolved,CandidateOnly
REL-00509,CM-1-3-1-1-1,governed-by,CM-1-3-1-1,decision_reference,Q11+Q12,Q12
REL-00509,CM-1-3-1-1-1,governed-by,CM-1-3-1-1,disposition,ResolvedToConcept,SoleCandidate
REL-00509,CM-1-3-1-1-1,governed-by,CM-1-3-1-1,emission_decision,emit after mechanical uniqueness validation,HOLD: context-confirmation pass
REL-00509,CM-1-3-1-1-1,governed-by,CM-1-3-1-1,evidence,unique exact preferred-label match,"unique exact preferred-label match (candidate filter only, per PR #120)"
REL-00509,CM-1-3-1-1-1,governed-by,CM-1-3-1-1,reason,unique label match to CM-1-3-1-1; no contradicting context,label filter leaves one candidate: CM-1-3-1-1; resolution requires context evidence
REL-00510,CM-1-3-1-1-2,precedes,CM-1-3-1-1-1,emission_decision,emit: approved pattern row; subject to promotion-script exact-row guards,HOLD: targeted human review before emission
REL-00510,CM-1-3-1-1-2,precedes,CM-1-3-1-1-1,evidence,source and candidate share parent CM-1-3-1-1 (same decomposition pattern) — sibling review package: APPROVED,source and candidate share parent CM-1-3-1-1 (same decomposition pattern)
REL-00510,CM-1-3-1-1-2,precedes,CM-1-3-1-1-1,reason,sibling-step inference within CM-1-3-1-1 — held for human review,sibling-step inference — human review required before emission
REL-00510,CM-1-3-1-1-2,precedes,CM-1-3-1-1-1,review_trigger,revalidate if either concept is renamed/reparented,
REL-00511,CM-1-3-1-1-2,precedes,CM-1-3-1-1-3,emission_decision,emit: approved pattern row; subject to promotion-script exact-row guards,HOLD: targeted human review before emission
REL-00511,CM-1-3-1-1-2,precedes,CM-1-3-1-1-3,evidence,source and candidate share parent CM-1-3-1-1 (same decomposition pattern) — sibling review package: APPROVED,source and candidate share parent CM-1-3-1-1 (same decomposition pattern)
REL-00511,CM-1-3-1-1-2,precedes,CM-1-3-1-1-3,reason,sibling-step inference within CM-1-3-1-1 — held for human review,sibling-step inference — human review required before emission
REL-00511,CM-1-3-1-1-2,precedes,CM-1-3-1-1-3,review_trigger,revalidate if either concept is renamed/reparented,
REL-00512,CM-1-3-1-1-2,precedes,CM-1-3-1-1-4,emission_decision,emit: approved pattern row; subject to promotion-script exact-row guards,HOLD: targeted human review before emission
REL-00512,CM-1-3-1-1-2,precedes,CM-1-3-1-1-4,evidence,source and candidate share parent CM-1-3-1-1 (same decomposition pattern) — sibling review package: APPROVED,source and candidate share parent CM-1-3-1-1 (same decomposition pattern)
REL-00512,CM-1-3-1-1-2,precedes,CM-1-3-1-1-4,reason,sibling-step inference within CM-1-3-1-1 — held for human review,sibling-step inference — human review required before emission
REL-00512,CM-1-3-1-1-2,precedes,CM-1-3-1-1-4,review_trigger,revalidate if either concept is renamed/reparented,
REL-00513,CM-1-3-1-1-2,governed-by,CM-1-3-1-1,confidence,ContextualResolved,CandidateOnly
REL-00513,CM-1-3-1-1-2,governed-by,CM-1-3-1-1,decision_reference,Q11+Q12,Q12
REL-00513,CM-1-3-1-1-2,governed-by,CM-1-3-1-1,disposition,ResolvedToConcept,SoleCandidate
REL-00513,CM-1-3-1-1-2,governed-by,CM-1-3-1-1,emission_decision,emit after mechanical uniqueness validation,HOLD: context-confirmation pass
REL-00513,CM-1-3-1-1-2,governed-by,CM-1-3-1-1,evidence,unique exact preferred-label match,"unique exact preferred-label match (candidate filter only, per PR #120)"
REL-00513,CM-1-3-1-1-2,governed-by,CM-1-3-1-1,reason,unique label match to CM-1-3-1-1; no contradicting context,label filter leaves one candidate: CM-1-3-1-1; resolution requires context evidence
REL-00514,CM-1-3-1-1-3,follows,CM-1-3-1-1-1,emission_decision,emit: approved pattern row; subject to promotion-script exact-row guards,HOLD: targeted human review before emission
REL-00514,CM-1-3-1-1-3,follows,CM-1-3-1-1-1,evidence,source and candidate share parent CM-1-3-1-1 (same decomposition pattern) — sibling review package: APPROVED,source and candidate share parent CM-1-3-1-1 (same decomposition pattern)
REL-00514,CM-1-3-1-1-3,follows,CM-1-3-1-1-1,reason,sibling-step inference within CM-1-3-1-1 — held for human review,sibling-step inference — human review required before emission
REL-00514,CM-1-3-1-1-3,follows,CM-1-3-1-1-1,review_trigger,revalidate if either concept is renamed/reparented,
REL-00515,CM-1-3-1-1-3,precedes,CM-1-3-1-1-4,emission_decision,emit: approved pattern row; subject to promotion-script exact-row guards,HOLD: targeted human review before emission
REL-00515,CM-1-3-1-1-3,precedes,CM-1-3-1-1-4,evidence,source and candidate share parent CM-1-3-1-1 (same decomposition pattern) — sibling review package: APPROVED,source and candidate share parent CM-1-3-1-1 (same decomposition pattern)
REL-00515,CM-1-3-1-1-3,precedes,CM-1-3-1-1-4,reason,sibling-step inference within CM-1-3-1-1 — held for human review,sibling-step inference — human review required before emission
REL-00515,CM-1-3-1-1-3,precedes,CM-1-3-1-1-4,review_trigger,revalidate if either concept is renamed/reparented,
REL-00516,CM-1-3-1-1-4,follows,CM-1-3-1-1-3,emission_decision,emit: approved pattern row; subject to promotion-script exact-row guards,HOLD: targeted human review before emission
REL-00516,CM-1-3-1-1-4,follows,CM-1-3-1-1-3,evidence,source and candidate share parent CM-1-3-1-1 (same decomposition pattern) — sibling review package: APPROVED,source and candidate share parent CM-1-3-1-1 (same decomposition pattern)
REL-00516,CM-1-3-1-1-4,follows,CM-1-3-1-1-3,reason,sibling-step inference within CM-1-3-1-1 — held for human review,sibling-step inference — human review required before emission
REL-00516,CM-1-3-1-1-4,follows,CM-1-3-1-1-3,review_trigger,revalidate if either concept is renamed/reparented,
REL-00517,CM-1-3-1-1-4,enables,CM-1-3-1-6,confidence,Resolved,StableIdentifier
REL-00518,CM-1-3-1-2-1,follows,CM-1-3-1-2-2,emission_decision,emit: approved pattern row; subject to promotion-script exact-row guards,HOLD: targeted human review before emission
REL-00518,CM-1-3-1-2-1,follows,CM-1-3-1-2-2,evidence,source and candidate share parent CM-1-3-1-2 (same decomposition pattern) — sibling review package: APPROVED,source and candidate share parent CM-1-3-1-2 (same decomposition pattern)
REL-00518,CM-1-3-1-2-1,follows,CM-1-3-1-2-2,reason,sibling-step inference within CM-1-3-1-2 — held for human review,sibling-step inference — human review required before emission
REL-00518,CM-1-3-1-2-1,follows,CM-1-3-1-2-2,review_trigger,revalidate if either concept is renamed/reparented,
REL-00519,CM-1-3-1-2-1,precedes,CM-1-3-1-2-3,emission_decision,emit: approved pattern row; subject to promotion-script exact-row guards,HOLD: targeted human review before emission
REL-00519,CM-1-3-1-2-1,precedes,CM-1-3-1-2-3,evidence,source and candidate share parent CM-1-3-1-2 (same decomposition pattern) — sibling review package: APPROVED,source and candidate share parent CM-1-3-1-2 (same decomposition pattern)
REL-00519,CM-1-3-1-2-1,precedes,CM-1-3-1-2-3,reason,sibling-step inference within CM-1-3-1-2 — held for human review,sibling-step inference — human review required before emission
REL-00519,CM-1-3-1-2-1,precedes,CM-1-3-1-2-3,review_trigger,revalidate if either concept is renamed/reparented,
REL-00520,CM-1-3-1-2-1,governed-by,CM-1-3-1-2,confidence,ContextualResolved,CandidateOnly
REL-00520,CM-1-3-1-2-1,governed-by,CM-1-3-1-2,decision_reference,Q11+Q12,Q12
REL-00520,CM-1-3-1-2-1,governed-by,CM-1-3-1-2,disposition,ResolvedToConcept,SoleCandidate
REL-00520,CM-1-3-1-2-1,governed-by,CM-1-3-1-2,emission_decision,emit after mechanical uniqueness validation,HOLD: context-confirmation pass
REL-00520,CM-1-3-1-2-1,governed-by,CM-1-3-1-2,evidence,unique exact preferred-label match,"unique exact preferred-label match (candidate filter only, per PR #120)"
REL-00520,CM-1-3-1-2-1,governed-by,CM-1-3-1-2,reason,unique label match to CM-1-3-1-2; no contradicting context,label filter leaves one candidate: CM-1-3-1-2; resolution requires context evidence
REL-00521,CM-1-3-1-2-2,precedes,CM-1-3-1-2-1,emission_decision,emit: approved pattern row; subject to promotion-script exact-row guards,HOLD: targeted human review before emission
REL-00521,CM-1-3-1-2-2,precedes,CM-1-3-1-2-1,evidence,source and candidate share parent CM-1-3-1-2 (same decomposition pattern) — sibling review package: APPROVED,source and candidate share parent CM-1-3-1-2 (same decomposition pattern)
REL-00521,CM-1-3-1-2-2,precedes,CM-1-3-1-2-1,reason,sibling-step inference within CM-1-3-1-2 — held for human review,sibling-step inference — human review required before emission
REL-00521,CM-1-3-1-2-2,precedes,CM-1-3-1-2-1,review_trigger,revalidate if either concept is renamed/reparented,
REL-00522,CM-1-3-1-2-2,precedes,CM-1-3-1-2-3,emission_decision,emit: approved pattern row; subject to promotion-script exact-row guards,HOLD: targeted human review before emission
REL-00522,CM-1-3-1-2-2,precedes,CM-1-3-1-2-3,evidence,source and candidate share parent CM-1-3-1-2 (same decomposition pattern) — sibling review package: APPROVED,source and candidate share parent CM-1-3-1-2 (same decomposition pattern)
REL-00522,CM-1-3-1-2-2,precedes,CM-1-3-1-2-3,reason,sibling-step inference within CM-1-3-1-2 — held for human review,sibling-step inference — human review required before emission
REL-00522,CM-1-3-1-2-2,precedes,CM-1-3-1-2-3,review_trigger,revalidate if either concept is renamed/reparented,
REL-00523,CM-1-3-1-2-2,precedes,CM-1-3-1-2-4,emission_decision,emit: approved pattern row; subject to promotion-script exact-row guards,HOLD: targeted human review before emission
REL-00523,CM-1-3-1-2-2,precedes,CM-1-3-1-2-4,evidence,source and candidate share parent CM-1-3-1-2 (same decomposition pattern) — sibling review package: APPROVED,source and candidate share parent CM-1-3-1-2 (same decomposition pattern)
REL-00523,CM-1-3-1-2-2,precedes,CM-1-3-1-2-4,reason,sibling-step inference within CM-1-3-1-2 — held for human review,sibling-step inference — human review required before emission
REL-00523,CM-1-3-1-2-2,precedes,CM-1-3-1-2-4,review_trigger,revalidate if either concept is renamed/reparented,
REL-00524,CM-1-3-1-2-2,governed-by,CM-1-3-1-2,confidence,ContextualResolved,CandidateOnly
REL-00524,CM-1-3-1-2-2,governed-by,CM-1-3-1-2,decision_reference,Q11+Q12,Q12
REL-00524,CM-1-3-1-2-2,governed-by,CM-1-3-1-2,disposition,ResolvedToConcept,SoleCandidate
REL-00524,CM-1-3-1-2-2,governed-by,CM-1-3-1-2,emission_decision,emit after mechanical uniqueness validation,HOLD: context-confirmation pass
REL-00524,CM-1-3-1-2-2,governed-by,CM-1-3-1-2,evidence,unique exact preferred-label match,"unique exact preferred-label match (candidate filter only, per PR #120)"
REL-00524,CM-1-3-1-2-2,governed-by,CM-1-3-1-2,reason,unique label match to CM-1-3-1-2; no contradicting context,label filter leaves one candidate: CM-1-3-1-2; resolution requires context evidence
REL-00525,CM-1-3-1-2-3,follows,CM-1-3-1-2-1,emission_decision,emit: approved pattern row; subject to promotion-script exact-row guards,HOLD: targeted human review before emission
REL-00525,CM-1-3-1-2-3,follows,CM-1-3-1-2-1,evidence,source and candidate share parent CM-1-3-1-2 (same decomposition pattern) — sibling review package: APPROVED,source and candidate share parent CM-1-3-1-2 (same decomposition pattern)
REL-00525,CM-1-3-1-2-3,follows,CM-1-3-1-2-1,reason,sibling-step inference within CM-1-3-1-2 — held for human review,sibling-step inference — human review required before emission
REL-00525,CM-1-3-1-2-3,follows,CM-1-3-1-2-1,review_trigger,revalidate if either concept is renamed/reparented,
REL-00526,CM-1-3-1-2-3,precedes,CM-1-3-1-2-4,emission_decision,emit: approved pattern row; subject to promotion-script exact-row guards,HOLD: targeted human review before emission
REL-00526,CM-1-3-1-2-3,precedes,CM-1-3-1-2-4,evidence,source and candidate share parent CM-1-3-1-2 (same decomposition pattern) — sibling review package: APPROVED,source and candidate share parent CM-1-3-1-2 (same decomposition pattern)
REL-00526,CM-1-3-1-2-3,precedes,CM-1-3-1-2-4,reason,sibling-step inference within CM-1-3-1-2 — held for human review,sibling-step inference — human review required before emission
REL-00526,CM-1-3-1-2-3,precedes,CM-1-3-1-2-4,review_trigger,revalidate if either concept is renamed/reparented,
REL-00527,CM-1-3-1-2-4,follows,CM-1-3-1-2-3,emission_decision,emit: approved pattern row; subject to promotion-script exact-row guards,HOLD: targeted human review before emission
REL-00527,CM-1-3-1-2-4,follows,CM-1-3-1-2-3,evidence,source and candidate share parent CM-1-3-1-2 (same decomposition pattern) — sibling review package: APPROVED,source and candidate share parent CM-1-3-1-2 (same decomposition pattern)
REL-00527,CM-1-3-1-2-4,follows,CM-1-3-1-2-3,reason,sibling-step inference within CM-1-3-1-2 — held for human review,sibling-step inference — human review required before emission
REL-00527,CM-1-3-1-2-4,follows,CM-1-3-1-2-3,review_trigger,revalidate if either concept is renamed/reparented,
REL-00528,CM-1-3-1-2-4,enables,CM-1-3-1-6,confidence,Resolved,StableIdentifier
REL-00529,CM-1-3-1-3-1,follows,CM-1-3-1-3-2,emission_decision,emit: approved pattern row; subject to promotion-script exact-row guards,HOLD: targeted human review before emission
REL-00529,CM-1-3-1-3-1,follows,CM-1-3-1-3-2,evidence,source and candidate share parent CM-1-3-1-3 (same decomposition pattern) — sibling review package: APPROVED,source and candidate share parent CM-1-3-1-3 (same decomposition pattern)
REL-00529,CM-1-3-1-3-1,follows,CM-1-3-1-3-2,reason,sibling-step inference within CM-1-3-1-3 — held for human review,sibling-step inference — human review required before emission
REL-00529,CM-1-3-1-3-1,follows,CM-1-3-1-3-2,review_trigger,revalidate if either concept is renamed/reparented,
REL-00530,CM-1-3-1-3-1,precedes,CM-1-3-1-3-3,emission_decision,emit: approved pattern row; subject to promotion-script exact-row guards,HOLD: targeted human review before emission
REL-00530,CM-1-3-1-3-1,precedes,CM-1-3-1-3-3,evidence,source and candidate share parent CM-1-3-1-3 (same decomposition pattern) — sibling review package: APPROVED,source and candidate share parent CM-1-3-1-3 (same decomposition pattern)
REL-00530,CM-1-3-1-3-1,precedes,CM-1-3-1-3-3,reason,sibling-step inference within CM-1-3-1-3 — held for human review,sibling-step inference — human review required before emission
REL-00530,CM-1-3-1-3-1,precedes,CM-1-3-1-3-3,review_trigger,revalidate if either concept is renamed/reparented,
REL-00531,CM-1-3-1-3-1,governed-by,CM-1-3-1-3,confidence,ContextualResolved,CandidateOnly
REL-00531,CM-1-3-1-3-1,governed-by,CM-1-3-1-3,decision_reference,Q11+Q12,Q12
REL-00531,CM-1-3-1-3-1,governed-by,CM-1-3-1-3,disposition,ResolvedToConcept,SoleCandidate
REL-00531,CM-1-3-1-3-1,governed-by,CM-1-3-1-3,emission_decision,emit after mechanical uniqueness validation,HOLD: context-confirmation pass
REL-00531,CM-1-3-1-3-1,governed-by,CM-1-3-1-3,evidence,unique exact preferred-label match,"unique exact preferred-label match (candidate filter only, per PR #120)"
REL-00531,CM-1-3-1-3-1,governed-by,CM-1-3-1-3,reason,unique label match to CM-1-3-1-3; no contradicting context,label filter leaves one candidate: CM-1-3-1-3; resolution requires context evidence
REL-00532,CM-1-3-1-3-2,precedes,CM-1-3-1-3-1,emission_decision,emit: approved pattern row; subject to promotion-script exact-row guards,HOLD: targeted human review before emission
REL-00532,CM-1-3-1-3-2,precedes,CM-1-3-1-3-1,evidence,source and candidate share parent CM-1-3-1-3 (same decomposition pattern) — sibling review package: APPROVED,source and candidate share parent CM-1-3-1-3 (same decomposition pattern)
REL-00532,CM-1-3-1-3-2,precedes,CM-1-3-1-3-1,reason,sibling-step inference within CM-1-3-1-3 — held for human review,sibling-step inference — human review required before emission
REL-00532,CM-1-3-1-3-2,precedes,CM-1-3-1-3-1,review_trigger,revalidate if either concept is renamed/reparented,
REL-00533,CM-1-3-1-3-2,precedes,CM-1-3-1-3-3,emission_decision,emit: approved pattern row; subject to promotion-script exact-row guards,HOLD: targeted human review before emission
REL-00533,CM-1-3-1-3-2,precedes,CM-1-3-1-3-3,evidence,source and candidate share parent CM-1-3-1-3 (same decomposition pattern) — sibling review package: APPROVED,source and candidate share parent CM-1-3-1-3 (same decomposition pattern)
REL-00533,CM-1-3-1-3-2,precedes,CM-1-3-1-3-3,reason,sibling-step inference within CM-1-3-1-3 — held for human review,sibling-step inference — human review required before emission
REL-00533,CM-1-3-1-3-2,precedes,CM-1-3-1-3-3,review_trigger,revalidate if either concept is renamed/reparented,
REL-00534,CM-1-3-1-3-2,precedes,CM-1-3-1-3-4,emission_decision,emit: approved pattern row; subject to promotion-script exact-row guards,HOLD: targeted human review before emission
REL-00534,CM-1-3-1-3-2,precedes,CM-1-3-1-3-4,evidence,source and candidate share parent CM-1-3-1-3 (same decomposition pattern) — sibling review package: APPROVED,source and candidate share parent CM-1-3-1-3 (same decomposition pattern)
REL-00534,CM-1-3-1-3-2,precedes,CM-1-3-1-3-4,reason,sibling-step inference within CM-1-3-1-3 — held for human review,sibling-step inference — human review required before emission
REL-00534,CM-1-3-1-3-2,precedes,CM-1-3-1-3-4,review_trigger,revalidate if either concept is renamed/reparented,
REL-00535,CM-1-3-1-3-2,governed-by,CM-1-3-1-3,confidence,ContextualResolved,CandidateOnly
REL-00535,CM-1-3-1-3-2,governed-by,CM-1-3-1-3,decision_reference,Q11+Q12,Q12
REL-00535,CM-1-3-1-3-2,governed-by,CM-1-3-1-3,disposition,ResolvedToConcept,SoleCandidate
REL-00535,CM-1-3-1-3-2,governed-by,CM-1-3-1-3,emission_decision,emit after mechanical uniqueness validation,HOLD: context-confirmation pass
REL-00535,CM-1-3-1-3-2,governed-by,CM-1-3-1-3,evidence,unique exact preferred-label match,"unique exact preferred-label match (candidate filter only, per PR #120)"
REL-00535,CM-1-3-1-3-2,governed-by,CM-1-3-1-3,reason,unique label match to CM-1-3-1-3; no contradicting context,label filter leaves one candidate: CM-1-3-1-3; resolution requires context evidence
REL-00536,CM-1-3-1-3-3,follows,CM-1-3-1-3-1,emission_decision,emit: approved pattern row; subject to promotion-script exact-row guards,HOLD: targeted human review before emission
REL-00536,CM-1-3-1-3-3,follows,CM-1-3-1-3-1,evidence,source and candidate share parent CM-1-3-1-3 (same decomposition pattern) — sibling review package: APPROVED,source and candidate share parent CM-1-3-1-3 (same decomposition pattern)
REL-00536,CM-1-3-1-3-3,follows,CM-1-3-1-3-1,reason,sibling-step inference within CM-1-3-1-3 — held for human review,sibling-step inference — human review required before emission
REL-00536,CM-1-3-1-3-3,follows,CM-1-3-1-3-1,review_trigger,revalidate if either concept is renamed/reparented,
REL-00537,CM-1-3-1-3-3,precedes,CM-1-3-1-3-4,emission_decision,emit: approved pattern row; subject to promotion-script exact-row guards,HOLD: targeted human review before emission
REL-00537,CM-1-3-1-3-3,precedes,CM-1-3-1-3-4,evidence,source and candidate share parent CM-1-3-1-3 (same decomposition pattern) — sibling review package: APPROVED,source and candidate share parent CM-1-3-1-3 (same decomposition pattern)
REL-00537,CM-1-3-1-3-3,precedes,CM-1-3-1-3-4,reason,sibling-step inference within CM-1-3-1-3 — held for human review,sibling-step inference — human review required before emission
REL-00537,CM-1-3-1-3-3,precedes,CM-1-3-1-3-4,review_trigger,revalidate if either concept is renamed/reparented,
REL-00538,CM-1-3-1-3-4,follows,CM-1-3-1-3-3,emission_decision,emit: approved pattern row; subject to promotion-script exact-row guards,HOLD: targeted human review before emission
REL-00538,CM-1-3-1-3-4,follows,CM-1-3-1-3-3,evidence,source and candidate share parent CM-1-3-1-3 (same decomposition pattern) — sibling review package: APPROVED,source and candidate share parent CM-1-3-1-3 (same decomposition pattern)
REL-00538,CM-1-3-1-3-4,follows,CM-1-3-1-3-3,reason,sibling-step inference within CM-1-3-1-3 — held for human review,sibling-step inference — human review required before emission
REL-00538,CM-1-3-1-3-4,follows,CM-1-3-1-3-3,review_trigger,revalidate if either concept is renamed/reparented,
REL-00539,CM-1-3-1-3-4,enables,CM-1-3-1-6,confidence,Resolved,StableIdentifier
REL-00540,CM-1-3-1-4-1,follows,CM-1-3-1-4-2,emission_decision,emit: approved pattern row; subject to promotion-script exact-row guards,HOLD: targeted human review before emission
REL-00540,CM-1-3-1-4-1,follows,CM-1-3-1-4-2,evidence,source and candidate share parent CM-1-3-1-4 (same decomposition pattern) — sibling review package: APPROVED,source and candidate share parent CM-1-3-1-4 (same decomposition pattern)
REL-00540,CM-1-3-1-4-1,follows,CM-1-3-1-4-2,reason,sibling-step inference within CM-1-3-1-4 — held for human review,sibling-step inference — human review required before emission
REL-00540,CM-1-3-1-4-1,follows,CM-1-3-1-4-2,review_trigger,revalidate if either concept is renamed/reparented,
REL-00541,CM-1-3-1-4-1,precedes,CM-1-3-1-4-3,emission_decision,emit: approved pattern row; subject to promotion-script exact-row guards,HOLD: targeted human review before emission
REL-00541,CM-1-3-1-4-1,precedes,CM-1-3-1-4-3,evidence,source and candidate share parent CM-1-3-1-4 (same decomposition pattern) — sibling review package: APPROVED,source and candidate share parent CM-1-3-1-4 (same decomposition pattern)
REL-00541,CM-1-3-1-4-1,precedes,CM-1-3-1-4-3,reason,sibling-step inference within CM-1-3-1-4 — held for human review,sibling-step inference — human review required before emission
REL-00541,CM-1-3-1-4-1,precedes,CM-1-3-1-4-3,review_trigger,revalidate if either concept is renamed/reparented,
REL-00542,CM-1-3-1-4-1,governed-by,CM-1-3-1-4,confidence,ContextualResolved,CandidateOnly
REL-00542,CM-1-3-1-4-1,governed-by,CM-1-3-1-4,decision_reference,Q11+Q12,Q12
REL-00542,CM-1-3-1-4-1,governed-by,CM-1-3-1-4,disposition,ResolvedToConcept,SoleCandidate
REL-00542,CM-1-3-1-4-1,governed-by,CM-1-3-1-4,emission_decision,emit after mechanical uniqueness validation,HOLD: context-confirmation pass
REL-00542,CM-1-3-1-4-1,governed-by,CM-1-3-1-4,evidence,unique exact preferred-label match,"unique exact preferred-label match (candidate filter only, per PR #120)"
REL-00542,CM-1-3-1-4-1,governed-by,CM-1-3-1-4,reason,unique label match to CM-1-3-1-4; no contradicting context,label filter leaves one candidate: CM-1-3-1-4; resolution requires context evidence
REL-00543,CM-1-3-1-4-2,precedes,CM-1-3-1-4-1,emission_decision,emit: approved pattern row; subject to promotion-script exact-row guards,HOLD: targeted human review before emission
REL-00543,CM-1-3-1-4-2,precedes,CM-1-3-1-4-1,evidence,source and candidate share parent CM-1-3-1-4 (same decomposition pattern) — sibling review package: APPROVED,source and candidate share parent CM-1-3-1-4 (same decomposition pattern)
REL-00543,CM-1-3-1-4-2,precedes,CM-1-3-1-4-1,reason,sibling-step inference within CM-1-3-1-4 — held for human review,sibling-step inference — human review required before emission
REL-00543,CM-1-3-1-4-2,precedes,CM-1-3-1-4-1,review_trigger,revalidate if either concept is renamed/reparented,
REL-00544,CM-1-3-1-4-2,precedes,CM-1-3-1-4-3,emission_decision,emit: approved pattern row; subject to promotion-script exact-row guards,HOLD: targeted human review before emission
REL-00544,CM-1-3-1-4-2,precedes,CM-1-3-1-4-3,evidence,source and candidate share parent CM-1-3-1-4 (same decomposition pattern) — sibling review package: APPROVED,source and candidate share parent CM-1-3-1-4 (same decomposition pattern)
REL-00544,CM-1-3-1-4-2,precedes,CM-1-3-1-4-3,reason,sibling-step inference within CM-1-3-1-4 — held for human review,sibling-step inference — human review required before emission
REL-00544,CM-1-3-1-4-2,precedes,CM-1-3-1-4-3,review_trigger,revalidate if either concept is renamed/reparented,
REL-00545,CM-1-3-1-4-2,precedes,CM-1-3-1-4-4,emission_decision,emit: approved pattern row; subject to promotion-script exact-row guards,HOLD: targeted human review before emission
REL-00545,CM-1-3-1-4-2,precedes,CM-1-3-1-4-4,evidence,source and candidate share parent CM-1-3-1-4 (same decomposition pattern) — sibling review package: APPROVED,source and candidate share parent CM-1-3-1-4 (same decomposition pattern)
REL-00545,CM-1-3-1-4-2,precedes,CM-1-3-1-4-4,reason,sibling-step inference within CM-1-3-1-4 — held for human review,sibling-step inference — human review required before emission
REL-00545,CM-1-3-1-4-2,precedes,CM-1-3-1-4-4,review_trigger,revalidate if either concept is renamed/reparented,
REL-00546,CM-1-3-1-4-2,governed-by,CM-1-3-1-4,confidence,ContextualResolved,CandidateOnly
REL-00546,CM-1-3-1-4-2,governed-by,CM-1-3-1-4,decision_reference,Q11+Q12,Q12
REL-00546,CM-1-3-1-4-2,governed-by,CM-1-3-1-4,disposition,ResolvedToConcept,SoleCandidate
REL-00546,CM-1-3-1-4-2,governed-by,CM-1-3-1-4,emission_decision,emit after mechanical uniqueness validation,HOLD: context-confirmation pass
REL-00546,CM-1-3-1-4-2,governed-by,CM-1-3-1-4,evidence,unique exact preferred-label match,"unique exact preferred-label match (candidate filter only, per PR #120)"
REL-00546,CM-1-3-1-4-2,governed-by,CM-1-3-1-4,reason,unique label match to CM-1-3-1-4; no contradicting context,label filter leaves one candidate: CM-1-3-1-4; resolution requires context evidence
REL-00547,CM-1-3-1-4-3,follows,CM-1-3-1-4-1,emission_decision,emit: approved pattern row; subject to promotion-script exact-row guards,HOLD: targeted human review before emission
REL-00547,CM-1-3-1-4-3,follows,CM-1-3-1-4-1,evidence,source and candidate share parent CM-1-3-1-4 (same decomposition pattern) — sibling review package: APPROVED,source and candidate share parent CM-1-3-1-4 (same decomposition pattern)
REL-00547,CM-1-3-1-4-3,follows,CM-1-3-1-4-1,reason,sibling-step inference within CM-1-3-1-4 — held for human review,sibling-step inference — human review required before emission
REL-00547,CM-1-3-1-4-3,follows,CM-1-3-1-4-1,review_trigger,revalidate if either concept is renamed/reparented,
REL-00548,CM-1-3-1-4-3,precedes,CM-1-3-1-4-4,emission_decision,emit: approved pattern row; subject to promotion-script exact-row guards,HOLD: targeted human review before emission
REL-00548,CM-1-3-1-4-3,precedes,CM-1-3-1-4-4,evidence,source and candidate share parent CM-1-3-1-4 (same decomposition pattern) — sibling review package: APPROVED,source and candidate share parent CM-1-3-1-4 (same decomposition pattern)
REL-00548,CM-1-3-1-4-3,precedes,CM-1-3-1-4-4,reason,sibling-step inference within CM-1-3-1-4 — held for human review,sibling-step inference — human review required before emission
REL-00548,CM-1-3-1-4-3,precedes,CM-1-3-1-4-4,review_trigger,revalidate if either concept is renamed/reparented,
REL-00549,CM-1-3-1-4-3,uses-input,CM-1-2-6-1-3,confidence,ContextualResolved,CandidateOnly
REL-00549,CM-1-3-1-4-3,uses-input,CM-1-2-6-1-3,decision_reference,Q11+Q12,Q12
REL-00549,CM-1-3-1-4-3,uses-input,CM-1-2-6-1-3,disposition,ResolvedToConcept,SoleCandidate
REL-00549,CM-1-3-1-4-3,uses-input,CM-1-2-6-1-3,emission_decision,emit after mechanical uniqueness validation,HOLD: context-confirmation pass
REL-00549,CM-1-3-1-4-3,uses-input,CM-1-2-6-1-3,evidence,unique exact preferred-label match,"unique exact preferred-label match (candidate filter only, per PR #120)"
REL-00549,CM-1-3-1-4-3,uses-input,CM-1-2-6-1-3,reason,unique label match to CM-1-2-6-1-3; no contradicting context,label filter leaves one candidate: CM-1-2-6-1-3; resolution requires context evidence
REL-00550,CM-1-3-1-4-4,follows,CM-1-3-1-4-3,emission_decision,emit: approved pattern row; subject to promotion-script exact-row guards,HOLD: targeted human review before emission
REL-00550,CM-1-3-1-4-4,follows,CM-1-3-1-4-3,evidence,source and candidate share parent CM-1-3-1-4 (same decomposition pattern) — sibling review package: APPROVED,source and candidate share parent CM-1-3-1-4 (same decomposition pattern)
REL-00550,CM-1-3-1-4-4,follows,CM-1-3-1-4-3,reason,sibling-step inference within CM-1-3-1-4 — held for human review,sibling-step inference — human review required before emission
REL-00550,CM-1-3-1-4-4,follows,CM-1-3-1-4-3,review_trigger,revalidate if either concept is renamed/reparented,
REL-00551,CM-1-3-1-4-4,enables,CM-1-3-1-6,confidence,Resolved,StableIdentifier
REL-00552,CM-1-3-1-5-1,follows,CM-1-3-1-5-2,emission_decision,emit: approved pattern row; subject to promotion-script exact-row guards,HOLD: targeted human review before emission
REL-00552,CM-1-3-1-5-1,follows,CM-1-3-1-5-2,evidence,source and candidate share parent CM-1-3-1-5 (same decomposition pattern) — sibling review package: APPROVED,source and candidate share parent CM-1-3-1-5 (same decomposition pattern)
REL-00552,CM-1-3-1-5-1,follows,CM-1-3-1-5-2,reason,sibling-step inference within CM-1-3-1-5 — held for human review,sibling-step inference — human review required before emission
REL-00552,CM-1-3-1-5-1,follows,CM-1-3-1-5-2,review_trigger,revalidate if either concept is renamed/reparented,
REL-00553,CM-1-3-1-5-1,precedes,CM-1-3-1-5-3,emission_decision,emit: approved pattern row; subject to promotion-script exact-row guards,HOLD: targeted human review before emission
REL-00553,CM-1-3-1-5-1,precedes,CM-1-3-1-5-3,evidence,source and candidate share parent CM-1-3-1-5 (same decomposition pattern) — sibling review package: APPROVED,source and candidate share parent CM-1-3-1-5 (same decomposition pattern)
REL-00553,CM-1-3-1-5-1,precedes,CM-1-3-1-5-3,reason,sibling-step inference within CM-1-3-1-5 — held for human review,sibling-step inference — human review required before emission
REL-00553,CM-1-3-1-5-1,precedes,CM-1-3-1-5-3,review_trigger,revalidate if either concept is renamed/reparented,
REL-00554,CM-1-3-1-5-1,governed-by,CM-1-3-1-5,confidence,ContextualResolved,CandidateOnly
REL-00554,CM-1-3-1-5-1,governed-by,CM-1-3-1-5,decision_reference,Q11+Q12,Q12
REL-00554,CM-1-3-1-5-1,governed-by,CM-1-3-1-5,disposition,ResolvedToConcept,SoleCandidate
REL-00554,CM-1-3-1-5-1,governed-by,CM-1-3-1-5,emission_decision,emit after mechanical uniqueness validation,HOLD: context-confirmation pass
REL-00554,CM-1-3-1-5-1,governed-by,CM-1-3-1-5,evidence,unique exact preferred-label match,"unique exact preferred-label match (candidate filter only, per PR #120)"
REL-00554,CM-1-3-1-5-1,governed-by,CM-1-3-1-5,reason,unique label match to CM-1-3-1-5; no contradicting context,label filter leaves one candidate: CM-1-3-1-5; resolution requires context evidence
REL-00555,CM-1-3-1-5-2,precedes,CM-1-3-1-5-1,emission_decision,emit: approved pattern row; subject to promotion-script exact-row guards,HOLD: targeted human review before emission
REL-00555,CM-1-3-1-5-2,precedes,CM-1-3-1-5-1,evidence,source and candidate share parent CM-1-3-1-5 (same decomposition pattern) — sibling review package: APPROVED,source and candidate share parent CM-1-3-1-5 (same decomposition pattern)
REL-00555,CM-1-3-1-5-2,precedes,CM-1-3-1-5-1,reason,sibling-step inference within CM-1-3-1-5 — held for human review,sibling-step inference — human review required before emission
REL-00555,CM-1-3-1-5-2,precedes,CM-1-3-1-5-1,review_trigger,revalidate if either concept is renamed/reparented,
REL-00556,CM-1-3-1-5-2,precedes,CM-1-3-1-5-3,emission_decision,emit: approved pattern row; subject to promotion-script exact-row guards,HOLD: targeted human review before emission
REL-00556,CM-1-3-1-5-2,precedes,CM-1-3-1-5-3,evidence,source and candidate share parent CM-1-3-1-5 (same decomposition pattern) — sibling review package: APPROVED,source and candidate share parent CM-1-3-1-5 (same decomposition pattern)
REL-00556,CM-1-3-1-5-2,precedes,CM-1-3-1-5-3,reason,sibling-step inference within CM-1-3-1-5 — held for human review,sibling-step inference — human review required before emission
REL-00556,CM-1-3-1-5-2,precedes,CM-1-3-1-5-3,review_trigger,revalidate if either concept is renamed/reparented,
REL-00557,CM-1-3-1-5-2,precedes,CM-1-3-1-5-4,emission_decision,emit: approved pattern row; subject to promotion-script exact-row guards,HOLD: targeted human review before emission
REL-00557,CM-1-3-1-5-2,precedes,CM-1-3-1-5-4,evidence,source and candidate share parent CM-1-3-1-5 (same decomposition pattern) — sibling review package: APPROVED,source and candidate share parent CM-1-3-1-5 (same decomposition pattern)
REL-00557,CM-1-3-1-5-2,precedes,CM-1-3-1-5-4,reason,sibling-step inference within CM-1-3-1-5 — held for human review,sibling-step inference — human review required before emission
REL-00557,CM-1-3-1-5-2,precedes,CM-1-3-1-5-4,review_trigger,revalidate if either concept is renamed/reparented,
REL-00558,CM-1-3-1-5-2,governed-by,CM-1-3-1-5,confidence,ContextualResolved,CandidateOnly
REL-00558,CM-1-3-1-5-2,governed-by,CM-1-3-1-5,decision_reference,Q11+Q12,Q12
REL-00558,CM-1-3-1-5-2,governed-by,CM-1-3-1-5,disposition,ResolvedToConcept,SoleCandidate
REL-00558,CM-1-3-1-5-2,governed-by,CM-1-3-1-5,emission_decision,emit after mechanical uniqueness validation,HOLD: context-confirmation pass
REL-00558,CM-1-3-1-5-2,governed-by,CM-1-3-1-5,evidence,unique exact preferred-label match,"unique exact preferred-label match (candidate filter only, per PR #120)"
REL-00558,CM-1-3-1-5-2,governed-by,CM-1-3-1-5,reason,unique label match to CM-1-3-1-5; no contradicting context,label filter leaves one candidate: CM-1-3-1-5; resolution requires context evidence
REL-00559,CM-1-3-1-5-3,follows,CM-1-3-1-5-1,emission_decision,emit: approved pattern row; subject to promotion-script exact-row guards,HOLD: targeted human review before emission
REL-00559,CM-1-3-1-5-3,follows,CM-1-3-1-5-1,evidence,source and candidate share parent CM-1-3-1-5 (same decomposition pattern) — sibling review package: APPROVED,source and candidate share parent CM-1-3-1-5 (same decomposition pattern)
REL-00559,CM-1-3-1-5-3,follows,CM-1-3-1-5-1,reason,sibling-step inference within CM-1-3-1-5 — held for human review,sibling-step inference — human review required before emission
REL-00559,CM-1-3-1-5-3,follows,CM-1-3-1-5-1,review_trigger,revalidate if either concept is renamed/reparented,
REL-00560,CM-1-3-1-5-3,precedes,CM-1-3-1-5-4,emission_decision,emit: approved pattern row; subject to promotion-script exact-row guards,HOLD: targeted human review before emission
REL-00560,CM-1-3-1-5-3,precedes,CM-1-3-1-5-4,evidence,source and candidate share parent CM-1-3-1-5 (same decomposition pattern) — sibling review package: APPROVED,source and candidate share parent CM-1-3-1-5 (same decomposition pattern)
REL-00560,CM-1-3-1-5-3,precedes,CM-1-3-1-5-4,reason,sibling-step inference within CM-1-3-1-5 — held for human review,sibling-step inference — human review required before emission
REL-00560,CM-1-3-1-5-3,precedes,CM-1-3-1-5-4,review_trigger,revalidate if either concept is renamed/reparented,
REL-00561,CM-1-3-1-5-4,follows,CM-1-3-1-5-3,emission_decision,emit: approved pattern row; subject to promotion-script exact-row guards,HOLD: targeted human review before emission
REL-00561,CM-1-3-1-5-4,follows,CM-1-3-1-5-3,evidence,source and candidate share parent CM-1-3-1-5 (same decomposition pattern) — sibling review package: APPROVED,source and candidate share parent CM-1-3-1-5 (same decomposition pattern)
REL-00561,CM-1-3-1-5-4,follows,CM-1-3-1-5-3,reason,sibling-step inference within CM-1-3-1-5 — held for human review,sibling-step inference — human review required before emission
REL-00561,CM-1-3-1-5-4,follows,CM-1-3-1-5-3,review_trigger,revalidate if either concept is renamed/reparented,
REL-00562,CM-1-3-1-5-4,enables,CM-1-3-1-6,confidence,Resolved,StableIdentifier
REL-00563,CM-1-3-1-6,uses-input,CM-1-3-1-1,confidence,ContextualResolved,CandidateOnly
REL-00563,CM-1-3-1-6,uses-input,CM-1-3-1-1,decision_reference,Q11+Q12,Q12
REL-00563,CM-1-3-1-6,uses-input,CM-1-3-1-1,disposition,ResolvedToConcept,SoleCandidate
REL-00563,CM-1-3-1-6,uses-input,CM-1-3-1-1,emission_decision,emit after mechanical uniqueness validation,HOLD: context-confirmation pass
REL-00563,CM-1-3-1-6,uses-input,CM-1-3-1-1,evidence,unique exact preferred-label match,"unique exact preferred-label match (candidate filter only, per PR #120)"
REL-00563,CM-1-3-1-6,uses-input,CM-1-3-1-1,reason,unique label match to CM-1-3-1-1; no contradicting context,label filter leaves one candidate: CM-1-3-1-1; resolution requires context evidence
REL-00564,CM-1-3-1-6,uses-input,CM-1-3-1-5,confidence,ContextualResolved,CandidateOnly
REL-00564,CM-1-3-1-6,uses-input,CM-1-3-1-5,decision_reference,Q11+Q12,Q12
REL-00564,CM-1-3-1-6,uses-input,CM-1-3-1-5,disposition,ResolvedToConcept,SoleCandidate
REL-00564,CM-1-3-1-6,uses-input,CM-1-3-1-5,emission_decision,emit after mechanical uniqueness validation,HOLD: context-confirmation pass
REL-00564,CM-1-3-1-6,uses-input,CM-1-3-1-5,evidence,unique exact preferred-label match,"unique exact preferred-label match (candidate filter only, per PR #120)"
REL-00564,CM-1-3-1-6,uses-input,CM-1-3-1-5,reason,unique label match to CM-1-3-1-5; no contradicting context,label filter leaves one candidate: CM-1-3-1-5; resolution requires context evidence
REL-00565,CM-1-3-1-6,enables,CM-1-3-2-1,confidence,ContextualResolved,CandidateOnly
REL-00565,CM-1-3-1-6,enables,CM-1-3-2-1,decision_reference,Q11+Q12,Q12
REL-00565,CM-1-3-1-6,enables,CM-1-3-2-1,disposition,ResolvedToConcept,SoleCandidate
REL-00565,CM-1-3-1-6,enables,CM-1-3-2-1,emission_decision,emit after mechanical uniqueness validation,HOLD: context-confirmation pass
REL-00565,CM-1-3-1-6,enables,CM-1-3-2-1,evidence,unique exact preferred-label match,"unique exact preferred-label match (candidate filter only, per PR #120)"
REL-00565,CM-1-3-1-6,enables,CM-1-3-2-1,reason,unique label match to CM-1-3-2-1; no contradicting context,label filter leaves one candidate: CM-1-3-2-1; resolution requires context evidence
REL-00566,CM-1-3-10-1,uses-input,CM-1-3-7-1-1,confidence,Resolved,StableIdentifier
REL-00567,CM-1-3-10-1,informed-by,CM-1-3-7-4,confidence,ContextualResolved,CandidateOnly
REL-00567,CM-1-3-10-1,informed-by,CM-1-3-7-4,decision_reference,Q11+Q12,Q12
REL-00567,CM-1-3-10-1,informed-by,CM-1-3-7-4,disposition,ResolvedToConcept,SoleCandidate
REL-00567,CM-1-3-10-1,informed-by,CM-1-3-7-4,emission_decision,emit after mechanical uniqueness validation,HOLD: context-confirmation pass
REL-00567,CM-1-3-10-1,informed-by,CM-1-3-7-4,evidence,unique exact preferred-label match,"unique exact preferred-label match (candidate filter only, per PR #120)"
REL-00567,CM-1-3-10-1,informed-by,CM-1-3-7-4,reason,unique label match to CM-1-3-7-4; no contradicting context,label filter leaves one candidate: CM-1-3-7-4; resolution requires context evidence
REL-00568,CM-1-3-10-1,informed-by,CM-1-3-7-4-6,confidence,Resolved,StableIdentifier
REL-00569,CM-1-3-10-1,uses-input,CM-1-3-10-4,confidence,Resolved,StableIdentifier
REL-00570,CM-1-3-10-1,enables,CM-1-3-10-2,confidence,Resolved,StableIdentifier
REL-00571,CM-1-3-10-1,enables,CM-1-3-10-3,confidence,Resolved,StableIdentifier
REL-00572,CM-1-3-10-2,uses-input,CM-1-3-10-1,confidence,Resolved,StableIdentifier
REL-00573,CM-1-3-10-2,uses-input,CM-1-3-10-4,confidence,Resolved,StableIdentifier
REL-00574,CM-1-3-10-2,constrained-by,CM-1-3-10-3,confidence,Resolved,StableIdentifier
REL-00575,CM-1-3-10-2,informed-by,CM-1-2-6-2-1,confidence,ContextualResolved,CandidateOnly
REL-00575,CM-1-3-10-2,informed-by,CM-1-2-6-2-1,decision_reference,Q11+Q12,Q12
REL-00575,CM-1-3-10-2,informed-by,CM-1-2-6-2-1,disposition,ResolvedToConcept,SoleCandidate
REL-00575,CM-1-3-10-2,informed-by,CM-1-2-6-2-1,emission_decision,emit after mechanical uniqueness validation,HOLD: context-confirmation pass
REL-00575,CM-1-3-10-2,informed-by,CM-1-2-6-2-1,evidence,unique exact preferred-label match,"unique exact preferred-label match (candidate filter only, per PR #120)"
REL-00575,CM-1-3-10-2,informed-by,CM-1-2-6-2-1,reason,unique label match to CM-1-2-6-2-1; no contradicting context,label filter leaves one candidate: CM-1-2-6-2-1; resolution requires context evidence
REL-00576,CM-1-3-10-2,precedes,CM-1-1-3-6-2,confidence,Resolved,StableIdentifier
REL-00577,CM-1-3-10-3,governed-by,CM-1-1-2-11,candidate_labels,Product Allocation Decision,Allocate Finished Products
REL-00577,CM-1-3-10-3,governed-by,CM-1-1-2-11,confidence,ContextualResolved,StableIdentifier
REL-00577,CM-1-3-10-3,governed-by,CM-1-1-2-11,emission_decision,emit after mechanical uniqueness validation,emit automatically after subject/target existence checks
REL-00577,CM-1-3-10-3,governed-by,CM-1-1-2-11,evidence,unique exact preferred-label match,stable identifier CM-1-1-2-11 carried in mention text
REL-00577,CM-1-3-10-3,governed-by,CM-1-1-2-11,raw_target,Product Allocation Decision,Allocate Finished Products (CM-1-1-2-11)
REL-00577,CM-1-3-10-3,governed-by,CM-1-1-2-11,reason,unique label match to CM-1-1-2-11; no contradicting context,target carries its slug; resolves to Allocate Finished Products
REL-00578,CM-1-3-10-3,uses-input,CM-1-3-10-2,confidence,Resolved,StableIdentifier
REL-00579,CM-1-3-10-3,uses-input,CM-1-3-10-1,confidence,Resolved,StableIdentifier
REL-00580,CM-1-3-10-3,informed-by,CM-1-3-7-4,confidence,ContextualResolved,CandidateOnly
REL-00580,CM-1-3-10-3,informed-by,CM-1-3-7-4,decision_reference,Q11+Q12,Q12
REL-00580,CM-1-3-10-3,informed-by,CM-1-3-7-4,disposition,ResolvedToConcept,SoleCandidate
REL-00580,CM-1-3-10-3,informed-by,CM-1-3-7-4,emission_decision,emit after mechanical uniqueness validation,HOLD: context-confirmation pass
REL-00580,CM-1-3-10-3,informed-by,CM-1-3-7-4,evidence,unique exact preferred-label match,"unique exact preferred-label match (candidate filter only, per PR #120)"
REL-00580,CM-1-3-10-3,informed-by,CM-1-3-7-4,reason,unique label match to CM-1-3-7-4; no contradicting context,label filter leaves one candidate: CM-1-3-7-4; resolution requires context evidence
REL-00581,CM-1-3-10-3,follows,CM-1-3-7-3-2,confidence,ContextualResolved,CandidateOnly
REL-00581,CM-1-3-10-3,follows,CM-1-3-7-3-2,decision_reference,Q11+Q12,Q12
REL-00581,CM-1-3-10-3,follows,CM-1-3-7-3-2,disposition,ResolvedToConcept,SoleCandidate
REL-00581,CM-1-3-10-3,follows,CM-1-3-7-3-2,emission_decision,emit after mechanical uniqueness validation,HOLD: context-confirmation pass
REL-00581,CM-1-3-10-3,follows,CM-1-3-7-3-2,evidence,unique exact preferred-label match,"unique exact preferred-label match (candidate filter only, per PR #120)"
REL-00581,CM-1-3-10-3,follows,CM-1-3-7-3-2,reason,unique label match to CM-1-3-7-3-2; no contradicting context,label filter leaves one candidate: CM-1-3-7-3-2; resolution requires context evidence
REL-00582,CM-1-3-10-4,enables,CM-1-3-10-1,confidence,Resolved,StableIdentifier
REL-00583,CM-1-3-10-4,enables,CM-1-3-10-2,confidence,Resolved,StableIdentifier
REL-00584,CM-1-3-10-4,uses-input,CM-1-3-7-1-1,confidence,Resolved,StableIdentifier
REL-00585,CM-1-3-10-4,informed-by,CM-1-3-7-4,confidence,ContextualResolved,CandidateOnly
REL-00585,CM-1-3-10-4,informed-by,CM-1-3-7-4,decision_reference,Q11+Q12,Q12
REL-00585,CM-1-3-10-4,informed-by,CM-1-3-7-4,disposition,ResolvedToConcept,SoleCandidate
REL-00585,CM-1-3-10-4,informed-by,CM-1-3-7-4,emission_decision,emit after mechanical uniqueness validation,HOLD: context-confirmation pass
REL-00585,CM-1-3-10-4,informed-by,CM-1-3-7-4,evidence,unique exact preferred-label match,"unique exact preferred-label match (candidate filter only, per PR #120)"
REL-00585,CM-1-3-10-4,informed-by,CM-1-3-7-4,reason,unique label match to CM-1-3-7-4; no contradicting context,label filter leaves one candidate: CM-1-3-7-4; resolution requires context evidence
REL-00586,CM-1-3-2-1-1,follows,CM-1-3-2-1-2,confidence,ContextualResolved,CandidateOnly
REL-00586,CM-1-3-2-1-1,follows,CM-1-3-2-1-2,decision_reference,Q11+Q12,Q12
REL-00586,CM-1-3-2-1-1,follows,CM-1-3-2-1-2,disposition,ResolvedToConcept,SoleCandidate
REL-00586,CM-1-3-2-1-1,follows,CM-1-3-2-1-2,emission_decision,emit after mechanical uniqueness validation,HOLD: context-confirmation pass
REL-00586,CM-1-3-2-1-1,follows,CM-1-3-2-1-2,evidence,unique exact preferred-label match,"unique exact preferred-label match (candidate filter only, per PR #120)"
REL-00586,CM-1-3-2-1-1,follows,CM-1-3-2-1-2,reason,unique label match to CM-1-3-2-1-2; no contradicting context,label filter leaves one candidate: CM-1-3-2-1-2; resolution requires context evidence
REL-00587,CM-1-3-2-1-1,precedes,CM-1-3-2-1-3,confidence,ContextualResolved,CandidateOnly
REL-00587,CM-1-3-2-1-1,precedes,CM-1-3-2-1-3,decision_reference,Q11+Q12,Q12
REL-00587,CM-1-3-2-1-1,precedes,CM-1-3-2-1-3,disposition,ResolvedToConcept,SoleCandidate
REL-00587,CM-1-3-2-1-1,precedes,CM-1-3-2-1-3,emission_decision,emit after mechanical uniqueness validation,HOLD: context-confirmation pass
REL-00587,CM-1-3-2-1-1,precedes,CM-1-3-2-1-3,evidence,unique exact preferred-label match,"unique exact preferred-label match (candidate filter only, per PR #120)"
REL-00587,CM-1-3-2-1-1,precedes,CM-1-3-2-1-3,reason,unique label match to CM-1-3-2-1-3; no contradicting context,label filter leaves one candidate: CM-1-3-2-1-3; resolution requires context evidence
REL-00588,CM-1-3-2-1-1,governed-by,CM-1-3-2-1,confidence,ContextualResolved,CandidateOnly
REL-00588,CM-1-3-2-1-1,governed-by,CM-1-3-2-1,decision_reference,Q11+Q12,Q12
REL-00588,CM-1-3-2-1-1,governed-by,CM-1-3-2-1,disposition,ResolvedToConcept,SoleCandidate
REL-00588,CM-1-3-2-1-1,governed-by,CM-1-3-2-1,emission_decision,emit after mechanical uniqueness validation,HOLD: context-confirmation pass
REL-00588,CM-1-3-2-1-1,governed-by,CM-1-3-2-1,evidence,unique exact preferred-label match,"unique exact preferred-label match (candidate filter only, per PR #120)"
REL-00588,CM-1-3-2-1-1,governed-by,CM-1-3-2-1,reason,unique label match to CM-1-3-2-1; no contradicting context,label filter leaves one candidate: CM-1-3-2-1; resolution requires context evidence
REL-00589,CM-1-3-2-1-2,precedes,CM-1-3-2-1-1,confidence,Resolved,StableIdentifier
REL-00590,CM-1-3-2-1-2,precedes,CM-1-3-2-1-3,confidence,ContextualResolved,CandidateOnly
REL-00590,CM-1-3-2-1-2,precedes,CM-1-3-2-1-3,decision_reference,Q11+Q12,Q12
REL-00590,CM-1-3-2-1-2,precedes,CM-1-3-2-1-3,disposition,ResolvedToConcept,SoleCandidate
REL-00590,CM-1-3-2-1-2,precedes,CM-1-3-2-1-3,emission_decision,emit after mechanical uniqueness validation,HOLD: context-confirmation pass
REL-00590,CM-1-3-2-1-2,precedes,CM-1-3-2-1-3,evidence,unique exact preferred-label match,"unique exact preferred-label match (candidate filter only, per PR #120)"
REL-00590,CM-1-3-2-1-2,precedes,CM-1-3-2-1-3,reason,unique label match to CM-1-3-2-1-3; no contradicting context,label filter leaves one candidate: CM-1-3-2-1-3; resolution requires context evidence
REL-00591,CM-1-3-2-1-2,governed-by,CM-1-3-2-1,confidence,ContextualResolved,CandidateOnly
REL-00591,CM-1-3-2-1-2,governed-by,CM-1-3-2-1,decision_reference,Q11+Q12,Q12
REL-00591,CM-1-3-2-1-2,governed-by,CM-1-3-2-1,disposition,ResolvedToConcept,SoleCandidate
REL-00591,CM-1-3-2-1-2,governed-by,CM-1-3-2-1,emission_decision,emit after mechanical uniqueness validation,HOLD: context-confirmation pass
REL-00591,CM-1-3-2-1-2,governed-by,CM-1-3-2-1,evidence,unique exact preferred-label match,"unique exact preferred-label match (candidate filter only, per PR #120)"
REL-00591,CM-1-3-2-1-2,governed-by,CM-1-3-2-1,reason,unique label match to CM-1-3-2-1; no contradicting context,label filter leaves one candidate: CM-1-3-2-1; resolution requires context evidence
REL-00592,CM-1-3-2-1-3,follows,CM-1-3-2-1-1,confidence,Resolved,StableIdentifier
REL-00593,CM-1-3-2-1-3,precedes,CM-1-3-2-1-4,confidence,ContextualResolved,CandidateOnly
REL-00593,CM-1-3-2-1-3,precedes,CM-1-3-2-1-4,decision_reference,Q11+Q12,Q12
REL-00593,CM-1-3-2-1-3,precedes,CM-1-3-2-1-4,disposition,ResolvedToConcept,SoleCandidate
REL-00593,CM-1-3-2-1-3,precedes,CM-1-3-2-1-4,emission_decision,emit after mechanical uniqueness validation,HOLD: context-confirmation pass
REL-00593,CM-1-3-2-1-3,precedes,CM-1-3-2-1-4,evidence,unique exact preferred-label match,"unique exact preferred-label match (candidate filter only, per PR #120)"
REL-00593,CM-1-3-2-1-3,precedes,CM-1-3-2-1-4,reason,unique label match to CM-1-3-2-1-4; no contradicting context,label filter leaves one candidate: CM-1-3-2-1-4; resolution requires context evidence
REL-00594,CM-1-3-2-1-4,follows,CM-1-3-2-1-3,confidence,ContextualResolved,CandidateOnly
REL-00594,CM-1-3-2-1-4,follows,CM-1-3-2-1-3,decision_reference,Q11+Q12,Q12
REL-00594,CM-1-3-2-1-4,follows,CM-1-3-2-1-3,disposition,ResolvedToConcept,SoleCandidate
REL-00594,CM-1-3-2-1-4,follows,CM-1-3-2-1-3,emission_decision,emit after mechanical uniqueness validation,HOLD: context-confirmation pass
REL-00594,CM-1-3-2-1-4,follows,CM-1-3-2-1-3,evidence,unique exact preferred-label match,"unique exact preferred-label match (candidate filter only, per PR #120)"
REL-00594,CM-1-3-2-1-4,follows,CM-1-3-2-1-3,reason,unique label match to CM-1-3-2-1-3; no contradicting context,label filter leaves one candidate: CM-1-3-2-1-3; resolution requires context evidence
REL-00595,CM-1-3-2-1-4,enables,CM-1-3-3-5,confidence,ContextualResolved,CandidateOnly
REL-00595,CM-1-3-2-1-4,enables,CM-1-3-3-5,decision_reference,Q11+Q12,Q12
REL-00595,CM-1-3-2-1-4,enables,CM-1-3-3-5,disposition,ResolvedToConcept,SoleCandidate
REL-00595,CM-1-3-2-1-4,enables,CM-1-3-3-5,emission_decision,emit after mechanical uniqueness validation,HOLD: context-confirmation pass
REL-00595,CM-1-3-2-1-4,enables,CM-1-3-3-5,evidence,unique exact preferred-label match,"unique exact preferred-label match (candidate filter only, per PR #120)"
REL-00595,CM-1-3-2-1-4,enables,CM-1-3-3-5,reason,unique label match to CM-1-3-3-5; no contradicting context,label filter leaves one candidate: CM-1-3-3-5; resolution requires context evidence
REL-00596,CM-1-3-2-1-4,enables,CM-1-3-6-7,candidate_labels,Brand Standard Management,Brand Standards Management
REL-00596,CM-1-3-2-1-4,enables,CM-1-3-6-7,confidence,ContextualResolved,StableIdentifier
REL-00596,CM-1-3-2-1-4,enables,CM-1-3-6-7,emission_decision,emit after mechanical uniqueness validation,emit automatically after subject/target existence checks
REL-00596,CM-1-3-2-1-4,enables,CM-1-3-6-7,evidence,unique exact preferred-label match,stable identifier CM-1-3-6-7 carried in mention text
REL-00596,CM-1-3-2-1-4,enables,CM-1-3-6-7,raw_target,Brand Standard Management,Brand Standards Management (CM-1-3-6-7)
REL-00596,CM-1-3-2-1-4,enables,CM-1-3-6-7,reason,unique label match to CM-1-3-6-7; no contradicting context,target carries its slug; resolves to Brand Standards Management
REL-00597,CM-1-3-2-2-1,follows,CM-1-3-2-2-2,confidence,ContextualResolved,CandidateOnly
REL-00597,CM-1-3-2-2-1,follows,CM-1-3-2-2-2,decision_reference,Q11+Q12,Q12
REL-00597,CM-1-3-2-2-1,follows,CM-1-3-2-2-2,disposition,ResolvedToConcept,SoleCandidate
REL-00597,CM-1-3-2-2-1,follows,CM-1-3-2-2-2,emission_decision,emit after mechanical uniqueness validation,HOLD: context-confirmation pass
REL-00597,CM-1-3-2-2-1,follows,CM-1-3-2-2-2,evidence,unique exact preferred-label match,"unique exact preferred-label match (candidate filter only, per PR #120)"
REL-00597,CM-1-3-2-2-1,follows,CM-1-3-2-2-2,reason,unique label match to CM-1-3-2-2-2; no contradicting context,label filter leaves one candidate: CM-1-3-2-2-2; resolution requires context evidence
REL-00598,CM-1-3-2-2-1,precedes,CM-1-3-2-2-4,confidence,ContextualResolved,CandidateOnly
REL-00598,CM-1-3-2-2-1,precedes,CM-1-3-2-2-4,decision_reference,Q11+Q12,Q12
REL-00598,CM-1-3-2-2-1,precedes,CM-1-3-2-2-4,disposition,ResolvedToConcept,SoleCandidate
REL-00598,CM-1-3-2-2-1,precedes,CM-1-3-2-2-4,emission_decision,emit after mechanical uniqueness validation,HOLD: context-confirmation pass
REL-00598,CM-1-3-2-2-1,precedes,CM-1-3-2-2-4,evidence,unique exact preferred-label match,"unique exact preferred-label match (candidate filter only, per PR #120)"
REL-00598,CM-1-3-2-2-1,precedes,CM-1-3-2-2-4,reason,unique label match to CM-1-3-2-2-4; no contradicting context,label filter leaves one candidate: CM-1-3-2-2-4; resolution requires context evidence
REL-00599,CM-1-3-2-2-2,follows,CM-1-3-2-2-3,confidence,ContextualResolved,CandidateOnly
REL-00599,CM-1-3-2-2-2,follows,CM-1-3-2-2-3,decision_reference,Q11+Q12,Q12
REL-00599,CM-1-3-2-2-2,follows,CM-1-3-2-2-3,disposition,ResolvedToConcept,SoleCandidate
REL-00599,CM-1-3-2-2-2,follows,CM-1-3-2-2-3,emission_decision,emit after mechanical uniqueness validation,HOLD: context-confirmation pass
REL-00599,CM-1-3-2-2-2,follows,CM-1-3-2-2-3,evidence,unique exact preferred-label match,"unique exact preferred-label match (candidate filter only, per PR #120)"
REL-00599,CM-1-3-2-2-2,follows,CM-1-3-2-2-3,reason,unique label match to CM-1-3-2-2-3; no contradicting context,label filter leaves one candidate: CM-1-3-2-2-3; resolution requires context evidence
REL-00600,CM-1-3-2-2-2,precedes,CM-1-3-2-2-1,confidence,ContextualResolved,CandidateOnly
REL-00600,CM-1-3-2-2-2,precedes,CM-1-3-2-2-1,decision_reference,Q11+Q12,Q12
REL-00600,CM-1-3-2-2-2,precedes,CM-1-3-2-2-1,disposition,ResolvedToConcept,SoleCandidate
REL-00600,CM-1-3-2-2-2,precedes,CM-1-3-2-2-1,emission_decision,emit after mechanical uniqueness validation,HOLD: context-confirmation pass
REL-00600,CM-1-3-2-2-2,precedes,CM-1-3-2-2-1,evidence,unique exact preferred-label match,"unique exact preferred-label match (candidate filter only, per PR #120)"
REL-00600,CM-1-3-2-2-2,precedes,CM-1-3-2-2-1,reason,unique label match to CM-1-3-2-2-1; no contradicting context,label filter leaves one candidate: CM-1-3-2-2-1; resolution requires context evidence
REL-00601,CM-1-3-2-2-2,governed-by,CM-1-3-2-2,confidence,ContextualResolved,CandidateOnly
REL-00601,CM-1-3-2-2-2,governed-by,CM-1-3-2-2,decision_reference,Q11+Q12,Q12
REL-00601,CM-1-3-2-2-2,governed-by,CM-1-3-2-2,disposition,ResolvedToConcept,SoleCandidate
REL-00601,CM-1-3-2-2-2,governed-by,CM-1-3-2-2,emission_decision,emit after mechanical uniqueness validation,HOLD: context-confirmation pass
REL-00601,CM-1-3-2-2-2,governed-by,CM-1-3-2-2,evidence,unique exact preferred-label match,"unique exact preferred-label match (candidate filter only, per PR #120)"
REL-00601,CM-1-3-2-2-2,governed-by,CM-1-3-2-2,reason,unique label match to CM-1-3-2-2; no contradicting context,label filter leaves one candidate: CM-1-3-2-2; resolution requires context evidence
REL-00602,CM-1-3-2-2-3,precedes,CM-1-3-2-2-2,confidence,ContextualResolved,CandidateOnly
REL-00602,CM-1-3-2-2-3,precedes,CM-1-3-2-2-2,decision_reference,Q11+Q12,Q12
REL-00602,CM-1-3-2-2-3,precedes,CM-1-3-2-2-2,disposition,ResolvedToConcept,SoleCandidate
REL-00602,CM-1-3-2-2-3,precedes,CM-1-3-2-2-2,emission_decision,emit after mechanical uniqueness validation,HOLD: context-confirmation pass
REL-00602,CM-1-3-2-2-3,precedes,CM-1-3-2-2-2,evidence,unique exact preferred-label match,"unique exact preferred-label match (candidate filter only, per PR #120)"
REL-00602,CM-1-3-2-2-3,precedes,CM-1-3-2-2-2,reason,unique label match to CM-1-3-2-2-2; no contradicting context,label filter leaves one candidate: CM-1-3-2-2-2; resolution requires context evidence
REL-00603,CM-1-3-2-2-3,precedes,CM-1-3-2-2-1,confidence,ContextualResolved,CandidateOnly
REL-00603,CM-1-3-2-2-3,precedes,CM-1-3-2-2-1,decision_reference,Q11+Q12,Q12
REL-00603,CM-1-3-2-2-3,precedes,CM-1-3-2-2-1,disposition,ResolvedToConcept,SoleCandidate
REL-00603,CM-1-3-2-2-3,precedes,CM-1-3-2-2-1,emission_decision,emit after mechanical uniqueness validation,HOLD: context-confirmation pass
REL-00603,CM-1-3-2-2-3,precedes,CM-1-3-2-2-1,evidence,unique exact preferred-label match,"unique exact preferred-label match (candidate filter only, per PR #120)"
REL-00603,CM-1-3-2-2-3,precedes,CM-1-3-2-2-1,reason,unique label match to CM-1-3-2-2-1; no contradicting context,label filter leaves one candidate: CM-1-3-2-2-1; resolution requires context evidence
REL-00604,CM-1-3-2-2-3,governed-by,CM-1-3-2-2,confidence,ContextualResolved,CandidateOnly
REL-00604,CM-1-3-2-2-3,governed-by,CM-1-3-2-2,decision_reference,Q11+Q12,Q12
REL-00604,CM-1-3-2-2-3,governed-by,CM-1-3-2-2,disposition,ResolvedToConcept,SoleCandidate
REL-00604,CM-1-3-2-2-3,governed-by,CM-1-3-2-2,emission_decision,emit after mechanical uniqueness validation,HOLD: context-confirmation pass
REL-00604,CM-1-3-2-2-3,governed-by,CM-1-3-2-2,evidence,unique exact preferred-label match,"unique exact preferred-label match (candidate filter only, per PR #120)"
REL-00604,CM-1-3-2-2-3,governed-by,CM-1-3-2-2,reason,unique label match to CM-1-3-2-2; no contradicting context,label filter leaves one candidate: CM-1-3-2-2; resolution requires context evidence
REL-00605,CM-1-3-2-2-4,follows,CM-1-3-2-2-1,confidence,ContextualResolved,CandidateOnly
REL-00605,CM-1-3-2-2-4,follows,CM-1-3-2-2-1,decision_reference,Q11+Q12,Q12
REL-00605,CM-1-3-2-2-4,follows,CM-1-3-2-2-1,disposition,ResolvedToConcept,SoleCandidate
REL-00605,CM-1-3-2-2-4,follows,CM-1-3-2-2-1,emission_decision,emit after mechanical uniqueness validation,HOLD: context-confirmation pass
REL-00605,CM-1-3-2-2-4,follows,CM-1-3-2-2-1,evidence,unique exact preferred-label match,"unique exact preferred-label match (candidate filter only, per PR #120)"
REL-00605,CM-1-3-2-2-4,follows,CM-1-3-2-2-1,reason,unique label match to CM-1-3-2-2-1; no contradicting context,label filter leaves one candidate: CM-1-3-2-2-1; resolution requires context evidence
REL-00606,CM-1-3-2-2-4,enables,CM-1-3-3-1,confidence,ContextualResolved,CandidateOnly
REL-00606,CM-1-3-2-2-4,enables,CM-1-3-3-1,decision_reference,Q11+Q12,Q12
REL-00606,CM-1-3-2-2-4,enables,CM-1-3-3-1,disposition,ResolvedToConcept,SoleCandidate
REL-00606,CM-1-3-2-2-4,enables,CM-1-3-3-1,emission_decision,emit after mechanical uniqueness validation,HOLD: context-confirmation pass
REL-00606,CM-1-3-2-2-4,enables,CM-1-3-3-1,evidence,unique exact preferred-label match,"unique exact preferred-label match (candidate filter only, per PR #120)"
REL-00606,CM-1-3-2-2-4,enables,CM-1-3-3-1,reason,unique label match to CM-1-3-3-1; no contradicting context,label filter leaves one candidate: CM-1-3-3-1; resolution requires context evidence
REL-00607,CM-1-3-2-2-4,enables,CM-1-3-6-1,confidence,ContextualResolved,CandidateOnly
REL-00607,CM-1-3-2-2-4,enables,CM-1-3-6-1,decision_reference,Q11+Q12,Q12
REL-00607,CM-1-3-2-2-4,enables,CM-1-3-6-1,disposition,ResolvedToConcept,SoleCandidate
REL-00607,CM-1-3-2-2-4,enables,CM-1-3-6-1,emission_decision,emit after mechanical uniqueness validation,HOLD: context-confirmation pass
REL-00607,CM-1-3-2-2-4,enables,CM-1-3-6-1,evidence,unique exact preferred-label match,"unique exact preferred-label match (candidate filter only, per PR #120)"
REL-00607,CM-1-3-2-2-4,enables,CM-1-3-6-1,reason,unique label match to CM-1-3-6-1; no contradicting context,label filter leaves one candidate: CM-1-3-6-1; resolution requires context evidence
REL-00608,CM-1-3-2-3-1,follows,CM-1-3-2-3-2,confidence,Resolved,StableIdentifier
REL-00609,CM-1-3-2-3-1,precedes,CM-1-3-2-3-4,confidence,Resolved,StableIdentifier
REL-00610,CM-1-3-2-3-2,follows,CM-1-3-2-3-3,confidence,Resolved,StableIdentifier
REL-00611,CM-1-3-2-3-2,precedes,CM-1-3-2-3-1,confidence,Resolved,StableIdentifier
REL-00612,CM-1-3-2-3-2,governed-by,CM-1-3-2-3,confidence,ContextualResolved,CandidateOnly
REL-00612,CM-1-3-2-3-2,governed-by,CM-1-3-2-3,decision_reference,Q11+Q12,Q12
REL-00612,CM-1-3-2-3-2,governed-by,CM-1-3-2-3,disposition,ResolvedToConcept,SoleCandidate
REL-00612,CM-1-3-2-3-2,governed-by,CM-1-3-2-3,emission_decision,emit after mechanical uniqueness validation,HOLD: context-confirmation pass
REL-00612,CM-1-3-2-3-2,governed-by,CM-1-3-2-3,evidence,unique exact preferred-label match,"unique exact preferred-label match (candidate filter only, per PR #120)"
REL-00612,CM-1-3-2-3-2,governed-by,CM-1-3-2-3,reason,unique label match to CM-1-3-2-3; no contradicting context,label filter leaves one candidate: CM-1-3-2-3; resolution requires context evidence
REL-00613,CM-1-3-2-3-3,precedes,CM-1-3-2-3-2,confidence,Resolved,StableIdentifier
REL-00614,CM-1-3-2-3-3,precedes,CM-1-3-2-3-1,confidence,Resolved,StableIdentifier
REL-00615,CM-1-3-2-3-3,governed-by,CM-1-3-2-3,confidence,ContextualResolved,CandidateOnly
REL-00615,CM-1-3-2-3-3,governed-by,CM-1-3-2-3,decision_reference,Q11+Q12,Q12
REL-00615,CM-1-3-2-3-3,governed-by,CM-1-3-2-3,disposition,ResolvedToConcept,SoleCandidate
REL-00615,CM-1-3-2-3-3,governed-by,CM-1-3-2-3,emission_decision,emit after mechanical uniqueness validation,HOLD: context-confirmation pass
REL-00615,CM-1-3-2-3-3,governed-by,CM-1-3-2-3,evidence,unique exact preferred-label match,"unique exact preferred-label match (candidate filter only, per PR #120)"
REL-00615,CM-1-3-2-3-3,governed-by,CM-1-3-2-3,reason,unique label match to CM-1-3-2-3; no contradicting context,label filter leaves one candidate: CM-1-3-2-3; resolution requires context evidence
REL-00616,CM-1-3-2-3-4,follows,CM-1-3-2-3-1,confidence,Resolved,StableIdentifier
REL-00617,CM-1-3-2-3-4,enables,CM-1-3-3-1,confidence,ContextualResolved,CandidateOnly
REL-00617,CM-1-3-2-3-4,enables,CM-1-3-3-1,decision_reference,Q11+Q12,Q12
REL-00617,CM-1-3-2-3-4,enables,CM-1-3-3-1,disposition,ResolvedToConcept,SoleCandidate
REL-00617,CM-1-3-2-3-4,enables,CM-1-3-3-1,emission_decision,emit after mechanical uniqueness validation,HOLD: context-confirmation pass
REL-00617,CM-1-3-2-3-4,enables,CM-1-3-3-1,evidence,unique exact preferred-label match,"unique exact preferred-label match (candidate filter only, per PR #120)"
REL-00617,CM-1-3-2-3-4,enables,CM-1-3-3-1,reason,unique label match to CM-1-3-3-1; no contradicting context,label filter leaves one candidate: CM-1-3-3-1; resolution requires context evidence
REL-00618,CM-1-3-2-3-4,enables,CM-1-3-2-5,confidence,ContextualResolved,CandidateOnly
REL-00618,CM-1-3-2-3-4,enables,CM-1-3-2-5,decision_reference,Q11+Q12,Q12
REL-00618,CM-1-3-2-3-4,enables,CM-1-3-2-5,disposition,ResolvedToConcept,SoleCandidate
REL-00618,CM-1-3-2-3-4,enables,CM-1-3-2-5,emission_decision,emit after mechanical uniqueness validation,HOLD: context-confirmation pass
REL-00618,CM-1-3-2-3-4,enables,CM-1-3-2-5,evidence,unique exact preferred-label match,"unique exact preferred-label match (candidate filter only, per PR #120)"
REL-00618,CM-1-3-2-3-4,enables,CM-1-3-2-5,reason,unique label match to CM-1-3-2-5; no contradicting context,label filter leaves one candidate: CM-1-3-2-5; resolution requires context evidence
REL-00619,CM-1-3-2-4-1,precedes,CM-1-3-2-4-2,confidence,ContextualResolved,CandidateOnly
REL-00619,CM-1-3-2-4-1,precedes,CM-1-3-2-4-2,decision_reference,Q11+Q12,Q12
REL-00619,CM-1-3-2-4-1,precedes,CM-1-3-2-4-2,disposition,ResolvedToConcept,SoleCandidate
REL-00619,CM-1-3-2-4-1,precedes,CM-1-3-2-4-2,emission_decision,emit after mechanical uniqueness validation,HOLD: context-confirmation pass
REL-00619,CM-1-3-2-4-1,precedes,CM-1-3-2-4-2,evidence,unique exact preferred-label match,"unique exact preferred-label match (candidate filter only, per PR #120)"
REL-00619,CM-1-3-2-4-1,precedes,CM-1-3-2-4-2,reason,unique label match to CM-1-3-2-4-2; no contradicting context,label filter leaves one candidate: CM-1-3-2-4-2; resolution requires context evidence
REL-00620,CM-1-3-2-4-1,governed-by,CM-1-3-2-4,confidence,ContextualResolved,CandidateOnly
REL-00620,CM-1-3-2-4-1,governed-by,CM-1-3-2-4,decision_reference,Q11+Q12,Q12
REL-00620,CM-1-3-2-4-1,governed-by,CM-1-3-2-4,disposition,ResolvedToConcept,SoleCandidate
REL-00620,CM-1-3-2-4-1,governed-by,CM-1-3-2-4,emission_decision,emit after mechanical uniqueness validation,HOLD: context-confirmation pass
REL-00620,CM-1-3-2-4-1,governed-by,CM-1-3-2-4,evidence,unique exact preferred-label match,"unique exact preferred-label match (candidate filter only, per PR #120)"
REL-00620,CM-1-3-2-4-1,governed-by,CM-1-3-2-4,reason,unique label match to CM-1-3-2-4; no contradicting context,label filter leaves one candidate: CM-1-3-2-4; resolution requires context evidence
REL-00621,CM-1-3-2-4-1,uses-input,CM-1-2-6-1-3,confidence,ContextualResolved,CandidateOnly
REL-00621,CM-1-3-2-4-1,uses-input,CM-1-2-6-1-3,decision_reference,Q11+Q12,Q12
REL-00621,CM-1-3-2-4-1,uses-input,CM-1-2-6-1-3,disposition,ResolvedToConcept,SoleCandidate
REL-00621,CM-1-3-2-4-1,uses-input,CM-1-2-6-1-3,emission_decision,emit after mechanical uniqueness validation,HOLD: context-confirmation pass
REL-00621,CM-1-3-2-4-1,uses-input,CM-1-2-6-1-3,evidence,unique exact preferred-label match,"unique exact preferred-label match (candidate filter only, per PR #120)"
REL-00621,CM-1-3-2-4-1,uses-input,CM-1-2-6-1-3,reason,unique label match to CM-1-2-6-1-3; no contradicting context,label filter leaves one candidate: CM-1-2-6-1-3; resolution requires context evidence
REL-00622,CM-1-3-2-4-2,follows,CM-1-3-2-4-1,confidence,ContextualResolved,CandidateOnly
REL-00622,CM-1-3-2-4-2,follows,CM-1-3-2-4-1,decision_reference,Q11+Q12,Q12
REL-00622,CM-1-3-2-4-2,follows,CM-1-3-2-4-1,disposition,ResolvedToConcept,SoleCandidate
REL-00622,CM-1-3-2-4-2,follows,CM-1-3-2-4-1,emission_decision,emit after mechanical uniqueness validation,HOLD: context-confirmation pass
REL-00622,CM-1-3-2-4-2,follows,CM-1-3-2-4-1,evidence,unique exact preferred-label match,"unique exact preferred-label match (candidate filter only, per PR #120)"
REL-00622,CM-1-3-2-4-2,follows,CM-1-3-2-4-1,reason,unique label match to CM-1-3-2-4-1; no contradicting context,label filter leaves one candidate: CM-1-3-2-4-1; resolution requires context evidence
REL-00623,CM-1-3-2-4-2,governed-by,CM-1-3-2-4,confidence,ContextualResolved,CandidateOnly
REL-00623,CM-1-3-2-4-2,governed-by,CM-1-3-2-4,decision_reference,Q11+Q12,Q12
REL-00623,CM-1-3-2-4-2,governed-by,CM-1-3-2-4,disposition,ResolvedToConcept,SoleCandidate
REL-00623,CM-1-3-2-4-2,governed-by,CM-1-3-2-4,emission_decision,emit after mechanical uniqueness validation,HOLD: context-confirmation pass
REL-00623,CM-1-3-2-4-2,governed-by,CM-1-3-2-4,evidence,unique exact preferred-label match,"unique exact preferred-label match (candidate filter only, per PR #120)"
REL-00623,CM-1-3-2-4-2,governed-by,CM-1-3-2-4,reason,unique label match to CM-1-3-2-4; no contradicting context,label filter leaves one candidate: CM-1-3-2-4; resolution requires context evidence
REL-00624,CM-1-3-2-5-1,precedes,CM-1-3-2-5-2,confidence,ContextualResolved,CandidateOnly
REL-00624,CM-1-3-2-5-1,precedes,CM-1-3-2-5-2,decision_reference,Q11+Q12,Q12
REL-00624,CM-1-3-2-5-1,precedes,CM-1-3-2-5-2,disposition,ResolvedToConcept,SoleCandidate
REL-00624,CM-1-3-2-5-1,precedes,CM-1-3-2-5-2,emission_decision,emit after mechanical uniqueness validation,HOLD: context-confirmation pass
REL-00624,CM-1-3-2-5-1,precedes,CM-1-3-2-5-2,evidence,unique exact preferred-label match,"unique exact preferred-label match (candidate filter only, per PR #120)"
REL-00624,CM-1-3-2-5-1,precedes,CM-1-3-2-5-2,reason,unique label match to CM-1-3-2-5-2; no contradicting context,label filter leaves one candidate: CM-1-3-2-5-2; resolution requires context evidence
REL-00625,CM-1-3-2-5-1,governed-by,CM-1-3-2-5,confidence,ContextualResolved,CandidateOnly
REL-00625,CM-1-3-2-5-1,governed-by,CM-1-3-2-5,decision_reference,Q11+Q12,Q12
REL-00625,CM-1-3-2-5-1,governed-by,CM-1-3-2-5,disposition,ResolvedToConcept,SoleCandidate
REL-00625,CM-1-3-2-5-1,governed-by,CM-1-3-2-5,emission_decision,emit after mechanical uniqueness validation,HOLD: context-confirmation pass
REL-00625,CM-1-3-2-5-1,governed-by,CM-1-3-2-5,evidence,unique exact preferred-label match,"unique exact preferred-label match (candidate filter only, per PR #120)"
REL-00625,CM-1-3-2-5-1,governed-by,CM-1-3-2-5,reason,unique label match to CM-1-3-2-5; no contradicting context,label filter leaves one candidate: CM-1-3-2-5; resolution requires context evidence
REL-00626,CM-1-3-2-5-2,follows,CM-1-3-2-5-1,confidence,ContextualResolved,CandidateOnly
REL-00626,CM-1-3-2-5-2,follows,CM-1-3-2-5-1,decision_reference,Q11+Q12,Q12
REL-00626,CM-1-3-2-5-2,follows,CM-1-3-2-5-1,disposition,ResolvedToConcept,SoleCandidate
REL-00626,CM-1-3-2-5-2,follows,CM-1-3-2-5-1,emission_decision,emit after mechanical uniqueness validation,HOLD: context-confirmation pass
REL-00626,CM-1-3-2-5-2,follows,CM-1-3-2-5-1,evidence,unique exact preferred-label match,"unique exact preferred-label match (candidate filter only, per PR #120)"
REL-00626,CM-1-3-2-5-2,follows,CM-1-3-2-5-1,reason,unique label match to CM-1-3-2-5-1; no contradicting context,label filter leaves one candidate: CM-1-3-2-5-1; resolution requires context evidence
REL-00627,CM-1-3-2-5-2,precedes,CM-1-3-2-5-3,confidence,ContextualResolved,CandidateOnly
REL-00627,CM-1-3-2-5-2,precedes,CM-1-3-2-5-3,decision_reference,Q11+Q12,Q12
REL-00627,CM-1-3-2-5-2,precedes,CM-1-3-2-5-3,disposition,ResolvedToConcept,SoleCandidate
REL-00627,CM-1-3-2-5-2,precedes,CM-1-3-2-5-3,emission_decision,emit after mechanical uniqueness validation,HOLD: context-confirmation pass
REL-00627,CM-1-3-2-5-2,precedes,CM-1-3-2-5-3,evidence,unique exact preferred-label match,"unique exact preferred-label match (candidate filter only, per PR #120)"
REL-00627,CM-1-3-2-5-2,precedes,CM-1-3-2-5-3,reason,unique label match to CM-1-3-2-5-3; no contradicting context,label filter leaves one candidate: CM-1-3-2-5-3; resolution requires context evidence
REL-00628,CM-1-3-2-5-3,follows,CM-1-3-2-5-2,confidence,ContextualResolved,CandidateOnly
REL-00628,CM-1-3-2-5-3,follows,CM-1-3-2-5-2,decision_reference,Q11+Q12,Q12
REL-00628,CM-1-3-2-5-3,follows,CM-1-3-2-5-2,disposition,ResolvedToConcept,SoleCandidate
REL-00628,CM-1-3-2-5-3,follows,CM-1-3-2-5-2,emission_decision,emit after mechanical uniqueness validation,HOLD: context-confirmation pass
REL-00628,CM-1-3-2-5-3,follows,CM-1-3-2-5-2,evidence,unique exact preferred-label match,"unique exact preferred-label match (candidate filter only, per PR #120)"
REL-00628,CM-1-3-2-5-3,follows,CM-1-3-2-5-2,reason,unique label match to CM-1-3-2-5-2; no contradicting context,label filter leaves one candidate: CM-1-3-2-5-2; resolution requires context evidence
REL-00629,CM-1-3-2-5-3,governed-by,CM-1-3-2-5,confidence,ContextualResolved,CandidateOnly
REL-00629,CM-1-3-2-5-3,governed-by,CM-1-3-2-5,decision_reference,Q11+Q12,Q12
REL-00629,CM-1-3-2-5-3,governed-by,CM-1-3-2-5,disposition,ResolvedToConcept,SoleCandidate
REL-00629,CM-1-3-2-5-3,governed-by,CM-1-3-2-5,emission_decision,emit after mechanical uniqueness validation,HOLD: context-confirmation pass
REL-00629,CM-1-3-2-5-3,governed-by,CM-1-3-2-5,evidence,unique exact preferred-label match,"unique exact preferred-label match (candidate filter only, per PR #120)"
REL-00629,CM-1-3-2-5-3,governed-by,CM-1-3-2-5,reason,unique label match to CM-1-3-2-5; no contradicting context,label filter leaves one candidate: CM-1-3-2-5; resolution requires context evidence
REL-00630,CM-1-3-3-1-1,precedes,CM-1-3-3-1-2,confidence,ContextualResolved,CandidateOnly
REL-00630,CM-1-3-3-1-1,precedes,CM-1-3-3-1-2,decision_reference,Q11+Q12,Q12
REL-00630,CM-1-3-3-1-1,precedes,CM-1-3-3-1-2,disposition,ResolvedToConcept,SoleCandidate
REL-00630,CM-1-3-3-1-1,precedes,CM-1-3-3-1-2,emission_decision,emit after mechanical uniqueness validation,HOLD: context-confirmation pass
REL-00630,CM-1-3-3-1-1,precedes,CM-1-3-3-1-2,evidence,unique exact preferred-label match,"unique exact preferred-label match (candidate filter only, per PR #120)"
REL-00630,CM-1-3-3-1-1,precedes,CM-1-3-3-1-2,reason,unique label match to CM-1-3-3-1-2; no contradicting context,label filter leaves one candidate: CM-1-3-3-1-2; resolution requires context evidence
REL-00631,CM-1-3-3-1-1,governed-by,CM-1-3-3-1,confidence,ContextualResolved,CandidateOnly
REL-00631,CM-1-3-3-1-1,governed-by,CM-1-3-3-1,decision_reference,Q11+Q12,Q12
REL-00631,CM-1-3-3-1-1,governed-by,CM-1-3-3-1,disposition,ResolvedToConcept,SoleCandidate
REL-00631,CM-1-3-3-1-1,governed-by,CM-1-3-3-1,emission_decision,emit after mechanical uniqueness validation,HOLD: context-confirmation pass
REL-00631,CM-1-3-3-1-1,governed-by,CM-1-3-3-1,evidence,unique exact preferred-label match,"unique exact preferred-label match (candidate filter only, per PR #120)"
REL-00631,CM-1-3-3-1-1,governed-by,CM-1-3-3-1,reason,unique label match to CM-1-3-3-1; no contradicting context,label filter leaves one candidate: CM-1-3-3-1; resolution requires context evidence
REL-00632,CM-1-3-3-1-2,follows,CM-1-3-3-1-1,confidence,ContextualResolved,CandidateOnly
REL-00632,CM-1-3-3-1-2,follows,CM-1-3-3-1-1,decision_reference,Q11+Q12,Q12
REL-00632,CM-1-3-3-1-2,follows,CM-1-3-3-1-1,disposition,ResolvedToConcept,SoleCandidate
REL-00632,CM-1-3-3-1-2,follows,CM-1-3-3-1-1,emission_decision,emit after mechanical uniqueness validation,HOLD: context-confirmation pass
REL-00632,CM-1-3-3-1-2,follows,CM-1-3-3-1-1,evidence,unique exact preferred-label match,"unique exact preferred-label match (candidate filter only, per PR #120)"
REL-00632,CM-1-3-3-1-2,follows,CM-1-3-3-1-1,reason,unique label match to CM-1-3-3-1-1; no contradicting context,label filter leaves one candidate: CM-1-3-3-1-1; resolution requires context evidence
REL-00633,CM-1-3-3-1-2,precedes,CM-1-3-3-1-3,confidence,ContextualResolved,CandidateOnly
REL-00633,CM-1-3-3-1-2,precedes,CM-1-3-3-1-3,decision_reference,Q11+Q12,Q12
REL-00633,CM-1-3-3-1-2,precedes,CM-1-3-3-1-3,disposition,ResolvedToConcept,SoleCandidate
REL-00633,CM-1-3-3-1-2,precedes,CM-1-3-3-1-3,emission_decision,emit after mechanical uniqueness validation,HOLD: context-confirmation pass
REL-00633,CM-1-3-3-1-2,precedes,CM-1-3-3-1-3,evidence,unique exact preferred-label match,"unique exact preferred-label match (candidate filter only, per PR #120)"
REL-00633,CM-1-3-3-1-2,precedes,CM-1-3-3-1-3,reason,unique label match to CM-1-3-3-1-3; no contradicting context,label filter leaves one candidate: CM-1-3-3-1-3; resolution requires context evidence
REL-00634,CM-1-3-3-1-3,follows,CM-1-3-3-1-2,confidence,ContextualResolved,CandidateOnly
REL-00634,CM-1-3-3-1-3,follows,CM-1-3-3-1-2,decision_reference,Q11+Q12,Q12
REL-00634,CM-1-3-3-1-3,follows,CM-1-3-3-1-2,disposition,ResolvedToConcept,SoleCandidate
REL-00634,CM-1-3-3-1-3,follows,CM-1-3-3-1-2,emission_decision,emit after mechanical uniqueness validation,HOLD: context-confirmation pass
REL-00634,CM-1-3-3-1-3,follows,CM-1-3-3-1-2,evidence,unique exact preferred-label match,"unique exact preferred-label match (candidate filter only, per PR #120)"
REL-00634,CM-1-3-3-1-3,follows,CM-1-3-3-1-2,reason,unique label match to CM-1-3-3-1-2; no contradicting context,label filter leaves one candidate: CM-1-3-3-1-2; resolution requires context evidence
REL-00635,CM-1-3-3-1-3,precedes,CM-1-3-3-1-4,confidence,Resolved,StableIdentifier
REL-00636,CM-1-3-3-1-4,follows,CM-1-3-3-1-3,confidence,ContextualResolved,CandidateOnly
REL-00636,CM-1-3-3-1-4,follows,CM-1-3-3-1-3,decision_reference,Q11+Q12,Q12
REL-00636,CM-1-3-3-1-4,follows,CM-1-3-3-1-3,disposition,ResolvedToConcept,SoleCandidate
REL-00636,CM-1-3-3-1-4,follows,CM-1-3-3-1-3,emission_decision,emit after mechanical uniqueness validation,HOLD: context-confirmation pass
REL-00636,CM-1-3-3-1-4,follows,CM-1-3-3-1-3,evidence,unique exact preferred-label match,"unique exact preferred-label match (candidate filter only, per PR #120)"
REL-00636,CM-1-3-3-1-4,follows,CM-1-3-3-1-3,reason,unique label match to CM-1-3-3-1-3; no contradicting context,label filter leaves one candidate: CM-1-3-3-1-3; resolution requires context evidence
REL-00637,CM-1-3-3-1-4,uses-input,CM-1-3-1-6,confidence,Resolved,StableIdentifier
REL-00638,CM-1-3-3-2-1,precedes,CM-1-3-3-2-2,confidence,ContextualResolved,CandidateOnly
REL-00638,CM-1-3-3-2-1,precedes,CM-1-3-3-2-2,decision_reference,Q11+Q12,Q12
REL-00638,CM-1-3-3-2-1,precedes,CM-1-3-3-2-2,disposition,ResolvedToConcept,SoleCandidate
REL-00638,CM-1-3-3-2-1,precedes,CM-1-3-3-2-2,emission_decision,emit after mechanical uniqueness validation,HOLD: context-confirmation pass
REL-00638,CM-1-3-3-2-1,precedes,CM-1-3-3-2-2,evidence,unique exact preferred-label match,"unique exact preferred-label match (candidate filter only, per PR #120)"
REL-00638,CM-1-3-3-2-1,precedes,CM-1-3-3-2-2,reason,unique label match to CM-1-3-3-2-2; no contradicting context,label filter leaves one candidate: CM-1-3-3-2-2; resolution requires context evidence
REL-00639,CM-1-3-3-2-1,governed-by,CM-1-3-3-2,confidence,ContextualResolved,CandidateOnly
REL-00639,CM-1-3-3-2-1,governed-by,CM-1-3-3-2,decision_reference,Q11+Q12,Q12
REL-00639,CM-1-3-3-2-1,governed-by,CM-1-3-3-2,disposition,ResolvedToConcept,SoleCandidate
REL-00639,CM-1-3-3-2-1,governed-by,CM-1-3-3-2,emission_decision,emit after mechanical uniqueness validation,HOLD: context-confirmation pass
REL-00639,CM-1-3-3-2-1,governed-by,CM-1-3-3-2,evidence,unique exact preferred-label match,"unique exact preferred-label match (candidate filter only, per PR #120)"
REL-00639,CM-1-3-3-2-1,governed-by,CM-1-3-3-2,reason,unique label match to CM-1-3-3-2; no contradicting context,label filter leaves one candidate: CM-1-3-3-2; resolution requires context evidence
REL-00640,CM-1-3-3-2-2,follows,CM-1-3-3-2-1,confidence,ContextualResolved,CandidateOnly
REL-00640,CM-1-3-3-2-2,follows,CM-1-3-3-2-1,decision_reference,Q11+Q12,Q12
REL-00640,CM-1-3-3-2-2,follows,CM-1-3-3-2-1,disposition,ResolvedToConcept,SoleCandidate
REL-00640,CM-1-3-3-2-2,follows,CM-1-3-3-2-1,emission_decision,emit after mechanical uniqueness validation,HOLD: context-confirmation pass
REL-00640,CM-1-3-3-2-2,follows,CM-1-3-3-2-1,evidence,unique exact preferred-label match,"unique exact preferred-label match (candidate filter only, per PR #120)"
REL-00640,CM-1-3-3-2-2,follows,CM-1-3-3-2-1,reason,unique label match to CM-1-3-3-2-1; no contradicting context,label filter leaves one candidate: CM-1-3-3-2-1; resolution requires context evidence
REL-00641,CM-1-3-3-2-2,precedes,CM-1-3-3-2-5,confidence,Resolved,StableIdentifier
REL-00642,CM-1-3-3-2-2,informed-by,CM-1-3-3-2-4,confidence,ContextualResolved,CandidateOnly
REL-00642,CM-1-3-3-2-2,informed-by,CM-1-3-3-2-4,decision_reference,Q11+Q12,Q12
REL-00642,CM-1-3-3-2-2,informed-by,CM-1-3-3-2-4,disposition,ResolvedToConcept,SoleCandidate
REL-00642,CM-1-3-3-2-2,informed-by,CM-1-3-3-2-4,emission_decision,emit after mechanical uniqueness validation,HOLD: context-confirmation pass
REL-00642,CM-1-3-3-2-2,informed-by,CM-1-3-3-2-4,evidence,unique exact preferred-label match,"unique exact preferred-label match (candidate filter only, per PR #120)"
REL-00642,CM-1-3-3-2-2,informed-by,CM-1-3-3-2-4,reason,unique label match to CM-1-3-3-2-4; no contradicting context,label filter leaves one candidate: CM-1-3-3-2-4; resolution requires context evidence
REL-00643,CM-1-3-3-2-2,informed-by,CM-1-3-3-2-3,confidence,ContextualResolved,CandidateOnly
REL-00643,CM-1-3-3-2-2,informed-by,CM-1-3-3-2-3,decision_reference,Q11+Q12,Q12
REL-00643,CM-1-3-3-2-2,informed-by,CM-1-3-3-2-3,disposition,ResolvedToConcept,SoleCandidate
REL-00643,CM-1-3-3-2-2,informed-by,CM-1-3-3-2-3,emission_decision,emit after mechanical uniqueness validation,HOLD: context-confirmation pass
REL-00643,CM-1-3-3-2-2,informed-by,CM-1-3-3-2-3,evidence,unique exact preferred-label match,"unique exact preferred-label match (candidate filter only, per PR #120)"
REL-00643,CM-1-3-3-2-2,informed-by,CM-1-3-3-2-3,reason,unique label match to CM-1-3-3-2-3; no contradicting context,label filter leaves one candidate: CM-1-3-3-2-3; resolution requires context evidence
REL-00644,CM-1-3-3-2-2,enables,CM-1-3-6-3,confidence,ContextualResolved,CandidateOnly
REL-00644,CM-1-3-3-2-2,enables,CM-1-3-6-3,decision_reference,Q11+Q12,Q12
REL-00644,CM-1-3-3-2-2,enables,CM-1-3-6-3,disposition,ResolvedToConcept,SoleCandidate
REL-00644,CM-1-3-3-2-2,enables,CM-1-3-6-3,emission_decision,emit after mechanical uniqueness validation,HOLD: context-confirmation pass
REL-00644,CM-1-3-3-2-2,enables,CM-1-3-6-3,evidence,unique exact preferred-label match,"unique exact preferred-label match (candidate filter only, per PR #120)"
REL-00644,CM-1-3-3-2-2,enables,CM-1-3-6-3,reason,unique label match to CM-1-3-6-3; no contradicting context,label filter leaves one candidate: CM-1-3-6-3; resolution requires context evidence
REL-00645,CM-1-3-3-2-3,follows,CM-1-3-3-2-5,confidence,Resolved,StableIdentifier
REL-00646,CM-1-3-3-2-3,informed-by,CM-1-3-6-3,confidence,ContextualResolved,CandidateOnly
REL-00646,CM-1-3-3-2-3,informed-by,CM-1-3-6-3,decision_reference,Q11+Q12,Q12
REL-00646,CM-1-3-3-2-3,informed-by,CM-1-3-6-3,disposition,ResolvedToConcept,SoleCandidate
REL-00646,CM-1-3-3-2-3,informed-by,CM-1-3-6-3,emission_decision,emit after mechanical uniqueness validation,HOLD: context-confirmation pass
REL-00646,CM-1-3-3-2-3,informed-by,CM-1-3-6-3,evidence,unique exact preferred-label match,"unique exact preferred-label match (candidate filter only, per PR #120)"
REL-00646,CM-1-3-3-2-3,informed-by,CM-1-3-6-3,reason,unique label match to CM-1-3-6-3; no contradicting context,label filter leaves one candidate: CM-1-3-6-3; resolution requires context evidence
REL-00647,CM-1-3-3-2-3,informed-by,CM-1-3-3-2-4,confidence,ContextualResolved,CandidateOnly
REL-00647,CM-1-3-3-2-3,informed-by,CM-1-3-3-2-4,decision_reference,Q11+Q12,Q12
REL-00647,CM-1-3-3-2-3,informed-by,CM-1-3-3-2-4,disposition,ResolvedToConcept,SoleCandidate
REL-00647,CM-1-3-3-2-3,informed-by,CM-1-3-3-2-4,emission_decision,emit after mechanical uniqueness validation,HOLD: context-confirmation pass
REL-00647,CM-1-3-3-2-3,informed-by,CM-1-3-3-2-4,evidence,unique exact preferred-label match,"unique exact preferred-label match (candidate filter only, per PR #120)"
REL-00647,CM-1-3-3-2-3,informed-by,CM-1-3-3-2-4,reason,unique label match to CM-1-3-3-2-4; no contradicting context,label filter leaves one candidate: CM-1-3-3-2-4; resolution requires context evidence
REL-00648,CM-1-3-3-2-3,enables,CM-1-3-3-2-2,confidence,ContextualResolved,CandidateOnly
REL-00648,CM-1-3-3-2-3,enables,CM-1-3-3-2-2,decision_reference,Q11+Q12,Q12
REL-00648,CM-1-3-3-2-3,enables,CM-1-3-3-2-2,disposition,ResolvedToConcept,SoleCandidate
REL-00648,CM-1-3-3-2-3,enables,CM-1-3-3-2-2,emission_decision,emit after mechanical uniqueness validation,HOLD: context-confirmation pass
REL-00648,CM-1-3-3-2-3,enables,CM-1-3-3-2-2,evidence,unique exact preferred-label match,"unique exact preferred-label match (candidate filter only, per PR #120)"
REL-00648,CM-1-3-3-2-3,enables,CM-1-3-3-2-2,reason,unique label match to CM-1-3-3-2-2; no contradicting context,label filter leaves one candidate: CM-1-3-3-2-2; resolution requires context evidence
REL-00649,CM-1-3-3-2-4,follows,CM-1-3-3-2-2,confidence,ContextualResolved,CandidateOnly
REL-00649,CM-1-3-3-2-4,follows,CM-1-3-3-2-2,decision_reference,Q11+Q12,Q12
REL-00649,CM-1-3-3-2-4,follows,CM-1-3-3-2-2,disposition,ResolvedToConcept,SoleCandidate
REL-00649,CM-1-3-3-2-4,follows,CM-1-3-3-2-2,emission_decision,emit after mechanical uniqueness validation,HOLD: context-confirmation pass
REL-00649,CM-1-3-3-2-4,follows,CM-1-3-3-2-2,evidence,unique exact preferred-label match,"unique exact preferred-label match (candidate filter only, per PR #120)"
REL-00649,CM-1-3-3-2-4,follows,CM-1-3-3-2-2,reason,unique label match to CM-1-3-3-2-2; no contradicting context,label filter leaves one candidate: CM-1-3-3-2-2; resolution requires context evidence
REL-00650,CM-1-3-3-2-4,uses-input,CM-1-3-6-3,confidence,ContextualResolved,CandidateOnly
REL-00650,CM-1-3-3-2-4,uses-input,CM-1-3-6-3,decision_reference,Q11+Q12,Q12
REL-00650,CM-1-3-3-2-4,uses-input,CM-1-3-6-3,disposition,ResolvedToConcept,SoleCandidate
REL-00650,CM-1-3-3-2-4,uses-input,CM-1-3-6-3,emission_decision,emit after mechanical uniqueness validation,HOLD: context-confirmation pass
REL-00650,CM-1-3-3-2-4,uses-input,CM-1-3-6-3,evidence,unique exact preferred-label match,"unique exact preferred-label match (candidate filter only, per PR #120)"
REL-00650,CM-1-3-3-2-4,uses-input,CM-1-3-6-3,reason,unique label match to CM-1-3-6-3; no contradicting context,label filter leaves one candidate: CM-1-3-6-3; resolution requires context evidence
REL-00651,CM-1-3-3-2-5,follows,CM-1-3-3-2-2,confidence,ContextualResolved,CandidateOnly
REL-00651,CM-1-3-3-2-5,follows,CM-1-3-3-2-2,decision_reference,Q11+Q12,Q12
REL-00651,CM-1-3-3-2-5,follows,CM-1-3-3-2-2,disposition,ResolvedToConcept,SoleCandidate
REL-00651,CM-1-3-3-2-5,follows,CM-1-3-3-2-2,emission_decision,emit after mechanical uniqueness validation,HOLD: context-confirmation pass
REL-00651,CM-1-3-3-2-5,follows,CM-1-3-3-2-2,evidence,unique exact preferred-label match,"unique exact preferred-label match (candidate filter only, per PR #120)"
REL-00651,CM-1-3-3-2-5,follows,CM-1-3-3-2-2,reason,unique label match to CM-1-3-3-2-2; no contradicting context,label filter leaves one candidate: CM-1-3-3-2-2; resolution requires context evidence
REL-00652,CM-1-3-3-2-5,precedes,CM-1-3-3-2-3,confidence,ContextualResolved,CandidateOnly
REL-00652,CM-1-3-3-2-5,precedes,CM-1-3-3-2-3,decision_reference,Q11+Q12,Q12
REL-00652,CM-1-3-3-2-5,precedes,CM-1-3-3-2-3,disposition,ResolvedToConcept,SoleCandidate
REL-00652,CM-1-3-3-2-5,precedes,CM-1-3-3-2-3,emission_decision,emit after mechanical uniqueness validation,HOLD: context-confirmation pass
REL-00652,CM-1-3-3-2-5,precedes,CM-1-3-3-2-3,evidence,unique exact preferred-label match,"unique exact preferred-label match (candidate filter only, per PR #120)"
REL-00652,CM-1-3-3-2-5,precedes,CM-1-3-3-2-3,reason,unique label match to CM-1-3-3-2-3; no contradicting context,label filter leaves one candidate: CM-1-3-3-2-3; resolution requires context evidence
REL-00653,CM-1-3-3-2-5,uses-input,CM-1-3-1-6,confidence,Resolved,StableIdentifier
REL-00654,CM-1-3-3-3-1,follows,CM-1-3-3-3-2,confidence,ContextualResolved,CandidateOnly
REL-00654,CM-1-3-3-3-1,follows,CM-1-3-3-3-2,decision_reference,Q11+Q12,Q12
REL-00654,CM-1-3-3-3-1,follows,CM-1-3-3-3-2,disposition,ResolvedToConcept,SoleCandidate
REL-00654,CM-1-3-3-3-1,follows,CM-1-3-3-3-2,emission_decision,emit after mechanical uniqueness validation,HOLD: context-confirmation pass
REL-00654,CM-1-3-3-3-1,follows,CM-1-3-3-3-2,evidence,unique exact preferred-label match,"unique exact preferred-label match (candidate filter only, per PR #120)"
REL-00654,CM-1-3-3-3-1,follows,CM-1-3-3-3-2,reason,unique label match to CM-1-3-3-3-2; no contradicting context,label filter leaves one candidate: CM-1-3-3-3-2; resolution requires context evidence
REL-00655,CM-1-3-3-3-1,precedes,CM-1-3-3-3-4,confidence,ContextualResolved,CandidateOnly
REL-00655,CM-1-3-3-3-1,precedes,CM-1-3-3-3-4,decision_reference,Q11+Q12,Q12
REL-00655,CM-1-3-3-3-1,precedes,CM-1-3-3-3-4,disposition,ResolvedToConcept,SoleCandidate
REL-00655,CM-1-3-3-3-1,precedes,CM-1-3-3-3-4,emission_decision,emit after mechanical uniqueness validation,HOLD: context-confirmation pass
REL-00655,CM-1-3-3-3-1,precedes,CM-1-3-3-3-4,evidence,unique exact preferred-label match,"unique exact preferred-label match (candidate filter only, per PR #120)"
REL-00655,CM-1-3-3-3-1,precedes,CM-1-3-3-3-4,reason,unique label match to CM-1-3-3-3-4; no contradicting context,label filter leaves one candidate: CM-1-3-3-3-4; resolution requires context evidence
REL-00656,CM-1-3-3-3-1,governed-by,CM-1-3-3-3,confidence,ContextualResolved,CandidateOnly
REL-00656,CM-1-3-3-3-1,governed-by,CM-1-3-3-3,decision_reference,Q11+Q12,Q12
REL-00656,CM-1-3-3-3-1,governed-by,CM-1-3-3-3,disposition,ResolvedToConcept,SoleCandidate
REL-00656,CM-1-3-3-3-1,governed-by,CM-1-3-3-3,emission_decision,emit after mechanical uniqueness validation,HOLD: context-confirmation pass
REL-00656,CM-1-3-3-3-1,governed-by,CM-1-3-3-3,evidence,unique exact preferred-label match,"unique exact preferred-label match (candidate filter only, per PR #120)"
REL-00656,CM-1-3-3-3-1,governed-by,CM-1-3-3-3,reason,unique label match to CM-1-3-3-3; no contradicting context,label filter leaves one candidate: CM-1-3-3-3; resolution requires context evidence
REL-00657,CM-1-3-3-3-2,follows,CM-1-3-3-3-3,confidence,ContextualResolved,CandidateOnly
REL-00657,CM-1-3-3-3-2,follows,CM-1-3-3-3-3,decision_reference,Q11+Q12,Q12
REL-00657,CM-1-3-3-3-2,follows,CM-1-3-3-3-3,disposition,ResolvedToConcept,SoleCandidate
REL-00657,CM-1-3-3-3-2,follows,CM-1-3-3-3-3,emission_decision,emit after mechanical uniqueness validation,HOLD: context-confirmation pass
REL-00657,CM-1-3-3-3-2,follows,CM-1-3-3-3-3,evidence,unique exact preferred-label match,"unique exact preferred-label match (candidate filter only, per PR #120)"
REL-00657,CM-1-3-3-3-2,follows,CM-1-3-3-3-3,reason,unique label match to CM-1-3-3-3-3; no contradicting context,label filter leaves one candidate: CM-1-3-3-3-3; resolution requires context evidence
REL-00658,CM-1-3-3-3-2,precedes,CM-1-3-3-3-1,confidence,ContextualResolved,CandidateOnly
REL-00658,CM-1-3-3-3-2,precedes,CM-1-3-3-3-1,decision_reference,Q11+Q12,Q12
REL-00658,CM-1-3-3-3-2,precedes,CM-1-3-3-3-1,disposition,ResolvedToConcept,SoleCandidate
REL-00658,CM-1-3-3-3-2,precedes,CM-1-3-3-3-1,emission_decision,emit after mechanical uniqueness validation,HOLD: context-confirmation pass
REL-00658,CM-1-3-3-3-2,precedes,CM-1-3-3-3-1,evidence,unique exact preferred-label match,"unique exact preferred-label match (candidate filter only, per PR #120)"
REL-00658,CM-1-3-3-3-2,precedes,CM-1-3-3-3-1,reason,unique label match to CM-1-3-3-3-1; no contradicting context,label filter leaves one candidate: CM-1-3-3-3-1; resolution requires context evidence
REL-00659,CM-1-3-3-3-2,governed-by,CM-1-3-3-3,confidence,ContextualResolved,CandidateOnly
REL-00659,CM-1-3-3-3-2,governed-by,CM-1-3-3-3,decision_reference,Q11+Q12,Q12
REL-00659,CM-1-3-3-3-2,governed-by,CM-1-3-3-3,disposition,ResolvedToConcept,SoleCandidate
REL-00659,CM-1-3-3-3-2,governed-by,CM-1-3-3-3,emission_decision,emit after mechanical uniqueness validation,HOLD: context-confirmation pass
REL-00659,CM-1-3-3-3-2,governed-by,CM-1-3-3-3,evidence,unique exact preferred-label match,"unique exact preferred-label match (candidate filter only, per PR #120)"
REL-00659,CM-1-3-3-3-2,governed-by,CM-1-3-3-3,reason,unique label match to CM-1-3-3-3; no contradicting context,label filter leaves one candidate: CM-1-3-3-3; resolution requires context evidence
REL-00660,CM-1-3-3-3-3,precedes,CM-1-3-3-3-2,confidence,ContextualResolved,CandidateOnly
REL-00660,CM-1-3-3-3-3,precedes,CM-1-3-3-3-2,decision_reference,Q11+Q12,Q12
REL-00660,CM-1-3-3-3-3,precedes,CM-1-3-3-3-2,disposition,ResolvedToConcept,SoleCandidate
REL-00660,CM-1-3-3-3-3,precedes,CM-1-3-3-3-2,emission_decision,emit after mechanical uniqueness validation,HOLD: context-confirmation pass
REL-00660,CM-1-3-3-3-3,precedes,CM-1-3-3-3-2,evidence,unique exact preferred-label match,"unique exact preferred-label match (candidate filter only, per PR #120)"
REL-00660,CM-1-3-3-3-3,precedes,CM-1-3-3-3-2,reason,unique label match to CM-1-3-3-3-2; no contradicting context,label filter leaves one candidate: CM-1-3-3-3-2; resolution requires context evidence
REL-00661,CM-1-3-3-3-3,governed-by,CM-1-3-3-3,confidence,ContextualResolved,CandidateOnly
REL-00661,CM-1-3-3-3-3,governed-by,CM-1-3-3-3,decision_reference,Q11+Q12,Q12
REL-00661,CM-1-3-3-3-3,governed-by,CM-1-3-3-3,disposition,ResolvedToConcept,SoleCandidate
REL-00661,CM-1-3-3-3-3,governed-by,CM-1-3-3-3,emission_decision,emit after mechanical uniqueness validation,HOLD: context-confirmation pass
REL-00661,CM-1-3-3-3-3,governed-by,CM-1-3-3-3,evidence,unique exact preferred-label match,"unique exact preferred-label match (candidate filter only, per PR #120)"
REL-00661,CM-1-3-3-3-3,governed-by,CM-1-3-3-3,reason,unique label match to CM-1-3-3-3; no contradicting context,label filter leaves one candidate: CM-1-3-3-3; resolution requires context evidence
REL-00662,CM-1-3-3-3-3,uses-input,CM-1-2-6-1-3,confidence,ContextualResolved,CandidateOnly
REL-00662,CM-1-3-3-3-3,uses-input,CM-1-2-6-1-3,decision_reference,Q11+Q12,Q12
REL-00662,CM-1-3-3-3-3,uses-input,CM-1-2-6-1-3,disposition,ResolvedToConcept,SoleCandidate
REL-00662,CM-1-3-3-3-3,uses-input,CM-1-2-6-1-3,emission_decision,emit after mechanical uniqueness validation,HOLD: context-confirmation pass
REL-00662,CM-1-3-3-3-3,uses-input,CM-1-2-6-1-3,evidence,unique exact preferred-label match,"unique exact preferred-label match (candidate filter only, per PR #120)"
REL-00662,CM-1-3-3-3-3,uses-input,CM-1-2-6-1-3,reason,unique label match to CM-1-2-6-1-3; no contradicting context,label filter leaves one candidate: CM-1-2-6-1-3; resolution requires context evidence
REL-00663,CM-1-3-3-3-4,follows,CM-1-3-3-3-1,confidence,ContextualResolved,CandidateOnly
REL-00663,CM-1-3-3-3-4,follows,CM-1-3-3-3-1,decision_reference,Q11+Q12,Q12
REL-00663,CM-1-3-3-3-4,follows,CM-1-3-3-3-1,disposition,ResolvedToConcept,SoleCandidate
REL-00663,CM-1-3-3-3-4,follows,CM-1-3-3-3-1,emission_decision,emit after mechanical uniqueness validation,HOLD: context-confirmation pass
REL-00663,CM-1-3-3-3-4,follows,CM-1-3-3-3-1,evidence,unique exact preferred-label match,"unique exact preferred-label match (candidate filter only, per PR #120)"
REL-00663,CM-1-3-3-3-4,follows,CM-1-3-3-3-1,reason,unique label match to CM-1-3-3-3-1; no contradicting context,label filter leaves one candidate: CM-1-3-3-3-1; resolution requires context evidence
REL-00664,CM-1-3-3-3-4,precedes,CM-1-3-3-3-5,confidence,Resolved,StableIdentifier
REL-00665,CM-1-3-3-3-4,enables,CM-1-3-6-1,confidence,ContextualResolved,CandidateOnly
REL-00665,CM-1-3-3-3-4,enables,CM-1-3-6-1,decision_reference,Q11+Q12,Q12
REL-00665,CM-1-3-3-3-4,enables,CM-1-3-6-1,disposition,ResolvedToConcept,SoleCandidate
REL-00665,CM-1-3-3-3-4,enables,CM-1-3-6-1,emission_decision,emit after mechanical uniqueness validation,HOLD: context-confirmation pass
REL-00665,CM-1-3-3-3-4,enables,CM-1-3-6-1,evidence,unique exact preferred-label match,"unique exact preferred-label match (candidate filter only, per PR #120)"
REL-00665,CM-1-3-3-3-4,enables,CM-1-3-6-1,reason,unique label match to CM-1-3-6-1; no contradicting context,label filter leaves one candidate: CM-1-3-6-1; resolution requires context evidence
REL-00666,CM-1-3-3-3-5,follows,CM-1-3-3-3-4,confidence,ContextualResolved,CandidateOnly
REL-00666,CM-1-3-3-3-5,follows,CM-1-3-3-3-4,decision_reference,Q11+Q12,Q12
REL-00666,CM-1-3-3-3-5,follows,CM-1-3-3-3-4,disposition,ResolvedToConcept,SoleCandidate
REL-00666,CM-1-3-3-3-5,follows,CM-1-3-3-3-4,emission_decision,emit after mechanical uniqueness validation,HOLD: context-confirmation pass
REL-00666,CM-1-3-3-3-5,follows,CM-1-3-3-3-4,evidence,unique exact preferred-label match,"unique exact preferred-label match (candidate filter only, per PR #120)"
REL-00666,CM-1-3-3-3-5,follows,CM-1-3-3-3-4,reason,unique label match to CM-1-3-3-3-4; no contradicting context,label filter leaves one candidate: CM-1-3-3-3-4; resolution requires context evidence
REL-00667,CM-1-3-3-3-5,uses-input,CM-1-3-1-6,confidence,Resolved,StableIdentifier
REL-00668,CM-1-3-3-4-1,follows,CM-1-3-3-4-3,confidence,ContextualResolved,CandidateOnly
REL-00668,CM-1-3-3-4-1,follows,CM-1-3-3-4-3,decision_reference,Q11+Q12,Q12
REL-00668,CM-1-3-3-4-1,follows,CM-1-3-3-4-3,disposition,ResolvedToConcept,SoleCandidate
REL-00668,CM-1-3-3-4-1,follows,CM-1-3-3-4-3,emission_decision,emit after mechanical uniqueness validation,HOLD: context-confirmation pass
REL-00668,CM-1-3-3-4-1,follows,CM-1-3-3-4-3,evidence,unique exact preferred-label match,"unique exact preferred-label match (candidate filter only, per PR #120)"
REL-00668,CM-1-3-3-4-1,follows,CM-1-3-3-4-3,reason,unique label match to CM-1-3-3-4-3; no contradicting context,label filter leaves one candidate: CM-1-3-3-4-3; resolution requires context evidence
REL-00669,CM-1-3-3-4-1,precedes,CM-1-3-3-4-4,confidence,Resolved,StableIdentifier
REL-00670,CM-1-3-3-4-1,governed-by,CM-1-3-3-4,confidence,ContextualResolved,CandidateOnly
REL-00670,CM-1-3-3-4-1,governed-by,CM-1-3-3-4,decision_reference,Q11+Q12,Q12
REL-00670,CM-1-3-3-4-1,governed-by,CM-1-3-3-4,disposition,ResolvedToConcept,SoleCandidate
REL-00670,CM-1-3-3-4-1,governed-by,CM-1-3-3-4,emission_decision,emit after mechanical uniqueness validation,HOLD: context-confirmation pass
REL-00670,CM-1-3-3-4-1,governed-by,CM-1-3-3-4,evidence,unique exact preferred-label match,"unique exact preferred-label match (candidate filter only, per PR #120)"
REL-00670,CM-1-3-3-4-1,governed-by,CM-1-3-3-4,reason,unique label match to CM-1-3-3-4; no contradicting context,label filter leaves one candidate: CM-1-3-3-4; resolution requires context evidence
REL-00671,CM-1-3-3-4-2,precedes,CM-1-3-3-4-3,confidence,ContextualResolved,CandidateOnly
REL-00671,CM-1-3-3-4-2,precedes,CM-1-3-3-4-3,decision_reference,Q11+Q12,Q12
REL-00671,CM-1-3-3-4-2,precedes,CM-1-3-3-4-3,disposition,ResolvedToConcept,SoleCandidate
REL-00671,CM-1-3-3-4-2,precedes,CM-1-3-3-4-3,emission_decision,emit after mechanical uniqueness validation,HOLD: context-confirmation pass
REL-00671,CM-1-3-3-4-2,precedes,CM-1-3-3-4-3,evidence,unique exact preferred-label match,"unique exact preferred-label match (candidate filter only, per PR #120)"
REL-00671,CM-1-3-3-4-2,precedes,CM-1-3-3-4-3,reason,unique label match to CM-1-3-3-4-3; no contradicting context,label filter leaves one candidate: CM-1-3-3-4-3; resolution requires context evidence
REL-00672,CM-1-3-3-4-2,governed-by,CM-1-3-3-4,confidence,ContextualResolved,CandidateOnly
REL-00672,CM-1-3-3-4-2,governed-by,CM-1-3-3-4,decision_reference,Q11+Q12,Q12
REL-00672,CM-1-3-3-4-2,governed-by,CM-1-3-3-4,disposition,ResolvedToConcept,SoleCandidate
REL-00672,CM-1-3-3-4-2,governed-by,CM-1-3-3-4,emission_decision,emit after mechanical uniqueness validation,HOLD: context-confirmation pass
REL-00672,CM-1-3-3-4-2,governed-by,CM-1-3-3-4,evidence,unique exact preferred-label match,"unique exact preferred-label match (candidate filter only, per PR #120)"
REL-00672,CM-1-3-3-4-2,governed-by,CM-1-3-3-4,reason,unique label match to CM-1-3-3-4; no contradicting context,label filter leaves one candidate: CM-1-3-3-4; resolution requires context evidence
REL-00673,CM-1-3-3-4-3,follows,CM-1-3-3-4-2,confidence,ContextualResolved,CandidateOnly
REL-00673,CM-1-3-3-4-3,follows,CM-1-3-3-4-2,decision_reference,Q11+Q12,Q12
REL-00673,CM-1-3-3-4-3,follows,CM-1-3-3-4-2,disposition,ResolvedToConcept,SoleCandidate
REL-00673,CM-1-3-3-4-3,follows,CM-1-3-3-4-2,emission_decision,emit after mechanical uniqueness validation,HOLD: context-confirmation pass
REL-00673,CM-1-3-3-4-3,follows,CM-1-3-3-4-2,evidence,unique exact preferred-label match,"unique exact preferred-label match (candidate filter only, per PR #120)"
REL-00673,CM-1-3-3-4-3,follows,CM-1-3-3-4-2,reason,unique label match to CM-1-3-3-4-2; no contradicting context,label filter leaves one candidate: CM-1-3-3-4-2; resolution requires context evidence
REL-00674,CM-1-3-3-4-3,precedes,CM-1-3-3-4-1,confidence,ContextualResolved,CandidateOnly
REL-00674,CM-1-3-3-4-3,precedes,CM-1-3-3-4-1,decision_reference,Q11+Q12,Q12
REL-00674,CM-1-3-3-4-3,precedes,CM-1-3-3-4-1,disposition,ResolvedToConcept,SoleCandidate
REL-00674,CM-1-3-3-4-3,precedes,CM-1-3-3-4-1,emission_decision,emit after mechanical uniqueness validation,HOLD: context-confirmation pass
REL-00674,CM-1-3-3-4-3,precedes,CM-1-3-3-4-1,evidence,unique exact preferred-label match,"unique exact preferred-label match (candidate filter only, per PR #120)"
REL-00674,CM-1-3-3-4-3,precedes,CM-1-3-3-4-1,reason,unique label match to CM-1-3-3-4-1; no contradicting context,label filter leaves one candidate: CM-1-3-3-4-1; resolution requires context evidence
REL-00675,CM-1-3-3-4-3,governed-by,CM-1-3-3-4,confidence,ContextualResolved,CandidateOnly
REL-00675,CM-1-3-3-4-3,governed-by,CM-1-3-3-4,decision_reference,Q11+Q12,Q12
REL-00675,CM-1-3-3-4-3,governed-by,CM-1-3-3-4,disposition,ResolvedToConcept,SoleCandidate
REL-00675,CM-1-3-3-4-3,governed-by,CM-1-3-3-4,emission_decision,emit after mechanical uniqueness validation,HOLD: context-confirmation pass
REL-00675,CM-1-3-3-4-3,governed-by,CM-1-3-3-4,evidence,unique exact preferred-label match,"unique exact preferred-label match (candidate filter only, per PR #120)"
REL-00675,CM-1-3-3-4-3,governed-by,CM-1-3-3-4,reason,unique label match to CM-1-3-3-4; no contradicting context,label filter leaves one candidate: CM-1-3-3-4; resolution requires context evidence
REL-00676,CM-1-3-3-4-4,follows,CM-1-3-3-4-1,confidence,ContextualResolved,CandidateOnly
REL-00676,CM-1-3-3-4-4,follows,CM-1-3-3-4-1,decision_reference,Q11+Q12,Q12
REL-00676,CM-1-3-3-4-4,follows,CM-1-3-3-4-1,disposition,ResolvedToConcept,SoleCandidate
REL-00676,CM-1-3-3-4-4,follows,CM-1-3-3-4-1,emission_decision,emit after mechanical uniqueness validation,HOLD: context-confirmation pass
REL-00676,CM-1-3-3-4-4,follows,CM-1-3-3-4-1,evidence,unique exact preferred-label match,"unique exact preferred-label match (candidate filter only, per PR #120)"
REL-00676,CM-1-3-3-4-4,follows,CM-1-3-3-4-1,reason,unique label match to CM-1-3-3-4-1; no contradicting context,label filter leaves one candidate: CM-1-3-3-4-1; resolution requires context evidence
REL-00677,CM-1-3-3-4-4,uses-input,CM-1-3-1-6,confidence,Resolved,StableIdentifier
REL-00678,CM-1-3-3-5-1,governed-by,CM-1-3-3-5,confidence,ContextualResolved,CandidateOnly
REL-00678,CM-1-3-3-5-1,governed-by,CM-1-3-3-5,decision_reference,Q11+Q12,Q12
REL-00678,CM-1-3-3-5-1,governed-by,CM-1-3-3-5,disposition,ResolvedToConcept,SoleCandidate
REL-00678,CM-1-3-3-5-1,governed-by,CM-1-3-3-5,emission_decision,emit after mechanical uniqueness validation,HOLD: context-confirmation pass
REL-00678,CM-1-3-3-5-1,governed-by,CM-1-3-3-5,evidence,unique exact preferred-label match,"unique exact preferred-label match (candidate filter only, per PR #120)"
REL-00678,CM-1-3-3-5-1,governed-by,CM-1-3-3-5,reason,unique label match to CM-1-3-3-5; no contradicting context,label filter leaves one candidate: CM-1-3-3-5; resolution requires context evidence
REL-00679,CM-1-3-3-5-1,enables,CM-1-3-5-2,confidence,ContextualResolved,CandidateOnly
REL-00679,CM-1-3-3-5-1,enables,CM-1-3-5-2,decision_reference,Q11+Q12,Q12
REL-00679,CM-1-3-3-5-1,enables,CM-1-3-5-2,disposition,ResolvedToConcept,SoleCandidate
REL-00679,CM-1-3-3-5-1,enables,CM-1-3-5-2,emission_decision,emit after mechanical uniqueness validation,HOLD: context-confirmation pass
REL-00679,CM-1-3-3-5-1,enables,CM-1-3-5-2,evidence,unique exact preferred-label match,"unique exact preferred-label match (candidate filter only, per PR #120)"
REL-00679,CM-1-3-3-5-1,enables,CM-1-3-5-2,reason,unique label match to CM-1-3-5-2; no contradicting context,label filter leaves one candidate: CM-1-3-5-2; resolution requires context evidence
REL-00680,CM-1-3-3-5-2,governed-by,CM-1-3-3-5,confidence,ContextualResolved,CandidateOnly
REL-00680,CM-1-3-3-5-2,governed-by,CM-1-3-3-5,decision_reference,Q11+Q12,Q12
REL-00680,CM-1-3-3-5-2,governed-by,CM-1-3-3-5,disposition,ResolvedToConcept,SoleCandidate
REL-00680,CM-1-3-3-5-2,governed-by,CM-1-3-3-5,emission_decision,emit after mechanical uniqueness validation,HOLD: context-confirmation pass
REL-00680,CM-1-3-3-5-2,governed-by,CM-1-3-3-5,evidence,unique exact preferred-label match,"unique exact preferred-label match (candidate filter only, per PR #120)"
REL-00680,CM-1-3-3-5-2,governed-by,CM-1-3-3-5,reason,unique label match to CM-1-3-3-5; no contradicting context,label filter leaves one candidate: CM-1-3-3-5; resolution requires context evidence
REL-00681,CM-1-3-3-5-2,enables,CM-1-3-5-3,confidence,ContextualResolved,CandidateOnly
REL-00681,CM-1-3-3-5-2,enables,CM-1-3-5-3,decision_reference,Q11+Q12,Q12
REL-00681,CM-1-3-3-5-2,enables,CM-1-3-5-3,disposition,ResolvedToConcept,SoleCandidate
REL-00681,CM-1-3-3-5-2,enables,CM-1-3-5-3,emission_decision,emit after mechanical uniqueness validation,HOLD: context-confirmation pass
REL-00681,CM-1-3-3-5-2,enables,CM-1-3-5-3,evidence,unique exact preferred-label match,"unique exact preferred-label match (candidate filter only, per PR #120)"
REL-00681,CM-1-3-3-5-2,enables,CM-1-3-5-3,reason,unique label match to CM-1-3-5-3; no contradicting context,label filter leaves one candidate: CM-1-3-5-3; resolution requires context evidence
REL-00682,CM-1-3-3-5-3,governed-by,CM-1-3-3-5,confidence,ContextualResolved,CandidateOnly
REL-00682,CM-1-3-3-5-3,governed-by,CM-1-3-3-5,decision_reference,Q11+Q12,Q12
REL-00682,CM-1-3-3-5-3,governed-by,CM-1-3-3-5,disposition,ResolvedToConcept,SoleCandidate
REL-00682,CM-1-3-3-5-3,governed-by,CM-1-3-3-5,emission_decision,emit after mechanical uniqueness validation,HOLD: context-confirmation pass
REL-00682,CM-1-3-3-5-3,governed-by,CM-1-3-3-5,evidence,unique exact preferred-label match,"unique exact preferred-label match (candidate filter only, per PR #120)"
REL-00682,CM-1-3-3-5-3,governed-by,CM-1-3-3-5,reason,unique label match to CM-1-3-3-5; no contradicting context,label filter leaves one candidate: CM-1-3-3-5; resolution requires context evidence
REL-00683,CM-1-3-3-5-3,enables,CM-1-3-5-2,confidence,ContextualResolved,CandidateOnly
REL-00683,CM-1-3-3-5-3,enables,CM-1-3-5-2,decision_reference,Q11+Q12,Q12
REL-00683,CM-1-3-3-5-3,enables,CM-1-3-5-2,disposition,ResolvedToConcept,SoleCandidate
REL-00683,CM-1-3-3-5-3,enables,CM-1-3-5-2,emission_decision,emit after mechanical uniqueness validation,HOLD: context-confirmation pass
REL-00683,CM-1-3-3-5-3,enables,CM-1-3-5-2,evidence,unique exact preferred-label match,"unique exact preferred-label match (candidate filter only, per PR #120)"
REL-00683,CM-1-3-3-5-3,enables,CM-1-3-5-2,reason,unique label match to CM-1-3-5-2; no contradicting context,label filter leaves one candidate: CM-1-3-5-2; resolution requires context evidence
REL-00684,CM-1-3-3-5-4,governed-by,CM-1-3-3-5,confidence,ContextualResolved,CandidateOnly
REL-00684,CM-1-3-3-5-4,governed-by,CM-1-3-3-5,decision_reference,Q11+Q12,Q12
REL-00684,CM-1-3-3-5-4,governed-by,CM-1-3-3-5,disposition,ResolvedToConcept,SoleCandidate
REL-00684,CM-1-3-3-5-4,governed-by,CM-1-3-3-5,emission_decision,emit after mechanical uniqueness validation,HOLD: context-confirmation pass
REL-00684,CM-1-3-3-5-4,governed-by,CM-1-3-3-5,evidence,unique exact preferred-label match,"unique exact preferred-label match (candidate filter only, per PR #120)"
REL-00684,CM-1-3-3-5-4,governed-by,CM-1-3-3-5,reason,unique label match to CM-1-3-3-5; no contradicting context,label filter leaves one candidate: CM-1-3-3-5; resolution requires context evidence
REL-00685,CM-1-3-3-5-4,enables,CM-1-3-6-5,confidence,ContextualResolved,CandidateOnly
REL-00685,CM-1-3-3-5-4,enables,CM-1-3-6-5,decision_reference,Q11+Q12,Q12
REL-00685,CM-1-3-3-5-4,enables,CM-1-3-6-5,disposition,ResolvedToConcept,SoleCandidate
REL-00685,CM-1-3-3-5-4,enables,CM-1-3-6-5,emission_decision,emit after mechanical uniqueness validation,HOLD: context-confirmation pass
REL-00685,CM-1-3-3-5-4,enables,CM-1-3-6-5,evidence,unique exact preferred-label match,"unique exact preferred-label match (candidate filter only, per PR #120)"
REL-00685,CM-1-3-3-5-4,enables,CM-1-3-6-5,reason,unique label match to CM-1-3-6-5; no contradicting context,label filter leaves one candidate: CM-1-3-6-5; resolution requires context evidence
REL-00686,CM-1-3-3-5-5,governed-by,CM-1-3-3-5,confidence,ContextualResolved,CandidateOnly
REL-00686,CM-1-3-3-5-5,governed-by,CM-1-3-3-5,decision_reference,Q11+Q12,Q12
REL-00686,CM-1-3-3-5-5,governed-by,CM-1-3-3-5,disposition,ResolvedToConcept,SoleCandidate
REL-00686,CM-1-3-3-5-5,governed-by,CM-1-3-3-5,emission_decision,emit after mechanical uniqueness validation,HOLD: context-confirmation pass
REL-00686,CM-1-3-3-5-5,governed-by,CM-1-3-3-5,evidence,unique exact preferred-label match,"unique exact preferred-label match (candidate filter only, per PR #120)"
REL-00686,CM-1-3-3-5-5,governed-by,CM-1-3-3-5,reason,unique label match to CM-1-3-3-5; no contradicting context,label filter leaves one candidate: CM-1-3-3-5; resolution requires context evidence
REL-00687,CM-1-3-3-5-5,enables,CM-1-3-5-3,confidence,ContextualResolved,CandidateOnly
REL-00687,CM-1-3-3-5-5,enables,CM-1-3-5-3,decision_reference,Q11+Q12,Q12
REL-00687,CM-1-3-3-5-5,enables,CM-1-3-5-3,disposition,ResolvedToConcept,SoleCandidate
REL-00687,CM-1-3-3-5-5,enables,CM-1-3-5-3,emission_decision,emit after mechanical uniqueness validation,HOLD: context-confirmation pass
REL-00687,CM-1-3-3-5-5,enables,CM-1-3-5-3,evidence,unique exact preferred-label match,"unique exact preferred-label match (candidate filter only, per PR #120)"
REL-00687,CM-1-3-3-5-5,enables,CM-1-3-5-3,reason,unique label match to CM-1-3-5-3; no contradicting context,label filter leaves one candidate: CM-1-3-5-3; resolution requires context evidence
REL-00688,CM-1-3-3-5-7,governed-by,CM-1-3-3-5,confidence,ContextualResolved,CandidateOnly
REL-00688,CM-1-3-3-5-7,governed-by,CM-1-3-3-5,decision_reference,Q11+Q12,Q12
REL-00688,CM-1-3-3-5-7,governed-by,CM-1-3-3-5,disposition,ResolvedToConcept,SoleCandidate
REL-00688,CM-1-3-3-5-7,governed-by,CM-1-3-3-5,emission_decision,emit after mechanical uniqueness validation,HOLD: context-confirmation pass
REL-00688,CM-1-3-3-5-7,governed-by,CM-1-3-3-5,evidence,unique exact preferred-label match,"unique exact preferred-label match (candidate filter only, per PR #120)"
REL-00688,CM-1-3-3-5-7,governed-by,CM-1-3-3-5,reason,unique label match to CM-1-3-3-5; no contradicting context,label filter leaves one candidate: CM-1-3-3-5; resolution requires context evidence
REL-00689,CM-1-3-3-5-7,uses-input,CM-1-3-1-6,confidence,Resolved,StableIdentifier
REL-00690,CM-1-3-3-6-1,follows,CM-1-3-3-6-3,confidence,ContextualResolved,CandidateOnly
REL-00690,CM-1-3-3-6-1,follows,CM-1-3-3-6-3,decision_reference,Q11+Q12,Q12
REL-00690,CM-1-3-3-6-1,follows,CM-1-3-3-6-3,disposition,ResolvedToConcept,SoleCandidate
REL-00690,CM-1-3-3-6-1,follows,CM-1-3-3-6-3,emission_decision,emit after mechanical uniqueness validation,HOLD: context-confirmation pass
REL-00690,CM-1-3-3-6-1,follows,CM-1-3-3-6-3,evidence,unique exact preferred-label match,"unique exact preferred-label match (candidate filter only, per PR #120)"
REL-00690,CM-1-3-3-6-1,follows,CM-1-3-3-6-3,reason,unique label match to CM-1-3-3-6-3; no contradicting context,label filter leaves one candidate: CM-1-3-3-6-3; resolution requires context evidence
REL-00691,CM-1-3-3-6-1,precedes,CM-1-3-3-6-2,confidence,ContextualResolved,CandidateOnly
REL-00691,CM-1-3-3-6-1,precedes,CM-1-3-3-6-2,decision_reference,Q11+Q12,Q12
REL-00691,CM-1-3-3-6-1,precedes,CM-1-3-3-6-2,disposition,ResolvedToConcept,SoleCandidate
REL-00691,CM-1-3-3-6-1,precedes,CM-1-3-3-6-2,emission_decision,emit after mechanical uniqueness validation,HOLD: context-confirmation pass
REL-00691,CM-1-3-3-6-1,precedes,CM-1-3-3-6-2,evidence,unique exact preferred-label match,"unique exact preferred-label match (candidate filter only, per PR #120)"
REL-00691,CM-1-3-3-6-1,precedes,CM-1-3-3-6-2,reason,unique label match to CM-1-3-3-6-2; no contradicting context,label filter leaves one candidate: CM-1-3-3-6-2; resolution requires context evidence
REL-00692,CM-1-3-3-6-1,governed-by,CM-1-3-3-6,confidence,ContextualResolved,CandidateOnly
REL-00692,CM-1-3-3-6-1,governed-by,CM-1-3-3-6,decision_reference,Q11+Q12,Q12
REL-00692,CM-1-3-3-6-1,governed-by,CM-1-3-3-6,disposition,ResolvedToConcept,SoleCandidate
REL-00692,CM-1-3-3-6-1,governed-by,CM-1-3-3-6,emission_decision,emit after mechanical uniqueness validation,HOLD: context-confirmation pass
REL-00692,CM-1-3-3-6-1,governed-by,CM-1-3-3-6,evidence,unique exact preferred-label match,"unique exact preferred-label match (candidate filter only, per PR #120)"
REL-00692,CM-1-3-3-6-1,governed-by,CM-1-3-3-6,reason,unique label match to CM-1-3-3-6; no contradicting context,label filter leaves one candidate: CM-1-3-3-6; resolution requires context evidence
REL-00693,CM-1-3-3-6-2,follows,CM-1-3-3-6-1,confidence,ContextualResolved,CandidateOnly
REL-00693,CM-1-3-3-6-2,follows,CM-1-3-3-6-1,decision_reference,Q11+Q12,Q12
REL-00693,CM-1-3-3-6-2,follows,CM-1-3-3-6-1,disposition,ResolvedToConcept,SoleCandidate
REL-00693,CM-1-3-3-6-2,follows,CM-1-3-3-6-1,emission_decision,emit after mechanical uniqueness validation,HOLD: context-confirmation pass
REL-00693,CM-1-3-3-6-2,follows,CM-1-3-3-6-1,evidence,unique exact preferred-label match,"unique exact preferred-label match (candidate filter only, per PR #120)"
REL-00693,CM-1-3-3-6-2,follows,CM-1-3-3-6-1,reason,unique label match to CM-1-3-3-6-1; no contradicting context,label filter leaves one candidate: CM-1-3-3-6-1; resolution requires context evidence
REL-00694,CM-1-3-3-6-2,precedes,CM-1-3-3-6-4,confidence,ContextualResolved,CandidateOnly
REL-00694,CM-1-3-3-6-2,precedes,CM-1-3-3-6-4,decision_reference,Q11+Q12,Q12
REL-00694,CM-1-3-3-6-2,precedes,CM-1-3-3-6-4,disposition,ResolvedToConcept,SoleCandidate
REL-00694,CM-1-3-3-6-2,precedes,CM-1-3-3-6-4,emission_decision,emit after mechanical uniqueness validation,HOLD: context-confirmation pass
REL-00694,CM-1-3-3-6-2,precedes,CM-1-3-3-6-4,evidence,unique exact preferred-label match,"unique exact preferred-label match (candidate filter only, per PR #120)"
REL-00694,CM-1-3-3-6-2,precedes,CM-1-3-3-6-4,reason,unique label match to CM-1-3-3-6-4; no contradicting context,label filter leaves one candidate: CM-1-3-3-6-4; resolution requires context evidence
REL-00695,CM-1-3-3-6-2,governed-by,CM-1-3-3-6,confidence,ContextualResolved,CandidateOnly
REL-00695,CM-1-3-3-6-2,governed-by,CM-1-3-3-6,decision_reference,Q11+Q12,Q12
REL-00695,CM-1-3-3-6-2,governed-by,CM-1-3-3-6,disposition,ResolvedToConcept,SoleCandidate
REL-00695,CM-1-3-3-6-2,governed-by,CM-1-3-3-6,emission_decision,emit after mechanical uniqueness validation,HOLD: context-confirmation pass
REL-00695,CM-1-3-3-6-2,governed-by,CM-1-3-3-6,evidence,unique exact preferred-label match,"unique exact preferred-label match (candidate filter only, per PR #120)"
REL-00695,CM-1-3-3-6-2,governed-by,CM-1-3-3-6,reason,unique label match to CM-1-3-3-6; no contradicting context,label filter leaves one candidate: CM-1-3-3-6; resolution requires context evidence
REL-00696,CM-1-3-3-6-3,uses-input,CM-1-3-2-4,confidence,ContextualResolved,CandidateOnly
REL-00696,CM-1-3-3-6-3,uses-input,CM-1-3-2-4,decision_reference,Q11+Q12,Q12
REL-00696,CM-1-3-3-6-3,uses-input,CM-1-3-2-4,disposition,ResolvedToConcept,SoleCandidate
REL-00696,CM-1-3-3-6-3,uses-input,CM-1-3-2-4,emission_decision,emit after mechanical uniqueness validation,HOLD: context-confirmation pass
REL-00696,CM-1-3-3-6-3,uses-input,CM-1-3-2-4,evidence,unique exact preferred-label match,"unique exact preferred-label match (candidate filter only, per PR #120)"
REL-00696,CM-1-3-3-6-3,uses-input,CM-1-3-2-4,reason,unique label match to CM-1-3-2-4; no contradicting context,label filter leaves one candidate: CM-1-3-2-4; resolution requires context evidence
REL-00697,CM-1-3-3-6-3,uses-input,CM-1-3-3-3,confidence,ContextualResolved,CandidateOnly
REL-00697,CM-1-3-3-6-3,uses-input,CM-1-3-3-3,decision_reference,Q11+Q12,Q12
REL-00697,CM-1-3-3-6-3,uses-input,CM-1-3-3-3,disposition,ResolvedToConcept,SoleCandidate
REL-00697,CM-1-3-3-6-3,uses-input,CM-1-3-3-3,emission_decision,emit after mechanical uniqueness validation,HOLD: context-confirmation pass
REL-00697,CM-1-3-3-6-3,uses-input,CM-1-3-3-3,evidence,unique exact preferred-label match,"unique exact preferred-label match (candidate filter only, per PR #120)"
REL-00697,CM-1-3-3-6-3,uses-input,CM-1-3-3-3,reason,unique label match to CM-1-3-3-3; no contradicting context,label filter leaves one candidate: CM-1-3-3-3; resolution requires context evidence
REL-00698,CM-1-3-3-6-3,enables,CM-1-3-3-6-1,confidence,ContextualResolved,CandidateOnly
REL-00698,CM-1-3-3-6-3,enables,CM-1-3-3-6-1,decision_reference,Q11+Q12,Q12
REL-00698,CM-1-3-3-6-3,enables,CM-1-3-3-6-1,disposition,ResolvedToConcept,SoleCandidate
REL-00698,CM-1-3-3-6-3,enables,CM-1-3-3-6-1,emission_decision,emit after mechanical uniqueness validation,HOLD: context-confirmation pass
REL-00698,CM-1-3-3-6-3,enables,CM-1-3-3-6-1,evidence,unique exact preferred-label match,"unique exact preferred-label match (candidate filter only, per PR #120)"
REL-00698,CM-1-3-3-6-3,enables,CM-1-3-3-6-1,reason,unique label match to CM-1-3-3-6-1; no contradicting context,label filter leaves one candidate: CM-1-3-3-6-1; resolution requires context evidence
REL-00699,CM-1-3-3-6-3,enables,CM-1-3-3-6-2,confidence,ContextualResolved,CandidateOnly
REL-00699,CM-1-3-3-6-3,enables,CM-1-3-3-6-2,decision_reference,Q11+Q12,Q12
REL-00699,CM-1-3-3-6-3,enables,CM-1-3-3-6-2,disposition,ResolvedToConcept,SoleCandidate
REL-00699,CM-1-3-3-6-3,enables,CM-1-3-3-6-2,emission_decision,emit after mechanical uniqueness validation,HOLD: context-confirmation pass
REL-00699,CM-1-3-3-6-3,enables,CM-1-3-3-6-2,evidence,unique exact preferred-label match,"unique exact preferred-label match (candidate filter only, per PR #120)"
REL-00699,CM-1-3-3-6-3,enables,CM-1-3-3-6-2,reason,unique label match to CM-1-3-3-6-2; no contradicting context,label filter leaves one candidate: CM-1-3-3-6-2; resolution requires context evidence
REL-00700,CM-1-3-3-6-3,governed-by,CM-1-3-3-6,confidence,ContextualResolved,CandidateOnly
REL-00700,CM-1-3-3-6-3,governed-by,CM-1-3-3-6,decision_reference,Q11+Q12,Q12
REL-00700,CM-1-3-3-6-3,governed-by,CM-1-3-3-6,disposition,ResolvedToConcept,SoleCandidate
REL-00700,CM-1-3-3-6-3,governed-by,CM-1-3-3-6,emission_decision,emit after mechanical uniqueness validation,HOLD: context-confirmation pass
REL-00700,CM-1-3-3-6-3,governed-by,CM-1-3-3-6,evidence,unique exact preferred-label match,"unique exact preferred-label match (candidate filter only, per PR #120)"
REL-00700,CM-1-3-3-6-3,governed-by,CM-1-3-3-6,reason,unique label match to CM-1-3-3-6; no contradicting context,label filter leaves one candidate: CM-1-3-3-6; resolution requires context evidence
REL-00701,CM-1-3-3-6-4,follows,CM-1-3-3-6-2,confidence,ContextualResolved,CandidateOnly
REL-00701,CM-1-3-3-6-4,follows,CM-1-3-3-6-2,decision_reference,Q11+Q12,Q12
REL-00701,CM-1-3-3-6-4,follows,CM-1-3-3-6-2,disposition,ResolvedToConcept,SoleCandidate
REL-00701,CM-1-3-3-6-4,follows,CM-1-3-3-6-2,emission_decision,emit after mechanical uniqueness validation,HOLD: context-confirmation pass
REL-00701,CM-1-3-3-6-4,follows,CM-1-3-3-6-2,evidence,unique exact preferred-label match,"unique exact preferred-label match (candidate filter only, per PR #120)"
REL-00701,CM-1-3-3-6-4,follows,CM-1-3-3-6-2,reason,unique label match to CM-1-3-3-6-2; no contradicting context,label filter leaves one candidate: CM-1-3-3-6-2; resolution requires context evidence
REL-00702,CM-1-3-3-6-4,precedes,CM-1-3-3-6-5,confidence,Resolved,StableIdentifier
REL-00703,CM-1-3-3-6-4,governed-by,CM-1-3-3-6,confidence,ContextualResolved,CandidateOnly
REL-00703,CM-1-3-3-6-4,governed-by,CM-1-3-3-6,decision_reference,Q11+Q12,Q12
REL-00703,CM-1-3-3-6-4,governed-by,CM-1-3-3-6,disposition,ResolvedToConcept,SoleCandidate
REL-00703,CM-1-3-3-6-4,governed-by,CM-1-3-3-6,emission_decision,emit after mechanical uniqueness validation,HOLD: context-confirmation pass
REL-00703,CM-1-3-3-6-4,governed-by,CM-1-3-3-6,evidence,unique exact preferred-label match,"unique exact preferred-label match (candidate filter only, per PR #120)"
REL-00703,CM-1-3-3-6-4,governed-by,CM-1-3-3-6,reason,unique label match to CM-1-3-3-6; no contradicting context,label filter leaves one candidate: CM-1-3-3-6; resolution requires context evidence
REL-00704,CM-1-3-3-6-5,follows,CM-1-3-3-6-4,confidence,ContextualResolved,CandidateOnly
REL-00704,CM-1-3-3-6-5,follows,CM-1-3-3-6-4,decision_reference,Q11+Q12,Q12
REL-00704,CM-1-3-3-6-5,follows,CM-1-3-3-6-4,disposition,ResolvedToConcept,SoleCandidate
REL-00704,CM-1-3-3-6-5,follows,CM-1-3-3-6-4,emission_decision,emit after mechanical uniqueness validation,HOLD: context-confirmation pass
REL-00704,CM-1-3-3-6-5,follows,CM-1-3-3-6-4,evidence,unique exact preferred-label match,"unique exact preferred-label match (candidate filter only, per PR #120)"
REL-00704,CM-1-3-3-6-5,follows,CM-1-3-3-6-4,reason,unique label match to CM-1-3-3-6-4; no contradicting context,label filter leaves one candidate: CM-1-3-3-6-4; resolution requires context evidence
REL-00705,CM-1-3-3-6-5,uses-input,CM-1-3-1-6,confidence,Resolved,StableIdentifier
REL-00706,CM-1-3-4-1-1,informed-by,CM-1-3-4-1-2,confidence,ContextualResolved,CandidateOnly
REL-00706,CM-1-3-4-1-1,informed-by,CM-1-3-4-1-2,decision_reference,Q11+Q12,Q12
REL-00706,CM-1-3-4-1-1,informed-by,CM-1-3-4-1-2,disposition,ResolvedToConcept,SoleCandidate
REL-00706,CM-1-3-4-1-1,informed-by,CM-1-3-4-1-2,emission_decision,emit after mechanical uniqueness validation,HOLD: context-confirmation pass
REL-00706,CM-1-3-4-1-1,informed-by,CM-1-3-4-1-2,evidence,unique exact preferred-label match,"unique exact preferred-label match (candidate filter only, per PR #120)"
REL-00706,CM-1-3-4-1-1,informed-by,CM-1-3-4-1-2,reason,unique label match to CM-1-3-4-1-2; no contradicting context,label filter leaves one candidate: CM-1-3-4-1-2; resolution requires context evidence
REL-00707,CM-1-3-4-1-1,precedes,CM-1-3-4-1-3,confidence,ContextualResolved,CandidateOnly
REL-00707,CM-1-3-4-1-1,precedes,CM-1-3-4-1-3,decision_reference,Q11+Q12,Q12
REL-00707,CM-1-3-4-1-1,precedes,CM-1-3-4-1-3,disposition,ResolvedToConcept,SoleCandidate
REL-00707,CM-1-3-4-1-1,precedes,CM-1-3-4-1-3,emission_decision,emit after mechanical uniqueness validation,HOLD: context-confirmation pass
REL-00707,CM-1-3-4-1-1,precedes,CM-1-3-4-1-3,evidence,unique exact preferred-label match,"unique exact preferred-label match (candidate filter only, per PR #120)"
REL-00707,CM-1-3-4-1-1,precedes,CM-1-3-4-1-3,reason,unique label match to CM-1-3-4-1-3; no contradicting context,label filter leaves one candidate: CM-1-3-4-1-3; resolution requires context evidence
REL-00708,CM-1-3-4-1-1,governed-by,CM-1-3-4-1,confidence,ContextualResolved,CandidateOnly
REL-00708,CM-1-3-4-1-1,governed-by,CM-1-3-4-1,decision_reference,Q11+Q12,Q12
REL-00708,CM-1-3-4-1-1,governed-by,CM-1-3-4-1,disposition,ResolvedToConcept,SoleCandidate
REL-00708,CM-1-3-4-1-1,governed-by,CM-1-3-4-1,emission_decision,emit after mechanical uniqueness validation,HOLD: context-confirmation pass
REL-00708,CM-1-3-4-1-1,governed-by,CM-1-3-4-1,evidence,unique exact preferred-label match,"unique exact preferred-label match (candidate filter only, per PR #120)"
REL-00708,CM-1-3-4-1-1,governed-by,CM-1-3-4-1,reason,unique label match to CM-1-3-4-1; no contradicting context,label filter leaves one candidate: CM-1-3-4-1; resolution requires context evidence
REL-00709,CM-1-3-4-1-2,enables,CM-1-3-4-1-1,confidence,ContextualResolved,CandidateOnly
REL-00709,CM-1-3-4-1-2,enables,CM-1-3-4-1-1,decision_reference,Q11+Q12,Q12
REL-00709,CM-1-3-4-1-2,enables,CM-1-3-4-1-1,disposition,ResolvedToConcept,SoleCandidate
REL-00709,CM-1-3-4-1-2,enables,CM-1-3-4-1-1,emission_decision,emit after mechanical uniqueness validation,HOLD: context-confirmation pass
REL-00709,CM-1-3-4-1-2,enables,CM-1-3-4-1-1,evidence,unique exact preferred-label match,"unique exact preferred-label match (candidate filter only, per PR #120)"
REL-00709,CM-1-3-4-1-2,enables,CM-1-3-4-1-1,reason,unique label match to CM-1-3-4-1-1; no contradicting context,label filter leaves one candidate: CM-1-3-4-1-1; resolution requires context evidence
REL-00710,CM-1-3-4-1-2,governed-by,CM-1-3-4-1,confidence,ContextualResolved,CandidateOnly
REL-00710,CM-1-3-4-1-2,governed-by,CM-1-3-4-1,decision_reference,Q11+Q12,Q12
REL-00710,CM-1-3-4-1-2,governed-by,CM-1-3-4-1,disposition,ResolvedToConcept,SoleCandidate
REL-00710,CM-1-3-4-1-2,governed-by,CM-1-3-4-1,emission_decision,emit after mechanical uniqueness validation,HOLD: context-confirmation pass
REL-00710,CM-1-3-4-1-2,governed-by,CM-1-3-4-1,evidence,unique exact preferred-label match,"unique exact preferred-label match (candidate filter only, per PR #120)"
REL-00710,CM-1-3-4-1-2,governed-by,CM-1-3-4-1,reason,unique label match to CM-1-3-4-1; no contradicting context,label filter leaves one candidate: CM-1-3-4-1; resolution requires context evidence
REL-00711,CM-1-3-4-1-3,follows,CM-1-3-4-1-1,confidence,ContextualResolved,CandidateOnly
REL-00711,CM-1-3-4-1-3,follows,CM-1-3-4-1-1,decision_reference,Q11+Q12,Q12
REL-00711,CM-1-3-4-1-3,follows,CM-1-3-4-1-1,disposition,ResolvedToConcept,SoleCandidate
REL-00711,CM-1-3-4-1-3,follows,CM-1-3-4-1-1,emission_decision,emit after mechanical uniqueness validation,HOLD: context-confirmation pass
REL-00711,CM-1-3-4-1-3,follows,CM-1-3-4-1-1,evidence,unique exact preferred-label match,"unique exact preferred-label match (candidate filter only, per PR #120)"
REL-00711,CM-1-3-4-1-3,follows,CM-1-3-4-1-1,reason,unique label match to CM-1-3-4-1-1; no contradicting context,label filter leaves one candidate: CM-1-3-4-1-1; resolution requires context evidence
REL-00712,CM-1-3-4-1-3,enables,CM-1-3-4-2,confidence,ContextualResolved,CandidateOnly
REL-00712,CM-1-3-4-1-3,enables,CM-1-3-4-2,decision_reference,Q11+Q12,Q12
REL-00712,CM-1-3-4-1-3,enables,CM-1-3-4-2,disposition,ResolvedToConcept,SoleCandidate
REL-00712,CM-1-3-4-1-3,enables,CM-1-3-4-2,emission_decision,emit after mechanical uniqueness validation,HOLD: context-confirmation pass
REL-00712,CM-1-3-4-1-3,enables,CM-1-3-4-2,evidence,unique exact preferred-label match,"unique exact preferred-label match (candidate filter only, per PR #120)"
REL-00712,CM-1-3-4-1-3,enables,CM-1-3-4-2,reason,unique label match to CM-1-3-4-2; no contradicting context,label filter leaves one candidate: CM-1-3-4-2; resolution requires context evidence
REL-00713,CM-1-3-4-1-3,governed-by,CM-1-3-4-1,confidence,ContextualResolved,CandidateOnly
REL-00713,CM-1-3-4-1-3,governed-by,CM-1-3-4-1,decision_reference,Q11+Q12,Q12
REL-00713,CM-1-3-4-1-3,governed-by,CM-1-3-4-1,disposition,ResolvedToConcept,SoleCandidate
REL-00713,CM-1-3-4-1-3,governed-by,CM-1-3-4-1,emission_decision,emit after mechanical uniqueness validation,HOLD: context-confirmation pass
REL-00713,CM-1-3-4-1-3,governed-by,CM-1-3-4-1,evidence,unique exact preferred-label match,"unique exact preferred-label match (candidate filter only, per PR #120)"
REL-00713,CM-1-3-4-1-3,governed-by,CM-1-3-4-1,reason,unique label match to CM-1-3-4-1; no contradicting context,label filter leaves one candidate: CM-1-3-4-1; resolution requires context evidence
REL-00714,CM-1-3-4-2-1,precedes,CM-1-3-4-2-2,confidence,ContextualResolved,CandidateOnly
REL-00714,CM-1-3-4-2-1,precedes,CM-1-3-4-2-2,decision_reference,Q11+Q12,Q12
REL-00714,CM-1-3-4-2-1,precedes,CM-1-3-4-2-2,disposition,ResolvedToConcept,SoleCandidate
REL-00714,CM-1-3-4-2-1,precedes,CM-1-3-4-2-2,emission_decision,emit after mechanical uniqueness validation,HOLD: context-confirmation pass
REL-00714,CM-1-3-4-2-1,precedes,CM-1-3-4-2-2,evidence,unique exact preferred-label match,"unique exact preferred-label match (candidate filter only, per PR #120)"
REL-00714,CM-1-3-4-2-1,precedes,CM-1-3-4-2-2,reason,unique label match to CM-1-3-4-2-2; no contradicting context,label filter leaves one candidate: CM-1-3-4-2-2; resolution requires context evidence
REL-00715,CM-1-3-4-2-1,governed-by,CM-1-3-4-2,confidence,ContextualResolved,CandidateOnly
REL-00715,CM-1-3-4-2-1,governed-by,CM-1-3-4-2,decision_reference,Q11+Q12,Q12
REL-00715,CM-1-3-4-2-1,governed-by,CM-1-3-4-2,disposition,ResolvedToConcept,SoleCandidate
REL-00715,CM-1-3-4-2-1,governed-by,CM-1-3-4-2,emission_decision,emit after mechanical uniqueness validation,HOLD: context-confirmation pass
REL-00715,CM-1-3-4-2-1,governed-by,CM-1-3-4-2,evidence,unique exact preferred-label match,"unique exact preferred-label match (candidate filter only, per PR #120)"
REL-00715,CM-1-3-4-2-1,governed-by,CM-1-3-4-2,reason,unique label match to CM-1-3-4-2; no contradicting context,label filter leaves one candidate: CM-1-3-4-2; resolution requires context evidence
REL-00716,CM-1-3-4-2-2,follows,CM-1-3-4-2-1,confidence,ContextualResolved,CandidateOnly
REL-00716,CM-1-3-4-2-2,follows,CM-1-3-4-2-1,decision_reference,Q11+Q12,Q12
REL-00716,CM-1-3-4-2-2,follows,CM-1-3-4-2-1,disposition,ResolvedToConcept,SoleCandidate
REL-00716,CM-1-3-4-2-2,follows,CM-1-3-4-2-1,emission_decision,emit after mechanical uniqueness validation,HOLD: context-confirmation pass
REL-00716,CM-1-3-4-2-2,follows,CM-1-3-4-2-1,evidence,unique exact preferred-label match,"unique exact preferred-label match (candidate filter only, per PR #120)"
REL-00716,CM-1-3-4-2-2,follows,CM-1-3-4-2-1,reason,unique label match to CM-1-3-4-2-1; no contradicting context,label filter leaves one candidate: CM-1-3-4-2-1; resolution requires context evidence
REL-00717,CM-1-3-4-2-2,governed-by,CM-1-3-4-2,confidence,ContextualResolved,CandidateOnly
REL-00717,CM-1-3-4-2-2,governed-by,CM-1-3-4-2,decision_reference,Q11+Q12,Q12
REL-00717,CM-1-3-4-2-2,governed-by,CM-1-3-4-2,disposition,ResolvedToConcept,SoleCandidate
REL-00717,CM-1-3-4-2-2,governed-by,CM-1-3-4-2,emission_decision,emit after mechanical uniqueness validation,HOLD: context-confirmation pass
REL-00717,CM-1-3-4-2-2,governed-by,CM-1-3-4-2,evidence,unique exact preferred-label match,"unique exact preferred-label match (candidate filter only, per PR #120)"
REL-00717,CM-1-3-4-2-2,governed-by,CM-1-3-4-2,reason,unique label match to CM-1-3-4-2; no contradicting context,label filter leaves one candidate: CM-1-3-4-2; resolution requires context evidence
REL-00718,CM-1-3-4-2-3,governed-by,CM-1-3-4-2,confidence,ContextualResolved,CandidateOnly
REL-00718,CM-1-3-4-2-3,governed-by,CM-1-3-4-2,decision_reference,Q11+Q12,Q12
REL-00718,CM-1-3-4-2-3,governed-by,CM-1-3-4-2,disposition,ResolvedToConcept,SoleCandidate
REL-00718,CM-1-3-4-2-3,governed-by,CM-1-3-4-2,emission_decision,emit after mechanical uniqueness validation,HOLD: context-confirmation pass
REL-00718,CM-1-3-4-2-3,governed-by,CM-1-3-4-2,evidence,unique exact preferred-label match,"unique exact preferred-label match (candidate filter only, per PR #120)"
REL-00718,CM-1-3-4-2-3,governed-by,CM-1-3-4-2,reason,unique label match to CM-1-3-4-2; no contradicting context,label filter leaves one candidate: CM-1-3-4-2; resolution requires context evidence
REL-00719,CM-1-3-4-2-3,assures,CM-1-3-4-2-2,confidence,ContextualResolved,CandidateOnly
REL-00719,CM-1-3-4-2-3,assures,CM-1-3-4-2-2,decision_reference,Q11+Q12,Q12
REL-00719,CM-1-3-4-2-3,assures,CM-1-3-4-2-2,disposition,ResolvedToConcept,SoleCandidate
REL-00719,CM-1-3-4-2-3,assures,CM-1-3-4-2-2,emission_decision,emit after mechanical uniqueness validation,HOLD: context-confirmation pass
REL-00719,CM-1-3-4-2-3,assures,CM-1-3-4-2-2,evidence,unique exact preferred-label match,"unique exact preferred-label match (candidate filter only, per PR #120)"
REL-00719,CM-1-3-4-2-3,assures,CM-1-3-4-2-2,reason,unique label match to CM-1-3-4-2-2; no contradicting context,label filter leaves one candidate: CM-1-3-4-2-2; resolution requires context evidence
REL-00720,CM-1-3-4-3-1,precedes,CM-1-3-4-3-2,confidence,ContextualResolved,CandidateOnly
REL-00720,CM-1-3-4-3-1,precedes,CM-1-3-4-3-2,decision_reference,Q11+Q12,Q12
REL-00720,CM-1-3-4-3-1,precedes,CM-1-3-4-3-2,disposition,ResolvedToConcept,SoleCandidate
REL-00720,CM-1-3-4-3-1,precedes,CM-1-3-4-3-2,emission_decision,emit after mechanical uniqueness validation,HOLD: context-confirmation pass
REL-00720,CM-1-3-4-3-1,precedes,CM-1-3-4-3-2,evidence,unique exact preferred-label match,"unique exact preferred-label match (candidate filter only, per PR #120)"
REL-00720,CM-1-3-4-3-1,precedes,CM-1-3-4-3-2,reason,unique label match to CM-1-3-4-3-2; no contradicting context,label filter leaves one candidate: CM-1-3-4-3-2; resolution requires context evidence
REL-00721,CM-1-3-4-3-1,governed-by,CM-1-3-4-3,confidence,ContextualResolved,CandidateOnly
REL-00721,CM-1-3-4-3-1,governed-by,CM-1-3-4-3,decision_reference,Q11+Q12,Q12
REL-00721,CM-1-3-4-3-1,governed-by,CM-1-3-4-3,disposition,ResolvedToConcept,SoleCandidate
REL-00721,CM-1-3-4-3-1,governed-by,CM-1-3-4-3,emission_decision,emit after mechanical uniqueness validation,HOLD: context-confirmation pass
REL-00721,CM-1-3-4-3-1,governed-by,CM-1-3-4-3,evidence,unique exact preferred-label match,"unique exact preferred-label match (candidate filter only, per PR #120)"
REL-00721,CM-1-3-4-3-1,governed-by,CM-1-3-4-3,reason,unique label match to CM-1-3-4-3; no contradicting context,label filter leaves one candidate: CM-1-3-4-3; resolution requires context evidence
REL-00722,CM-1-3-4-3-2,follows,CM-1-3-4-3-1,confidence,ContextualResolved,CandidateOnly
REL-00722,CM-1-3-4-3-2,follows,CM-1-3-4-3-1,decision_reference,Q11+Q12,Q12
REL-00722,CM-1-3-4-3-2,follows,CM-1-3-4-3-1,disposition,ResolvedToConcept,SoleCandidate
REL-00722,CM-1-3-4-3-2,follows,CM-1-3-4-3-1,emission_decision,emit after mechanical uniqueness validation,HOLD: context-confirmation pass
REL-00722,CM-1-3-4-3-2,follows,CM-1-3-4-3-1,evidence,unique exact preferred-label match,"unique exact preferred-label match (candidate filter only, per PR #120)"
REL-00722,CM-1-3-4-3-2,follows,CM-1-3-4-3-1,reason,unique label match to CM-1-3-4-3-1; no contradicting context,label filter leaves one candidate: CM-1-3-4-3-1; resolution requires context evidence
REL-00723,CM-1-3-4-3-2,governed-by,CM-1-3-4-3,confidence,ContextualResolved,CandidateOnly
REL-00723,CM-1-3-4-3-2,governed-by,CM-1-3-4-3,decision_reference,Q11+Q12,Q12
REL-00723,CM-1-3-4-3-2,governed-by,CM-1-3-4-3,disposition,ResolvedToConcept,SoleCandidate
REL-00723,CM-1-3-4-3-2,governed-by,CM-1-3-4-3,emission_decision,emit after mechanical uniqueness validation,HOLD: context-confirmation pass
REL-00723,CM-1-3-4-3-2,governed-by,CM-1-3-4-3,evidence,unique exact preferred-label match,"unique exact preferred-label match (candidate filter only, per PR #120)"
REL-00723,CM-1-3-4-3-2,governed-by,CM-1-3-4-3,reason,unique label match to CM-1-3-4-3; no contradicting context,label filter leaves one candidate: CM-1-3-4-3; resolution requires context evidence
REL-00724,CM-1-3-4-3-3,governed-by,CM-1-3-4-3,confidence,ContextualResolved,CandidateOnly
REL-00724,CM-1-3-4-3-3,governed-by,CM-1-3-4-3,decision_reference,Q11+Q12,Q12
REL-00724,CM-1-3-4-3-3,governed-by,CM-1-3-4-3,disposition,ResolvedToConcept,SoleCandidate
REL-00724,CM-1-3-4-3-3,governed-by,CM-1-3-4-3,emission_decision,emit after mechanical uniqueness validation,HOLD: context-confirmation pass
REL-00724,CM-1-3-4-3-3,governed-by,CM-1-3-4-3,evidence,unique exact preferred-label match,"unique exact preferred-label match (candidate filter only, per PR #120)"
REL-00724,CM-1-3-4-3-3,governed-by,CM-1-3-4-3,reason,unique label match to CM-1-3-4-3; no contradicting context,label filter leaves one candidate: CM-1-3-4-3; resolution requires context evidence
REL-00725,CM-1-3-4-3-3,triggers,CM-1-3-7-1,confidence,Resolved,StableIdentifier
REL-00726,CM-1-3-4-4-1,governed-by,CM-1-3-4-4,confidence,ContextualResolved,CandidateOnly
REL-00726,CM-1-3-4-4-1,governed-by,CM-1-3-4-4,decision_reference,Q11+Q12,Q12
REL-00726,CM-1-3-4-4-1,governed-by,CM-1-3-4-4,disposition,ResolvedToConcept,SoleCandidate
REL-00726,CM-1-3-4-4-1,governed-by,CM-1-3-4-4,emission_decision,emit after mechanical uniqueness validation,HOLD: context-confirmation pass
REL-00726,CM-1-3-4-4-1,governed-by,CM-1-3-4-4,evidence,unique exact preferred-label match,"unique exact preferred-label match (candidate filter only, per PR #120)"
REL-00726,CM-1-3-4-4-1,governed-by,CM-1-3-4-4,reason,unique label match to CM-1-3-4-4; no contradicting context,label filter leaves one candidate: CM-1-3-4-4; resolution requires context evidence
REL-00727,CM-1-3-4-4-1,enables,CM-1-3-4-4-2,confidence,ContextualResolved,CandidateOnly
REL-00727,CM-1-3-4-4-1,enables,CM-1-3-4-4-2,decision_reference,Q11+Q12,Q12
REL-00727,CM-1-3-4-4-1,enables,CM-1-3-4-4-2,disposition,ResolvedToConcept,SoleCandidate
REL-00727,CM-1-3-4-4-1,enables,CM-1-3-4-4-2,emission_decision,emit after mechanical uniqueness validation,HOLD: context-confirmation pass
REL-00727,CM-1-3-4-4-1,enables,CM-1-3-4-4-2,evidence,unique exact preferred-label match,"unique exact preferred-label match (candidate filter only, per PR #120)"
REL-00727,CM-1-3-4-4-1,enables,CM-1-3-4-4-2,reason,unique label match to CM-1-3-4-4-2; no contradicting context,label filter leaves one candidate: CM-1-3-4-4-2; resolution requires context evidence
REL-00728,CM-1-3-4-4-1,enables,CM-1-3-4-4-4,confidence,ContextualResolved,CandidateOnly
REL-00728,CM-1-3-4-4-1,enables,CM-1-3-4-4-4,decision_reference,Q11+Q12,Q12
REL-00728,CM-1-3-4-4-1,enables,CM-1-3-4-4-4,disposition,ResolvedToConcept,SoleCandidate
REL-00728,CM-1-3-4-4-1,enables,CM-1-3-4-4-4,emission_decision,emit after mechanical uniqueness validation,HOLD: context-confirmation pass
REL-00728,CM-1-3-4-4-1,enables,CM-1-3-4-4-4,evidence,unique exact preferred-label match,"unique exact preferred-label match (candidate filter only, per PR #120)"
REL-00728,CM-1-3-4-4-1,enables,CM-1-3-4-4-4,reason,unique label match to CM-1-3-4-4-4; no contradicting context,label filter leaves one candidate: CM-1-3-4-4-4; resolution requires context evidence
REL-00729,CM-1-3-4-4-2,follows,CM-1-3-4-4-1,confidence,ContextualResolved,CandidateOnly
REL-00729,CM-1-3-4-4-2,follows,CM-1-3-4-4-1,decision_reference,Q11+Q12,Q12
REL-00729,CM-1-3-4-4-2,follows,CM-1-3-4-4-1,disposition,ResolvedToConcept,SoleCandidate
REL-00729,CM-1-3-4-4-2,follows,CM-1-3-4-4-1,emission_decision,emit after mechanical uniqueness validation,HOLD: context-confirmation pass
REL-00729,CM-1-3-4-4-2,follows,CM-1-3-4-4-1,evidence,unique exact preferred-label match,"unique exact preferred-label match (candidate filter only, per PR #120)"
REL-00729,CM-1-3-4-4-2,follows,CM-1-3-4-4-1,reason,unique label match to CM-1-3-4-4-1; no contradicting context,label filter leaves one candidate: CM-1-3-4-4-1; resolution requires context evidence
REL-00730,CM-1-3-4-4-2,governed-by,CM-1-3-4-4,confidence,ContextualResolved,CandidateOnly
REL-00730,CM-1-3-4-4-2,governed-by,CM-1-3-4-4,decision_reference,Q11+Q12,Q12
REL-00730,CM-1-3-4-4-2,governed-by,CM-1-3-4-4,disposition,ResolvedToConcept,SoleCandidate
REL-00730,CM-1-3-4-4-2,governed-by,CM-1-3-4-4,emission_decision,emit after mechanical uniqueness validation,HOLD: context-confirmation pass
REL-00730,CM-1-3-4-4-2,governed-by,CM-1-3-4-4,evidence,unique exact preferred-label match,"unique exact preferred-label match (candidate filter only, per PR #120)"
REL-00730,CM-1-3-4-4-2,governed-by,CM-1-3-4-4,reason,unique label match to CM-1-3-4-4; no contradicting context,label filter leaves one candidate: CM-1-3-4-4; resolution requires context evidence
REL-00731,CM-1-3-4-4-3,enables,CM-1-3-4-4-5,confidence,ContextualResolved,CandidateOnly
REL-00731,CM-1-3-4-4-3,enables,CM-1-3-4-4-5,decision_reference,Q11+Q12,Q12
REL-00731,CM-1-3-4-4-3,enables,CM-1-3-4-4-5,disposition,ResolvedToConcept,SoleCandidate
REL-00731,CM-1-3-4-4-3,enables,CM-1-3-4-4-5,emission_decision,emit after mechanical uniqueness validation,HOLD: context-confirmation pass
REL-00731,CM-1-3-4-4-3,enables,CM-1-3-4-4-5,evidence,unique exact preferred-label match,"unique exact preferred-label match (candidate filter only, per PR #120)"
REL-00731,CM-1-3-4-4-3,enables,CM-1-3-4-4-5,reason,unique label match to CM-1-3-4-4-5; no contradicting context,label filter leaves one candidate: CM-1-3-4-4-5; resolution requires context evidence
REL-00732,CM-1-3-4-4-3,enables,CM-1-3-4-4-6,confidence,ContextualResolved,CandidateOnly
REL-00732,CM-1-3-4-4-3,enables,CM-1-3-4-4-6,decision_reference,Q11+Q12,Q12
REL-00732,CM-1-3-4-4-3,enables,CM-1-3-4-4-6,disposition,ResolvedToConcept,SoleCandidate
REL-00732,CM-1-3-4-4-3,enables,CM-1-3-4-4-6,emission_decision,emit after mechanical uniqueness validation,HOLD: context-confirmation pass
REL-00732,CM-1-3-4-4-3,enables,CM-1-3-4-4-6,evidence,unique exact preferred-label match,"unique exact preferred-label match (candidate filter only, per PR #120)"
REL-00732,CM-1-3-4-4-3,enables,CM-1-3-4-4-6,reason,unique label match to CM-1-3-4-4-6; no contradicting context,label filter leaves one candidate: CM-1-3-4-4-6; resolution requires context evidence
REL-00733,CM-1-3-4-4-3,governed-by,CM-1-3-4-4,confidence,ContextualResolved,CandidateOnly
REL-00733,CM-1-3-4-4-3,governed-by,CM-1-3-4-4,decision_reference,Q11+Q12,Q12
REL-00733,CM-1-3-4-4-3,governed-by,CM-1-3-4-4,disposition,ResolvedToConcept,SoleCandidate
REL-00733,CM-1-3-4-4-3,governed-by,CM-1-3-4-4,emission_decision,emit after mechanical uniqueness validation,HOLD: context-confirmation pass
REL-00733,CM-1-3-4-4-3,governed-by,CM-1-3-4-4,evidence,unique exact preferred-label match,"unique exact preferred-label match (candidate filter only, per PR #120)"
REL-00733,CM-1-3-4-4-3,governed-by,CM-1-3-4-4,reason,unique label match to CM-1-3-4-4; no contradicting context,label filter leaves one candidate: CM-1-3-4-4; resolution requires context evidence
REL-00734,CM-1-3-4-4-4,follows,CM-1-3-4-4-1,confidence,ContextualResolved,CandidateOnly
REL-00734,CM-1-3-4-4-4,follows,CM-1-3-4-4-1,decision_reference,Q11+Q12,Q12
REL-00734,CM-1-3-4-4-4,follows,CM-1-3-4-4-1,disposition,ResolvedToConcept,SoleCandidate
REL-00734,CM-1-3-4-4-4,follows,CM-1-3-4-4-1,emission_decision,emit after mechanical uniqueness validation,HOLD: context-confirmation pass
REL-00734,CM-1-3-4-4-4,follows,CM-1-3-4-4-1,evidence,unique exact preferred-label match,"unique exact preferred-label match (candidate filter only, per PR #120)"
REL-00734,CM-1-3-4-4-4,follows,CM-1-3-4-4-1,reason,unique label match to CM-1-3-4-4-1; no contradicting context,label filter leaves one candidate: CM-1-3-4-4-1; resolution requires context evidence
REL-00735,CM-1-3-4-4-4,governed-by,CM-1-3-4-4,confidence,ContextualResolved,CandidateOnly
REL-00735,CM-1-3-4-4-4,governed-by,CM-1-3-4-4,decision_reference,Q11+Q12,Q12
REL-00735,CM-1-3-4-4-4,governed-by,CM-1-3-4-4,disposition,ResolvedToConcept,SoleCandidate
REL-00735,CM-1-3-4-4-4,governed-by,CM-1-3-4-4,emission_decision,emit after mechanical uniqueness validation,HOLD: context-confirmation pass
REL-00735,CM-1-3-4-4-4,governed-by,CM-1-3-4-4,evidence,unique exact preferred-label match,"unique exact preferred-label match (candidate filter only, per PR #120)"
REL-00735,CM-1-3-4-4-4,governed-by,CM-1-3-4-4,reason,unique label match to CM-1-3-4-4; no contradicting context,label filter leaves one candidate: CM-1-3-4-4; resolution requires context evidence
REL-00736,CM-1-3-4-4-5,follows,CM-1-3-4-4-3,confidence,ContextualResolved,CandidateOnly
REL-00736,CM-1-3-4-4-5,follows,CM-1-3-4-4-3,decision_reference,Q11+Q12,Q12
REL-00736,CM-1-3-4-4-5,follows,CM-1-3-4-4-3,disposition,ResolvedToConcept,SoleCandidate
REL-00736,CM-1-3-4-4-5,follows,CM-1-3-4-4-3,emission_decision,emit after mechanical uniqueness validation,HOLD: context-confirmation pass
REL-00736,CM-1-3-4-4-5,follows,CM-1-3-4-4-3,evidence,unique exact preferred-label match,"unique exact preferred-label match (candidate filter only, per PR #120)"
REL-00736,CM-1-3-4-4-5,follows,CM-1-3-4-4-3,reason,unique label match to CM-1-3-4-4-3; no contradicting context,label filter leaves one candidate: CM-1-3-4-4-3; resolution requires context evidence
REL-00737,CM-1-3-4-4-5,governed-by,CM-1-3-4-4,confidence,ContextualResolved,CandidateOnly
REL-00737,CM-1-3-4-4-5,governed-by,CM-1-3-4-4,decision_reference,Q11+Q12,Q12
REL-00737,CM-1-3-4-4-5,governed-by,CM-1-3-4-4,disposition,ResolvedToConcept,SoleCandidate
REL-00737,CM-1-3-4-4-5,governed-by,CM-1-3-4-4,emission_decision,emit after mechanical uniqueness validation,HOLD: context-confirmation pass
REL-00737,CM-1-3-4-4-5,governed-by,CM-1-3-4-4,evidence,unique exact preferred-label match,"unique exact preferred-label match (candidate filter only, per PR #120)"
REL-00737,CM-1-3-4-4-5,governed-by,CM-1-3-4-4,reason,unique label match to CM-1-3-4-4; no contradicting context,label filter leaves one candidate: CM-1-3-4-4; resolution requires context evidence
REL-00738,CM-1-3-4-4-5,informed-by,CM-1-3-2-1,confidence,ContextualResolved,CandidateOnly
REL-00738,CM-1-3-4-4-5,informed-by,CM-1-3-2-1,decision_reference,Q11+Q12,Q12
REL-00738,CM-1-3-4-4-5,informed-by,CM-1-3-2-1,disposition,ResolvedToConcept,SoleCandidate
REL-00738,CM-1-3-4-4-5,informed-by,CM-1-3-2-1,emission_decision,emit after mechanical uniqueness validation,HOLD: context-confirmation pass
REL-00738,CM-1-3-4-4-5,informed-by,CM-1-3-2-1,evidence,unique exact preferred-label match,"unique exact preferred-label match (candidate filter only, per PR #120)"
REL-00738,CM-1-3-4-4-5,informed-by,CM-1-3-2-1,reason,unique label match to CM-1-3-2-1; no contradicting context,label filter leaves one candidate: CM-1-3-2-1; resolution requires context evidence
REL-00739,CM-1-3-4-4-6,informed-by,CM-1-3-4-4-3,confidence,ContextualResolved,CandidateOnly
REL-00739,CM-1-3-4-4-6,informed-by,CM-1-3-4-4-3,decision_reference,Q11+Q12,Q12
REL-00739,CM-1-3-4-4-6,informed-by,CM-1-3-4-4-3,disposition,ResolvedToConcept,SoleCandidate
REL-00739,CM-1-3-4-4-6,informed-by,CM-1-3-4-4-3,emission_decision,emit after mechanical uniqueness validation,HOLD: context-confirmation pass
REL-00739,CM-1-3-4-4-6,informed-by,CM-1-3-4-4-3,evidence,unique exact preferred-label match,"unique exact preferred-label match (candidate filter only, per PR #120)"
REL-00739,CM-1-3-4-4-6,informed-by,CM-1-3-4-4-3,reason,unique label match to CM-1-3-4-4-3; no contradicting context,label filter leaves one candidate: CM-1-3-4-4-3; resolution requires context evidence
REL-00740,CM-1-3-4-4-6,governed-by,CM-1-3-4-4,confidence,ContextualResolved,CandidateOnly
REL-00740,CM-1-3-4-4-6,governed-by,CM-1-3-4-4,decision_reference,Q11+Q12,Q12
REL-00740,CM-1-3-4-4-6,governed-by,CM-1-3-4-4,disposition,ResolvedToConcept,SoleCandidate
REL-00740,CM-1-3-4-4-6,governed-by,CM-1-3-4-4,emission_decision,emit after mechanical uniqueness validation,HOLD: context-confirmation pass
REL-00740,CM-1-3-4-4-6,governed-by,CM-1-3-4-4,evidence,unique exact preferred-label match,"unique exact preferred-label match (candidate filter only, per PR #120)"
REL-00740,CM-1-3-4-4-6,governed-by,CM-1-3-4-4,reason,unique label match to CM-1-3-4-4; no contradicting context,label filter leaves one candidate: CM-1-3-4-4; resolution requires context evidence
REL-00741,CM-1-3-4-5-1,precedes,CM-1-3-4-5-2,confidence,ContextualResolved,CandidateOnly
REL-00741,CM-1-3-4-5-1,precedes,CM-1-3-4-5-2,decision_reference,Q11+Q12,Q12
REL-00741,CM-1-3-4-5-1,precedes,CM-1-3-4-5-2,disposition,ResolvedToConcept,SoleCandidate
REL-00741,CM-1-3-4-5-1,precedes,CM-1-3-4-5-2,emission_decision,emit after mechanical uniqueness validation,HOLD: context-confirmation pass
REL-00741,CM-1-3-4-5-1,precedes,CM-1-3-4-5-2,evidence,unique exact preferred-label match,"unique exact preferred-label match (candidate filter only, per PR #120)"
REL-00741,CM-1-3-4-5-1,precedes,CM-1-3-4-5-2,reason,unique label match to CM-1-3-4-5-2; no contradicting context,label filter leaves one candidate: CM-1-3-4-5-2; resolution requires context evidence
REL-00742,CM-1-3-4-5-1,governed-by,CM-1-3-4-5,confidence,ContextualResolved,CandidateOnly
REL-00742,CM-1-3-4-5-1,governed-by,CM-1-3-4-5,decision_reference,Q11+Q12,Q12
REL-00742,CM-1-3-4-5-1,governed-by,CM-1-3-4-5,disposition,ResolvedToConcept,SoleCandidate
REL-00742,CM-1-3-4-5-1,governed-by,CM-1-3-4-5,emission_decision,emit after mechanical uniqueness validation,HOLD: context-confirmation pass
REL-00742,CM-1-3-4-5-1,governed-by,CM-1-3-4-5,evidence,unique exact preferred-label match,"unique exact preferred-label match (candidate filter only, per PR #120)"
REL-00742,CM-1-3-4-5-1,governed-by,CM-1-3-4-5,reason,unique label match to CM-1-3-4-5; no contradicting context,label filter leaves one candidate: CM-1-3-4-5; resolution requires context evidence
REL-00743,CM-1-3-4-5-2,follows,CM-1-3-4-5-1,confidence,ContextualResolved,CandidateOnly
REL-00743,CM-1-3-4-5-2,follows,CM-1-3-4-5-1,decision_reference,Q11+Q12,Q12
REL-00743,CM-1-3-4-5-2,follows,CM-1-3-4-5-1,disposition,ResolvedToConcept,SoleCandidate
REL-00743,CM-1-3-4-5-2,follows,CM-1-3-4-5-1,emission_decision,emit after mechanical uniqueness validation,HOLD: context-confirmation pass
REL-00743,CM-1-3-4-5-2,follows,CM-1-3-4-5-1,evidence,unique exact preferred-label match,"unique exact preferred-label match (candidate filter only, per PR #120)"
REL-00743,CM-1-3-4-5-2,follows,CM-1-3-4-5-1,reason,unique label match to CM-1-3-4-5-1; no contradicting context,label filter leaves one candidate: CM-1-3-4-5-1; resolution requires context evidence
REL-00744,CM-1-3-4-5-2,precedes,CM-1-3-4-5-3,confidence,ContextualResolved,CandidateOnly
REL-00744,CM-1-3-4-5-2,precedes,CM-1-3-4-5-3,decision_reference,Q11+Q12,Q12
REL-00744,CM-1-3-4-5-2,precedes,CM-1-3-4-5-3,disposition,ResolvedToConcept,SoleCandidate
REL-00744,CM-1-3-4-5-2,precedes,CM-1-3-4-5-3,emission_decision,emit after mechanical uniqueness validation,HOLD: context-confirmation pass
REL-00744,CM-1-3-4-5-2,precedes,CM-1-3-4-5-3,evidence,unique exact preferred-label match,"unique exact preferred-label match (candidate filter only, per PR #120)"
REL-00744,CM-1-3-4-5-2,precedes,CM-1-3-4-5-3,reason,unique label match to CM-1-3-4-5-3; no contradicting context,label filter leaves one candidate: CM-1-3-4-5-3; resolution requires context evidence
REL-00745,CM-1-3-4-5-2,governed-by,CM-1-3-4-5,confidence,ContextualResolved,CandidateOnly
REL-00745,CM-1-3-4-5-2,governed-by,CM-1-3-4-5,decision_reference,Q11+Q12,Q12
REL-00745,CM-1-3-4-5-2,governed-by,CM-1-3-4-5,disposition,ResolvedToConcept,SoleCandidate
REL-00745,CM-1-3-4-5-2,governed-by,CM-1-3-4-5,emission_decision,emit after mechanical uniqueness validation,HOLD: context-confirmation pass
REL-00745,CM-1-3-4-5-2,governed-by,CM-1-3-4-5,evidence,unique exact preferred-label match,"unique exact preferred-label match (candidate filter only, per PR #120)"
REL-00745,CM-1-3-4-5-2,governed-by,CM-1-3-4-5,reason,unique label match to CM-1-3-4-5; no contradicting context,label filter leaves one candidate: CM-1-3-4-5; resolution requires context evidence
REL-00746,CM-1-3-4-5-3,follows,CM-1-3-4-5-2,confidence,ContextualResolved,CandidateOnly
REL-00746,CM-1-3-4-5-3,follows,CM-1-3-4-5-2,decision_reference,Q11+Q12,Q12
REL-00746,CM-1-3-4-5-3,follows,CM-1-3-4-5-2,disposition,ResolvedToConcept,SoleCandidate
REL-00746,CM-1-3-4-5-3,follows,CM-1-3-4-5-2,emission_decision,emit after mechanical uniqueness validation,HOLD: context-confirmation pass
REL-00746,CM-1-3-4-5-3,follows,CM-1-3-4-5-2,evidence,unique exact preferred-label match,"unique exact preferred-label match (candidate filter only, per PR #120)"
REL-00746,CM-1-3-4-5-3,follows,CM-1-3-4-5-2,reason,unique label match to CM-1-3-4-5-2; no contradicting context,label filter leaves one candidate: CM-1-3-4-5-2; resolution requires context evidence
REL-00747,CM-1-3-4-5-3,precedes,CM-1-3-4-5-4,confidence,Resolved,StableIdentifier
REL-00748,CM-1-3-4-5-3,governed-by,CM-1-3-4-5,confidence,ContextualResolved,CandidateOnly
REL-00748,CM-1-3-4-5-3,governed-by,CM-1-3-4-5,decision_reference,Q11+Q12,Q12
REL-00748,CM-1-3-4-5-3,governed-by,CM-1-3-4-5,disposition,ResolvedToConcept,SoleCandidate
REL-00748,CM-1-3-4-5-3,governed-by,CM-1-3-4-5,emission_decision,emit after mechanical uniqueness validation,HOLD: context-confirmation pass
REL-00748,CM-1-3-4-5-3,governed-by,CM-1-3-4-5,evidence,unique exact preferred-label match,"unique exact preferred-label match (candidate filter only, per PR #120)"
REL-00748,CM-1-3-4-5-3,governed-by,CM-1-3-4-5,reason,unique label match to CM-1-3-4-5; no contradicting context,label filter leaves one candidate: CM-1-3-4-5; resolution requires context evidence
REL-00749,CM-1-3-4-5-4,follows,CM-1-3-4-5-3,confidence,ContextualResolved,CandidateOnly
REL-00749,CM-1-3-4-5-4,follows,CM-1-3-4-5-3,decision_reference,Q11+Q12,Q12
REL-00749,CM-1-3-4-5-4,follows,CM-1-3-4-5-3,disposition,ResolvedToConcept,SoleCandidate
REL-00749,CM-1-3-4-5-4,follows,CM-1-3-4-5-3,emission_decision,emit after mechanical uniqueness validation,HOLD: context-confirmation pass
REL-00749,CM-1-3-4-5-4,follows,CM-1-3-4-5-3,evidence,unique exact preferred-label match,"unique exact preferred-label match (candidate filter only, per PR #120)"
REL-00749,CM-1-3-4-5-4,follows,CM-1-3-4-5-3,reason,unique label match to CM-1-3-4-5-3; no contradicting context,label filter leaves one candidate: CM-1-3-4-5-3; resolution requires context evidence
REL-00750,CM-1-3-4-5-4,enables,CM-1-3-4-3-3,confidence,ContextualResolved,CandidateOnly
REL-00750,CM-1-3-4-5-4,enables,CM-1-3-4-3-3,decision_reference,Q11+Q12,Q12
REL-00750,CM-1-3-4-5-4,enables,CM-1-3-4-3-3,disposition,ResolvedToConcept,SoleCandidate
REL-00750,CM-1-3-4-5-4,enables,CM-1-3-4-3-3,emission_decision,emit after mechanical uniqueness validation,HOLD: context-confirmation pass
REL-00750,CM-1-3-4-5-4,enables,CM-1-3-4-3-3,evidence,unique exact preferred-label match,"unique exact preferred-label match (candidate filter only, per PR #120)"
REL-00750,CM-1-3-4-5-4,enables,CM-1-3-4-3-3,reason,unique label match to CM-1-3-4-3-3; no contradicting context,label filter leaves one candidate: CM-1-3-4-3-3; resolution requires context evidence
REL-00751,CM-1-3-4-5-4,governed-by,CM-1-3-4-5,confidence,ContextualResolved,CandidateOnly
REL-00751,CM-1-3-4-5-4,governed-by,CM-1-3-4-5,decision_reference,Q11+Q12,Q12
REL-00751,CM-1-3-4-5-4,governed-by,CM-1-3-4-5,disposition,ResolvedToConcept,SoleCandidate
REL-00751,CM-1-3-4-5-4,governed-by,CM-1-3-4-5,emission_decision,emit after mechanical uniqueness validation,HOLD: context-confirmation pass
REL-00751,CM-1-3-4-5-4,governed-by,CM-1-3-4-5,evidence,unique exact preferred-label match,"unique exact preferred-label match (candidate filter only, per PR #120)"
REL-00751,CM-1-3-4-5-4,governed-by,CM-1-3-4-5,reason,unique label match to CM-1-3-4-5; no contradicting context,label filter leaves one candidate: CM-1-3-4-5; resolution requires context evidence
REL-00752,CM-1-3-4-6-1,governed-by,CM-1-3-4-6,confidence,ContextualResolved,CandidateOnly
REL-00752,CM-1-3-4-6-1,governed-by,CM-1-3-4-6,decision_reference,Q11+Q12,Q12
REL-00752,CM-1-3-4-6-1,governed-by,CM-1-3-4-6,disposition,ResolvedToConcept,SoleCandidate
REL-00752,CM-1-3-4-6-1,governed-by,CM-1-3-4-6,emission_decision,emit after mechanical uniqueness validation,HOLD: context-confirmation pass
REL-00752,CM-1-3-4-6-1,governed-by,CM-1-3-4-6,evidence,unique exact preferred-label match,"unique exact preferred-label match (candidate filter only, per PR #120)"
REL-00752,CM-1-3-4-6-1,governed-by,CM-1-3-4-6,reason,unique label match to CM-1-3-4-6; no contradicting context,label filter leaves one candidate: CM-1-3-4-6; resolution requires context evidence
REL-00753,CM-1-3-4-6-1,enables,CM-1-3-4-3-2,confidence,ContextualResolved,CandidateOnly
REL-00753,CM-1-3-4-6-1,enables,CM-1-3-4-3-2,decision_reference,Q11+Q12,Q12
REL-00753,CM-1-3-4-6-1,enables,CM-1-3-4-3-2,disposition,ResolvedToConcept,SoleCandidate
REL-00753,CM-1-3-4-6-1,enables,CM-1-3-4-3-2,emission_decision,emit after mechanical uniqueness validation,HOLD: context-confirmation pass
REL-00753,CM-1-3-4-6-1,enables,CM-1-3-4-3-2,evidence,unique exact preferred-label match,"unique exact preferred-label match (candidate filter only, per PR #120)"
REL-00753,CM-1-3-4-6-1,enables,CM-1-3-4-3-2,reason,unique label match to CM-1-3-4-3-2; no contradicting context,label filter leaves one candidate: CM-1-3-4-3-2; resolution requires context evidence
REL-00754,CM-1-3-4-6-2,governed-by,CM-1-3-4-6,confidence,ContextualResolved,CandidateOnly
REL-00754,CM-1-3-4-6-2,governed-by,CM-1-3-4-6,decision_reference,Q11+Q12,Q12
REL-00754,CM-1-3-4-6-2,governed-by,CM-1-3-4-6,disposition,ResolvedToConcept,SoleCandidate
REL-00754,CM-1-3-4-6-2,governed-by,CM-1-3-4-6,emission_decision,emit after mechanical uniqueness validation,HOLD: context-confirmation pass
REL-00754,CM-1-3-4-6-2,governed-by,CM-1-3-4-6,evidence,unique exact preferred-label match,"unique exact preferred-label match (candidate filter only, per PR #120)"
REL-00754,CM-1-3-4-6-2,governed-by,CM-1-3-4-6,reason,unique label match to CM-1-3-4-6; no contradicting context,label filter leaves one candidate: CM-1-3-4-6; resolution requires context evidence
REL-00755,CM-1-3-4-6-2,enables,CM-1-3-4-2-2,confidence,ContextualResolved,CandidateOnly
REL-00755,CM-1-3-4-6-2,enables,CM-1-3-4-2-2,decision_reference,Q11+Q12,Q12
REL-00755,CM-1-3-4-6-2,enables,CM-1-3-4-2-2,disposition,ResolvedToConcept,SoleCandidate
REL-00755,CM-1-3-4-6-2,enables,CM-1-3-4-2-2,emission_decision,emit after mechanical uniqueness validation,HOLD: context-confirmation pass
REL-00755,CM-1-3-4-6-2,enables,CM-1-3-4-2-2,evidence,unique exact preferred-label match,"unique exact preferred-label match (candidate filter only, per PR #120)"
REL-00755,CM-1-3-4-6-2,enables,CM-1-3-4-2-2,reason,unique label match to CM-1-3-4-2-2; no contradicting context,label filter leaves one candidate: CM-1-3-4-2-2; resolution requires context evidence
REL-00756,CM-1-3-4-6-2,enables,CM-1-3-4-3-2,confidence,ContextualResolved,CandidateOnly
REL-00756,CM-1-3-4-6-2,enables,CM-1-3-4-3-2,decision_reference,Q11+Q12,Q12
REL-00756,CM-1-3-4-6-2,enables,CM-1-3-4-3-2,disposition,ResolvedToConcept,SoleCandidate
REL-00756,CM-1-3-4-6-2,enables,CM-1-3-4-3-2,emission_decision,emit after mechanical uniqueness validation,HOLD: context-confirmation pass
REL-00756,CM-1-3-4-6-2,enables,CM-1-3-4-3-2,evidence,unique exact preferred-label match,"unique exact preferred-label match (candidate filter only, per PR #120)"
REL-00756,CM-1-3-4-6-2,enables,CM-1-3-4-3-2,reason,unique label match to CM-1-3-4-3-2; no contradicting context,label filter leaves one candidate: CM-1-3-4-3-2; resolution requires context evidence
REL-00757,CM-1-3-4-6-3,governed-by,CM-1-3-4-6,confidence,ContextualResolved,CandidateOnly
REL-00757,CM-1-3-4-6-3,governed-by,CM-1-3-4-6,decision_reference,Q11+Q12,Q12
REL-00757,CM-1-3-4-6-3,governed-by,CM-1-3-4-6,disposition,ResolvedToConcept,SoleCandidate
REL-00757,CM-1-3-4-6-3,governed-by,CM-1-3-4-6,emission_decision,emit after mechanical uniqueness validation,HOLD: context-confirmation pass
REL-00757,CM-1-3-4-6-3,governed-by,CM-1-3-4-6,evidence,unique exact preferred-label match,"unique exact preferred-label match (candidate filter only, per PR #120)"
REL-00757,CM-1-3-4-6-3,governed-by,CM-1-3-4-6,reason,unique label match to CM-1-3-4-6; no contradicting context,label filter leaves one candidate: CM-1-3-4-6; resolution requires context evidence
REL-00758,CM-1-3-4-6-3,enables,CM-1-3-4-2-2,confidence,ContextualResolved,CandidateOnly
REL-00758,CM-1-3-4-6-3,enables,CM-1-3-4-2-2,decision_reference,Q11+Q12,Q12
REL-00758,CM-1-3-4-6-3,enables,CM-1-3-4-2-2,disposition,ResolvedToConcept,SoleCandidate
REL-00758,CM-1-3-4-6-3,enables,CM-1-3-4-2-2,emission_decision,emit after mechanical uniqueness validation,HOLD: context-confirmation pass
REL-00758,CM-1-3-4-6-3,enables,CM-1-3-4-2-2,evidence,unique exact preferred-label match,"unique exact preferred-label match (candidate filter only, per PR #120)"
REL-00758,CM-1-3-4-6-3,enables,CM-1-3-4-2-2,reason,unique label match to CM-1-3-4-2-2; no contradicting context,label filter leaves one candidate: CM-1-3-4-2-2; resolution requires context evidence
REL-00759,CM-1-3-4-6-3,uses-input,CM-1-3-4-5-1,confidence,ContextualResolved,CandidateOnly
REL-00759,CM-1-3-4-6-3,uses-input,CM-1-3-4-5-1,decision_reference,Q11+Q12,Q12
REL-00759,CM-1-3-4-6-3,uses-input,CM-1-3-4-5-1,disposition,ResolvedToConcept,SoleCandidate
REL-00759,CM-1-3-4-6-3,uses-input,CM-1-3-4-5-1,emission_decision,emit after mechanical uniqueness validation,HOLD: context-confirmation pass
REL-00759,CM-1-3-4-6-3,uses-input,CM-1-3-4-5-1,evidence,unique exact preferred-label match,"unique exact preferred-label match (candidate filter only, per PR #120)"
REL-00759,CM-1-3-4-6-3,uses-input,CM-1-3-4-5-1,reason,unique label match to CM-1-3-4-5-1; no contradicting context,label filter leaves one candidate: CM-1-3-4-5-1; resolution requires context evidence
REL-00760,CM-1-3-4-6-4,governed-by,CM-1-3-4-6,confidence,ContextualResolved,CandidateOnly
REL-00760,CM-1-3-4-6-4,governed-by,CM-1-3-4-6,decision_reference,Q11+Q12,Q12
REL-00760,CM-1-3-4-6-4,governed-by,CM-1-3-4-6,disposition,ResolvedToConcept,SoleCandidate
REL-00760,CM-1-3-4-6-4,governed-by,CM-1-3-4-6,emission_decision,emit after mechanical uniqueness validation,HOLD: context-confirmation pass
REL-00760,CM-1-3-4-6-4,governed-by,CM-1-3-4-6,evidence,unique exact preferred-label match,"unique exact preferred-label match (candidate filter only, per PR #120)"
REL-00760,CM-1-3-4-6-4,governed-by,CM-1-3-4-6,reason,unique label match to CM-1-3-4-6; no contradicting context,label filter leaves one candidate: CM-1-3-4-6; resolution requires context evidence
REL-00761,CM-1-3-4-6-4,informed-by,CM-1-3-3-1,confidence,ContextualResolved,CandidateOnly
REL-00761,CM-1-3-4-6-4,informed-by,CM-1-3-3-1,decision_reference,Q11+Q12,Q12
REL-00761,CM-1-3-4-6-4,informed-by,CM-1-3-3-1,disposition,ResolvedToConcept,SoleCandidate
REL-00761,CM-1-3-4-6-4,informed-by,CM-1-3-3-1,emission_decision,emit after mechanical uniqueness validation,HOLD: context-confirmation pass
REL-00761,CM-1-3-4-6-4,informed-by,CM-1-3-3-1,evidence,unique exact preferred-label match,"unique exact preferred-label match (candidate filter only, per PR #120)"
REL-00761,CM-1-3-4-6-4,informed-by,CM-1-3-3-1,reason,unique label match to CM-1-3-3-1; no contradicting context,label filter leaves one candidate: CM-1-3-3-1; resolution requires context evidence
REL-00762,CM-1-3-4-6-4,enables,CM-1-3-5-3,confidence,ContextualResolved,CandidateOnly
REL-00762,CM-1-3-4-6-4,enables,CM-1-3-5-3,decision_reference,Q11+Q12,Q12
REL-00762,CM-1-3-4-6-4,enables,CM-1-3-5-3,disposition,ResolvedToConcept,SoleCandidate
REL-00762,CM-1-3-4-6-4,enables,CM-1-3-5-3,emission_decision,emit after mechanical uniqueness validation,HOLD: context-confirmation pass
REL-00762,CM-1-3-4-6-4,enables,CM-1-3-5-3,evidence,unique exact preferred-label match,"unique exact preferred-label match (candidate filter only, per PR #120)"
REL-00762,CM-1-3-4-6-4,enables,CM-1-3-5-3,reason,unique label match to CM-1-3-5-3; no contradicting context,label filter leaves one candidate: CM-1-3-5-3; resolution requires context evidence
REL-00763,CM-1-3-5-1-1,precedes,CM-1-3-5-1-3,confidence,ContextualResolved,CandidateOnly
REL-00763,CM-1-3-5-1-1,precedes,CM-1-3-5-1-3,decision_reference,Q11+Q12,Q12
REL-00763,CM-1-3-5-1-1,precedes,CM-1-3-5-1-3,disposition,ResolvedToConcept,SoleCandidate
REL-00763,CM-1-3-5-1-1,precedes,CM-1-3-5-1-3,emission_decision,emit after mechanical uniqueness validation,HOLD: context-confirmation pass
REL-00763,CM-1-3-5-1-1,precedes,CM-1-3-5-1-3,evidence,unique exact preferred-label match,"unique exact preferred-label match (candidate filter only, per PR #120)"
REL-00763,CM-1-3-5-1-1,precedes,CM-1-3-5-1-3,reason,unique label match to CM-1-3-5-1-3; no contradicting context,label filter leaves one candidate: CM-1-3-5-1-3; resolution requires context evidence
REL-00764,CM-1-3-5-1-1,governed-by,CM-1-3-5-1,confidence,Resolved,StableIdentifier
REL-00765,CM-1-3-5-1-2,uses-input,CM-1-1-1-1,confidence,Resolved,StableIdentifier
REL-00766,CM-1-3-5-1-2,enables,CM-1-3-5-1-1,confidence,ContextualResolved,CandidateOnly
REL-00766,CM-1-3-5-1-2,enables,CM-1-3-5-1-1,decision_reference,Q11+Q12,Q12
REL-00766,CM-1-3-5-1-2,enables,CM-1-3-5-1-1,disposition,ResolvedToConcept,SoleCandidate
REL-00766,CM-1-3-5-1-2,enables,CM-1-3-5-1-1,emission_decision,emit after mechanical uniqueness validation,HOLD: context-confirmation pass
REL-00766,CM-1-3-5-1-2,enables,CM-1-3-5-1-1,evidence,unique exact preferred-label match,"unique exact preferred-label match (candidate filter only, per PR #120)"
REL-00766,CM-1-3-5-1-2,enables,CM-1-3-5-1-1,reason,unique label match to CM-1-3-5-1-1; no contradicting context,label filter leaves one candidate: CM-1-3-5-1-1; resolution requires context evidence
REL-00767,CM-1-3-5-1-2,enables,CM-1-3-5-1-3,confidence,ContextualResolved,CandidateOnly
REL-00767,CM-1-3-5-1-2,enables,CM-1-3-5-1-3,decision_reference,Q11+Q12,Q12
REL-00767,CM-1-3-5-1-2,enables,CM-1-3-5-1-3,disposition,ResolvedToConcept,SoleCandidate
REL-00767,CM-1-3-5-1-2,enables,CM-1-3-5-1-3,emission_decision,emit after mechanical uniqueness validation,HOLD: context-confirmation pass
REL-00767,CM-1-3-5-1-2,enables,CM-1-3-5-1-3,evidence,unique exact preferred-label match,"unique exact preferred-label match (candidate filter only, per PR #120)"
REL-00767,CM-1-3-5-1-2,enables,CM-1-3-5-1-3,reason,unique label match to CM-1-3-5-1-3; no contradicting context,label filter leaves one candidate: CM-1-3-5-1-3; resolution requires context evidence
REL-00768,CM-1-3-5-1-2,governed-by,CM-1-3-5-1,confidence,Resolved,StableIdentifier
REL-00769,CM-1-3-5-1-3,follows,CM-1-3-5-1-1,confidence,ContextualResolved,CandidateOnly
REL-00769,CM-1-3-5-1-3,follows,CM-1-3-5-1-1,decision_reference,Q11+Q12,Q12
REL-00769,CM-1-3-5-1-3,follows,CM-1-3-5-1-1,disposition,ResolvedToConcept,SoleCandidate
REL-00769,CM-1-3-5-1-3,follows,CM-1-3-5-1-1,emission_decision,emit after mechanical uniqueness validation,HOLD: context-confirmation pass
REL-00769,CM-1-3-5-1-3,follows,CM-1-3-5-1-1,evidence,unique exact preferred-label match,"unique exact preferred-label match (candidate filter only, per PR #120)"
REL-00769,CM-1-3-5-1-3,follows,CM-1-3-5-1-1,reason,unique label match to CM-1-3-5-1-1; no contradicting context,label filter leaves one candidate: CM-1-3-5-1-1; resolution requires context evidence
REL-00770,CM-1-3-5-1-3,enables,CM-1-3-6-2,confidence,ContextualResolved,CandidateOnly
REL-00770,CM-1-3-5-1-3,enables,CM-1-3-6-2,decision_reference,Q11+Q12,Q12
REL-00770,CM-1-3-5-1-3,enables,CM-1-3-6-2,disposition,ResolvedToConcept,SoleCandidate
REL-00770,CM-1-3-5-1-3,enables,CM-1-3-6-2,emission_decision,emit after mechanical uniqueness validation,HOLD: context-confirmation pass
REL-00770,CM-1-3-5-1-3,enables,CM-1-3-6-2,evidence,unique exact preferred-label match,"unique exact preferred-label match (candidate filter only, per PR #120)"
REL-00770,CM-1-3-5-1-3,enables,CM-1-3-6-2,reason,unique label match to CM-1-3-6-2; no contradicting context,label filter leaves one candidate: CM-1-3-6-2; resolution requires context evidence
REL-00771,CM-1-3-5-1-3,enables,CM-1-3-6-1,confidence,ContextualResolved,CandidateOnly
REL-00771,CM-1-3-5-1-3,enables,CM-1-3-6-1,decision_reference,Q11+Q12,Q12
REL-00771,CM-1-3-5-1-3,enables,CM-1-3-6-1,disposition,ResolvedToConcept,SoleCandidate
REL-00771,CM-1-3-5-1-3,enables,CM-1-3-6-1,emission_decision,emit after mechanical uniqueness validation,HOLD: context-confirmation pass
REL-00771,CM-1-3-5-1-3,enables,CM-1-3-6-1,evidence,unique exact preferred-label match,"unique exact preferred-label match (candidate filter only, per PR #120)"
REL-00771,CM-1-3-5-1-3,enables,CM-1-3-6-1,reason,unique label match to CM-1-3-6-1; no contradicting context,label filter leaves one candidate: CM-1-3-6-1; resolution requires context evidence
REL-00772,CM-1-3-5-1-4,follows,CM-1-3-5-1-3,confidence,ContextualResolved,CandidateOnly
REL-00772,CM-1-3-5-1-4,follows,CM-1-3-5-1-3,decision_reference,Q11+Q12,Q12
REL-00772,CM-1-3-5-1-4,follows,CM-1-3-5-1-3,disposition,ResolvedToConcept,SoleCandidate
REL-00772,CM-1-3-5-1-4,follows,CM-1-3-5-1-3,emission_decision,emit after mechanical uniqueness validation,HOLD: context-confirmation pass
REL-00772,CM-1-3-5-1-4,follows,CM-1-3-5-1-3,evidence,unique exact preferred-label match,"unique exact preferred-label match (candidate filter only, per PR #120)"
REL-00772,CM-1-3-5-1-4,follows,CM-1-3-5-1-3,reason,unique label match to CM-1-3-5-1-3; no contradicting context,label filter leaves one candidate: CM-1-3-5-1-3; resolution requires context evidence
REL-00773,CM-1-3-5-1-4,enables,CM-1-3-5-1,confidence,Resolved,StableIdentifier
REL-00774,CM-1-3-5-1-4,informed-by,CM-1-3-5-5,confidence,ContextualResolved,CandidateOnly
REL-00774,CM-1-3-5-1-4,informed-by,CM-1-3-5-5,decision_reference,Q11+Q12,Q12
REL-00774,CM-1-3-5-1-4,informed-by,CM-1-3-5-5,disposition,ResolvedToConcept,SoleCandidate
REL-00774,CM-1-3-5-1-4,informed-by,CM-1-3-5-5,emission_decision,emit after mechanical uniqueness validation,HOLD: context-confirmation pass
REL-00774,CM-1-3-5-1-4,informed-by,CM-1-3-5-5,evidence,unique exact preferred-label match,"unique exact preferred-label match (candidate filter only, per PR #120)"
REL-00774,CM-1-3-5-1-4,informed-by,CM-1-3-5-5,reason,unique label match to CM-1-3-5-5; no contradicting context,label filter leaves one candidate: CM-1-3-5-5; resolution requires context evidence
REL-00775,CM-1-3-5-2,informed-by,CM-1-3-3-5-1,confidence,ContextualResolved,CandidateOnly
REL-00775,CM-1-3-5-2,informed-by,CM-1-3-3-5-1,decision_reference,Q11+Q12,Q12
REL-00775,CM-1-3-5-2,informed-by,CM-1-3-3-5-1,disposition,ResolvedToConcept,SoleCandidate
REL-00775,CM-1-3-5-2,informed-by,CM-1-3-3-5-1,emission_decision,emit after mechanical uniqueness validation,HOLD: context-confirmation pass
REL-00775,CM-1-3-5-2,informed-by,CM-1-3-3-5-1,evidence,unique exact preferred-label match,"unique exact preferred-label match (candidate filter only, per PR #120)"
REL-00775,CM-1-3-5-2,informed-by,CM-1-3-3-5-1,reason,unique label match to CM-1-3-3-5-1; no contradicting context,label filter leaves one candidate: CM-1-3-3-5-1; resolution requires context evidence
REL-00776,CM-1-3-5-2,informed-by,CM-1-3-5-3,confidence,ContextualResolved,CandidateOnly
REL-00776,CM-1-3-5-2,informed-by,CM-1-3-5-3,decision_reference,Q11+Q12,Q12
REL-00776,CM-1-3-5-2,informed-by,CM-1-3-5-3,disposition,ResolvedToConcept,SoleCandidate
REL-00776,CM-1-3-5-2,informed-by,CM-1-3-5-3,emission_decision,emit after mechanical uniqueness validation,HOLD: context-confirmation pass
REL-00776,CM-1-3-5-2,informed-by,CM-1-3-5-3,evidence,unique exact preferred-label match,"unique exact preferred-label match (candidate filter only, per PR #120)"
REL-00776,CM-1-3-5-2,informed-by,CM-1-3-5-3,reason,unique label match to CM-1-3-5-3; no contradicting context,label filter leaves one candidate: CM-1-3-5-3; resolution requires context evidence
REL-00777,CM-1-3-5-2,enables,CM-1-3-6-5,confidence,ContextualResolved,CandidateOnly
REL-00777,CM-1-3-5-2,enables,CM-1-3-6-5,decision_reference,Q11+Q12,Q12
REL-00777,CM-1-3-5-2,enables,CM-1-3-6-5,disposition,ResolvedToConcept,SoleCandidate
REL-00777,CM-1-3-5-2,enables,CM-1-3-6-5,emission_decision,emit after mechanical uniqueness validation,HOLD: context-confirmation pass
REL-00777,CM-1-3-5-2,enables,CM-1-3-6-5,evidence,unique exact preferred-label match,"unique exact preferred-label match (candidate filter only, per PR #120)"
REL-00777,CM-1-3-5-2,enables,CM-1-3-6-5,reason,unique label match to CM-1-3-6-5; no contradicting context,label filter leaves one candidate: CM-1-3-6-5; resolution requires context evidence
REL-00778,CM-1-3-5-3-1,precedes,CM-1-3-5-3-2,confidence,ContextualResolved,CandidateOnly
REL-00778,CM-1-3-5-3-1,precedes,CM-1-3-5-3-2,decision_reference,Q11+Q12,Q12
REL-00778,CM-1-3-5-3-1,precedes,CM-1-3-5-3-2,disposition,ResolvedToConcept,SoleCandidate
REL-00778,CM-1-3-5-3-1,precedes,CM-1-3-5-3-2,emission_decision,emit after mechanical uniqueness validation,HOLD: context-confirmation pass
REL-00778,CM-1-3-5-3-1,precedes,CM-1-3-5-3-2,evidence,unique exact preferred-label match,"unique exact preferred-label match (candidate filter only, per PR #120)"
REL-00778,CM-1-3-5-3-1,precedes,CM-1-3-5-3-2,reason,unique label match to CM-1-3-5-3-2; no contradicting context,label filter leaves one candidate: CM-1-3-5-3-2; resolution requires context evidence
REL-00779,CM-1-3-5-3-1,governed-by,CM-1-3-5-3,confidence,ContextualResolved,CandidateOnly
REL-00779,CM-1-3-5-3-1,governed-by,CM-1-3-5-3,decision_reference,Q11+Q12,Q12
REL-00779,CM-1-3-5-3-1,governed-by,CM-1-3-5-3,disposition,ResolvedToConcept,SoleCandidate
REL-00779,CM-1-3-5-3-1,governed-by,CM-1-3-5-3,emission_decision,emit after mechanical uniqueness validation,HOLD: context-confirmation pass
REL-00779,CM-1-3-5-3-1,governed-by,CM-1-3-5-3,evidence,unique exact preferred-label match,"unique exact preferred-label match (candidate filter only, per PR #120)"
REL-00779,CM-1-3-5-3-1,governed-by,CM-1-3-5-3,reason,unique label match to CM-1-3-5-3; no contradicting context,label filter leaves one candidate: CM-1-3-5-3; resolution requires context evidence
REL-00780,CM-1-3-5-3-10,follows,CM-1-3-5-3-4,confidence,ContextualResolved,CandidateOnly
REL-00780,CM-1-3-5-3-10,follows,CM-1-3-5-3-4,decision_reference,Q11+Q12,Q12
REL-00780,CM-1-3-5-3-10,follows,CM-1-3-5-3-4,disposition,ResolvedToConcept,SoleCandidate
REL-00780,CM-1-3-5-3-10,follows,CM-1-3-5-3-4,emission_decision,emit after mechanical uniqueness validation,HOLD: context-confirmation pass
REL-00780,CM-1-3-5-3-10,follows,CM-1-3-5-3-4,evidence,unique exact preferred-label match,"unique exact preferred-label match (candidate filter only, per PR #120)"
REL-00780,CM-1-3-5-3-10,follows,CM-1-3-5-3-4,reason,unique label match to CM-1-3-5-3-4; no contradicting context,label filter leaves one candidate: CM-1-3-5-3-4; resolution requires context evidence
REL-00781,CM-1-3-5-3-10,enables,CM-1-3-6-5,confidence,ContextualResolved,CandidateOnly
REL-00781,CM-1-3-5-3-10,enables,CM-1-3-6-5,decision_reference,Q11+Q12,Q12
REL-00781,CM-1-3-5-3-10,enables,CM-1-3-6-5,disposition,ResolvedToConcept,SoleCandidate
REL-00781,CM-1-3-5-3-10,enables,CM-1-3-6-5,emission_decision,emit after mechanical uniqueness validation,HOLD: context-confirmation pass
REL-00781,CM-1-3-5-3-10,enables,CM-1-3-6-5,evidence,unique exact preferred-label match,"unique exact preferred-label match (candidate filter only, per PR #120)"
REL-00781,CM-1-3-5-3-10,enables,CM-1-3-6-5,reason,unique label match to CM-1-3-6-5; no contradicting context,label filter leaves one candidate: CM-1-3-6-5; resolution requires context evidence
REL-00782,CM-1-3-5-3-10,governed-by,CM-1-3-5-3,confidence,ContextualResolved,CandidateOnly
REL-00782,CM-1-3-5-3-10,governed-by,CM-1-3-5-3,decision_reference,Q11+Q12,Q12
REL-00782,CM-1-3-5-3-10,governed-by,CM-1-3-5-3,disposition,ResolvedToConcept,SoleCandidate
REL-00782,CM-1-3-5-3-10,governed-by,CM-1-3-5-3,emission_decision,emit after mechanical uniqueness validation,HOLD: context-confirmation pass
REL-00782,CM-1-3-5-3-10,governed-by,CM-1-3-5-3,evidence,unique exact preferred-label match,"unique exact preferred-label match (candidate filter only, per PR #120)"
REL-00782,CM-1-3-5-3-10,governed-by,CM-1-3-5-3,reason,unique label match to CM-1-3-5-3; no contradicting context,label filter leaves one candidate: CM-1-3-5-3; resolution requires context evidence
REL-00783,CM-1-3-5-3-2,follows,CM-1-3-5-3-1,confidence,ContextualResolved,CandidateOnly
REL-00783,CM-1-3-5-3-2,follows,CM-1-3-5-3-1,decision_reference,Q11+Q12,Q12
REL-00783,CM-1-3-5-3-2,follows,CM-1-3-5-3-1,disposition,ResolvedToConcept,SoleCandidate
REL-00783,CM-1-3-5-3-2,follows,CM-1-3-5-3-1,emission_decision,emit after mechanical uniqueness validation,HOLD: context-confirmation pass
REL-00783,CM-1-3-5-3-2,follows,CM-1-3-5-3-1,evidence,unique exact preferred-label match,"unique exact preferred-label match (candidate filter only, per PR #120)"
REL-00783,CM-1-3-5-3-2,follows,CM-1-3-5-3-1,reason,unique label match to CM-1-3-5-3-1; no contradicting context,label filter leaves one candidate: CM-1-3-5-3-1; resolution requires context evidence
REL-00784,CM-1-3-5-3-2,precedes,CM-1-3-5-3-3,confidence,ContextualResolved,CandidateOnly
REL-00784,CM-1-3-5-3-2,precedes,CM-1-3-5-3-3,decision_reference,Q11+Q12,Q12
REL-00784,CM-1-3-5-3-2,precedes,CM-1-3-5-3-3,disposition,ResolvedToConcept,SoleCandidate
REL-00784,CM-1-3-5-3-2,precedes,CM-1-3-5-3-3,emission_decision,emit after mechanical uniqueness validation,HOLD: context-confirmation pass
REL-00784,CM-1-3-5-3-2,precedes,CM-1-3-5-3-3,evidence,unique exact preferred-label match,"unique exact preferred-label match (candidate filter only, per PR #120)"
REL-00784,CM-1-3-5-3-2,precedes,CM-1-3-5-3-3,reason,unique label match to CM-1-3-5-3-3; no contradicting context,label filter leaves one candidate: CM-1-3-5-3-3; resolution requires context evidence
REL-00785,CM-1-3-5-3-2,governed-by,CM-1-3-5-3,confidence,ContextualResolved,CandidateOnly
REL-00785,CM-1-3-5-3-2,governed-by,CM-1-3-5-3,decision_reference,Q11+Q12,Q12
REL-00785,CM-1-3-5-3-2,governed-by,CM-1-3-5-3,disposition,ResolvedToConcept,SoleCandidate
REL-00785,CM-1-3-5-3-2,governed-by,CM-1-3-5-3,emission_decision,emit after mechanical uniqueness validation,HOLD: context-confirmation pass
REL-00785,CM-1-3-5-3-2,governed-by,CM-1-3-5-3,evidence,unique exact preferred-label match,"unique exact preferred-label match (candidate filter only, per PR #120)"
REL-00785,CM-1-3-5-3-2,governed-by,CM-1-3-5-3,reason,unique label match to CM-1-3-5-3; no contradicting context,label filter leaves one candidate: CM-1-3-5-3; resolution requires context evidence
REL-00786,CM-1-3-5-3-3,follows,CM-1-3-5-3-2,confidence,ContextualResolved,CandidateOnly
REL-00786,CM-1-3-5-3-3,follows,CM-1-3-5-3-2,decision_reference,Q11+Q12,Q12
REL-00786,CM-1-3-5-3-3,follows,CM-1-3-5-3-2,disposition,ResolvedToConcept,SoleCandidate
REL-00786,CM-1-3-5-3-3,follows,CM-1-3-5-3-2,emission_decision,emit after mechanical uniqueness validation,HOLD: context-confirmation pass
REL-00786,CM-1-3-5-3-3,follows,CM-1-3-5-3-2,evidence,unique exact preferred-label match,"unique exact preferred-label match (candidate filter only, per PR #120)"
REL-00786,CM-1-3-5-3-3,follows,CM-1-3-5-3-2,reason,unique label match to CM-1-3-5-3-2; no contradicting context,label filter leaves one candidate: CM-1-3-5-3-2; resolution requires context evidence
REL-00787,CM-1-3-5-3-3,precedes,CM-1-3-5-3-5,confidence,ContextualResolved,CandidateOnly
REL-00787,CM-1-3-5-3-3,precedes,CM-1-3-5-3-5,decision_reference,Q11+Q12,Q12
REL-00787,CM-1-3-5-3-3,precedes,CM-1-3-5-3-5,disposition,ResolvedToConcept,SoleCandidate
REL-00787,CM-1-3-5-3-3,precedes,CM-1-3-5-3-5,emission_decision,emit after mechanical uniqueness validation,HOLD: context-confirmation pass
REL-00787,CM-1-3-5-3-3,precedes,CM-1-3-5-3-5,evidence,unique exact preferred-label match,"unique exact preferred-label match (candidate filter only, per PR #120)"
REL-00787,CM-1-3-5-3-3,precedes,CM-1-3-5-3-5,reason,unique label match to CM-1-3-5-3-5; no contradicting context,label filter leaves one candidate: CM-1-3-5-3-5; resolution requires context evidence
REL-00788,CM-1-3-5-3-3,governed-by,CM-1-3-5-3,confidence,ContextualResolved,CandidateOnly
REL-00788,CM-1-3-5-3-3,governed-by,CM-1-3-5-3,decision_reference,Q11+Q12,Q12
REL-00788,CM-1-3-5-3-3,governed-by,CM-1-3-5-3,disposition,ResolvedToConcept,SoleCandidate
REL-00788,CM-1-3-5-3-3,governed-by,CM-1-3-5-3,emission_decision,emit after mechanical uniqueness validation,HOLD: context-confirmation pass
REL-00788,CM-1-3-5-3-3,governed-by,CM-1-3-5-3,evidence,unique exact preferred-label match,"unique exact preferred-label match (candidate filter only, per PR #120)"
REL-00788,CM-1-3-5-3-3,governed-by,CM-1-3-5-3,reason,unique label match to CM-1-3-5-3; no contradicting context,label filter leaves one candidate: CM-1-3-5-3; resolution requires context evidence
REL-00789,CM-1-3-5-3-4,follows,CM-1-3-5-3-6,confidence,ContextualResolved,CandidateOnly
REL-00789,CM-1-3-5-3-4,follows,CM-1-3-5-3-6,decision_reference,Q11+Q12,Q12
REL-00789,CM-1-3-5-3-4,follows,CM-1-3-5-3-6,disposition,ResolvedToConcept,SoleCandidate
REL-00789,CM-1-3-5-3-4,follows,CM-1-3-5-3-6,emission_decision,emit after mechanical uniqueness validation,HOLD: context-confirmation pass
REL-00789,CM-1-3-5-3-4,follows,CM-1-3-5-3-6,evidence,unique exact preferred-label match,"unique exact preferred-label match (candidate filter only, per PR #120)"
REL-00789,CM-1-3-5-3-4,follows,CM-1-3-5-3-6,reason,unique label match to CM-1-3-5-3-6; no contradicting context,label filter leaves one candidate: CM-1-3-5-3-6; resolution requires context evidence
REL-00790,CM-1-3-5-3-4,precedes,CM-1-3-5-3-8,confidence,ContextualResolved,CandidateOnly
REL-00790,CM-1-3-5-3-4,precedes,CM-1-3-5-3-8,decision_reference,Q11+Q12,Q12
REL-00790,CM-1-3-5-3-4,precedes,CM-1-3-5-3-8,disposition,ResolvedToConcept,SoleCandidate
REL-00790,CM-1-3-5-3-4,precedes,CM-1-3-5-3-8,emission_decision,emit after mechanical uniqueness validation,HOLD: context-confirmation pass
REL-00790,CM-1-3-5-3-4,precedes,CM-1-3-5-3-8,evidence,unique exact preferred-label match,"unique exact preferred-label match (candidate filter only, per PR #120)"
REL-00790,CM-1-3-5-3-4,precedes,CM-1-3-5-3-8,reason,unique label match to CM-1-3-5-3-8; no contradicting context,label filter leaves one candidate: CM-1-3-5-3-8; resolution requires context evidence
REL-00791,CM-1-3-5-3-4,precedes,CM-1-3-5-3-10,confidence,ContextualResolved,CandidateOnly
REL-00791,CM-1-3-5-3-4,precedes,CM-1-3-5-3-10,decision_reference,Q11+Q12,Q12
REL-00791,CM-1-3-5-3-4,precedes,CM-1-3-5-3-10,disposition,ResolvedToConcept,SoleCandidate
REL-00791,CM-1-3-5-3-4,precedes,CM-1-3-5-3-10,emission_decision,emit after mechanical uniqueness validation,HOLD: context-confirmation pass
REL-00791,CM-1-3-5-3-4,precedes,CM-1-3-5-3-10,evidence,unique exact preferred-label match,"unique exact preferred-label match (candidate filter only, per PR #120)"
REL-00791,CM-1-3-5-3-4,precedes,CM-1-3-5-3-10,reason,unique label match to CM-1-3-5-3-10; no contradicting context,label filter leaves one candidate: CM-1-3-5-3-10; resolution requires context evidence
REL-00792,CM-1-3-5-3-4,governed-by,CM-1-3-5-3,confidence,ContextualResolved,CandidateOnly
REL-00792,CM-1-3-5-3-4,governed-by,CM-1-3-5-3,decision_reference,Q11+Q12,Q12
REL-00792,CM-1-3-5-3-4,governed-by,CM-1-3-5-3,disposition,ResolvedToConcept,SoleCandidate
REL-00792,CM-1-3-5-3-4,governed-by,CM-1-3-5-3,emission_decision,emit after mechanical uniqueness validation,HOLD: context-confirmation pass
REL-00792,CM-1-3-5-3-4,governed-by,CM-1-3-5-3,evidence,unique exact preferred-label match,"unique exact preferred-label match (candidate filter only, per PR #120)"
REL-00792,CM-1-3-5-3-4,governed-by,CM-1-3-5-3,reason,unique label match to CM-1-3-5-3; no contradicting context,label filter leaves one candidate: CM-1-3-5-3; resolution requires context evidence
REL-00793,CM-1-3-5-3-5,follows,CM-1-3-5-3-3,confidence,ContextualResolved,CandidateOnly
REL-00793,CM-1-3-5-3-5,follows,CM-1-3-5-3-3,decision_reference,Q11+Q12,Q12
REL-00793,CM-1-3-5-3-5,follows,CM-1-3-5-3-3,disposition,ResolvedToConcept,SoleCandidate
REL-00793,CM-1-3-5-3-5,follows,CM-1-3-5-3-3,emission_decision,emit after mechanical uniqueness validation,HOLD: context-confirmation pass
REL-00793,CM-1-3-5-3-5,follows,CM-1-3-5-3-3,evidence,unique exact preferred-label match,"unique exact preferred-label match (candidate filter only, per PR #120)"
REL-00793,CM-1-3-5-3-5,follows,CM-1-3-5-3-3,reason,unique label match to CM-1-3-5-3-3; no contradicting context,label filter leaves one candidate: CM-1-3-5-3-3; resolution requires context evidence
REL-00794,CM-1-3-5-3-5,precedes,CM-1-3-5-3-6,confidence,ContextualResolved,CandidateOnly
REL-00794,CM-1-3-5-3-5,precedes,CM-1-3-5-3-6,decision_reference,Q11+Q12,Q12
REL-00794,CM-1-3-5-3-5,precedes,CM-1-3-5-3-6,disposition,ResolvedToConcept,SoleCandidate
REL-00794,CM-1-3-5-3-5,precedes,CM-1-3-5-3-6,emission_decision,emit after mechanical uniqueness validation,HOLD: context-confirmation pass
REL-00794,CM-1-3-5-3-5,precedes,CM-1-3-5-3-6,evidence,unique exact preferred-label match,"unique exact preferred-label match (candidate filter only, per PR #120)"
REL-00794,CM-1-3-5-3-5,precedes,CM-1-3-5-3-6,reason,unique label match to CM-1-3-5-3-6; no contradicting context,label filter leaves one candidate: CM-1-3-5-3-6; resolution requires context evidence
REL-00795,CM-1-3-5-3-5,governed-by,CM-1-3-5-3,confidence,ContextualResolved,CandidateOnly
REL-00795,CM-1-3-5-3-5,governed-by,CM-1-3-5-3,decision_reference,Q11+Q12,Q12
REL-00795,CM-1-3-5-3-5,governed-by,CM-1-3-5-3,disposition,ResolvedToConcept,SoleCandidate
REL-00795,CM-1-3-5-3-5,governed-by,CM-1-3-5-3,emission_decision,emit after mechanical uniqueness validation,HOLD: context-confirmation pass
REL-00795,CM-1-3-5-3-5,governed-by,CM-1-3-5-3,evidence,unique exact preferred-label match,"unique exact preferred-label match (candidate filter only, per PR #120)"
REL-00795,CM-1-3-5-3-5,governed-by,CM-1-3-5-3,reason,unique label match to CM-1-3-5-3; no contradicting context,label filter leaves one candidate: CM-1-3-5-3; resolution requires context evidence
REL-00796,CM-1-3-5-3-6,follows,CM-1-3-5-3-5,confidence,ContextualResolved,CandidateOnly
REL-00796,CM-1-3-5-3-6,follows,CM-1-3-5-3-5,decision_reference,Q11+Q12,Q12
REL-00796,CM-1-3-5-3-6,follows,CM-1-3-5-3-5,disposition,ResolvedToConcept,SoleCandidate
REL-00796,CM-1-3-5-3-6,follows,CM-1-3-5-3-5,emission_decision,emit after mechanical uniqueness validation,HOLD: context-confirmation pass
REL-00796,CM-1-3-5-3-6,follows,CM-1-3-5-3-5,evidence,unique exact preferred-label match,"unique exact preferred-label match (candidate filter only, per PR #120)"
REL-00796,CM-1-3-5-3-6,follows,CM-1-3-5-3-5,reason,unique label match to CM-1-3-5-3-5; no contradicting context,label filter leaves one candidate: CM-1-3-5-3-5; resolution requires context evidence
REL-00797,CM-1-3-5-3-6,precedes,CM-1-3-5-3-4,confidence,ContextualResolved,CandidateOnly
REL-00797,CM-1-3-5-3-6,precedes,CM-1-3-5-3-4,decision_reference,Q11+Q12,Q12
REL-00797,CM-1-3-5-3-6,precedes,CM-1-3-5-3-4,disposition,ResolvedToConcept,SoleCandidate
REL-00797,CM-1-3-5-3-6,precedes,CM-1-3-5-3-4,emission_decision,emit after mechanical uniqueness validation,HOLD: context-confirmation pass
REL-00797,CM-1-3-5-3-6,precedes,CM-1-3-5-3-4,evidence,unique exact preferred-label match,"unique exact preferred-label match (candidate filter only, per PR #120)"
REL-00797,CM-1-3-5-3-6,precedes,CM-1-3-5-3-4,reason,unique label match to CM-1-3-5-3-4; no contradicting context,label filter leaves one candidate: CM-1-3-5-3-4; resolution requires context evidence
REL-00798,CM-1-3-5-3-6,governed-by,CM-1-3-5-3,confidence,ContextualResolved,CandidateOnly
REL-00798,CM-1-3-5-3-6,governed-by,CM-1-3-5-3,decision_reference,Q11+Q12,Q12
REL-00798,CM-1-3-5-3-6,governed-by,CM-1-3-5-3,disposition,ResolvedToConcept,SoleCandidate
REL-00798,CM-1-3-5-3-6,governed-by,CM-1-3-5-3,emission_decision,emit after mechanical uniqueness validation,HOLD: context-confirmation pass
REL-00798,CM-1-3-5-3-6,governed-by,CM-1-3-5-3,evidence,unique exact preferred-label match,"unique exact preferred-label match (candidate filter only, per PR #120)"
REL-00798,CM-1-3-5-3-6,governed-by,CM-1-3-5-3,reason,unique label match to CM-1-3-5-3; no contradicting context,label filter leaves one candidate: CM-1-3-5-3; resolution requires context evidence
REL-00799,CM-1-3-5-3-7,governed-by,CM-1-3-5-3,confidence,ContextualResolved,CandidateOnly
REL-00799,CM-1-3-5-3-7,governed-by,CM-1-3-5-3,decision_reference,Q11+Q12,Q12
REL-00799,CM-1-3-5-3-7,governed-by,CM-1-3-5-3,disposition,ResolvedToConcept,SoleCandidate
REL-00799,CM-1-3-5-3-7,governed-by,CM-1-3-5-3,emission_decision,emit after mechanical uniqueness validation,HOLD: context-confirmation pass
REL-00799,CM-1-3-5-3-7,governed-by,CM-1-3-5-3,evidence,unique exact preferred-label match,"unique exact preferred-label match (candidate filter only, per PR #120)"
REL-00799,CM-1-3-5-3-7,governed-by,CM-1-3-5-3,reason,unique label match to CM-1-3-5-3; no contradicting context,label filter leaves one candidate: CM-1-3-5-3; resolution requires context evidence
REL-00800,CM-1-3-5-3-7,uses-input,CM-1-3-6-7,candidate_labels,Brand Standard Management,Brand Standards Management
REL-00800,CM-1-3-5-3-7,uses-input,CM-1-3-6-7,confidence,ContextualResolved,StableIdentifier
REL-00800,CM-1-3-5-3-7,uses-input,CM-1-3-6-7,emission_decision,emit after mechanical uniqueness validation,emit automatically after subject/target existence checks
REL-00800,CM-1-3-5-3-7,uses-input,CM-1-3-6-7,evidence,unique exact preferred-label match,stable identifier CM-1-3-6-7 carried in mention text
REL-00800,CM-1-3-5-3-7,uses-input,CM-1-3-6-7,raw_target,Brand Standard Management,Brand Standards Management (CM-1-3-6-7)
REL-00800,CM-1-3-5-3-7,uses-input,CM-1-3-6-7,reason,unique label match to CM-1-3-6-7; no contradicting context,target carries its slug; resolves to Brand Standards Management
REL-00801,CM-1-3-5-3-7,assures,CM-1-3-5-3-4,confidence,ContextualResolved,CandidateOnly
REL-00801,CM-1-3-5-3-7,assures,CM-1-3-5-3-4,decision_reference,Q11+Q12,Q12
REL-00801,CM-1-3-5-3-7,assures,CM-1-3-5-3-4,disposition,ResolvedToConcept,SoleCandidate
REL-00801,CM-1-3-5-3-7,assures,CM-1-3-5-3-4,emission_decision,emit after mechanical uniqueness validation,HOLD: context-confirmation pass
REL-00801,CM-1-3-5-3-7,assures,CM-1-3-5-3-4,evidence,unique exact preferred-label match,"unique exact preferred-label match (candidate filter only, per PR #120)"
REL-00801,CM-1-3-5-3-7,assures,CM-1-3-5-3-4,reason,unique label match to CM-1-3-5-3-4; no contradicting context,label filter leaves one candidate: CM-1-3-5-3-4; resolution requires context evidence
REL-00802,CM-1-3-5-3-8,follows,CM-1-3-5-3-4,confidence,ContextualResolved,CandidateOnly
REL-00802,CM-1-3-5-3-8,follows,CM-1-3-5-3-4,decision_reference,Q11+Q12,Q12
REL-00802,CM-1-3-5-3-8,follows,CM-1-3-5-3-4,disposition,ResolvedToConcept,SoleCandidate
REL-00802,CM-1-3-5-3-8,follows,CM-1-3-5-3-4,emission_decision,emit after mechanical uniqueness validation,HOLD: context-confirmation pass
REL-00802,CM-1-3-5-3-8,follows,CM-1-3-5-3-4,evidence,unique exact preferred-label match,"unique exact preferred-label match (candidate filter only, per PR #120)"
REL-00802,CM-1-3-5-3-8,follows,CM-1-3-5-3-4,reason,unique label match to CM-1-3-5-3-4; no contradicting context,label filter leaves one candidate: CM-1-3-5-3-4; resolution requires context evidence
REL-00803,CM-1-3-5-3-8,enables,CM-1-3-6-5,confidence,ContextualResolved,CandidateOnly
REL-00803,CM-1-3-5-3-8,enables,CM-1-3-6-5,decision_reference,Q11+Q12,Q12
REL-00803,CM-1-3-5-3-8,enables,CM-1-3-6-5,disposition,ResolvedToConcept,SoleCandidate
REL-00803,CM-1-3-5-3-8,enables,CM-1-3-6-5,emission_decision,emit after mechanical uniqueness validation,HOLD: context-confirmation pass
REL-00803,CM-1-3-5-3-8,enables,CM-1-3-6-5,evidence,unique exact preferred-label match,"unique exact preferred-label match (candidate filter only, per PR #120)"
REL-00803,CM-1-3-5-3-8,enables,CM-1-3-6-5,reason,unique label match to CM-1-3-6-5; no contradicting context,label filter leaves one candidate: CM-1-3-6-5; resolution requires context evidence
REL-00804,CM-1-3-5-3-8,governed-by,CM-1-3-5-3,confidence,ContextualResolved,CandidateOnly
REL-00804,CM-1-3-5-3-8,governed-by,CM-1-3-5-3,decision_reference,Q11+Q12,Q12
REL-00804,CM-1-3-5-3-8,governed-by,CM-1-3-5-3,disposition,ResolvedToConcept,SoleCandidate
REL-00804,CM-1-3-5-3-8,governed-by,CM-1-3-5-3,emission_decision,emit after mechanical uniqueness validation,HOLD: context-confirmation pass
REL-00804,CM-1-3-5-3-8,governed-by,CM-1-3-5-3,evidence,unique exact preferred-label match,"unique exact preferred-label match (candidate filter only, per PR #120)"
REL-00804,CM-1-3-5-3-8,governed-by,CM-1-3-5-3,reason,unique label match to CM-1-3-5-3; no contradicting context,label filter leaves one candidate: CM-1-3-5-3; resolution requires context evidence
REL-00805,CM-1-3-5-3-9,follows,CM-1-3-5-3-4,confidence,ContextualResolved,CandidateOnly
REL-00805,CM-1-3-5-3-9,follows,CM-1-3-5-3-4,decision_reference,Q11+Q12,Q12
REL-00805,CM-1-3-5-3-9,follows,CM-1-3-5-3-4,disposition,ResolvedToConcept,SoleCandidate
REL-00805,CM-1-3-5-3-9,follows,CM-1-3-5-3-4,emission_decision,emit after mechanical uniqueness validation,HOLD: context-confirmation pass
REL-00805,CM-1-3-5-3-9,follows,CM-1-3-5-3-4,evidence,unique exact preferred-label match,"unique exact preferred-label match (candidate filter only, per PR #120)"
REL-00805,CM-1-3-5-3-9,follows,CM-1-3-5-3-4,reason,unique label match to CM-1-3-5-3-4; no contradicting context,label filter leaves one candidate: CM-1-3-5-3-4; resolution requires context evidence
REL-00806,CM-1-3-5-3-9,governed-by,CM-1-3-5-3,confidence,ContextualResolved,CandidateOnly
REL-00806,CM-1-3-5-3-9,governed-by,CM-1-3-5-3,decision_reference,Q11+Q12,Q12
REL-00806,CM-1-3-5-3-9,governed-by,CM-1-3-5-3,disposition,ResolvedToConcept,SoleCandidate
REL-00806,CM-1-3-5-3-9,governed-by,CM-1-3-5-3,emission_decision,emit after mechanical uniqueness validation,HOLD: context-confirmation pass
REL-00806,CM-1-3-5-3-9,governed-by,CM-1-3-5-3,evidence,unique exact preferred-label match,"unique exact preferred-label match (candidate filter only, per PR #120)"
REL-00806,CM-1-3-5-3-9,governed-by,CM-1-3-5-3,reason,unique label match to CM-1-3-5-3; no contradicting context,label filter leaves one candidate: CM-1-3-5-3; resolution requires context evidence
REL-00807,CM-1-3-5-4-1,precedes,CM-1-3-5-4-2,confidence,ContextualResolved,CandidateOnly
REL-00807,CM-1-3-5-4-1,precedes,CM-1-3-5-4-2,decision_reference,Q11+Q12,Q12
REL-00807,CM-1-3-5-4-1,precedes,CM-1-3-5-4-2,disposition,ResolvedToConcept,SoleCandidate
REL-00807,CM-1-3-5-4-1,precedes,CM-1-3-5-4-2,emission_decision,emit after mechanical uniqueness validation,HOLD: context-confirmation pass
REL-00807,CM-1-3-5-4-1,precedes,CM-1-3-5-4-2,evidence,unique exact preferred-label match,"unique exact preferred-label match (candidate filter only, per PR #120)"
REL-00807,CM-1-3-5-4-1,precedes,CM-1-3-5-4-2,reason,unique label match to CM-1-3-5-4-2; no contradicting context,label filter leaves one candidate: CM-1-3-5-4-2; resolution requires context evidence
REL-00808,CM-1-3-5-4-1,governed-by,CM-1-3-5-4,confidence,ContextualResolved,CandidateOnly
REL-00808,CM-1-3-5-4-1,governed-by,CM-1-3-5-4,decision_reference,Q11+Q12,Q12
REL-00808,CM-1-3-5-4-1,governed-by,CM-1-3-5-4,disposition,ResolvedToConcept,SoleCandidate
REL-00808,CM-1-3-5-4-1,governed-by,CM-1-3-5-4,emission_decision,emit after mechanical uniqueness validation,HOLD: context-confirmation pass
REL-00808,CM-1-3-5-4-1,governed-by,CM-1-3-5-4,evidence,unique exact preferred-label match,"unique exact preferred-label match (candidate filter only, per PR #120)"
REL-00808,CM-1-3-5-4-1,governed-by,CM-1-3-5-4,reason,unique label match to CM-1-3-5-4; no contradicting context,label filter leaves one candidate: CM-1-3-5-4; resolution requires context evidence
REL-00809,CM-1-3-5-4-2,follows,CM-1-3-5-4-1,confidence,ContextualResolved,CandidateOnly
REL-00809,CM-1-3-5-4-2,follows,CM-1-3-5-4-1,decision_reference,Q11+Q12,Q12
REL-00809,CM-1-3-5-4-2,follows,CM-1-3-5-4-1,disposition,ResolvedToConcept,SoleCandidate
REL-00809,CM-1-3-5-4-2,follows,CM-1-3-5-4-1,emission_decision,emit after mechanical uniqueness validation,HOLD: context-confirmation pass
REL-00809,CM-1-3-5-4-2,follows,CM-1-3-5-4-1,evidence,unique exact preferred-label match,"unique exact preferred-label match (candidate filter only, per PR #120)"
REL-00809,CM-1-3-5-4-2,follows,CM-1-3-5-4-1,reason,unique label match to CM-1-3-5-4-1; no contradicting context,label filter leaves one candidate: CM-1-3-5-4-1; resolution requires context evidence
REL-00810,CM-1-3-5-4-2,governed-by,CM-1-3-5-4,confidence,ContextualResolved,CandidateOnly
REL-00810,CM-1-3-5-4-2,governed-by,CM-1-3-5-4,decision_reference,Q11+Q12,Q12
REL-00810,CM-1-3-5-4-2,governed-by,CM-1-3-5-4,disposition,ResolvedToConcept,SoleCandidate
REL-00810,CM-1-3-5-4-2,governed-by,CM-1-3-5-4,emission_decision,emit after mechanical uniqueness validation,HOLD: context-confirmation pass
REL-00810,CM-1-3-5-4-2,governed-by,CM-1-3-5-4,evidence,unique exact preferred-label match,"unique exact preferred-label match (candidate filter only, per PR #120)"
REL-00810,CM-1-3-5-4-2,governed-by,CM-1-3-5-4,reason,unique label match to CM-1-3-5-4; no contradicting context,label filter leaves one candidate: CM-1-3-5-4; resolution requires context evidence
REL-00811,CM-1-3-5-4-2,enables,CM-1-3-5-1-2,confidence,ContextualResolved,CandidateOnly
REL-00811,CM-1-3-5-4-2,enables,CM-1-3-5-1-2,decision_reference,Q11+Q12,Q12
REL-00811,CM-1-3-5-4-2,enables,CM-1-3-5-1-2,disposition,ResolvedToConcept,SoleCandidate
REL-00811,CM-1-3-5-4-2,enables,CM-1-3-5-1-2,emission_decision,emit after mechanical uniqueness validation,HOLD: context-confirmation pass
REL-00811,CM-1-3-5-4-2,enables,CM-1-3-5-1-2,evidence,unique exact preferred-label match,"unique exact preferred-label match (candidate filter only, per PR #120)"
REL-00811,CM-1-3-5-4-2,enables,CM-1-3-5-1-2,reason,unique label match to CM-1-3-5-1-2; no contradicting context,label filter leaves one candidate: CM-1-3-5-1-2; resolution requires context evidence
REL-00812,CM-1-3-5-4-3,follows,CM-1-3-5-4-1,confidence,ContextualResolved,CandidateOnly
REL-00812,CM-1-3-5-4-3,follows,CM-1-3-5-4-1,decision_reference,Q11+Q12,Q12
REL-00812,CM-1-3-5-4-3,follows,CM-1-3-5-4-1,disposition,ResolvedToConcept,SoleCandidate
REL-00812,CM-1-3-5-4-3,follows,CM-1-3-5-4-1,emission_decision,emit after mechanical uniqueness validation,HOLD: context-confirmation pass
REL-00812,CM-1-3-5-4-3,follows,CM-1-3-5-4-1,evidence,unique exact preferred-label match,"unique exact preferred-label match (candidate filter only, per PR #120)"
REL-00812,CM-1-3-5-4-3,follows,CM-1-3-5-4-1,reason,unique label match to CM-1-3-5-4-1; no contradicting context,label filter leaves one candidate: CM-1-3-5-4-1; resolution requires context evidence
REL-00813,CM-1-3-5-4-3,governed-by,CM-1-3-5-4,confidence,ContextualResolved,CandidateOnly
REL-00813,CM-1-3-5-4-3,governed-by,CM-1-3-5-4,decision_reference,Q11+Q12,Q12
REL-00813,CM-1-3-5-4-3,governed-by,CM-1-3-5-4,disposition,ResolvedToConcept,SoleCandidate
REL-00813,CM-1-3-5-4-3,governed-by,CM-1-3-5-4,emission_decision,emit after mechanical uniqueness validation,HOLD: context-confirmation pass
REL-00813,CM-1-3-5-4-3,governed-by,CM-1-3-5-4,evidence,unique exact preferred-label match,"unique exact preferred-label match (candidate filter only, per PR #120)"
REL-00813,CM-1-3-5-4-3,governed-by,CM-1-3-5-4,reason,unique label match to CM-1-3-5-4; no contradicting context,label filter leaves one candidate: CM-1-3-5-4; resolution requires context evidence
REL-00814,CM-1-3-5-4-4,follows,CM-1-3-5-4-1,confidence,ContextualResolved,CandidateOnly
REL-00814,CM-1-3-5-4-4,follows,CM-1-3-5-4-1,decision_reference,Q11+Q12,Q12
REL-00814,CM-1-3-5-4-4,follows,CM-1-3-5-4-1,disposition,ResolvedToConcept,SoleCandidate
REL-00814,CM-1-3-5-4-4,follows,CM-1-3-5-4-1,emission_decision,emit after mechanical uniqueness validation,HOLD: context-confirmation pass
REL-00814,CM-1-3-5-4-4,follows,CM-1-3-5-4-1,evidence,unique exact preferred-label match,"unique exact preferred-label match (candidate filter only, per PR #120)"
REL-00814,CM-1-3-5-4-4,follows,CM-1-3-5-4-1,reason,unique label match to CM-1-3-5-4-1; no contradicting context,label filter leaves one candidate: CM-1-3-5-4-1; resolution requires context evidence
REL-00815,CM-1-3-5-4-4,governed-by,CM-1-3-5-4,confidence,ContextualResolved,CandidateOnly
REL-00815,CM-1-3-5-4-4,governed-by,CM-1-3-5-4,decision_reference,Q11+Q12,Q12
REL-00815,CM-1-3-5-4-4,governed-by,CM-1-3-5-4,disposition,ResolvedToConcept,SoleCandidate
REL-00815,CM-1-3-5-4-4,governed-by,CM-1-3-5-4,emission_decision,emit after mechanical uniqueness validation,HOLD: context-confirmation pass
REL-00815,CM-1-3-5-4-4,governed-by,CM-1-3-5-4,evidence,unique exact preferred-label match,"unique exact preferred-label match (candidate filter only, per PR #120)"
REL-00815,CM-1-3-5-4-4,governed-by,CM-1-3-5-4,reason,unique label match to CM-1-3-5-4; no contradicting context,label filter leaves one candidate: CM-1-3-5-4; resolution requires context evidence
REL-00816,CM-1-3-5-4-4,enables,CM-1-3-6-5,confidence,ContextualResolved,CandidateOnly
REL-00816,CM-1-3-5-4-4,enables,CM-1-3-6-5,decision_reference,Q11+Q12,Q12
REL-00816,CM-1-3-5-4-4,enables,CM-1-3-6-5,disposition,ResolvedToConcept,SoleCandidate
REL-00816,CM-1-3-5-4-4,enables,CM-1-3-6-5,emission_decision,emit after mechanical uniqueness validation,HOLD: context-confirmation pass
REL-00816,CM-1-3-5-4-4,enables,CM-1-3-6-5,evidence,unique exact preferred-label match,"unique exact preferred-label match (candidate filter only, per PR #120)"
REL-00816,CM-1-3-5-4-4,enables,CM-1-3-6-5,reason,unique label match to CM-1-3-6-5; no contradicting context,label filter leaves one candidate: CM-1-3-6-5; resolution requires context evidence
REL-00817,CM-1-3-5-5-1,governed-by,CM-1-3-5-5,confidence,ContextualResolved,CandidateOnly
REL-00817,CM-1-3-5-5-1,governed-by,CM-1-3-5-5,decision_reference,Q11+Q12,Q12
REL-00817,CM-1-3-5-5-1,governed-by,CM-1-3-5-5,disposition,ResolvedToConcept,SoleCandidate
REL-00817,CM-1-3-5-5-1,governed-by,CM-1-3-5-5,emission_decision,emit after mechanical uniqueness validation,HOLD: context-confirmation pass
REL-00817,CM-1-3-5-5-1,governed-by,CM-1-3-5-5,evidence,unique exact preferred-label match,"unique exact preferred-label match (candidate filter only, per PR #120)"
REL-00817,CM-1-3-5-5-1,governed-by,CM-1-3-5-5,reason,unique label match to CM-1-3-5-5; no contradicting context,label filter leaves one candidate: CM-1-3-5-5; resolution requires context evidence
REL-00818,CM-1-3-5-5-1,enables,CM-1-3-5-3-5,confidence,ContextualResolved,CandidateOnly
REL-00818,CM-1-3-5-5-1,enables,CM-1-3-5-3-5,decision_reference,Q11+Q12,Q12
REL-00818,CM-1-3-5-5-1,enables,CM-1-3-5-3-5,disposition,ResolvedToConcept,SoleCandidate
REL-00818,CM-1-3-5-5-1,enables,CM-1-3-5-3-5,emission_decision,emit after mechanical uniqueness validation,HOLD: context-confirmation pass
REL-00818,CM-1-3-5-5-1,enables,CM-1-3-5-3-5,evidence,unique exact preferred-label match,"unique exact preferred-label match (candidate filter only, per PR #120)"
REL-00818,CM-1-3-5-5-1,enables,CM-1-3-5-3-5,reason,unique label match to CM-1-3-5-3-5; no contradicting context,label filter leaves one candidate: CM-1-3-5-3-5; resolution requires context evidence
REL-00819,CM-1-3-5-5-2,governed-by,CM-1-3-5-5,confidence,ContextualResolved,CandidateOnly
REL-00819,CM-1-3-5-5-2,governed-by,CM-1-3-5-5,decision_reference,Q11+Q12,Q12
REL-00819,CM-1-3-5-5-2,governed-by,CM-1-3-5-5,disposition,ResolvedToConcept,SoleCandidate
REL-00819,CM-1-3-5-5-2,governed-by,CM-1-3-5-5,emission_decision,emit after mechanical uniqueness validation,HOLD: context-confirmation pass
REL-00819,CM-1-3-5-5-2,governed-by,CM-1-3-5-5,evidence,unique exact preferred-label match,"unique exact preferred-label match (candidate filter only, per PR #120)"
REL-00819,CM-1-3-5-5-2,governed-by,CM-1-3-5-5,reason,unique label match to CM-1-3-5-5; no contradicting context,label filter leaves one candidate: CM-1-3-5-5; resolution requires context evidence
REL-00820,CM-1-3-5-5-2,enables,CM-1-3-5-3-3,confidence,ContextualResolved,CandidateOnly
REL-00820,CM-1-3-5-5-2,enables,CM-1-3-5-3-3,decision_reference,Q11+Q12,Q12
REL-00820,CM-1-3-5-5-2,enables,CM-1-3-5-3-3,disposition,ResolvedToConcept,SoleCandidate
REL-00820,CM-1-3-5-5-2,enables,CM-1-3-5-3-3,emission_decision,emit after mechanical uniqueness validation,HOLD: context-confirmation pass
REL-00820,CM-1-3-5-5-2,enables,CM-1-3-5-3-3,evidence,unique exact preferred-label match,"unique exact preferred-label match (candidate filter only, per PR #120)"
REL-00820,CM-1-3-5-5-2,enables,CM-1-3-5-3-3,reason,unique label match to CM-1-3-5-3-3; no contradicting context,label filter leaves one candidate: CM-1-3-5-3-3; resolution requires context evidence
REL-00821,CM-1-3-5-5-3,governed-by,CM-1-3-5-5,confidence,ContextualResolved,CandidateOnly
REL-00821,CM-1-3-5-5-3,governed-by,CM-1-3-5-5,decision_reference,Q11+Q12,Q12
REL-00821,CM-1-3-5-5-3,governed-by,CM-1-3-5-5,disposition,ResolvedToConcept,SoleCandidate
REL-00821,CM-1-3-5-5-3,governed-by,CM-1-3-5-5,emission_decision,emit after mechanical uniqueness validation,HOLD: context-confirmation pass
REL-00821,CM-1-3-5-5-3,governed-by,CM-1-3-5-5,evidence,unique exact preferred-label match,"unique exact preferred-label match (candidate filter only, per PR #120)"
REL-00821,CM-1-3-5-5-3,governed-by,CM-1-3-5-5,reason,unique label match to CM-1-3-5-5; no contradicting context,label filter leaves one candidate: CM-1-3-5-5; resolution requires context evidence
REL-00822,CM-1-3-5-5-3,informed-by,CM-1-3-6-6,confidence,Resolved,StableIdentifier
REL-00823,CM-1-3-6-1-1,governed-by,CM-1-3-6-1,confidence,ContextualResolved,CandidateOnly
REL-00823,CM-1-3-6-1-1,governed-by,CM-1-3-6-1,decision_reference,Q11+Q12,Q12
REL-00823,CM-1-3-6-1-1,governed-by,CM-1-3-6-1,disposition,ResolvedToConcept,SoleCandidate
REL-00823,CM-1-3-6-1-1,governed-by,CM-1-3-6-1,emission_decision,emit after mechanical uniqueness validation,HOLD: context-confirmation pass
REL-00823,CM-1-3-6-1-1,governed-by,CM-1-3-6-1,evidence,unique exact preferred-label match,"unique exact preferred-label match (candidate filter only, per PR #120)"
REL-00823,CM-1-3-6-1-1,governed-by,CM-1-3-6-1,reason,unique label match to CM-1-3-6-1; no contradicting context,label filter leaves one candidate: CM-1-3-6-1; resolution requires context evidence
REL-00824,CM-1-3-6-1-1,uses-input,CM-1-3-6-1-3,confidence,ContextualResolved,CandidateOnly
REL-00824,CM-1-3-6-1-1,uses-input,CM-1-3-6-1-3,decision_reference,Q11+Q12,Q12
REL-00824,CM-1-3-6-1-1,uses-input,CM-1-3-6-1-3,disposition,ResolvedToConcept,SoleCandidate
REL-00824,CM-1-3-6-1-1,uses-input,CM-1-3-6-1-3,emission_decision,emit after mechanical uniqueness validation,HOLD: context-confirmation pass
REL-00824,CM-1-3-6-1-1,uses-input,CM-1-3-6-1-3,evidence,unique exact preferred-label match,"unique exact preferred-label match (candidate filter only, per PR #120)"
REL-00824,CM-1-3-6-1-1,uses-input,CM-1-3-6-1-3,reason,unique label match to CM-1-3-6-1-3; no contradicting context,label filter leaves one candidate: CM-1-3-6-1-3; resolution requires context evidence
REL-00825,CM-1-3-6-1-2,governed-by,CM-1-3-6-1,confidence,ContextualResolved,CandidateOnly
REL-00825,CM-1-3-6-1-2,governed-by,CM-1-3-6-1,decision_reference,Q11+Q12,Q12
REL-00825,CM-1-3-6-1-2,governed-by,CM-1-3-6-1,disposition,ResolvedToConcept,SoleCandidate
REL-00825,CM-1-3-6-1-2,governed-by,CM-1-3-6-1,emission_decision,emit after mechanical uniqueness validation,HOLD: context-confirmation pass
REL-00825,CM-1-3-6-1-2,governed-by,CM-1-3-6-1,evidence,unique exact preferred-label match,"unique exact preferred-label match (candidate filter only, per PR #120)"
REL-00825,CM-1-3-6-1-2,governed-by,CM-1-3-6-1,reason,unique label match to CM-1-3-6-1; no contradicting context,label filter leaves one candidate: CM-1-3-6-1; resolution requires context evidence
REL-00826,CM-1-3-6-1-2,informed-by,CM-1-3-4-4-5,confidence,ContextualResolved,CandidateOnly
REL-00826,CM-1-3-6-1-2,informed-by,CM-1-3-4-4-5,decision_reference,Q11+Q12,Q12
REL-00826,CM-1-3-6-1-2,informed-by,CM-1-3-4-4-5,disposition,ResolvedToConcept,SoleCandidate
REL-00826,CM-1-3-6-1-2,informed-by,CM-1-3-4-4-5,emission_decision,emit after mechanical uniqueness validation,HOLD: context-confirmation pass
REL-00826,CM-1-3-6-1-2,informed-by,CM-1-3-4-4-5,evidence,unique exact preferred-label match,"unique exact preferred-label match (candidate filter only, per PR #120)"
REL-00826,CM-1-3-6-1-2,informed-by,CM-1-3-4-4-5,reason,unique label match to CM-1-3-4-4-5; no contradicting context,label filter leaves one candidate: CM-1-3-4-4-5; resolution requires context evidence
REL-00827,CM-1-3-6-1-3,governed-by,CM-1-3-6-1,confidence,ContextualResolved,CandidateOnly
REL-00827,CM-1-3-6-1-3,governed-by,CM-1-3-6-1,decision_reference,Q11+Q12,Q12
REL-00827,CM-1-3-6-1-3,governed-by,CM-1-3-6-1,disposition,ResolvedToConcept,SoleCandidate
REL-00827,CM-1-3-6-1-3,governed-by,CM-1-3-6-1,emission_decision,emit after mechanical uniqueness validation,HOLD: context-confirmation pass
REL-00827,CM-1-3-6-1-3,governed-by,CM-1-3-6-1,evidence,unique exact preferred-label match,"unique exact preferred-label match (candidate filter only, per PR #120)"
REL-00827,CM-1-3-6-1-3,governed-by,CM-1-3-6-1,reason,unique label match to CM-1-3-6-1; no contradicting context,label filter leaves one candidate: CM-1-3-6-1; resolution requires context evidence
REL-00828,CM-1-3-6-1-3,enables,CM-1-3-6-1-1,confidence,ContextualResolved,CandidateOnly
REL-00828,CM-1-3-6-1-3,enables,CM-1-3-6-1-1,decision_reference,Q11+Q12,Q12
REL-00828,CM-1-3-6-1-3,enables,CM-1-3-6-1-1,disposition,ResolvedToConcept,SoleCandidate
REL-00828,CM-1-3-6-1-3,enables,CM-1-3-6-1-1,emission_decision,emit after mechanical uniqueness validation,HOLD: context-confirmation pass
REL-00828,CM-1-3-6-1-3,enables,CM-1-3-6-1-1,evidence,unique exact preferred-label match,"unique exact preferred-label match (candidate filter only, per PR #120)"
REL-00828,CM-1-3-6-1-3,enables,CM-1-3-6-1-1,reason,unique label match to CM-1-3-6-1-1; no contradicting context,label filter leaves one candidate: CM-1-3-6-1-1; resolution requires context evidence
REL-00829,CM-1-3-6-1-3,uses-input,CM-1-3-1-6,confidence,Resolved,StableIdentifier
REL-00830,CM-1-3-6-1-4,governed-by,CM-1-3-6-1,confidence,ContextualResolved,CandidateOnly
REL-00830,CM-1-3-6-1-4,governed-by,CM-1-3-6-1,decision_reference,Q11+Q12,Q12
REL-00830,CM-1-3-6-1-4,governed-by,CM-1-3-6-1,disposition,ResolvedToConcept,SoleCandidate
REL-00830,CM-1-3-6-1-4,governed-by,CM-1-3-6-1,emission_decision,emit after mechanical uniqueness validation,HOLD: context-confirmation pass
REL-00830,CM-1-3-6-1-4,governed-by,CM-1-3-6-1,evidence,unique exact preferred-label match,"unique exact preferred-label match (candidate filter only, per PR #120)"
REL-00830,CM-1-3-6-1-4,governed-by,CM-1-3-6-1,reason,unique label match to CM-1-3-6-1; no contradicting context,label filter leaves one candidate: CM-1-3-6-1; resolution requires context evidence
REL-00831,CM-1-3-6-1-4,uses-input,CM-1-3-6-7,candidate_labels,Brand Standard Management,Brand Standards Management
REL-00831,CM-1-3-6-1-4,uses-input,CM-1-3-6-7,confidence,ContextualResolved,StableIdentifier
REL-00831,CM-1-3-6-1-4,uses-input,CM-1-3-6-7,emission_decision,emit after mechanical uniqueness validation,emit automatically after subject/target existence checks
REL-00831,CM-1-3-6-1-4,uses-input,CM-1-3-6-7,evidence,unique exact preferred-label match,stable identifier CM-1-3-6-7 carried in mention text
REL-00831,CM-1-3-6-1-4,uses-input,CM-1-3-6-7,raw_target,Brand Standard Management,Brand Standards Management (CM-1-3-6-7)
REL-00831,CM-1-3-6-1-4,uses-input,CM-1-3-6-7,reason,unique label match to CM-1-3-6-7; no contradicting context,target carries its slug; resolves to Brand Standards Management
REL-00832,CM-1-3-6-2-1,precedes,CM-1-3-6-2-3,confidence,ContextualResolved,CandidateOnly
REL-00832,CM-1-3-6-2-1,precedes,CM-1-3-6-2-3,decision_reference,Q11+Q12,Q12
REL-00832,CM-1-3-6-2-1,precedes,CM-1-3-6-2-3,disposition,ResolvedToConcept,SoleCandidate
REL-00832,CM-1-3-6-2-1,precedes,CM-1-3-6-2-3,emission_decision,emit after mechanical uniqueness validation,HOLD: context-confirmation pass
REL-00832,CM-1-3-6-2-1,precedes,CM-1-3-6-2-3,evidence,unique exact preferred-label match,"unique exact preferred-label match (candidate filter only, per PR #120)"
REL-00832,CM-1-3-6-2-1,precedes,CM-1-3-6-2-3,reason,unique label match to CM-1-3-6-2-3; no contradicting context,label filter leaves one candidate: CM-1-3-6-2-3; resolution requires context evidence
REL-00833,CM-1-3-6-2-1,governed-by,CM-1-3-6-2,confidence,ContextualResolved,CandidateOnly
REL-00833,CM-1-3-6-2-1,governed-by,CM-1-3-6-2,decision_reference,Q11+Q12,Q12
REL-00833,CM-1-3-6-2-1,governed-by,CM-1-3-6-2,disposition,ResolvedToConcept,SoleCandidate
REL-00833,CM-1-3-6-2-1,governed-by,CM-1-3-6-2,emission_decision,emit after mechanical uniqueness validation,HOLD: context-confirmation pass
REL-00833,CM-1-3-6-2-1,governed-by,CM-1-3-6-2,evidence,unique exact preferred-label match,"unique exact preferred-label match (candidate filter only, per PR #120)"
REL-00833,CM-1-3-6-2-1,governed-by,CM-1-3-6-2,reason,unique label match to CM-1-3-6-2; no contradicting context,label filter leaves one candidate: CM-1-3-6-2; resolution requires context evidence
REL-00834,CM-1-3-6-2-1,enables,CM-1-3-5-1-2,confidence,ContextualResolved,CandidateOnly
REL-00834,CM-1-3-6-2-1,enables,CM-1-3-5-1-2,decision_reference,Q11+Q12,Q12
REL-00834,CM-1-3-6-2-1,enables,CM-1-3-5-1-2,disposition,ResolvedToConcept,SoleCandidate
REL-00834,CM-1-3-6-2-1,enables,CM-1-3-5-1-2,emission_decision,emit after mechanical uniqueness validation,HOLD: context-confirmation pass
REL-00834,CM-1-3-6-2-1,enables,CM-1-3-5-1-2,evidence,unique exact preferred-label match,"unique exact preferred-label match (candidate filter only, per PR #120)"
REL-00834,CM-1-3-6-2-1,enables,CM-1-3-5-1-2,reason,unique label match to CM-1-3-5-1-2; no contradicting context,label filter leaves one candidate: CM-1-3-5-1-2; resolution requires context evidence
REL-00835,CM-1-3-6-2-2,governed-by,CM-1-3-6-2,confidence,ContextualResolved,CandidateOnly
REL-00835,CM-1-3-6-2-2,governed-by,CM-1-3-6-2,decision_reference,Q11+Q12,Q12
REL-00835,CM-1-3-6-2-2,governed-by,CM-1-3-6-2,disposition,ResolvedToConcept,SoleCandidate
REL-00835,CM-1-3-6-2-2,governed-by,CM-1-3-6-2,emission_decision,emit after mechanical uniqueness validation,HOLD: context-confirmation pass
REL-00835,CM-1-3-6-2-2,governed-by,CM-1-3-6-2,evidence,unique exact preferred-label match,"unique exact preferred-label match (candidate filter only, per PR #120)"
REL-00835,CM-1-3-6-2-2,governed-by,CM-1-3-6-2,reason,unique label match to CM-1-3-6-2; no contradicting context,label filter leaves one candidate: CM-1-3-6-2; resolution requires context evidence
REL-00836,CM-1-3-6-2-2,uses-input,CM-1-3-5-1-3,confidence,ContextualResolved,CandidateOnly
REL-00836,CM-1-3-6-2-2,uses-input,CM-1-3-5-1-3,decision_reference,Q11+Q12,Q12
REL-00836,CM-1-3-6-2-2,uses-input,CM-1-3-5-1-3,disposition,ResolvedToConcept,SoleCandidate
REL-00836,CM-1-3-6-2-2,uses-input,CM-1-3-5-1-3,emission_decision,emit after mechanical uniqueness validation,HOLD: context-confirmation pass
REL-00836,CM-1-3-6-2-2,uses-input,CM-1-3-5-1-3,evidence,unique exact preferred-label match,"unique exact preferred-label match (candidate filter only, per PR #120)"
REL-00836,CM-1-3-6-2-2,uses-input,CM-1-3-5-1-3,reason,unique label match to CM-1-3-5-1-3; no contradicting context,label filter leaves one candidate: CM-1-3-5-1-3; resolution requires context evidence
REL-00837,CM-1-3-6-2-2,enables,CM-1-3-6-2-3,confidence,ContextualResolved,CandidateOnly
REL-00837,CM-1-3-6-2-2,enables,CM-1-3-6-2-3,decision_reference,Q11+Q12,Q12
REL-00837,CM-1-3-6-2-2,enables,CM-1-3-6-2-3,disposition,ResolvedToConcept,SoleCandidate
REL-00837,CM-1-3-6-2-2,enables,CM-1-3-6-2-3,emission_decision,emit after mechanical uniqueness validation,HOLD: context-confirmation pass
REL-00837,CM-1-3-6-2-2,enables,CM-1-3-6-2-3,evidence,unique exact preferred-label match,"unique exact preferred-label match (candidate filter only, per PR #120)"
REL-00837,CM-1-3-6-2-2,enables,CM-1-3-6-2-3,reason,unique label match to CM-1-3-6-2-3; no contradicting context,label filter leaves one candidate: CM-1-3-6-2-3; resolution requires context evidence
REL-00838,CM-1-3-6-2-3,follows,CM-1-3-6-2-1,confidence,ContextualResolved,CandidateOnly
REL-00838,CM-1-3-6-2-3,follows,CM-1-3-6-2-1,decision_reference,Q11+Q12,Q12
REL-00838,CM-1-3-6-2-3,follows,CM-1-3-6-2-1,disposition,ResolvedToConcept,SoleCandidate
REL-00838,CM-1-3-6-2-3,follows,CM-1-3-6-2-1,emission_decision,emit after mechanical uniqueness validation,HOLD: context-confirmation pass
REL-00838,CM-1-3-6-2-3,follows,CM-1-3-6-2-1,evidence,unique exact preferred-label match,"unique exact preferred-label match (candidate filter only, per PR #120)"
REL-00838,CM-1-3-6-2-3,follows,CM-1-3-6-2-1,reason,unique label match to CM-1-3-6-2-1; no contradicting context,label filter leaves one candidate: CM-1-3-6-2-1; resolution requires context evidence
REL-00839,CM-1-3-6-2-3,precedes,CM-1-3-6-2-4,confidence,ContextualResolved,CandidateOnly
REL-00839,CM-1-3-6-2-3,precedes,CM-1-3-6-2-4,decision_reference,Q11+Q12,Q12
REL-00839,CM-1-3-6-2-3,precedes,CM-1-3-6-2-4,disposition,ResolvedToConcept,SoleCandidate
REL-00839,CM-1-3-6-2-3,precedes,CM-1-3-6-2-4,emission_decision,emit after mechanical uniqueness validation,HOLD: context-confirmation pass
REL-00839,CM-1-3-6-2-3,precedes,CM-1-3-6-2-4,evidence,unique exact preferred-label match,"unique exact preferred-label match (candidate filter only, per PR #120)"
REL-00839,CM-1-3-6-2-3,precedes,CM-1-3-6-2-4,reason,unique label match to CM-1-3-6-2-4; no contradicting context,label filter leaves one candidate: CM-1-3-6-2-4; resolution requires context evidence
REL-00840,CM-1-3-6-2-3,governed-by,CM-1-3-6-2,confidence,ContextualResolved,CandidateOnly
REL-00840,CM-1-3-6-2-3,governed-by,CM-1-3-6-2,decision_reference,Q11+Q12,Q12
REL-00840,CM-1-3-6-2-3,governed-by,CM-1-3-6-2,disposition,ResolvedToConcept,SoleCandidate
REL-00840,CM-1-3-6-2-3,governed-by,CM-1-3-6-2,emission_decision,emit after mechanical uniqueness validation,HOLD: context-confirmation pass
REL-00840,CM-1-3-6-2-3,governed-by,CM-1-3-6-2,evidence,unique exact preferred-label match,"unique exact preferred-label match (candidate filter only, per PR #120)"
REL-00840,CM-1-3-6-2-3,governed-by,CM-1-3-6-2,reason,unique label match to CM-1-3-6-2; no contradicting context,label filter leaves one candidate: CM-1-3-6-2; resolution requires context evidence
REL-00841,CM-1-3-6-2-4,follows,CM-1-3-6-2-3,confidence,ContextualResolved,CandidateOnly
REL-00841,CM-1-3-6-2-4,follows,CM-1-3-6-2-3,decision_reference,Q11+Q12,Q12
REL-00841,CM-1-3-6-2-4,follows,CM-1-3-6-2-3,disposition,ResolvedToConcept,SoleCandidate
REL-00841,CM-1-3-6-2-4,follows,CM-1-3-6-2-3,emission_decision,emit after mechanical uniqueness validation,HOLD: context-confirmation pass
REL-00841,CM-1-3-6-2-4,follows,CM-1-3-6-2-3,evidence,unique exact preferred-label match,"unique exact preferred-label match (candidate filter only, per PR #120)"
REL-00841,CM-1-3-6-2-4,follows,CM-1-3-6-2-3,reason,unique label match to CM-1-3-6-2-3; no contradicting context,label filter leaves one candidate: CM-1-3-6-2-3; resolution requires context evidence
REL-00842,CM-1-3-6-2-4,precedes,CM-1-3-6-2-5,confidence,ContextualResolved,CandidateOnly
REL-00842,CM-1-3-6-2-4,precedes,CM-1-3-6-2-5,decision_reference,Q11+Q12,Q12
REL-00842,CM-1-3-6-2-4,precedes,CM-1-3-6-2-5,disposition,ResolvedToConcept,SoleCandidate
REL-00842,CM-1-3-6-2-4,precedes,CM-1-3-6-2-5,emission_decision,emit after mechanical uniqueness validation,HOLD: context-confirmation pass
REL-00842,CM-1-3-6-2-4,precedes,CM-1-3-6-2-5,evidence,unique exact preferred-label match,"unique exact preferred-label match (candidate filter only, per PR #120)"
REL-00842,CM-1-3-6-2-4,precedes,CM-1-3-6-2-5,reason,unique label match to CM-1-3-6-2-5; no contradicting context,label filter leaves one candidate: CM-1-3-6-2-5; resolution requires context evidence
REL-00843,CM-1-3-6-2-4,enables,CM-1-3-7-2,confidence,Resolved,StableIdentifier
REL-00844,CM-1-3-6-2-5,follows,CM-1-3-6-2-4,confidence,ContextualResolved,CandidateOnly
REL-00844,CM-1-3-6-2-5,follows,CM-1-3-6-2-4,decision_reference,Q11+Q12,Q12
REL-00844,CM-1-3-6-2-5,follows,CM-1-3-6-2-4,disposition,ResolvedToConcept,SoleCandidate
REL-00844,CM-1-3-6-2-5,follows,CM-1-3-6-2-4,emission_decision,emit after mechanical uniqueness validation,HOLD: context-confirmation pass
REL-00844,CM-1-3-6-2-5,follows,CM-1-3-6-2-4,evidence,unique exact preferred-label match,"unique exact preferred-label match (candidate filter only, per PR #120)"
REL-00844,CM-1-3-6-2-5,follows,CM-1-3-6-2-4,reason,unique label match to CM-1-3-6-2-4; no contradicting context,label filter leaves one candidate: CM-1-3-6-2-4; resolution requires context evidence
REL-00845,CM-1-3-6-2-5,precedes,CM-1-3-6-2-6,confidence,ContextualResolved,CandidateOnly
REL-00845,CM-1-3-6-2-5,precedes,CM-1-3-6-2-6,decision_reference,Q11+Q12,Q12
REL-00845,CM-1-3-6-2-5,precedes,CM-1-3-6-2-6,disposition,ResolvedToConcept,SoleCandidate
REL-00845,CM-1-3-6-2-5,precedes,CM-1-3-6-2-6,emission_decision,emit after mechanical uniqueness validation,HOLD: context-confirmation pass
REL-00845,CM-1-3-6-2-5,precedes,CM-1-3-6-2-6,evidence,unique exact preferred-label match,"unique exact preferred-label match (candidate filter only, per PR #120)"
REL-00845,CM-1-3-6-2-5,precedes,CM-1-3-6-2-6,reason,unique label match to CM-1-3-6-2-6; no contradicting context,label filter leaves one candidate: CM-1-3-6-2-6; resolution requires context evidence
REL-00846,CM-1-3-6-2-5,enables,CM-1-3-7-3,confidence,ContextualResolved,CandidateOnly
REL-00846,CM-1-3-6-2-5,enables,CM-1-3-7-3,decision_reference,Q11+Q12,Q12
REL-00846,CM-1-3-6-2-5,enables,CM-1-3-7-3,disposition,ResolvedToConcept,SoleCandidate
REL-00846,CM-1-3-6-2-5,enables,CM-1-3-7-3,emission_decision,emit after mechanical uniqueness validation,HOLD: context-confirmation pass
REL-00846,CM-1-3-6-2-5,enables,CM-1-3-7-3,evidence,unique exact preferred-label match,"unique exact preferred-label match (candidate filter only, per PR #120)"
REL-00846,CM-1-3-6-2-5,enables,CM-1-3-7-3,reason,unique label match to CM-1-3-7-3; no contradicting context,label filter leaves one candidate: CM-1-3-7-3; resolution requires context evidence
REL-00847,CM-1-3-6-2-6,follows,CM-1-3-6-2-5,confidence,ContextualResolved,CandidateOnly
REL-00847,CM-1-3-6-2-6,follows,CM-1-3-6-2-5,decision_reference,Q11+Q12,Q12
REL-00847,CM-1-3-6-2-6,follows,CM-1-3-6-2-5,disposition,ResolvedToConcept,SoleCandidate
REL-00847,CM-1-3-6-2-6,follows,CM-1-3-6-2-5,emission_decision,emit after mechanical uniqueness validation,HOLD: context-confirmation pass
REL-00847,CM-1-3-6-2-6,follows,CM-1-3-6-2-5,evidence,unique exact preferred-label match,"unique exact preferred-label match (candidate filter only, per PR #120)"
REL-00847,CM-1-3-6-2-6,follows,CM-1-3-6-2-5,reason,unique label match to CM-1-3-6-2-5; no contradicting context,label filter leaves one candidate: CM-1-3-6-2-5; resolution requires context evidence
REL-00848,CM-1-3-6-2-6,governed-by,CM-1-3-6-2,confidence,ContextualResolved,CandidateOnly
REL-00848,CM-1-3-6-2-6,governed-by,CM-1-3-6-2,decision_reference,Q11+Q12,Q12
REL-00848,CM-1-3-6-2-6,governed-by,CM-1-3-6-2,disposition,ResolvedToConcept,SoleCandidate
REL-00848,CM-1-3-6-2-6,governed-by,CM-1-3-6-2,emission_decision,emit after mechanical uniqueness validation,HOLD: context-confirmation pass
REL-00848,CM-1-3-6-2-6,governed-by,CM-1-3-6-2,evidence,unique exact preferred-label match,"unique exact preferred-label match (candidate filter only, per PR #120)"
REL-00848,CM-1-3-6-2-6,governed-by,CM-1-3-6-2,reason,unique label match to CM-1-3-6-2; no contradicting context,label filter leaves one candidate: CM-1-3-6-2; resolution requires context evidence
REL-00849,CM-1-3-6-2-6,uses-input,CM-1-3-7-5,confidence,ContextualResolved,CandidateOnly
REL-00849,CM-1-3-6-2-6,uses-input,CM-1-3-7-5,decision_reference,Q11+Q12,Q12
REL-00849,CM-1-3-6-2-6,uses-input,CM-1-3-7-5,disposition,ResolvedToConcept,SoleCandidate
REL-00849,CM-1-3-6-2-6,uses-input,CM-1-3-7-5,emission_decision,emit after mechanical uniqueness validation,HOLD: context-confirmation pass
REL-00849,CM-1-3-6-2-6,uses-input,CM-1-3-7-5,evidence,unique exact preferred-label match,"unique exact preferred-label match (candidate filter only, per PR #120)"
REL-00849,CM-1-3-6-2-6,uses-input,CM-1-3-7-5,reason,unique label match to CM-1-3-7-5; no contradicting context,label filter leaves one candidate: CM-1-3-7-5; resolution requires context evidence
REL-00850,CM-1-3-6-2-7,governed-by,CM-1-3-6-2,confidence,ContextualResolved,CandidateOnly
REL-00850,CM-1-3-6-2-7,governed-by,CM-1-3-6-2,decision_reference,Q11+Q12,Q12
REL-00850,CM-1-3-6-2-7,governed-by,CM-1-3-6-2,disposition,ResolvedToConcept,SoleCandidate
REL-00850,CM-1-3-6-2-7,governed-by,CM-1-3-6-2,emission_decision,emit after mechanical uniqueness validation,HOLD: context-confirmation pass
REL-00850,CM-1-3-6-2-7,governed-by,CM-1-3-6-2,evidence,unique exact preferred-label match,"unique exact preferred-label match (candidate filter only, per PR #120)"
REL-00850,CM-1-3-6-2-7,governed-by,CM-1-3-6-2,reason,unique label match to CM-1-3-6-2; no contradicting context,label filter leaves one candidate: CM-1-3-6-2; resolution requires context evidence
REL-00851,CM-1-3-6-2-7,enables,CM-1-3-5-1-4,confidence,ContextualResolved,CandidateOnly
REL-00851,CM-1-3-6-2-7,enables,CM-1-3-5-1-4,decision_reference,Q11+Q12,Q12
REL-00851,CM-1-3-6-2-7,enables,CM-1-3-5-1-4,disposition,ResolvedToConcept,SoleCandidate
REL-00851,CM-1-3-6-2-7,enables,CM-1-3-5-1-4,emission_decision,emit after mechanical uniqueness validation,HOLD: context-confirmation pass
REL-00851,CM-1-3-6-2-7,enables,CM-1-3-5-1-4,evidence,unique exact preferred-label match,"unique exact preferred-label match (candidate filter only, per PR #120)"
REL-00851,CM-1-3-6-2-7,enables,CM-1-3-5-1-4,reason,unique label match to CM-1-3-5-1-4; no contradicting context,label filter leaves one candidate: CM-1-3-5-1-4; resolution requires context evidence
REL-00852,CM-1-3-6-2-7,enables,CM-1-3-5-5,confidence,ContextualResolved,CandidateOnly
REL-00852,CM-1-3-6-2-7,enables,CM-1-3-5-5,decision_reference,Q11+Q12,Q12
REL-00852,CM-1-3-6-2-7,enables,CM-1-3-5-5,disposition,ResolvedToConcept,SoleCandidate
REL-00852,CM-1-3-6-2-7,enables,CM-1-3-5-5,emission_decision,emit after mechanical uniqueness validation,HOLD: context-confirmation pass
REL-00852,CM-1-3-6-2-7,enables,CM-1-3-5-5,evidence,unique exact preferred-label match,"unique exact preferred-label match (candidate filter only, per PR #120)"
REL-00852,CM-1-3-6-2-7,enables,CM-1-3-5-5,reason,unique label match to CM-1-3-5-5; no contradicting context,label filter leaves one candidate: CM-1-3-5-5; resolution requires context evidence
REL-00853,CM-1-3-6-3-1,precedes,CM-1-3-6-3-2,confidence,ContextualResolved,CandidateOnly
REL-00853,CM-1-3-6-3-1,precedes,CM-1-3-6-3-2,decision_reference,Q11+Q12,Q12
REL-00853,CM-1-3-6-3-1,precedes,CM-1-3-6-3-2,disposition,ResolvedToConcept,SoleCandidate
REL-00853,CM-1-3-6-3-1,precedes,CM-1-3-6-3-2,emission_decision,emit after mechanical uniqueness validation,HOLD: context-confirmation pass
REL-00853,CM-1-3-6-3-1,precedes,CM-1-3-6-3-2,evidence,unique exact preferred-label match,"unique exact preferred-label match (candidate filter only, per PR #120)"
REL-00853,CM-1-3-6-3-1,precedes,CM-1-3-6-3-2,reason,unique label match to CM-1-3-6-3-2; no contradicting context,label filter leaves one candidate: CM-1-3-6-3-2; resolution requires context evidence
REL-00854,CM-1-3-6-3-1,governed-by,CM-1-3-6-3,confidence,ContextualResolved,CandidateOnly
REL-00854,CM-1-3-6-3-1,governed-by,CM-1-3-6-3,decision_reference,Q11+Q12,Q12
REL-00854,CM-1-3-6-3-1,governed-by,CM-1-3-6-3,disposition,ResolvedToConcept,SoleCandidate
REL-00854,CM-1-3-6-3-1,governed-by,CM-1-3-6-3,emission_decision,emit after mechanical uniqueness validation,HOLD: context-confirmation pass
REL-00854,CM-1-3-6-3-1,governed-by,CM-1-3-6-3,evidence,unique exact preferred-label match,"unique exact preferred-label match (candidate filter only, per PR #120)"
REL-00854,CM-1-3-6-3-1,governed-by,CM-1-3-6-3,reason,unique label match to CM-1-3-6-3; no contradicting context,label filter leaves one candidate: CM-1-3-6-3; resolution requires context evidence
REL-00855,CM-1-3-6-3-2,follows,CM-1-3-6-3-1,confidence,ContextualResolved,CandidateOnly
REL-00855,CM-1-3-6-3-2,follows,CM-1-3-6-3-1,decision_reference,Q11+Q12,Q12
REL-00855,CM-1-3-6-3-2,follows,CM-1-3-6-3-1,disposition,ResolvedToConcept,SoleCandidate
REL-00855,CM-1-3-6-3-2,follows,CM-1-3-6-3-1,emission_decision,emit after mechanical uniqueness validation,HOLD: context-confirmation pass
REL-00855,CM-1-3-6-3-2,follows,CM-1-3-6-3-1,evidence,unique exact preferred-label match,"unique exact preferred-label match (candidate filter only, per PR #120)"
REL-00855,CM-1-3-6-3-2,follows,CM-1-3-6-3-1,reason,unique label match to CM-1-3-6-3-1; no contradicting context,label filter leaves one candidate: CM-1-3-6-3-1; resolution requires context evidence
REL-00856,CM-1-3-6-3-2,governed-by,CM-1-3-6-3,confidence,ContextualResolved,CandidateOnly
REL-00856,CM-1-3-6-3-2,governed-by,CM-1-3-6-3,decision_reference,Q11+Q12,Q12
REL-00856,CM-1-3-6-3-2,governed-by,CM-1-3-6-3,disposition,ResolvedToConcept,SoleCandidate
REL-00856,CM-1-3-6-3-2,governed-by,CM-1-3-6-3,emission_decision,emit after mechanical uniqueness validation,HOLD: context-confirmation pass
REL-00856,CM-1-3-6-3-2,governed-by,CM-1-3-6-3,evidence,unique exact preferred-label match,"unique exact preferred-label match (candidate filter only, per PR #120)"
REL-00856,CM-1-3-6-3-2,governed-by,CM-1-3-6-3,reason,unique label match to CM-1-3-6-3; no contradicting context,label filter leaves one candidate: CM-1-3-6-3; resolution requires context evidence
REL-00857,CM-1-3-6-3-2,enables,CM-1-3-8-1,confidence,ContextualResolved,CandidateOnly
REL-00857,CM-1-3-6-3-2,enables,CM-1-3-8-1,decision_reference,Q11+Q12,Q12
REL-00857,CM-1-3-6-3-2,enables,CM-1-3-8-1,disposition,ResolvedToConcept,SoleCandidate
REL-00857,CM-1-3-6-3-2,enables,CM-1-3-8-1,emission_decision,emit after mechanical uniqueness validation,HOLD: context-confirmation pass
REL-00857,CM-1-3-6-3-2,enables,CM-1-3-8-1,evidence,unique exact preferred-label match,"unique exact preferred-label match (candidate filter only, per PR #120)"
REL-00857,CM-1-3-6-3-2,enables,CM-1-3-8-1,reason,unique label match to CM-1-3-8-1; no contradicting context,label filter leaves one candidate: CM-1-3-8-1; resolution requires context evidence
REL-00858,CM-1-3-6-4-1,governed-by,CM-1-3-3-2,confidence,ContextualResolved,CandidateOnly
REL-00858,CM-1-3-6-4-1,governed-by,CM-1-3-3-2,decision_reference,Q11+Q12,Q12
REL-00858,CM-1-3-6-4-1,governed-by,CM-1-3-3-2,disposition,ResolvedToConcept,SoleCandidate
REL-00858,CM-1-3-6-4-1,governed-by,CM-1-3-3-2,emission_decision,emit after mechanical uniqueness validation,HOLD: context-confirmation pass
REL-00858,CM-1-3-6-4-1,governed-by,CM-1-3-3-2,evidence,unique exact preferred-label match,"unique exact preferred-label match (candidate filter only, per PR #120)"
REL-00858,CM-1-3-6-4-1,governed-by,CM-1-3-3-2,reason,unique label match to CM-1-3-3-2; no contradicting context,label filter leaves one candidate: CM-1-3-3-2; resolution requires context evidence
REL-00859,CM-1-3-6-4-1,precedes,CM-1-3-6-4-2,confidence,ContextualResolved,CandidateOnly
REL-00859,CM-1-3-6-4-1,precedes,CM-1-3-6-4-2,decision_reference,Q11+Q12,Q12
REL-00859,CM-1-3-6-4-1,precedes,CM-1-3-6-4-2,disposition,ResolvedToConcept,SoleCandidate
REL-00859,CM-1-3-6-4-1,precedes,CM-1-3-6-4-2,emission_decision,emit after mechanical uniqueness validation,HOLD: context-confirmation pass
REL-00859,CM-1-3-6-4-1,precedes,CM-1-3-6-4-2,evidence,unique exact preferred-label match,"unique exact preferred-label match (candidate filter only, per PR #120)"
REL-00859,CM-1-3-6-4-1,precedes,CM-1-3-6-4-2,reason,unique label match to CM-1-3-6-4-2; no contradicting context,label filter leaves one candidate: CM-1-3-6-4-2; resolution requires context evidence
REL-00860,CM-1-3-6-4-2,follows,CM-1-3-6-4-1,confidence,ContextualResolved,CandidateOnly
REL-00860,CM-1-3-6-4-2,follows,CM-1-3-6-4-1,decision_reference,Q11+Q12,Q12
REL-00860,CM-1-3-6-4-2,follows,CM-1-3-6-4-1,disposition,ResolvedToConcept,SoleCandidate
REL-00860,CM-1-3-6-4-2,follows,CM-1-3-6-4-1,emission_decision,emit after mechanical uniqueness validation,HOLD: context-confirmation pass
REL-00860,CM-1-3-6-4-2,follows,CM-1-3-6-4-1,evidence,unique exact preferred-label match,"unique exact preferred-label match (candidate filter only, per PR #120)"
REL-00860,CM-1-3-6-4-2,follows,CM-1-3-6-4-1,reason,unique label match to CM-1-3-6-4-1; no contradicting context,label filter leaves one candidate: CM-1-3-6-4-1; resolution requires context evidence
REL-00861,CM-1-3-6-4-2,precedes,CM-1-3-6-4-3,confidence,ContextualResolved,CandidateOnly
REL-00861,CM-1-3-6-4-2,precedes,CM-1-3-6-4-3,decision_reference,Q11+Q12,Q12
REL-00861,CM-1-3-6-4-2,precedes,CM-1-3-6-4-3,disposition,ResolvedToConcept,SoleCandidate
REL-00861,CM-1-3-6-4-2,precedes,CM-1-3-6-4-3,emission_decision,emit after mechanical uniqueness validation,HOLD: context-confirmation pass
REL-00861,CM-1-3-6-4-2,precedes,CM-1-3-6-4-3,evidence,unique exact preferred-label match,"unique exact preferred-label match (candidate filter only, per PR #120)"
REL-00861,CM-1-3-6-4-2,precedes,CM-1-3-6-4-3,reason,unique label match to CM-1-3-6-4-3; no contradicting context,label filter leaves one candidate: CM-1-3-6-4-3; resolution requires context evidence
REL-00862,CM-1-3-6-4-2,uses-input,CM-1-3-7-1-2,confidence,ContextualResolved,CandidateOnly
REL-00862,CM-1-3-6-4-2,uses-input,CM-1-3-7-1-2,decision_reference,Q11+Q12,Q12
REL-00862,CM-1-3-6-4-2,uses-input,CM-1-3-7-1-2,disposition,ResolvedToConcept,SoleCandidate
REL-00862,CM-1-3-6-4-2,uses-input,CM-1-3-7-1-2,emission_decision,emit after mechanical uniqueness validation,HOLD: context-confirmation pass
REL-00862,CM-1-3-6-4-2,uses-input,CM-1-3-7-1-2,evidence,unique exact preferred-label match,"unique exact preferred-label match (candidate filter only, per PR #120)"
REL-00862,CM-1-3-6-4-2,uses-input,CM-1-3-7-1-2,reason,unique label match to CM-1-3-7-1-2; no contradicting context,label filter leaves one candidate: CM-1-3-7-1-2; resolution requires context evidence
REL-00863,CM-1-3-6-4-3,follows,CM-1-3-6-4-2,confidence,ContextualResolved,CandidateOnly
REL-00863,CM-1-3-6-4-3,follows,CM-1-3-6-4-2,decision_reference,Q11+Q12,Q12
REL-00863,CM-1-3-6-4-3,follows,CM-1-3-6-4-2,disposition,ResolvedToConcept,SoleCandidate
REL-00863,CM-1-3-6-4-3,follows,CM-1-3-6-4-2,emission_decision,emit after mechanical uniqueness validation,HOLD: context-confirmation pass
REL-00863,CM-1-3-6-4-3,follows,CM-1-3-6-4-2,evidence,unique exact preferred-label match,"unique exact preferred-label match (candidate filter only, per PR #120)"
REL-00863,CM-1-3-6-4-3,follows,CM-1-3-6-4-2,reason,unique label match to CM-1-3-6-4-2; no contradicting context,label filter leaves one candidate: CM-1-3-6-4-2; resolution requires context evidence
REL-00864,CM-1-3-6-4-3,uses-input,CM-1-3-8-2,confidence,ContextualResolved,CandidateOnly
REL-00864,CM-1-3-6-4-3,uses-input,CM-1-3-8-2,decision_reference,Q11+Q12,Q12
REL-00864,CM-1-3-6-4-3,uses-input,CM-1-3-8-2,disposition,ResolvedToConcept,SoleCandidate
REL-00864,CM-1-3-6-4-3,uses-input,CM-1-3-8-2,emission_decision,emit after mechanical uniqueness validation,HOLD: context-confirmation pass
REL-00864,CM-1-3-6-4-3,uses-input,CM-1-3-8-2,evidence,unique exact preferred-label match,"unique exact preferred-label match (candidate filter only, per PR #120)"
REL-00864,CM-1-3-6-4-3,uses-input,CM-1-3-8-2,reason,unique label match to CM-1-3-8-2; no contradicting context,label filter leaves one candidate: CM-1-3-8-2; resolution requires context evidence
REL-00865,CM-1-3-6-4-3,enables,CM-1-3-8-4-3,candidate_labels,Accruals Analysis And Calculation,Analyze and Calculate Accruals
REL-00865,CM-1-3-6-4-3,enables,CM-1-3-8-4-3,confidence,ContextualResolved,StableIdentifier
REL-00865,CM-1-3-6-4-3,enables,CM-1-3-8-4-3,emission_decision,emit after mechanical uniqueness validation,emit automatically after subject/target existence checks
REL-00865,CM-1-3-6-4-3,enables,CM-1-3-8-4-3,evidence,unique exact preferred-label match,stable identifier CM-1-3-8-4-3 carried in mention text
REL-00865,CM-1-3-6-4-3,enables,CM-1-3-8-4-3,raw_target,Accruals Analysis And Calculation,Analyze and Calculate Accruals (CM-1-3-8-4-3)
REL-00865,CM-1-3-6-4-3,enables,CM-1-3-8-4-3,reason,unique label match to CM-1-3-8-4-3; no contradicting context,target carries its slug; resolves to Analyze and Calculate Accruals
REL-00866,CM-1-3-6-5-1,uses-input,CM-1-3-5-3,confidence,ContextualResolved,CandidateOnly
REL-00866,CM-1-3-6-5-1,uses-input,CM-1-3-5-3,decision_reference,Q11+Q12,Q12
REL-00866,CM-1-3-6-5-1,uses-input,CM-1-3-5-3,disposition,ResolvedToConcept,SoleCandidate
REL-00866,CM-1-3-6-5-1,uses-input,CM-1-3-5-3,emission_decision,emit after mechanical uniqueness validation,HOLD: context-confirmation pass
REL-00866,CM-1-3-6-5-1,uses-input,CM-1-3-5-3,evidence,unique exact preferred-label match,"unique exact preferred-label match (candidate filter only, per PR #120)"
REL-00866,CM-1-3-6-5-1,uses-input,CM-1-3-5-3,reason,unique label match to CM-1-3-5-3; no contradicting context,label filter leaves one candidate: CM-1-3-5-3; resolution requires context evidence
REL-00867,CM-1-3-6-5-1,enables,CM-1-3-5-5-2,confidence,ContextualResolved,CandidateOnly
REL-00867,CM-1-3-6-5-1,enables,CM-1-3-5-5-2,decision_reference,Q11+Q12,Q12
REL-00867,CM-1-3-6-5-1,enables,CM-1-3-5-5-2,disposition,ResolvedToConcept,SoleCandidate
REL-00867,CM-1-3-6-5-1,enables,CM-1-3-5-5-2,emission_decision,emit after mechanical uniqueness validation,HOLD: context-confirmation pass
REL-00867,CM-1-3-6-5-1,enables,CM-1-3-5-5-2,evidence,unique exact preferred-label match,"unique exact preferred-label match (candidate filter only, per PR #120)"
REL-00867,CM-1-3-6-5-1,enables,CM-1-3-5-5-2,reason,unique label match to CM-1-3-5-5-2; no contradicting context,label filter leaves one candidate: CM-1-3-5-5-2; resolution requires context evidence
REL-00868,CM-1-3-6-5-2,uses-input,CM-1-3-5-3,confidence,ContextualResolved,CandidateOnly
REL-00868,CM-1-3-6-5-2,uses-input,CM-1-3-5-3,decision_reference,Q11+Q12,Q12
REL-00868,CM-1-3-6-5-2,uses-input,CM-1-3-5-3,disposition,ResolvedToConcept,SoleCandidate
REL-00868,CM-1-3-6-5-2,uses-input,CM-1-3-5-3,emission_decision,emit after mechanical uniqueness validation,HOLD: context-confirmation pass
REL-00868,CM-1-3-6-5-2,uses-input,CM-1-3-5-3,evidence,unique exact preferred-label match,"unique exact preferred-label match (candidate filter only, per PR #120)"
REL-00868,CM-1-3-6-5-2,uses-input,CM-1-3-5-3,reason,unique label match to CM-1-3-5-3; no contradicting context,label filter leaves one candidate: CM-1-3-5-3; resolution requires context evidence
REL-00869,CM-1-3-6-5-2,informed-by,CM-1-3-6-3-2,confidence,ContextualResolved,CandidateOnly
REL-00869,CM-1-3-6-5-2,informed-by,CM-1-3-6-3-2,decision_reference,Q11+Q12,Q12
REL-00869,CM-1-3-6-5-2,informed-by,CM-1-3-6-3-2,disposition,ResolvedToConcept,SoleCandidate
REL-00869,CM-1-3-6-5-2,informed-by,CM-1-3-6-3-2,emission_decision,emit after mechanical uniqueness validation,HOLD: context-confirmation pass
REL-00869,CM-1-3-6-5-2,informed-by,CM-1-3-6-3-2,evidence,unique exact preferred-label match,"unique exact preferred-label match (candidate filter only, per PR #120)"
REL-00869,CM-1-3-6-5-2,informed-by,CM-1-3-6-3-2,reason,unique label match to CM-1-3-6-3-2; no contradicting context,label filter leaves one candidate: CM-1-3-6-3-2; resolution requires context evidence
REL-00870,CM-1-3-6-5-3,uses-input,CM-1-3-5-3,confidence,ContextualResolved,CandidateOnly
REL-00870,CM-1-3-6-5-3,uses-input,CM-1-3-5-3,decision_reference,Q11+Q12,Q12
REL-00870,CM-1-3-6-5-3,uses-input,CM-1-3-5-3,disposition,ResolvedToConcept,SoleCandidate
REL-00870,CM-1-3-6-5-3,uses-input,CM-1-3-5-3,emission_decision,emit after mechanical uniqueness validation,HOLD: context-confirmation pass
REL-00870,CM-1-3-6-5-3,uses-input,CM-1-3-5-3,evidence,unique exact preferred-label match,"unique exact preferred-label match (candidate filter only, per PR #120)"
REL-00870,CM-1-3-6-5-3,uses-input,CM-1-3-5-3,reason,unique label match to CM-1-3-5-3; no contradicting context,label filter leaves one candidate: CM-1-3-5-3; resolution requires context evidence
REL-00871,CM-1-3-6-5-3,enables,CM-1-3-5-5-3,confidence,ContextualResolved,CandidateOnly
REL-00871,CM-1-3-6-5-3,enables,CM-1-3-5-5-3,decision_reference,Q11+Q12,Q12
REL-00871,CM-1-3-6-5-3,enables,CM-1-3-5-5-3,disposition,ResolvedToConcept,SoleCandidate
REL-00871,CM-1-3-6-5-3,enables,CM-1-3-5-5-3,emission_decision,emit after mechanical uniqueness validation,HOLD: context-confirmation pass
REL-00871,CM-1-3-6-5-3,enables,CM-1-3-5-5-3,evidence,unique exact preferred-label match,"unique exact preferred-label match (candidate filter only, per PR #120)"
REL-00871,CM-1-3-6-5-3,enables,CM-1-3-5-5-3,reason,unique label match to CM-1-3-5-5-3; no contradicting context,label filter leaves one candidate: CM-1-3-5-5-3; resolution requires context evidence
REL-00872,CM-1-3-6-6-1,requires,CM-1-3-7-4-6,confidence,Resolved,StableIdentifier
REL-00873,CM-1-3-6-6-1,requires,CM-1-3-7-4-2,confidence,ContextualResolved,CandidateOnly
REL-00873,CM-1-3-6-6-1,requires,CM-1-3-7-4-2,decision_reference,Q11+Q12,Q12
REL-00873,CM-1-3-6-6-1,requires,CM-1-3-7-4-2,disposition,ResolvedToConcept,SoleCandidate
REL-00873,CM-1-3-6-6-1,requires,CM-1-3-7-4-2,emission_decision,emit after mechanical uniqueness validation,HOLD: context-confirmation pass
REL-00873,CM-1-3-6-6-1,requires,CM-1-3-7-4-2,evidence,unique exact preferred-label match,"unique exact preferred-label match (candidate filter only, per PR #120)"
REL-00873,CM-1-3-6-6-1,requires,CM-1-3-7-4-2,reason,unique label match to CM-1-3-7-4-2; no contradicting context,label filter leaves one candidate: CM-1-3-7-4-2; resolution requires context evidence
REL-00874,CM-1-3-6-6-1,uses-input,CM-1-3-7-1-1,confidence,Resolved,StableIdentifier
REL-00875,CM-1-3-6-6-10,follows,CM-1-3-6-6-13,confidence,ContextualResolved,CandidateOnly
REL-00875,CM-1-3-6-6-10,follows,CM-1-3-6-6-13,decision_reference,Q11+Q12,Q12
REL-00875,CM-1-3-6-6-10,follows,CM-1-3-6-6-13,disposition,ResolvedToConcept,SoleCandidate
REL-00875,CM-1-3-6-6-10,follows,CM-1-3-6-6-13,emission_decision,emit after mechanical uniqueness validation,HOLD: context-confirmation pass
REL-00875,CM-1-3-6-6-10,follows,CM-1-3-6-6-13,evidence,unique exact preferred-label match,"unique exact preferred-label match (candidate filter only, per PR #120)"
REL-00875,CM-1-3-6-6-10,follows,CM-1-3-6-6-13,reason,unique label match to CM-1-3-6-6-13; no contradicting context,label filter leaves one candidate: CM-1-3-6-6-13; resolution requires context evidence
REL-00876,CM-1-3-6-6-10,governed-by,CM-1-3-6-6-8,confidence,ContextualResolved,CandidateOnly
REL-00876,CM-1-3-6-6-10,governed-by,CM-1-3-6-6-8,decision_reference,Q11+Q12,Q12
REL-00876,CM-1-3-6-6-10,governed-by,CM-1-3-6-6-8,disposition,ResolvedToConcept,SoleCandidate
REL-00876,CM-1-3-6-6-10,governed-by,CM-1-3-6-6-8,emission_decision,emit after mechanical uniqueness validation,HOLD: context-confirmation pass
REL-00876,CM-1-3-6-6-10,governed-by,CM-1-3-6-6-8,evidence,unique exact preferred-label match,"unique exact preferred-label match (candidate filter only, per PR #120)"
REL-00876,CM-1-3-6-6-10,governed-by,CM-1-3-6-6-8,reason,unique label match to CM-1-3-6-6-8; no contradicting context,label filter leaves one candidate: CM-1-3-6-6-8; resolution requires context evidence
REL-00877,CM-1-3-6-6-11,informed-by,CM-1-3-6-6-7,candidate_labels,Perform Transaction Analysis Reporting & Confirmation,"Analyze, Report, and Confirm Card Transactions"
REL-00877,CM-1-3-6-6-11,informed-by,CM-1-3-6-6-7,confidence,ContextualResolved,StableIdentifier
REL-00877,CM-1-3-6-6-11,informed-by,CM-1-3-6-6-7,emission_decision,emit after mechanical uniqueness validation,emit automatically after subject/target existence checks
REL-00877,CM-1-3-6-6-11,informed-by,CM-1-3-6-6-7,evidence,unique exact preferred-label match,stable identifier CM-1-3-6-6-7 carried in mention text
REL-00877,CM-1-3-6-6-11,informed-by,CM-1-3-6-6-7,raw_target,Perform Transaction Analysis Reporting & Confirmation,"Analyze, Report, and Confirm Card Transactions (CM-1-3-6-6-7)"
REL-00877,CM-1-3-6-6-11,informed-by,CM-1-3-6-6-7,reason,unique label match to CM-1-3-6-6-7; no contradicting context,"target carries its slug; resolves to Analyze, Report, and Confirm Card Transactions"
REL-00878,CM-1-3-6-6-11,uses-input,CM-1-3-6-6-14,confidence,ContextualResolved,CandidateOnly
REL-00878,CM-1-3-6-6-11,uses-input,CM-1-3-6-6-14,decision_reference,Q11+Q12,Q12
REL-00878,CM-1-3-6-6-11,uses-input,CM-1-3-6-6-14,disposition,ResolvedToConcept,SoleCandidate
REL-00878,CM-1-3-6-6-11,uses-input,CM-1-3-6-6-14,emission_decision,emit after mechanical uniqueness validation,HOLD: context-confirmation pass
REL-00878,CM-1-3-6-6-11,uses-input,CM-1-3-6-6-14,evidence,unique exact preferred-label match,"unique exact preferred-label match (candidate filter only, per PR #120)"
REL-00878,CM-1-3-6-6-11,uses-input,CM-1-3-6-6-14,reason,unique label match to CM-1-3-6-6-14; no contradicting context,label filter leaves one candidate: CM-1-3-6-6-14; resolution requires context evidence
REL-00879,CM-1-3-6-6-12,uses-input,CM-1-3-6-2-5,confidence,ContextualResolved,CandidateOnly
REL-00879,CM-1-3-6-6-12,uses-input,CM-1-3-6-2-5,decision_reference,Q11+Q12,Q12
REL-00879,CM-1-3-6-6-12,uses-input,CM-1-3-6-2-5,disposition,ResolvedToConcept,SoleCandidate
REL-00879,CM-1-3-6-6-12,uses-input,CM-1-3-6-2-5,emission_decision,emit after mechanical uniqueness validation,HOLD: context-confirmation pass
REL-00879,CM-1-3-6-6-12,uses-input,CM-1-3-6-2-5,evidence,unique exact preferred-label match,"unique exact preferred-label match (candidate filter only, per PR #120)"
REL-00879,CM-1-3-6-6-12,uses-input,CM-1-3-6-2-5,reason,unique label match to CM-1-3-6-2-5; no contradicting context,label filter leaves one candidate: CM-1-3-6-2-5; resolution requires context evidence
REL-00880,CM-1-3-6-6-12,enables,CM-1-3-6-6-2,confidence,Resolved,StableIdentifier
REL-00881,CM-1-3-6-6-13,follows,CM-1-3-6-6-8,confidence,ContextualResolved,CandidateOnly
REL-00881,CM-1-3-6-6-13,follows,CM-1-3-6-6-8,decision_reference,Q11+Q12,Q12
REL-00881,CM-1-3-6-6-13,follows,CM-1-3-6-6-8,disposition,ResolvedToConcept,SoleCandidate
REL-00881,CM-1-3-6-6-13,follows,CM-1-3-6-6-8,emission_decision,emit after mechanical uniqueness validation,HOLD: context-confirmation pass
REL-00881,CM-1-3-6-6-13,follows,CM-1-3-6-6-8,evidence,unique exact preferred-label match,"unique exact preferred-label match (candidate filter only, per PR #120)"
REL-00881,CM-1-3-6-6-13,follows,CM-1-3-6-6-8,reason,unique label match to CM-1-3-6-6-8; no contradicting context,label filter leaves one candidate: CM-1-3-6-6-8; resolution requires context evidence
REL-00882,CM-1-3-6-6-13,uses-input,CM-1-3-6-6-9,candidate_labels,Analyze Consumption Planning & Monitor Stock,Plan Card Stock Consumption and Monitor Inventory
REL-00882,CM-1-3-6-6-13,uses-input,CM-1-3-6-6-9,confidence,ContextualResolved,StableIdentifier
REL-00882,CM-1-3-6-6-13,uses-input,CM-1-3-6-6-9,emission_decision,emit after mechanical uniqueness validation,emit automatically after subject/target existence checks
REL-00882,CM-1-3-6-6-13,uses-input,CM-1-3-6-6-9,evidence,unique exact preferred-label match,stable identifier CM-1-3-6-6-9 carried in mention text
REL-00882,CM-1-3-6-6-13,uses-input,CM-1-3-6-6-9,raw_target,Analyze Consumption Planning & Monitor Stock,Plan Card Stock Consumption and Monitor Inventory (CM-1-3-6-6-9)
REL-00882,CM-1-3-6-6-13,uses-input,CM-1-3-6-6-9,reason,unique label match to CM-1-3-6-6-9; no contradicting context,target carries its slug; resolves to Plan Card Stock Consumption and Monitor Inventory
REL-00883,CM-1-3-6-6-13,precedes,CM-1-3-6-6-10,confidence,ContextualResolved,CandidateOnly
REL-00883,CM-1-3-6-6-13,precedes,CM-1-3-6-6-10,decision_reference,Q11+Q12,Q12
REL-00883,CM-1-3-6-6-13,precedes,CM-1-3-6-6-10,disposition,ResolvedToConcept,SoleCandidate
REL-00883,CM-1-3-6-6-13,precedes,CM-1-3-6-6-10,emission_decision,emit after mechanical uniqueness validation,HOLD: context-confirmation pass
REL-00883,CM-1-3-6-6-13,precedes,CM-1-3-6-6-10,evidence,unique exact preferred-label match,"unique exact preferred-label match (candidate filter only, per PR #120)"
REL-00883,CM-1-3-6-6-13,precedes,CM-1-3-6-6-10,reason,unique label match to CM-1-3-6-6-10; no contradicting context,label filter leaves one candidate: CM-1-3-6-6-10; resolution requires context evidence
REL-00884,CM-1-3-6-6-14,uses-input,CM-1-3-8-2-5,confidence,Resolved,StableIdentifier
REL-00885,CM-1-3-6-6-14,enables,CM-1-3-6-6-7,candidate_labels,Perform Transaction Analysis Reporting & Confirmation,"Analyze, Report, and Confirm Card Transactions"
REL-00885,CM-1-3-6-6-14,enables,CM-1-3-6-6-7,confidence,ContextualResolved,StableIdentifier
REL-00885,CM-1-3-6-6-14,enables,CM-1-3-6-6-7,emission_decision,emit after mechanical uniqueness validation,emit automatically after subject/target existence checks
REL-00885,CM-1-3-6-6-14,enables,CM-1-3-6-6-7,evidence,unique exact preferred-label match,stable identifier CM-1-3-6-6-7 carried in mention text
REL-00885,CM-1-3-6-6-14,enables,CM-1-3-6-6-7,raw_target,Perform Transaction Analysis Reporting & Confirmation,"Analyze, Report, and Confirm Card Transactions (CM-1-3-6-6-7)"
REL-00885,CM-1-3-6-6-14,enables,CM-1-3-6-6-7,reason,unique label match to CM-1-3-6-6-7; no contradicting context,"target carries its slug; resolves to Analyze, Report, and Confirm Card Transactions"
REL-00886,CM-1-3-6-6-15,enables,CM-1-3-5-5-3,confidence,ContextualResolved,CandidateOnly
REL-00886,CM-1-3-6-6-15,enables,CM-1-3-5-5-3,decision_reference,Q11+Q12,Q12
REL-00886,CM-1-3-6-6-15,enables,CM-1-3-5-5-3,disposition,ResolvedToConcept,SoleCandidate
REL-00886,CM-1-3-6-6-15,enables,CM-1-3-5-5-3,emission_decision,emit after mechanical uniqueness validation,HOLD: context-confirmation pass
REL-00886,CM-1-3-6-6-15,enables,CM-1-3-5-5-3,evidence,unique exact preferred-label match,"unique exact preferred-label match (candidate filter only, per PR #120)"
REL-00886,CM-1-3-6-6-15,enables,CM-1-3-5-5-3,reason,unique label match to CM-1-3-5-5-3; no contradicting context,label filter leaves one candidate: CM-1-3-5-5-3; resolution requires context evidence
REL-00887,CM-1-3-6-6-15,uses-input,CM-1-3-6-5-3,confidence,ContextualResolved,CandidateOnly
REL-00887,CM-1-3-6-6-15,uses-input,CM-1-3-6-5-3,decision_reference,Q11+Q12,Q12
REL-00887,CM-1-3-6-6-15,uses-input,CM-1-3-6-5-3,disposition,ResolvedToConcept,SoleCandidate
REL-00887,CM-1-3-6-6-15,uses-input,CM-1-3-6-5-3,emission_decision,emit after mechanical uniqueness validation,HOLD: context-confirmation pass
REL-00887,CM-1-3-6-6-15,uses-input,CM-1-3-6-5-3,evidence,unique exact preferred-label match,"unique exact preferred-label match (candidate filter only, per PR #120)"
REL-00887,CM-1-3-6-6-15,uses-input,CM-1-3-6-5-3,reason,unique label match to CM-1-3-6-5-3; no contradicting context,label filter leaves one candidate: CM-1-3-6-5-3; resolution requires context evidence
REL-00888,CM-1-3-6-6-2,uses-input,CM-1-3-6-6-7,candidate_labels,Perform Transaction Analysis Reporting & Confirmation,"Analyze, Report, and Confirm Card Transactions"
REL-00888,CM-1-3-6-6-2,uses-input,CM-1-3-6-6-7,confidence,ContextualResolved,StableIdentifier
REL-00888,CM-1-3-6-6-2,uses-input,CM-1-3-6-6-7,emission_decision,emit after mechanical uniqueness validation,emit automatically after subject/target existence checks
REL-00888,CM-1-3-6-6-2,uses-input,CM-1-3-6-6-7,evidence,unique exact preferred-label match,stable identifier CM-1-3-6-6-7 carried in mention text
REL-00888,CM-1-3-6-6-2,uses-input,CM-1-3-6-6-7,raw_target,Perform Transaction Analysis Reporting & Confirmation,"Analyze, Report, and Confirm Card Transactions (CM-1-3-6-6-7)"
REL-00888,CM-1-3-6-6-2,uses-input,CM-1-3-6-6-7,reason,unique label match to CM-1-3-6-6-7; no contradicting context,"target carries its slug; resolves to Analyze, Report, and Confirm Card Transactions"
REL-00889,CM-1-3-6-6-2,enables,CM-1-3-8-1,confidence,ContextualResolved,CandidateOnly
REL-00889,CM-1-3-6-6-2,enables,CM-1-3-8-1,decision_reference,Q11+Q12,Q12
REL-00889,CM-1-3-6-6-2,enables,CM-1-3-8-1,disposition,ResolvedToConcept,SoleCandidate
REL-00889,CM-1-3-6-6-2,enables,CM-1-3-8-1,emission_decision,emit after mechanical uniqueness validation,HOLD: context-confirmation pass
REL-00889,CM-1-3-6-6-2,enables,CM-1-3-8-1,evidence,unique exact preferred-label match,"unique exact preferred-label match (candidate filter only, per PR #120)"
REL-00889,CM-1-3-6-6-2,enables,CM-1-3-8-1,reason,unique label match to CM-1-3-8-1; no contradicting context,label filter leaves one candidate: CM-1-3-8-1; resolution requires context evidence
REL-00890,CM-1-3-6-6-3,uses-input,CM-1-3-6-6-7,candidate_labels,Perform Transaction Analysis Reporting & Confirmation,"Analyze, Report, and Confirm Card Transactions"
REL-00890,CM-1-3-6-6-3,uses-input,CM-1-3-6-6-7,confidence,ContextualResolved,StableIdentifier
REL-00890,CM-1-3-6-6-3,uses-input,CM-1-3-6-6-7,emission_decision,emit after mechanical uniqueness validation,emit automatically after subject/target existence checks
REL-00890,CM-1-3-6-6-3,uses-input,CM-1-3-6-6-7,evidence,unique exact preferred-label match,stable identifier CM-1-3-6-6-7 carried in mention text
REL-00890,CM-1-3-6-6-3,uses-input,CM-1-3-6-6-7,raw_target,Perform Transaction Analysis Reporting & Confirmation,"Analyze, Report, and Confirm Card Transactions (CM-1-3-6-6-7)"
REL-00890,CM-1-3-6-6-3,uses-input,CM-1-3-6-6-7,reason,unique label match to CM-1-3-6-6-7; no contradicting context,"target carries its slug; resolves to Analyze, Report, and Confirm Card Transactions"
REL-00891,CM-1-3-6-6-3,follows,CM-1-3-6-6-14,confidence,ContextualResolved,CandidateOnly
REL-00891,CM-1-3-6-6-3,follows,CM-1-3-6-6-14,decision_reference,Q11+Q12,Q12
REL-00891,CM-1-3-6-6-3,follows,CM-1-3-6-6-14,disposition,ResolvedToConcept,SoleCandidate
REL-00891,CM-1-3-6-6-3,follows,CM-1-3-6-6-14,emission_decision,emit after mechanical uniqueness validation,HOLD: context-confirmation pass
REL-00891,CM-1-3-6-6-3,follows,CM-1-3-6-6-14,evidence,unique exact preferred-label match,"unique exact preferred-label match (candidate filter only, per PR #120)"
REL-00891,CM-1-3-6-6-3,follows,CM-1-3-6-6-14,reason,unique label match to CM-1-3-6-6-14; no contradicting context,label filter leaves one candidate: CM-1-3-6-6-14; resolution requires context evidence
REL-00892,CM-1-3-6-6-4,triggers,CM-1-3-6-6-13,confidence,ContextualResolved,CandidateOnly
REL-00892,CM-1-3-6-6-4,triggers,CM-1-3-6-6-13,decision_reference,Q11+Q12,Q12
REL-00892,CM-1-3-6-6-4,triggers,CM-1-3-6-6-13,disposition,ResolvedToConcept,SoleCandidate
REL-00892,CM-1-3-6-6-4,triggers,CM-1-3-6-6-13,emission_decision,emit after mechanical uniqueness validation,HOLD: context-confirmation pass
REL-00892,CM-1-3-6-6-4,triggers,CM-1-3-6-6-13,evidence,unique exact preferred-label match,"unique exact preferred-label match (candidate filter only, per PR #120)"
REL-00892,CM-1-3-6-6-4,triggers,CM-1-3-6-6-13,reason,unique label match to CM-1-3-6-6-13; no contradicting context,label filter leaves one candidate: CM-1-3-6-6-13; resolution requires context evidence
REL-00893,CM-1-3-6-6-4,uses-input,CM-1-3-7-1-1,confidence,Resolved,StableIdentifier
REL-00894,CM-1-3-6-6-5,constrained-by,CM-1-3-7-4-2,confidence,ContextualResolved,CandidateOnly
REL-00894,CM-1-3-6-6-5,constrained-by,CM-1-3-7-4-2,decision_reference,Q11+Q12,Q12
REL-00894,CM-1-3-6-6-5,constrained-by,CM-1-3-7-4-2,disposition,ResolvedToConcept,SoleCandidate
REL-00894,CM-1-3-6-6-5,constrained-by,CM-1-3-7-4-2,emission_decision,emit after mechanical uniqueness validation,HOLD: context-confirmation pass
REL-00894,CM-1-3-6-6-5,constrained-by,CM-1-3-7-4-2,evidence,unique exact preferred-label match,"unique exact preferred-label match (candidate filter only, per PR #120)"
REL-00894,CM-1-3-6-6-5,constrained-by,CM-1-3-7-4-2,reason,unique label match to CM-1-3-7-4-2; no contradicting context,label filter leaves one candidate: CM-1-3-7-4-2; resolution requires context evidence
REL-00895,CM-1-3-6-6-5,informed-by,CM-1-3-7-4-3,confidence,ContextualResolved,CandidateOnly
REL-00895,CM-1-3-6-6-5,informed-by,CM-1-3-7-4-3,decision_reference,Q11+Q12,Q12
REL-00895,CM-1-3-6-6-5,informed-by,CM-1-3-7-4-3,disposition,ResolvedToConcept,SoleCandidate
REL-00895,CM-1-3-6-6-5,informed-by,CM-1-3-7-4-3,emission_decision,emit after mechanical uniqueness validation,HOLD: context-confirmation pass
REL-00895,CM-1-3-6-6-5,informed-by,CM-1-3-7-4-3,evidence,unique exact preferred-label match,"unique exact preferred-label match (candidate filter only, per PR #120)"
REL-00895,CM-1-3-6-6-5,informed-by,CM-1-3-7-4-3,reason,unique label match to CM-1-3-7-4-3; no contradicting context,label filter leaves one candidate: CM-1-3-7-4-3; resolution requires context evidence
REL-00896,CM-1-3-6-6-6,informed-by,CM-1-3-7-4-3,confidence,ContextualResolved,CandidateOnly
REL-00896,CM-1-3-6-6-6,informed-by,CM-1-3-7-4-3,decision_reference,Q11+Q12,Q12
REL-00896,CM-1-3-6-6-6,informed-by,CM-1-3-7-4-3,disposition,ResolvedToConcept,SoleCandidate
REL-00896,CM-1-3-6-6-6,informed-by,CM-1-3-7-4-3,emission_decision,emit after mechanical uniqueness validation,HOLD: context-confirmation pass
REL-00896,CM-1-3-6-6-6,informed-by,CM-1-3-7-4-3,evidence,unique exact preferred-label match,"unique exact preferred-label match (candidate filter only, per PR #120)"
REL-00896,CM-1-3-6-6-6,informed-by,CM-1-3-7-4-3,reason,unique label match to CM-1-3-7-4-3; no contradicting context,label filter leaves one candidate: CM-1-3-7-4-3; resolution requires context evidence
REL-00897,CM-1-3-6-6-6,triggers,CM-1-3-8-3-2,confidence,Resolved,StableIdentifier
REL-00898,CM-1-3-6-6-6,enables,CM-1-3-8-3-3,confidence,Resolved,StableIdentifier
REL-00899,CM-1-3-6-6-7,enables,CM-1-3-6-6-2,confidence,Resolved,StableIdentifier
REL-00899,CM-1-3-6-6-7,enables,CM-1-3-6-6-2,source_label,Perform Transaction Analysis Reporting & Confirmation,"Analyze, Report, and Confirm Card Transactions"
REL-00900,CM-1-3-6-6-7,enables,CM-1-3-6-6-3,confidence,ContextualResolved,CandidateOnly
REL-00900,CM-1-3-6-6-7,enables,CM-1-3-6-6-3,decision_reference,Q11+Q12,Q12
REL-00900,CM-1-3-6-6-7,enables,CM-1-3-6-6-3,disposition,ResolvedToConcept,SoleCandidate
REL-00900,CM-1-3-6-6-7,enables,CM-1-3-6-6-3,emission_decision,emit after mechanical uniqueness validation,HOLD: context-confirmation pass
REL-00900,CM-1-3-6-6-7,enables,CM-1-3-6-6-3,evidence,unique exact preferred-label match,"unique exact preferred-label match (candidate filter only, per PR #120)"
REL-00900,CM-1-3-6-6-7,enables,CM-1-3-6-6-3,reason,unique label match to CM-1-3-6-6-3; no contradicting context,label filter leaves one candidate: CM-1-3-6-6-3; resolution requires context evidence
REL-00900,CM-1-3-6-6-7,enables,CM-1-3-6-6-3,source_label,Perform Transaction Analysis Reporting & Confirmation,"Analyze, Report, and Confirm Card Transactions"
REL-00901,CM-1-3-6-6-7,triggers,CM-1-3-6-6-11,confidence,ContextualResolved,CandidateOnly
REL-00901,CM-1-3-6-6-7,triggers,CM-1-3-6-6-11,decision_reference,Q11+Q12,Q12
REL-00901,CM-1-3-6-6-7,triggers,CM-1-3-6-6-11,disposition,ResolvedToConcept,SoleCandidate
REL-00901,CM-1-3-6-6-7,triggers,CM-1-3-6-6-11,emission_decision,emit after mechanical uniqueness validation,HOLD: context-confirmation pass
REL-00901,CM-1-3-6-6-7,triggers,CM-1-3-6-6-11,evidence,unique exact preferred-label match,"unique exact preferred-label match (candidate filter only, per PR #120)"
REL-00901,CM-1-3-6-6-7,triggers,CM-1-3-6-6-11,reason,unique label match to CM-1-3-6-6-11; no contradicting context,label filter leaves one candidate: CM-1-3-6-6-11; resolution requires context evidence
REL-00901,CM-1-3-6-6-7,triggers,CM-1-3-6-6-11,source_label,Perform Transaction Analysis Reporting & Confirmation,"Analyze, Report, and Confirm Card Transactions"
REL-00902,CM-1-3-6-6-8,governed-by,CM-1-3-6-7,candidate_labels,Brand Standard Management,Brand Standards Management
REL-00902,CM-1-3-6-6-8,governed-by,CM-1-3-6-7,confidence,ContextualResolved,StableIdentifier
REL-00902,CM-1-3-6-6-8,governed-by,CM-1-3-6-7,emission_decision,emit after mechanical uniqueness validation,emit automatically after subject/target existence checks
REL-00902,CM-1-3-6-6-8,governed-by,CM-1-3-6-7,evidence,unique exact preferred-label match,stable identifier CM-1-3-6-7 carried in mention text
REL-00902,CM-1-3-6-6-8,governed-by,CM-1-3-6-7,raw_target,Brand Standard Management,Brand Standards Management (CM-1-3-6-7)
REL-00902,CM-1-3-6-6-8,governed-by,CM-1-3-6-7,reason,unique label match to CM-1-3-6-7; no contradicting context,target carries its slug; resolves to Brand Standards Management
REL-00903,CM-1-3-6-6-8,precedes,CM-1-3-6-6-13,confidence,ContextualResolved,CandidateOnly
REL-00903,CM-1-3-6-6-8,precedes,CM-1-3-6-6-13,decision_reference,Q11+Q12,Q12
REL-00903,CM-1-3-6-6-8,precedes,CM-1-3-6-6-13,disposition,ResolvedToConcept,SoleCandidate
REL-00903,CM-1-3-6-6-8,precedes,CM-1-3-6-6-13,emission_decision,emit after mechanical uniqueness validation,HOLD: context-confirmation pass
REL-00903,CM-1-3-6-6-8,precedes,CM-1-3-6-6-13,evidence,unique exact preferred-label match,"unique exact preferred-label match (candidate filter only, per PR #120)"
REL-00903,CM-1-3-6-6-8,precedes,CM-1-3-6-6-13,reason,unique label match to CM-1-3-6-6-13; no contradicting context,label filter leaves one candidate: CM-1-3-6-6-13; resolution requires context evidence
REL-00904,CM-1-3-6-6-9,enables,CM-1-3-6-6-13,confidence,ContextualResolved,CandidateOnly
REL-00904,CM-1-3-6-6-9,enables,CM-1-3-6-6-13,decision_reference,Q11+Q12,Q12
REL-00904,CM-1-3-6-6-9,enables,CM-1-3-6-6-13,disposition,ResolvedToConcept,SoleCandidate
REL-00904,CM-1-3-6-6-9,enables,CM-1-3-6-6-13,emission_decision,emit after mechanical uniqueness validation,HOLD: context-confirmation pass
REL-00904,CM-1-3-6-6-9,enables,CM-1-3-6-6-13,evidence,unique exact preferred-label match,"unique exact preferred-label match (candidate filter only, per PR #120)"
REL-00904,CM-1-3-6-6-9,enables,CM-1-3-6-6-13,reason,unique label match to CM-1-3-6-6-13; no contradicting context,label filter leaves one candidate: CM-1-3-6-6-13; resolution requires context evidence
REL-00904,CM-1-3-6-6-9,enables,CM-1-3-6-6-13,source_label,Analyze Consumption Planning & Monitor Stock,Plan Card Stock Consumption and Monitor Inventory
REL-00905,CM-1-3-6-6-9,informed-by,CM-1-3-6-6-4,confidence,Resolved,StableIdentifier
REL-00905,CM-1-3-6-6-9,informed-by,CM-1-3-6-6-4,source_label,Analyze Consumption Planning & Monitor Stock,Plan Card Stock Consumption and Monitor Inventory
REL-00906,CM-1-3-6-7-1,enables,CM-1-3-6-1-3,confidence,ContextualResolved,CandidateOnly
REL-00906,CM-1-3-6-7-1,enables,CM-1-3-6-1-3,decision_reference,Q11+Q12,Q12
REL-00906,CM-1-3-6-7-1,enables,CM-1-3-6-1-3,disposition,ResolvedToConcept,SoleCandidate
REL-00906,CM-1-3-6-7-1,enables,CM-1-3-6-1-3,emission_decision,emit after mechanical uniqueness validation,HOLD: context-confirmation pass
REL-00906,CM-1-3-6-7-1,enables,CM-1-3-6-1-3,evidence,unique exact preferred-label match,"unique exact preferred-label match (candidate filter only, per PR #120)"
REL-00906,CM-1-3-6-7-1,enables,CM-1-3-6-1-3,reason,unique label match to CM-1-3-6-1-3; no contradicting context,label filter leaves one candidate: CM-1-3-6-1-3; resolution requires context evidence
REL-00906,CM-1-3-6-7-1,enables,CM-1-3-6-1-3,source_label,Manage Brand Standards and Perform Inspection,Manage Brand Standards and Inspections
REL-00907,CM-1-3-6-7-1,governed-by,CM-1-3-4-4,confidence,ContextualResolved,CandidateOnly
REL-00907,CM-1-3-6-7-1,governed-by,CM-1-3-4-4,decision_reference,Q11+Q12,Q12
REL-00907,CM-1-3-6-7-1,governed-by,CM-1-3-4-4,disposition,ResolvedToConcept,SoleCandidate
REL-00907,CM-1-3-6-7-1,governed-by,CM-1-3-4-4,emission_decision,emit after mechanical uniqueness validation,HOLD: context-confirmation pass
REL-00907,CM-1-3-6-7-1,governed-by,CM-1-3-4-4,evidence,unique exact preferred-label match,"unique exact preferred-label match (candidate filter only, per PR #120)"
REL-00907,CM-1-3-6-7-1,governed-by,CM-1-3-4-4,reason,unique label match to CM-1-3-4-4; no contradicting context,label filter leaves one candidate: CM-1-3-4-4; resolution requires context evidence
REL-00907,CM-1-3-6-7-1,governed-by,CM-1-3-4-4,source_label,Manage Brand Standards and Perform Inspection,Manage Brand Standards and Inspections
REL-00908,CM-1-3-6-7-2,governed-by,CM-1-3-6-7-1,candidate_labels,Manage Brand Standards and Perform Inspection,Manage Brand Standards and Inspections
REL-00908,CM-1-3-6-7-2,governed-by,CM-1-3-6-7-1,confidence,ContextualResolved,StableIdentifier
REL-00908,CM-1-3-6-7-2,governed-by,CM-1-3-6-7-1,emission_decision,emit after mechanical uniqueness validation,emit automatically after subject/target existence checks
REL-00908,CM-1-3-6-7-2,governed-by,CM-1-3-6-7-1,evidence,unique exact preferred-label match,stable identifier CM-1-3-6-7-1 carried in mention text
REL-00908,CM-1-3-6-7-2,governed-by,CM-1-3-6-7-1,raw_target,Manage Brand Standards and Perform Inspection,Manage Brand Standards and Inspections (CM-1-3-6-7-1)
REL-00908,CM-1-3-6-7-2,governed-by,CM-1-3-6-7-1,reason,unique label match to CM-1-3-6-7-1; no contradicting context,target carries its slug; resolves to Manage Brand Standards and Inspections
REL-00910,CM-1-3-6-8-1,enables,CM-1-3-8-4-7,confidence,Resolved,StableIdentifier
REL-00911,CM-1-3-6-8-1,informed-by,CM-1-3-6-1-3,confidence,ContextualResolved,CandidateOnly
REL-00911,CM-1-3-6-8-1,informed-by,CM-1-3-6-1-3,decision_reference,Q11+Q12,Q12
REL-00911,CM-1-3-6-8-1,informed-by,CM-1-3-6-1-3,disposition,ResolvedToConcept,SoleCandidate
REL-00911,CM-1-3-6-8-1,informed-by,CM-1-3-6-1-3,emission_decision,emit after mechanical uniqueness validation,HOLD: context-confirmation pass
REL-00911,CM-1-3-6-8-1,informed-by,CM-1-3-6-1-3,evidence,unique exact preferred-label match,"unique exact preferred-label match (candidate filter only, per PR #120)"
REL-00911,CM-1-3-6-8-1,informed-by,CM-1-3-6-1-3,reason,unique label match to CM-1-3-6-1-3; no contradicting context,label filter leaves one candidate: CM-1-3-6-1-3; resolution requires context evidence
REL-00912,CM-1-3-6-8-1,governed-by,CM-1-3-6-8,confidence,Resolved,StableIdentifier
REL-00913,CM-1-3-7-1-1,enables,CM-1-3-6-6-1,confidence,Resolved,StableIdentifier
REL-00914,CM-1-3-7-1-1,enables,CM-1-3-8-1,confidence,ContextualResolved,CandidateOnly
REL-00914,CM-1-3-7-1-1,enables,CM-1-3-8-1,decision_reference,Q11+Q12,Q12
REL-00914,CM-1-3-7-1-1,enables,CM-1-3-8-1,disposition,ResolvedToConcept,SoleCandidate
REL-00914,CM-1-3-7-1-1,enables,CM-1-3-8-1,emission_decision,emit after mechanical uniqueness validation,HOLD: context-confirmation pass
REL-00914,CM-1-3-7-1-1,enables,CM-1-3-8-1,evidence,unique exact preferred-label match,"unique exact preferred-label match (candidate filter only, per PR #120)"
REL-00914,CM-1-3-7-1-1,enables,CM-1-3-8-1,reason,unique label match to CM-1-3-8-1; no contradicting context,label filter leaves one candidate: CM-1-3-8-1; resolution requires context evidence
REL-00915,CM-1-3-7-1-1,informed-by,CM-1-3-7-4-6,confidence,Resolved,StableIdentifier
REL-00916,CM-1-3-7-1-2,uses-input,CM-1-3-6-3-2,confidence,ContextualResolved,CandidateOnly
REL-00916,CM-1-3-7-1-2,uses-input,CM-1-3-6-3-2,decision_reference,Q11+Q12,Q12
REL-00916,CM-1-3-7-1-2,uses-input,CM-1-3-6-3-2,disposition,ResolvedToConcept,SoleCandidate
REL-00916,CM-1-3-7-1-2,uses-input,CM-1-3-6-3-2,emission_decision,emit after mechanical uniqueness validation,HOLD: context-confirmation pass
REL-00916,CM-1-3-7-1-2,uses-input,CM-1-3-6-3-2,evidence,unique exact preferred-label match,"unique exact preferred-label match (candidate filter only, per PR #120)"
REL-00916,CM-1-3-7-1-2,uses-input,CM-1-3-6-3-2,reason,unique label match to CM-1-3-6-3-2; no contradicting context,label filter leaves one candidate: CM-1-3-6-3-2; resolution requires context evidence
REL-00917,CM-1-3-7-1-2,uses-input,CM-1-3-6-4-2,confidence,ContextualResolved,CandidateOnly
REL-00917,CM-1-3-7-1-2,uses-input,CM-1-3-6-4-2,decision_reference,Q11+Q12,Q12
REL-00917,CM-1-3-7-1-2,uses-input,CM-1-3-6-4-2,disposition,ResolvedToConcept,SoleCandidate
REL-00917,CM-1-3-7-1-2,uses-input,CM-1-3-6-4-2,emission_decision,emit after mechanical uniqueness validation,HOLD: context-confirmation pass
REL-00917,CM-1-3-7-1-2,uses-input,CM-1-3-6-4-2,evidence,unique exact preferred-label match,"unique exact preferred-label match (candidate filter only, per PR #120)"
REL-00917,CM-1-3-7-1-2,uses-input,CM-1-3-6-4-2,reason,unique label match to CM-1-3-6-4-2; no contradicting context,label filter leaves one candidate: CM-1-3-6-4-2; resolution requires context evidence
REL-00918,CM-1-3-7-1-2,enables,CM-1-3-8-1,confidence,ContextualResolved,CandidateOnly
REL-00918,CM-1-3-7-1-2,enables,CM-1-3-8-1,decision_reference,Q11+Q12,Q12
REL-00918,CM-1-3-7-1-2,enables,CM-1-3-8-1,disposition,ResolvedToConcept,SoleCandidate
REL-00918,CM-1-3-7-1-2,enables,CM-1-3-8-1,emission_decision,emit after mechanical uniqueness validation,HOLD: context-confirmation pass
REL-00918,CM-1-3-7-1-2,enables,CM-1-3-8-1,evidence,unique exact preferred-label match,"unique exact preferred-label match (candidate filter only, per PR #120)"
REL-00918,CM-1-3-7-1-2,enables,CM-1-3-8-1,reason,unique label match to CM-1-3-8-1; no contradicting context,label filter leaves one candidate: CM-1-3-8-1; resolution requires context evidence
REL-00919,CM-1-3-7-1-3,enables,CM-1-3-7-3-1,confidence,ContextualResolved,CandidateOnly
REL-00919,CM-1-3-7-1-3,enables,CM-1-3-7-3-1,decision_reference,Q11+Q12,Q12
REL-00919,CM-1-3-7-1-3,enables,CM-1-3-7-3-1,disposition,ResolvedToConcept,SoleCandidate
REL-00919,CM-1-3-7-1-3,enables,CM-1-3-7-3-1,emission_decision,emit after mechanical uniqueness validation,HOLD: context-confirmation pass
REL-00919,CM-1-3-7-1-3,enables,CM-1-3-7-3-1,evidence,unique exact preferred-label match,"unique exact preferred-label match (candidate filter only, per PR #120)"
REL-00919,CM-1-3-7-1-3,enables,CM-1-3-7-3-1,reason,unique label match to CM-1-3-7-3-1; no contradicting context,label filter leaves one candidate: CM-1-3-7-3-1; resolution requires context evidence
REL-00920,CM-1-3-7-1-3,enables,CM-1-3-8-1-1,confidence,Resolved,StableIdentifier
REL-00922,CM-1-3-7-1-4,enables,CM-1-3-8-4-4,confidence,ContextualResolved,CandidateOnly
REL-00922,CM-1-3-7-1-4,enables,CM-1-3-8-4-4,decision_reference,Q11+Q12,Q12
REL-00922,CM-1-3-7-1-4,enables,CM-1-3-8-4-4,disposition,ResolvedToConcept,SoleCandidate
REL-00922,CM-1-3-7-1-4,enables,CM-1-3-8-4-4,emission_decision,emit after mechanical uniqueness validation,HOLD: context-confirmation pass
REL-00922,CM-1-3-7-1-4,enables,CM-1-3-8-4-4,evidence,unique exact preferred-label match,"unique exact preferred-label match (candidate filter only, per PR #120)"
REL-00922,CM-1-3-7-1-4,enables,CM-1-3-8-4-4,reason,unique label match to CM-1-3-8-4-4; no contradicting context,label filter leaves one candidate: CM-1-3-8-4-4; resolution requires context evidence
REL-00923,CM-1-3-7-1-5,governed-by,CM-1-3-7-1,confidence,Resolved,StableIdentifier
REL-00924,CM-1-3-7-1-5,enables,CM-1-3-7-2-1,confidence,ContextualResolved,CandidateOnly
REL-00924,CM-1-3-7-1-5,enables,CM-1-3-7-2-1,decision_reference,Q11+Q12,Q12
REL-00924,CM-1-3-7-1-5,enables,CM-1-3-7-2-1,disposition,ResolvedToConcept,SoleCandidate
REL-00924,CM-1-3-7-1-5,enables,CM-1-3-7-2-1,emission_decision,emit after mechanical uniqueness validation,HOLD: context-confirmation pass
REL-00924,CM-1-3-7-1-5,enables,CM-1-3-7-2-1,evidence,unique exact preferred-label match,"unique exact preferred-label match (candidate filter only, per PR #120)"
REL-00924,CM-1-3-7-1-5,enables,CM-1-3-7-2-1,reason,unique label match to CM-1-3-7-2-1; no contradicting context,label filter leaves one candidate: CM-1-3-7-2-1; resolution requires context evidence
REL-00925,CM-1-3-7-1-6,governed-by,CM-1-3-7-1,confidence,Resolved,StableIdentifier
REL-00926,CM-1-3-7-1-6,enables,CM-1-3-7-2-1,confidence,ContextualResolved,CandidateOnly
REL-00926,CM-1-3-7-1-6,enables,CM-1-3-7-2-1,decision_reference,Q11+Q12,Q12
REL-00926,CM-1-3-7-1-6,enables,CM-1-3-7-2-1,disposition,ResolvedToConcept,SoleCandidate
REL-00926,CM-1-3-7-1-6,enables,CM-1-3-7-2-1,emission_decision,emit after mechanical uniqueness validation,HOLD: context-confirmation pass
REL-00926,CM-1-3-7-1-6,enables,CM-1-3-7-2-1,evidence,unique exact preferred-label match,"unique exact preferred-label match (candidate filter only, per PR #120)"
REL-00926,CM-1-3-7-1-6,enables,CM-1-3-7-2-1,reason,unique label match to CM-1-3-7-2-1; no contradicting context,label filter leaves one candidate: CM-1-3-7-2-1; resolution requires context evidence
REL-00927,CM-1-3-7-2-1,uses-input,CM-1-3-7-1-6,confidence,Resolved,StableIdentifier
REL-00928,CM-1-3-7-2-1,enables,CM-1-3-6-2-5,confidence,ContextualResolved,CandidateOnly
REL-00928,CM-1-3-7-2-1,enables,CM-1-3-6-2-5,decision_reference,Q11+Q12,Q12
REL-00928,CM-1-3-7-2-1,enables,CM-1-3-6-2-5,disposition,ResolvedToConcept,SoleCandidate
REL-00928,CM-1-3-7-2-1,enables,CM-1-3-6-2-5,emission_decision,emit after mechanical uniqueness validation,HOLD: context-confirmation pass
REL-00928,CM-1-3-7-2-1,enables,CM-1-3-6-2-5,evidence,unique exact preferred-label match,"unique exact preferred-label match (candidate filter only, per PR #120)"
REL-00928,CM-1-3-7-2-1,enables,CM-1-3-6-2-5,reason,unique label match to CM-1-3-6-2-5; no contradicting context,label filter leaves one candidate: CM-1-3-6-2-5; resolution requires context evidence
REL-00929,CM-1-3-7-2-1,enables,CM-1-3-7-2-2,confidence,ContextualResolved,CandidateOnly
REL-00929,CM-1-3-7-2-1,enables,CM-1-3-7-2-2,decision_reference,Q11+Q12,Q12
REL-00929,CM-1-3-7-2-1,enables,CM-1-3-7-2-2,disposition,ResolvedToConcept,SoleCandidate
REL-00929,CM-1-3-7-2-1,enables,CM-1-3-7-2-2,emission_decision,emit after mechanical uniqueness validation,HOLD: context-confirmation pass
REL-00929,CM-1-3-7-2-1,enables,CM-1-3-7-2-2,evidence,unique exact preferred-label match,"unique exact preferred-label match (candidate filter only, per PR #120)"
REL-00929,CM-1-3-7-2-1,enables,CM-1-3-7-2-2,reason,unique label match to CM-1-3-7-2-2; no contradicting context,label filter leaves one candidate: CM-1-3-7-2-2; resolution requires context evidence
REL-00930,CM-1-3-7-2-2,follows,CM-1-3-6-2-4,confidence,ContextualResolved,CandidateOnly
REL-00930,CM-1-3-7-2-2,follows,CM-1-3-6-2-4,decision_reference,Q11+Q12,Q12
REL-00930,CM-1-3-7-2-2,follows,CM-1-3-6-2-4,disposition,ResolvedToConcept,SoleCandidate
REL-00930,CM-1-3-7-2-2,follows,CM-1-3-6-2-4,emission_decision,emit after mechanical uniqueness validation,HOLD: context-confirmation pass
REL-00930,CM-1-3-7-2-2,follows,CM-1-3-6-2-4,evidence,unique exact preferred-label match,"unique exact preferred-label match (candidate filter only, per PR #120)"
REL-00930,CM-1-3-7-2-2,follows,CM-1-3-6-2-4,reason,unique label match to CM-1-3-6-2-4; no contradicting context,label filter leaves one candidate: CM-1-3-6-2-4; resolution requires context evidence
REL-00931,CM-1-3-7-2-2,uses-input,CM-1-3-7-1-2,confidence,ContextualResolved,CandidateOnly
REL-00931,CM-1-3-7-2-2,uses-input,CM-1-3-7-1-2,decision_reference,Q11+Q12,Q12
REL-00931,CM-1-3-7-2-2,uses-input,CM-1-3-7-1-2,disposition,ResolvedToConcept,SoleCandidate
REL-00931,CM-1-3-7-2-2,uses-input,CM-1-3-7-1-2,emission_decision,emit after mechanical uniqueness validation,HOLD: context-confirmation pass
REL-00931,CM-1-3-7-2-2,uses-input,CM-1-3-7-1-2,evidence,unique exact preferred-label match,"unique exact preferred-label match (candidate filter only, per PR #120)"
REL-00931,CM-1-3-7-2-2,uses-input,CM-1-3-7-1-2,reason,unique label match to CM-1-3-7-1-2; no contradicting context,label filter leaves one candidate: CM-1-3-7-1-2; resolution requires context evidence
REL-00932,CM-1-3-7-2-2,enables,CM-1-3-7-3-1,confidence,ContextualResolved,CandidateOnly
REL-00932,CM-1-3-7-2-2,enables,CM-1-3-7-3-1,decision_reference,Q11+Q12,Q12
REL-00932,CM-1-3-7-2-2,enables,CM-1-3-7-3-1,disposition,ResolvedToConcept,SoleCandidate
REL-00932,CM-1-3-7-2-2,enables,CM-1-3-7-3-1,emission_decision,emit after mechanical uniqueness validation,HOLD: context-confirmation pass
REL-00932,CM-1-3-7-2-2,enables,CM-1-3-7-3-1,evidence,unique exact preferred-label match,"unique exact preferred-label match (candidate filter only, per PR #120)"
REL-00932,CM-1-3-7-2-2,enables,CM-1-3-7-3-1,reason,unique label match to CM-1-3-7-3-1; no contradicting context,label filter leaves one candidate: CM-1-3-7-3-1; resolution requires context evidence
REL-00933,CM-1-3-7-2-3,informed-by,CM-1-3-6-2-1,confidence,ContextualResolved,CandidateOnly
REL-00933,CM-1-3-7-2-3,informed-by,CM-1-3-6-2-1,decision_reference,Q11+Q12,Q12
REL-00933,CM-1-3-7-2-3,informed-by,CM-1-3-6-2-1,disposition,ResolvedToConcept,SoleCandidate
REL-00933,CM-1-3-7-2-3,informed-by,CM-1-3-6-2-1,emission_decision,emit after mechanical uniqueness validation,HOLD: context-confirmation pass
REL-00933,CM-1-3-7-2-3,informed-by,CM-1-3-6-2-1,evidence,unique exact preferred-label match,"unique exact preferred-label match (candidate filter only, per PR #120)"
REL-00933,CM-1-3-7-2-3,informed-by,CM-1-3-6-2-1,reason,unique label match to CM-1-3-6-2-1; no contradicting context,label filter leaves one candidate: CM-1-3-6-2-1; resolution requires context evidence
REL-00933,CM-1-3-7-2-3,informed-by,CM-1-3-6-2-1,source_label,Develop & Monitor Revenue Plan,Develop and Monitor Commercial Revenue Plan
REL-00934,CM-1-3-7-2-3,uses-input,CM-1-3-7-1-2,confidence,ContextualResolved,CandidateOnly
REL-00934,CM-1-3-7-2-3,uses-input,CM-1-3-7-1-2,decision_reference,Q11+Q12,Q12
REL-00934,CM-1-3-7-2-3,uses-input,CM-1-3-7-1-2,disposition,ResolvedToConcept,SoleCandidate
REL-00934,CM-1-3-7-2-3,uses-input,CM-1-3-7-1-2,emission_decision,emit after mechanical uniqueness validation,HOLD: context-confirmation pass
REL-00934,CM-1-3-7-2-3,uses-input,CM-1-3-7-1-2,evidence,unique exact preferred-label match,"unique exact preferred-label match (candidate filter only, per PR #120)"
REL-00934,CM-1-3-7-2-3,uses-input,CM-1-3-7-1-2,reason,unique label match to CM-1-3-7-1-2; no contradicting context,label filter leaves one candidate: CM-1-3-7-1-2; resolution requires context evidence
REL-00934,CM-1-3-7-2-3,uses-input,CM-1-3-7-1-2,source_label,Develop & Monitor Revenue Plan,Develop and Monitor Commercial Revenue Plan
REL-00935,CM-1-3-7-2-3,uses-input,CM-1-3-8-2-6,confidence,ContextualResolved,CandidateOnly
REL-00935,CM-1-3-7-2-3,uses-input,CM-1-3-8-2-6,decision_reference,Q11+Q12,Q12
REL-00935,CM-1-3-7-2-3,uses-input,CM-1-3-8-2-6,disposition,ResolvedToConcept,SoleCandidate
REL-00935,CM-1-3-7-2-3,uses-input,CM-1-3-8-2-6,emission_decision,emit after mechanical uniqueness validation,HOLD: context-confirmation pass
REL-00935,CM-1-3-7-2-3,uses-input,CM-1-3-8-2-6,evidence,unique exact preferred-label match,"unique exact preferred-label match (candidate filter only, per PR #120)"
REL-00935,CM-1-3-7-2-3,uses-input,CM-1-3-8-2-6,reason,unique label match to CM-1-3-8-2-6; no contradicting context,label filter leaves one candidate: CM-1-3-8-2-6; resolution requires context evidence
REL-00935,CM-1-3-7-2-3,uses-input,CM-1-3-8-2-6,source_label,Develop & Monitor Revenue Plan,Develop and Monitor Commercial Revenue Plan
REL-00936,CM-1-3-7-2-3,enables,CM-1-3-7-2-5,confidence,ContextualResolved,CandidateOnly
REL-00936,CM-1-3-7-2-3,enables,CM-1-3-7-2-5,decision_reference,Q11+Q12,Q12
REL-00936,CM-1-3-7-2-3,enables,CM-1-3-7-2-5,disposition,ResolvedToConcept,SoleCandidate
REL-00936,CM-1-3-7-2-3,enables,CM-1-3-7-2-5,emission_decision,emit after mechanical uniqueness validation,HOLD: context-confirmation pass
REL-00936,CM-1-3-7-2-3,enables,CM-1-3-7-2-5,evidence,unique exact preferred-label match,"unique exact preferred-label match (candidate filter only, per PR #120)"
REL-00936,CM-1-3-7-2-3,enables,CM-1-3-7-2-5,reason,unique label match to CM-1-3-7-2-5; no contradicting context,label filter leaves one candidate: CM-1-3-7-2-5; resolution requires context evidence
REL-00936,CM-1-3-7-2-3,enables,CM-1-3-7-2-5,source_label,Develop & Monitor Revenue Plan,Develop and Monitor Commercial Revenue Plan
REL-00937,CM-1-3-7-2-4,governed-by,CM-1-3-7-4-1,confidence,ContextualResolved,CandidateOnly
REL-00937,CM-1-3-7-2-4,governed-by,CM-1-3-7-4-1,decision_reference,Q11+Q12,Q12
REL-00937,CM-1-3-7-2-4,governed-by,CM-1-3-7-4-1,disposition,ResolvedToConcept,SoleCandidate
REL-00937,CM-1-3-7-2-4,governed-by,CM-1-3-7-4-1,emission_decision,emit after mechanical uniqueness validation,HOLD: context-confirmation pass
REL-00937,CM-1-3-7-2-4,governed-by,CM-1-3-7-4-1,evidence,unique exact preferred-label match,"unique exact preferred-label match (candidate filter only, per PR #120)"
REL-00937,CM-1-3-7-2-4,governed-by,CM-1-3-7-4-1,reason,unique label match to CM-1-3-7-4-1; no contradicting context,label filter leaves one candidate: CM-1-3-7-4-1; resolution requires context evidence
REL-00938,CM-1-3-7-2-4,enables,CM-1-3-7-2-1,confidence,ContextualResolved,CandidateOnly
REL-00938,CM-1-3-7-2-4,enables,CM-1-3-7-2-1,decision_reference,Q11+Q12,Q12
REL-00938,CM-1-3-7-2-4,enables,CM-1-3-7-2-1,disposition,ResolvedToConcept,SoleCandidate
REL-00938,CM-1-3-7-2-4,enables,CM-1-3-7-2-1,emission_decision,emit after mechanical uniqueness validation,HOLD: context-confirmation pass
REL-00938,CM-1-3-7-2-4,enables,CM-1-3-7-2-1,evidence,unique exact preferred-label match,"unique exact preferred-label match (candidate filter only, per PR #120)"
REL-00938,CM-1-3-7-2-4,enables,CM-1-3-7-2-1,reason,unique label match to CM-1-3-7-2-1; no contradicting context,label filter leaves one candidate: CM-1-3-7-2-1; resolution requires context evidence
REL-00939,CM-1-3-7-2-4,enables,CM-1-3-8-1,confidence,ContextualResolved,CandidateOnly
REL-00939,CM-1-3-7-2-4,enables,CM-1-3-8-1,decision_reference,Q11+Q12,Q12
REL-00939,CM-1-3-7-2-4,enables,CM-1-3-8-1,disposition,ResolvedToConcept,SoleCandidate
REL-00939,CM-1-3-7-2-4,enables,CM-1-3-8-1,emission_decision,emit after mechanical uniqueness validation,HOLD: context-confirmation pass
REL-00939,CM-1-3-7-2-4,enables,CM-1-3-8-1,evidence,unique exact preferred-label match,"unique exact preferred-label match (candidate filter only, per PR #120)"
REL-00939,CM-1-3-7-2-4,enables,CM-1-3-8-1,reason,unique label match to CM-1-3-8-1; no contradicting context,label filter leaves one candidate: CM-1-3-8-1; resolution requires context evidence
REL-00940,CM-1-3-7-2-5,uses-input,CM-1-3-7-2-3,candidate_labels,Develop & Monitor Revenue Plan,Develop and Monitor Commercial Revenue Plan
REL-00940,CM-1-3-7-2-5,uses-input,CM-1-3-7-2-3,confidence,ContextualResolved,StableIdentifier
REL-00940,CM-1-3-7-2-5,uses-input,CM-1-3-7-2-3,emission_decision,emit after mechanical uniqueness validation,emit automatically after subject/target existence checks
REL-00940,CM-1-3-7-2-5,uses-input,CM-1-3-7-2-3,evidence,unique exact preferred-label match,stable identifier CM-1-3-7-2-3 carried in mention text
REL-00940,CM-1-3-7-2-5,uses-input,CM-1-3-7-2-3,raw_target,Develop & Monitor Revenue Plan,Develop and Monitor Commercial Revenue Plan (CM-1-3-7-2-3)
REL-00940,CM-1-3-7-2-5,uses-input,CM-1-3-7-2-3,reason,unique label match to CM-1-3-7-2-3; no contradicting context,target carries its slug; resolves to Develop and Monitor Commercial Revenue Plan
REL-00941,CM-1-3-7-2-5,uses-input,CM-1-2-6-1-3,confidence,ContextualResolved,CandidateOnly
REL-00941,CM-1-3-7-2-5,uses-input,CM-1-2-6-1-3,decision_reference,Q11+Q12,Q12
REL-00941,CM-1-3-7-2-5,uses-input,CM-1-2-6-1-3,disposition,ResolvedToConcept,SoleCandidate
REL-00941,CM-1-3-7-2-5,uses-input,CM-1-2-6-1-3,emission_decision,emit after mechanical uniqueness validation,HOLD: context-confirmation pass
REL-00941,CM-1-3-7-2-5,uses-input,CM-1-2-6-1-3,evidence,unique exact preferred-label match,"unique exact preferred-label match (candidate filter only, per PR #120)"
REL-00941,CM-1-3-7-2-5,uses-input,CM-1-2-6-1-3,reason,unique label match to CM-1-2-6-1-3; no contradicting context,label filter leaves one candidate: CM-1-2-6-1-3; resolution requires context evidence
REL-00942,CM-1-3-7-2-5,enables,CM-1-3-3-2-3,confidence,ContextualResolved,CandidateOnly
REL-00942,CM-1-3-7-2-5,enables,CM-1-3-3-2-3,decision_reference,Q11+Q12,Q12
REL-00942,CM-1-3-7-2-5,enables,CM-1-3-3-2-3,disposition,ResolvedToConcept,SoleCandidate
REL-00942,CM-1-3-7-2-5,enables,CM-1-3-3-2-3,emission_decision,emit after mechanical uniqueness validation,HOLD: context-confirmation pass
REL-00942,CM-1-3-7-2-5,enables,CM-1-3-3-2-3,evidence,unique exact preferred-label match,"unique exact preferred-label match (candidate filter only, per PR #120)"
REL-00942,CM-1-3-7-2-5,enables,CM-1-3-3-2-3,reason,unique label match to CM-1-3-3-2-3; no contradicting context,label filter leaves one candidate: CM-1-3-3-2-3; resolution requires context evidence
REL-00943,CM-1-3-7-2-6,uses-input,CM-1-3-7-1-2,confidence,ContextualResolved,CandidateOnly
REL-00943,CM-1-3-7-2-6,uses-input,CM-1-3-7-1-2,decision_reference,Q11+Q12,Q12
REL-00943,CM-1-3-7-2-6,uses-input,CM-1-3-7-1-2,disposition,ResolvedToConcept,SoleCandidate
REL-00943,CM-1-3-7-2-6,uses-input,CM-1-3-7-1-2,emission_decision,emit after mechanical uniqueness validation,HOLD: context-confirmation pass
REL-00943,CM-1-3-7-2-6,uses-input,CM-1-3-7-1-2,evidence,unique exact preferred-label match,"unique exact preferred-label match (candidate filter only, per PR #120)"
REL-00943,CM-1-3-7-2-6,uses-input,CM-1-3-7-1-2,reason,unique label match to CM-1-3-7-1-2; no contradicting context,label filter leaves one candidate: CM-1-3-7-1-2; resolution requires context evidence
REL-00944,CM-1-3-7-2-6,enables,CM-1-3-7-3-1,confidence,ContextualResolved,CandidateOnly
REL-00944,CM-1-3-7-2-6,enables,CM-1-3-7-3-1,decision_reference,Q11+Q12,Q12
REL-00944,CM-1-3-7-2-6,enables,CM-1-3-7-3-1,disposition,ResolvedToConcept,SoleCandidate
REL-00944,CM-1-3-7-2-6,enables,CM-1-3-7-3-1,emission_decision,emit after mechanical uniqueness validation,HOLD: context-confirmation pass
REL-00944,CM-1-3-7-2-6,enables,CM-1-3-7-3-1,evidence,unique exact preferred-label match,"unique exact preferred-label match (candidate filter only, per PR #120)"
REL-00944,CM-1-3-7-2-6,enables,CM-1-3-7-3-1,reason,unique label match to CM-1-3-7-3-1; no contradicting context,label filter leaves one candidate: CM-1-3-7-3-1; resolution requires context evidence
REL-00945,CM-1-3-7-2-6,enables,CM-1-3-7-5,confidence,ContextualResolved,CandidateOnly
REL-00945,CM-1-3-7-2-6,enables,CM-1-3-7-5,decision_reference,Q11+Q12,Q12
REL-00945,CM-1-3-7-2-6,enables,CM-1-3-7-5,disposition,ResolvedToConcept,SoleCandidate
REL-00945,CM-1-3-7-2-6,enables,CM-1-3-7-5,emission_decision,emit after mechanical uniqueness validation,HOLD: context-confirmation pass
REL-00945,CM-1-3-7-2-6,enables,CM-1-3-7-5,evidence,unique exact preferred-label match,"unique exact preferred-label match (candidate filter only, per PR #120)"
REL-00945,CM-1-3-7-2-6,enables,CM-1-3-7-5,reason,unique label match to CM-1-3-7-5; no contradicting context,label filter leaves one candidate: CM-1-3-7-5; resolution requires context evidence
REL-00946,CM-1-3-7-3-1,uses-input,CM-1-3-7-2-6,confidence,ContextualResolved,CandidateOnly
REL-00946,CM-1-3-7-3-1,uses-input,CM-1-3-7-2-6,decision_reference,Q11+Q12,Q12
REL-00946,CM-1-3-7-3-1,uses-input,CM-1-3-7-2-6,disposition,ResolvedToConcept,SoleCandidate
REL-00946,CM-1-3-7-3-1,uses-input,CM-1-3-7-2-6,emission_decision,emit after mechanical uniqueness validation,HOLD: context-confirmation pass
REL-00946,CM-1-3-7-3-1,uses-input,CM-1-3-7-2-6,evidence,unique exact preferred-label match,"unique exact preferred-label match (candidate filter only, per PR #120)"
REL-00946,CM-1-3-7-3-1,uses-input,CM-1-3-7-2-6,reason,unique label match to CM-1-3-7-2-6; no contradicting context,label filter leaves one candidate: CM-1-3-7-2-6; resolution requires context evidence
REL-00947,CM-1-3-7-3-1,uses-input,CM-1-3-7-1-1,confidence,Resolved,StableIdentifier
REL-00948,CM-1-3-7-3-1,informed-by,CM-1-3-7-4-3,confidence,ContextualResolved,CandidateOnly
REL-00948,CM-1-3-7-3-1,informed-by,CM-1-3-7-4-3,decision_reference,Q11+Q12,Q12
REL-00948,CM-1-3-7-3-1,informed-by,CM-1-3-7-4-3,disposition,ResolvedToConcept,SoleCandidate
REL-00948,CM-1-3-7-3-1,informed-by,CM-1-3-7-4-3,emission_decision,emit after mechanical uniqueness validation,HOLD: context-confirmation pass
REL-00948,CM-1-3-7-3-1,informed-by,CM-1-3-7-4-3,evidence,unique exact preferred-label match,"unique exact preferred-label match (candidate filter only, per PR #120)"
REL-00948,CM-1-3-7-3-1,informed-by,CM-1-3-7-4-3,reason,unique label match to CM-1-3-7-4-3; no contradicting context,label filter leaves one candidate: CM-1-3-7-4-3; resolution requires context evidence
REL-00949,CM-1-3-7-3-1,precedes,CM-1-3-7-3-2,confidence,ContextualResolved,CandidateOnly
REL-00949,CM-1-3-7-3-1,precedes,CM-1-3-7-3-2,decision_reference,Q11+Q12,Q12
REL-00949,CM-1-3-7-3-1,precedes,CM-1-3-7-3-2,disposition,ResolvedToConcept,SoleCandidate
REL-00949,CM-1-3-7-3-1,precedes,CM-1-3-7-3-2,emission_decision,emit after mechanical uniqueness validation,HOLD: context-confirmation pass
REL-00949,CM-1-3-7-3-1,precedes,CM-1-3-7-3-2,evidence,unique exact preferred-label match,"unique exact preferred-label match (candidate filter only, per PR #120)"
REL-00949,CM-1-3-7-3-1,precedes,CM-1-3-7-3-2,reason,unique label match to CM-1-3-7-3-2; no contradicting context,label filter leaves one candidate: CM-1-3-7-3-2; resolution requires context evidence
REL-00950,CM-1-3-7-3-2,follows,CM-1-3-7-3-1,confidence,ContextualResolved,CandidateOnly
REL-00950,CM-1-3-7-3-2,follows,CM-1-3-7-3-1,decision_reference,Q11+Q12,Q12
REL-00950,CM-1-3-7-3-2,follows,CM-1-3-7-3-1,disposition,ResolvedToConcept,SoleCandidate
REL-00950,CM-1-3-7-3-2,follows,CM-1-3-7-3-1,emission_decision,emit after mechanical uniqueness validation,HOLD: context-confirmation pass
REL-00950,CM-1-3-7-3-2,follows,CM-1-3-7-3-1,evidence,unique exact preferred-label match,"unique exact preferred-label match (candidate filter only, per PR #120)"
REL-00950,CM-1-3-7-3-2,follows,CM-1-3-7-3-1,reason,unique label match to CM-1-3-7-3-1; no contradicting context,label filter leaves one candidate: CM-1-3-7-3-1; resolution requires context evidence
REL-00951,CM-1-3-7-3-2,precedes,CM-1-3-7-3-4,confidence,ContextualResolved,CandidateOnly
REL-00951,CM-1-3-7-3-2,precedes,CM-1-3-7-3-4,decision_reference,Q11+Q12,Q12
REL-00951,CM-1-3-7-3-2,precedes,CM-1-3-7-3-4,disposition,ResolvedToConcept,SoleCandidate
REL-00951,CM-1-3-7-3-2,precedes,CM-1-3-7-3-4,emission_decision,emit after mechanical uniqueness validation,HOLD: context-confirmation pass
REL-00951,CM-1-3-7-3-2,precedes,CM-1-3-7-3-4,evidence,unique exact preferred-label match,"unique exact preferred-label match (candidate filter only, per PR #120)"
REL-00951,CM-1-3-7-3-2,precedes,CM-1-3-7-3-4,reason,unique label match to CM-1-3-7-3-4; no contradicting context,label filter leaves one candidate: CM-1-3-7-3-4; resolution requires context evidence
REL-00952,CM-1-3-7-3-2,governed-by,CM-1-3-7-4,confidence,ContextualResolved,CandidateOnly
REL-00952,CM-1-3-7-3-2,governed-by,CM-1-3-7-4,decision_reference,Q11+Q12,Q12
REL-00952,CM-1-3-7-3-2,governed-by,CM-1-3-7-4,disposition,ResolvedToConcept,SoleCandidate
REL-00952,CM-1-3-7-3-2,governed-by,CM-1-3-7-4,emission_decision,emit after mechanical uniqueness validation,HOLD: context-confirmation pass
REL-00952,CM-1-3-7-3-2,governed-by,CM-1-3-7-4,evidence,unique exact preferred-label match,"unique exact preferred-label match (candidate filter only, per PR #120)"
REL-00952,CM-1-3-7-3-2,governed-by,CM-1-3-7-4,reason,unique label match to CM-1-3-7-4; no contradicting context,label filter leaves one candidate: CM-1-3-7-4; resolution requires context evidence
REL-00953,CM-1-3-7-3-3,follows,CM-1-3-7-3-1,confidence,ContextualResolved,CandidateOnly
REL-00953,CM-1-3-7-3-3,follows,CM-1-3-7-3-1,decision_reference,Q11+Q12,Q12
REL-00953,CM-1-3-7-3-3,follows,CM-1-3-7-3-1,disposition,ResolvedToConcept,SoleCandidate
REL-00953,CM-1-3-7-3-3,follows,CM-1-3-7-3-1,emission_decision,emit after mechanical uniqueness validation,HOLD: context-confirmation pass
REL-00953,CM-1-3-7-3-3,follows,CM-1-3-7-3-1,evidence,unique exact preferred-label match,"unique exact preferred-label match (candidate filter only, per PR #120)"
REL-00953,CM-1-3-7-3-3,follows,CM-1-3-7-3-1,reason,unique label match to CM-1-3-7-3-1; no contradicting context,label filter leaves one candidate: CM-1-3-7-3-1; resolution requires context evidence
REL-00954,CM-1-3-7-3-3,uses-input,CM-1-3-7-3-4,confidence,ContextualResolved,CandidateOnly
REL-00954,CM-1-3-7-3-3,uses-input,CM-1-3-7-3-4,decision_reference,Q11+Q12,Q12
REL-00954,CM-1-3-7-3-3,uses-input,CM-1-3-7-3-4,disposition,ResolvedToConcept,SoleCandidate
REL-00954,CM-1-3-7-3-3,uses-input,CM-1-3-7-3-4,emission_decision,emit after mechanical uniqueness validation,HOLD: context-confirmation pass
REL-00954,CM-1-3-7-3-3,uses-input,CM-1-3-7-3-4,evidence,unique exact preferred-label match,"unique exact preferred-label match (candidate filter only, per PR #120)"
REL-00954,CM-1-3-7-3-3,uses-input,CM-1-3-7-3-4,reason,unique label match to CM-1-3-7-3-4; no contradicting context,label filter leaves one candidate: CM-1-3-7-3-4; resolution requires context evidence
REL-00955,CM-1-3-7-3-3,enables,CM-1-3-7-3-6,confidence,Resolved,StableIdentifier
REL-00956,CM-1-3-7-3-4,follows,CM-1-3-7-3-2,confidence,ContextualResolved,CandidateOnly
REL-00956,CM-1-3-7-3-4,follows,CM-1-3-7-3-2,decision_reference,Q11+Q12,Q12
REL-00956,CM-1-3-7-3-4,follows,CM-1-3-7-3-2,disposition,ResolvedToConcept,SoleCandidate
REL-00956,CM-1-3-7-3-4,follows,CM-1-3-7-3-2,emission_decision,emit after mechanical uniqueness validation,HOLD: context-confirmation pass
REL-00956,CM-1-3-7-3-4,follows,CM-1-3-7-3-2,evidence,unique exact preferred-label match,"unique exact preferred-label match (candidate filter only, per PR #120)"
REL-00956,CM-1-3-7-3-4,follows,CM-1-3-7-3-2,reason,unique label match to CM-1-3-7-3-2; no contradicting context,label filter leaves one candidate: CM-1-3-7-3-2; resolution requires context evidence
REL-00957,CM-1-3-7-3-4,enables,CM-1-3-8-1-1,confidence,Resolved,StableIdentifier
REL-00958,CM-1-3-7-3-4,enables,CM-1-3-7-3-5,candidate_labels,Track & Forecast Order,Track Order Book and Forecast Order Volumes
REL-00958,CM-1-3-7-3-4,enables,CM-1-3-7-3-5,confidence,ContextualResolved,StableIdentifier
REL-00958,CM-1-3-7-3-4,enables,CM-1-3-7-3-5,emission_decision,emit after mechanical uniqueness validation,emit automatically after subject/target existence checks
REL-00958,CM-1-3-7-3-4,enables,CM-1-3-7-3-5,evidence,unique exact preferred-label match,stable identifier CM-1-3-7-3-5 carried in mention text
REL-00958,CM-1-3-7-3-4,enables,CM-1-3-7-3-5,raw_target,Track & Forecast Order,Track Order Book and Forecast Order Volumes (CM-1-3-7-3-5)
REL-00958,CM-1-3-7-3-4,enables,CM-1-3-7-3-5,reason,unique label match to CM-1-3-7-3-5; no contradicting context,target carries its slug; resolves to Track Order Book and Forecast Order Volumes
REL-00959,CM-1-3-7-3-5,uses-input,CM-1-3-7-3-4,confidence,ContextualResolved,CandidateOnly
REL-00959,CM-1-3-7-3-5,uses-input,CM-1-3-7-3-4,decision_reference,Q11+Q12,Q12
REL-00959,CM-1-3-7-3-5,uses-input,CM-1-3-7-3-4,disposition,ResolvedToConcept,SoleCandidate
REL-00959,CM-1-3-7-3-5,uses-input,CM-1-3-7-3-4,emission_decision,emit after mechanical uniqueness validation,HOLD: context-confirmation pass
REL-00959,CM-1-3-7-3-5,uses-input,CM-1-3-7-3-4,evidence,unique exact preferred-label match,"unique exact preferred-label match (candidate filter only, per PR #120)"
REL-00959,CM-1-3-7-3-5,uses-input,CM-1-3-7-3-4,reason,unique label match to CM-1-3-7-3-4; no contradicting context,label filter leaves one candidate: CM-1-3-7-3-4; resolution requires context evidence
REL-00959,CM-1-3-7-3-5,uses-input,CM-1-3-7-3-4,source_label,Track & Forecast Order,Track Order Book and Forecast Order Volumes
REL-00960,CM-1-3-7-3-5,enables,CM-1-3-7-2-6,confidence,ContextualResolved,CandidateOnly
REL-00960,CM-1-3-7-3-5,enables,CM-1-3-7-2-6,decision_reference,Q11+Q12,Q12
REL-00960,CM-1-3-7-3-5,enables,CM-1-3-7-2-6,disposition,ResolvedToConcept,SoleCandidate
REL-00960,CM-1-3-7-3-5,enables,CM-1-3-7-2-6,emission_decision,emit after mechanical uniqueness validation,HOLD: context-confirmation pass
REL-00960,CM-1-3-7-3-5,enables,CM-1-3-7-2-6,evidence,unique exact preferred-label match,"unique exact preferred-label match (candidate filter only, per PR #120)"
REL-00960,CM-1-3-7-3-5,enables,CM-1-3-7-2-6,reason,unique label match to CM-1-3-7-2-6; no contradicting context,label filter leaves one candidate: CM-1-3-7-2-6; resolution requires context evidence
REL-00960,CM-1-3-7-3-5,enables,CM-1-3-7-2-6,source_label,Track & Forecast Order,Track Order Book and Forecast Order Volumes
REL-00961,CM-1-3-7-3-5,informed-by,CM-1-3-7-3-1,confidence,ContextualResolved,CandidateOnly
REL-00961,CM-1-3-7-3-5,informed-by,CM-1-3-7-3-1,decision_reference,Q11+Q12,Q12
REL-00961,CM-1-3-7-3-5,informed-by,CM-1-3-7-3-1,disposition,ResolvedToConcept,SoleCandidate
REL-00961,CM-1-3-7-3-5,informed-by,CM-1-3-7-3-1,emission_decision,emit after mechanical uniqueness validation,HOLD: context-confirmation pass
REL-00961,CM-1-3-7-3-5,informed-by,CM-1-3-7-3-1,evidence,unique exact preferred-label match,"unique exact preferred-label match (candidate filter only, per PR #120)"
REL-00961,CM-1-3-7-3-5,informed-by,CM-1-3-7-3-1,reason,unique label match to CM-1-3-7-3-1; no contradicting context,label filter leaves one candidate: CM-1-3-7-3-1; resolution requires context evidence
REL-00961,CM-1-3-7-3-5,informed-by,CM-1-3-7-3-1,source_label,Track & Forecast Order,Track Order Book and Forecast Order Volumes
REL-00962,CM-1-3-7-3-6,follows,CM-1-3-7-3-3,confidence,Resolved,StableIdentifier
REL-00963,CM-1-3-7-3-6,enables,CM-1-3-8-1-4,confidence,ContextualResolved,CandidateOnly
REL-00963,CM-1-3-7-3-6,enables,CM-1-3-8-1-4,decision_reference,Q11+Q12,Q12
REL-00963,CM-1-3-7-3-6,enables,CM-1-3-8-1-4,disposition,ResolvedToConcept,SoleCandidate
REL-00963,CM-1-3-7-3-6,enables,CM-1-3-8-1-4,emission_decision,emit after mechanical uniqueness validation,HOLD: context-confirmation pass
REL-00963,CM-1-3-7-3-6,enables,CM-1-3-8-1-4,evidence,unique exact preferred-label match,"unique exact preferred-label match (candidate filter only, per PR #120)"
REL-00963,CM-1-3-7-3-6,enables,CM-1-3-8-1-4,reason,unique label match to CM-1-3-8-1-4; no contradicting context,label filter leaves one candidate: CM-1-3-8-1-4; resolution requires context evidence
REL-00964,CM-1-3-7-3-6,uses-input,CM-1-3-7-3-4,confidence,ContextualResolved,CandidateOnly
REL-00964,CM-1-3-7-3-6,uses-input,CM-1-3-7-3-4,decision_reference,Q11+Q12,Q12
REL-00964,CM-1-3-7-3-6,uses-input,CM-1-3-7-3-4,disposition,ResolvedToConcept,SoleCandidate
REL-00964,CM-1-3-7-3-6,uses-input,CM-1-3-7-3-4,emission_decision,emit after mechanical uniqueness validation,HOLD: context-confirmation pass
REL-00964,CM-1-3-7-3-6,uses-input,CM-1-3-7-3-4,evidence,unique exact preferred-label match,"unique exact preferred-label match (candidate filter only, per PR #120)"
REL-00964,CM-1-3-7-3-6,uses-input,CM-1-3-7-3-4,reason,unique label match to CM-1-3-7-3-4; no contradicting context,label filter leaves one candidate: CM-1-3-7-3-4; resolution requires context evidence
REL-00965,CM-1-3-7-4-1,informed-by,CM-1-3-7-4-4,confidence,ContextualResolved,CandidateOnly
REL-00965,CM-1-3-7-4-1,informed-by,CM-1-3-7-4-4,decision_reference,Q11+Q12,Q12
REL-00965,CM-1-3-7-4-1,informed-by,CM-1-3-7-4-4,disposition,ResolvedToConcept,SoleCandidate
REL-00965,CM-1-3-7-4-1,informed-by,CM-1-3-7-4-4,emission_decision,emit after mechanical uniqueness validation,HOLD: context-confirmation pass
REL-00965,CM-1-3-7-4-1,informed-by,CM-1-3-7-4-4,evidence,unique exact preferred-label match,"unique exact preferred-label match (candidate filter only, per PR #120)"
REL-00965,CM-1-3-7-4-1,informed-by,CM-1-3-7-4-4,reason,unique label match to CM-1-3-7-4-4; no contradicting context,label filter leaves one candidate: CM-1-3-7-4-4; resolution requires context evidence
REL-00966,CM-1-3-7-4-1,enables,CM-1-3-7-4-2,confidence,ContextualResolved,CandidateOnly
REL-00966,CM-1-3-7-4-1,enables,CM-1-3-7-4-2,decision_reference,Q11+Q12,Q12
REL-00966,CM-1-3-7-4-1,enables,CM-1-3-7-4-2,disposition,ResolvedToConcept,SoleCandidate
REL-00966,CM-1-3-7-4-1,enables,CM-1-3-7-4-2,emission_decision,emit after mechanical uniqueness validation,HOLD: context-confirmation pass
REL-00966,CM-1-3-7-4-1,enables,CM-1-3-7-4-2,evidence,unique exact preferred-label match,"unique exact preferred-label match (candidate filter only, per PR #120)"
REL-00966,CM-1-3-7-4-1,enables,CM-1-3-7-4-2,reason,unique label match to CM-1-3-7-4-2; no contradicting context,label filter leaves one candidate: CM-1-3-7-4-2; resolution requires context evidence
REL-00967,CM-1-3-7-4-1,uses-input,CM-1-3-7-1-6,confidence,Resolved,StableIdentifier
REL-00968,CM-1-3-7-4-2,follows,CM-1-3-7-4-6,confidence,Resolved,StableIdentifier
REL-00969,CM-1-3-7-4-2,governed-by,CM-1-3-7-4-1,confidence,ContextualResolved,CandidateOnly
REL-00969,CM-1-3-7-4-2,governed-by,CM-1-3-7-4-1,decision_reference,Q11+Q12,Q12
REL-00969,CM-1-3-7-4-2,governed-by,CM-1-3-7-4-1,disposition,ResolvedToConcept,SoleCandidate
REL-00969,CM-1-3-7-4-2,governed-by,CM-1-3-7-4-1,emission_decision,emit after mechanical uniqueness validation,HOLD: context-confirmation pass
REL-00969,CM-1-3-7-4-2,governed-by,CM-1-3-7-4-1,evidence,unique exact preferred-label match,"unique exact preferred-label match (candidate filter only, per PR #120)"
REL-00969,CM-1-3-7-4-2,governed-by,CM-1-3-7-4-1,reason,unique label match to CM-1-3-7-4-1; no contradicting context,label filter leaves one candidate: CM-1-3-7-4-1; resolution requires context evidence
REL-00970,CM-1-3-7-4-2,enables,CM-1-3-7-4-3,confidence,ContextualResolved,CandidateOnly
REL-00970,CM-1-3-7-4-2,enables,CM-1-3-7-4-3,decision_reference,Q11+Q12,Q12
REL-00970,CM-1-3-7-4-2,enables,CM-1-3-7-4-3,disposition,ResolvedToConcept,SoleCandidate
REL-00970,CM-1-3-7-4-2,enables,CM-1-3-7-4-3,emission_decision,emit after mechanical uniqueness validation,HOLD: context-confirmation pass
REL-00970,CM-1-3-7-4-2,enables,CM-1-3-7-4-3,evidence,unique exact preferred-label match,"unique exact preferred-label match (candidate filter only, per PR #120)"
REL-00970,CM-1-3-7-4-2,enables,CM-1-3-7-4-3,reason,unique label match to CM-1-3-7-4-3; no contradicting context,label filter leaves one candidate: CM-1-3-7-4-3; resolution requires context evidence
REL-00971,CM-1-3-7-4-2,enables,CM-1-3-6-6-1,confidence,Resolved,StableIdentifier
REL-00972,CM-1-3-7-4-3,uses-input,CM-1-3-7-4-2,confidence,ContextualResolved,CandidateOnly
REL-00972,CM-1-3-7-4-3,uses-input,CM-1-3-7-4-2,decision_reference,Q11+Q12,Q12
REL-00972,CM-1-3-7-4-3,uses-input,CM-1-3-7-4-2,disposition,ResolvedToConcept,SoleCandidate
REL-00972,CM-1-3-7-4-3,uses-input,CM-1-3-7-4-2,emission_decision,emit after mechanical uniqueness validation,HOLD: context-confirmation pass
REL-00972,CM-1-3-7-4-3,uses-input,CM-1-3-7-4-2,evidence,unique exact preferred-label match,"unique exact preferred-label match (candidate filter only, per PR #120)"
REL-00972,CM-1-3-7-4-3,uses-input,CM-1-3-7-4-2,reason,unique label match to CM-1-3-7-4-2; no contradicting context,label filter leaves one candidate: CM-1-3-7-4-2; resolution requires context evidence
REL-00973,CM-1-3-7-4-3,enables,CM-1-3-7-3-1,confidence,ContextualResolved,CandidateOnly
REL-00973,CM-1-3-7-4-3,enables,CM-1-3-7-3-1,decision_reference,Q11+Q12,Q12
REL-00973,CM-1-3-7-4-3,enables,CM-1-3-7-3-1,disposition,ResolvedToConcept,SoleCandidate
REL-00973,CM-1-3-7-4-3,enables,CM-1-3-7-3-1,emission_decision,emit after mechanical uniqueness validation,HOLD: context-confirmation pass
REL-00973,CM-1-3-7-4-3,enables,CM-1-3-7-3-1,evidence,unique exact preferred-label match,"unique exact preferred-label match (candidate filter only, per PR #120)"
REL-00973,CM-1-3-7-4-3,enables,CM-1-3-7-3-1,reason,unique label match to CM-1-3-7-3-1; no contradicting context,label filter leaves one candidate: CM-1-3-7-3-1; resolution requires context evidence
REL-00974,CM-1-3-7-4-3,enables,CM-1-3-6-6-6,confidence,Resolved,StableIdentifier
REL-00975,CM-1-3-7-4-3,informed-by,CM-1-3-8-2,confidence,ContextualResolved,CandidateOnly
REL-00975,CM-1-3-7-4-3,informed-by,CM-1-3-8-2,decision_reference,Q11+Q12,Q12
REL-00975,CM-1-3-7-4-3,informed-by,CM-1-3-8-2,disposition,ResolvedToConcept,SoleCandidate
REL-00975,CM-1-3-7-4-3,informed-by,CM-1-3-8-2,emission_decision,emit after mechanical uniqueness validation,HOLD: context-confirmation pass
REL-00975,CM-1-3-7-4-3,informed-by,CM-1-3-8-2,evidence,unique exact preferred-label match,"unique exact preferred-label match (candidate filter only, per PR #120)"
REL-00975,CM-1-3-7-4-3,informed-by,CM-1-3-8-2,reason,unique label match to CM-1-3-8-2; no contradicting context,label filter leaves one candidate: CM-1-3-8-2; resolution requires context evidence
REL-00976,CM-1-3-7-4-4,uses-input,CM-1-3-7-4-3,confidence,ContextualResolved,CandidateOnly
REL-00976,CM-1-3-7-4-4,uses-input,CM-1-3-7-4-3,decision_reference,Q11+Q12,Q12
REL-00976,CM-1-3-7-4-4,uses-input,CM-1-3-7-4-3,disposition,ResolvedToConcept,SoleCandidate
REL-00976,CM-1-3-7-4-4,uses-input,CM-1-3-7-4-3,emission_decision,emit after mechanical uniqueness validation,HOLD: context-confirmation pass
REL-00976,CM-1-3-7-4-4,uses-input,CM-1-3-7-4-3,evidence,unique exact preferred-label match,"unique exact preferred-label match (candidate filter only, per PR #120)"
REL-00976,CM-1-3-7-4-4,uses-input,CM-1-3-7-4-3,reason,unique label match to CM-1-3-7-4-3; no contradicting context,label filter leaves one candidate: CM-1-3-7-4-3; resolution requires context evidence
REL-00977,CM-1-3-7-4-4,enables,CM-1-3-7-4-1,confidence,ContextualResolved,CandidateOnly
REL-00977,CM-1-3-7-4-4,enables,CM-1-3-7-4-1,decision_reference,Q11+Q12,Q12
REL-00977,CM-1-3-7-4-4,enables,CM-1-3-7-4-1,disposition,ResolvedToConcept,SoleCandidate
REL-00977,CM-1-3-7-4-4,enables,CM-1-3-7-4-1,emission_decision,emit after mechanical uniqueness validation,HOLD: context-confirmation pass
REL-00977,CM-1-3-7-4-4,enables,CM-1-3-7-4-1,evidence,unique exact preferred-label match,"unique exact preferred-label match (candidate filter only, per PR #120)"
REL-00977,CM-1-3-7-4-4,enables,CM-1-3-7-4-1,reason,unique label match to CM-1-3-7-4-1; no contradicting context,label filter leaves one candidate: CM-1-3-7-4-1; resolution requires context evidence
REL-00978,CM-1-3-7-4-4,enables,CM-1-3-8-3-3,confidence,Resolved,StableIdentifier
REL-00979,CM-1-3-7-4-5,informed-by,CM-1-3-7-4-3,confidence,ContextualResolved,CandidateOnly
REL-00979,CM-1-3-7-4-5,informed-by,CM-1-3-7-4-3,decision_reference,Q11+Q12,Q12
REL-00979,CM-1-3-7-4-5,informed-by,CM-1-3-7-4-3,disposition,ResolvedToConcept,SoleCandidate
REL-00979,CM-1-3-7-4-5,informed-by,CM-1-3-7-4-3,emission_decision,emit after mechanical uniqueness validation,HOLD: context-confirmation pass
REL-00979,CM-1-3-7-4-5,informed-by,CM-1-3-7-4-3,evidence,unique exact preferred-label match,"unique exact preferred-label match (candidate filter only, per PR #120)"
REL-00979,CM-1-3-7-4-5,informed-by,CM-1-3-7-4-3,reason,unique label match to CM-1-3-7-4-3; no contradicting context,label filter leaves one candidate: CM-1-3-7-4-3; resolution requires context evidence
REL-00980,CM-1-3-7-4-5,enables,CM-1-3-7-1-1,confidence,Resolved,StableIdentifier
REL-00981,CM-1-3-7-4-5,uses-input,CM-1-3-8-3-2,confidence,Resolved,StableIdentifier
REL-00982,CM-1-3-7-4-6,enables,CM-1-3-6-6-1,confidence,Resolved,StableIdentifier
REL-00983,CM-1-3-7-4-6,enables,CM-1-3-7-4-2,confidence,ContextualResolved,CandidateOnly
REL-00983,CM-1-3-7-4-6,enables,CM-1-3-7-4-2,decision_reference,Q11+Q12,Q12
REL-00983,CM-1-3-7-4-6,enables,CM-1-3-7-4-2,disposition,ResolvedToConcept,SoleCandidate
REL-00983,CM-1-3-7-4-6,enables,CM-1-3-7-4-2,emission_decision,emit after mechanical uniqueness validation,HOLD: context-confirmation pass
REL-00983,CM-1-3-7-4-6,enables,CM-1-3-7-4-2,evidence,unique exact preferred-label match,"unique exact preferred-label match (candidate filter only, per PR #120)"
REL-00983,CM-1-3-7-4-6,enables,CM-1-3-7-4-2,reason,unique label match to CM-1-3-7-4-2; no contradicting context,label filter leaves one candidate: CM-1-3-7-4-2; resolution requires context evidence
REL-00984,CM-1-3-7-4-6,governed-by,CM-1-3-7-4,confidence,ContextualResolved,CandidateOnly
REL-00984,CM-1-3-7-4-6,governed-by,CM-1-3-7-4,decision_reference,Q11+Q12,Q12
REL-00984,CM-1-3-7-4-6,governed-by,CM-1-3-7-4,disposition,ResolvedToConcept,SoleCandidate
REL-00984,CM-1-3-7-4-6,governed-by,CM-1-3-7-4,emission_decision,emit after mechanical uniqueness validation,HOLD: context-confirmation pass
REL-00984,CM-1-3-7-4-6,governed-by,CM-1-3-7-4,evidence,unique exact preferred-label match,"unique exact preferred-label match (candidate filter only, per PR #120)"
REL-00984,CM-1-3-7-4-6,governed-by,CM-1-3-7-4,reason,unique label match to CM-1-3-7-4; no contradicting context,label filter leaves one candidate: CM-1-3-7-4; resolution requires context evidence
REL-00985,CM-1-3-7-5-1,precedes,CM-1-3-7-5-3,confidence,ContextualResolved,CandidateOnly
REL-00985,CM-1-3-7-5-1,precedes,CM-1-3-7-5-3,decision_reference,Q11+Q12,Q12
REL-00985,CM-1-3-7-5-1,precedes,CM-1-3-7-5-3,disposition,ResolvedToConcept,SoleCandidate
REL-00985,CM-1-3-7-5-1,precedes,CM-1-3-7-5-3,emission_decision,emit after mechanical uniqueness validation,HOLD: context-confirmation pass
REL-00985,CM-1-3-7-5-1,precedes,CM-1-3-7-5-3,evidence,unique exact preferred-label match,"unique exact preferred-label match (candidate filter only, per PR #120)"
REL-00985,CM-1-3-7-5-1,precedes,CM-1-3-7-5-3,reason,unique label match to CM-1-3-7-5-3; no contradicting context,label filter leaves one candidate: CM-1-3-7-5-3; resolution requires context evidence
REL-00986,CM-1-3-7-5-1,governed-by,CM-1-3-7-5,confidence,ContextualResolved,CandidateOnly
REL-00986,CM-1-3-7-5-1,governed-by,CM-1-3-7-5,decision_reference,Q11+Q12,Q12
REL-00986,CM-1-3-7-5-1,governed-by,CM-1-3-7-5,disposition,ResolvedToConcept,SoleCandidate
REL-00986,CM-1-3-7-5-1,governed-by,CM-1-3-7-5,emission_decision,emit after mechanical uniqueness validation,HOLD: context-confirmation pass
REL-00986,CM-1-3-7-5-1,governed-by,CM-1-3-7-5,evidence,unique exact preferred-label match,"unique exact preferred-label match (candidate filter only, per PR #120)"
REL-00986,CM-1-3-7-5-1,governed-by,CM-1-3-7-5,reason,unique label match to CM-1-3-7-5; no contradicting context,label filter leaves one candidate: CM-1-3-7-5; resolution requires context evidence
REL-00987,CM-1-3-7-5-2,enables,CM-1-3-7-5-3,confidence,ContextualResolved,CandidateOnly
REL-00987,CM-1-3-7-5-2,enables,CM-1-3-7-5-3,decision_reference,Q11+Q12,Q12
REL-00987,CM-1-3-7-5-2,enables,CM-1-3-7-5-3,disposition,ResolvedToConcept,SoleCandidate
REL-00987,CM-1-3-7-5-2,enables,CM-1-3-7-5-3,emission_decision,emit after mechanical uniqueness validation,HOLD: context-confirmation pass
REL-00987,CM-1-3-7-5-2,enables,CM-1-3-7-5-3,evidence,unique exact preferred-label match,"unique exact preferred-label match (candidate filter only, per PR #120)"
REL-00987,CM-1-3-7-5-2,enables,CM-1-3-7-5-3,reason,unique label match to CM-1-3-7-5-3; no contradicting context,label filter leaves one candidate: CM-1-3-7-5-3; resolution requires context evidence
REL-00988,CM-1-3-7-5-2,enables,CM-1-3-7-5-4,confidence,Resolved,StableIdentifier
REL-00989,CM-1-3-7-5-2,governed-by,CM-1-3-7-5,confidence,ContextualResolved,CandidateOnly
REL-00989,CM-1-3-7-5-2,governed-by,CM-1-3-7-5,decision_reference,Q11+Q12,Q12
REL-00989,CM-1-3-7-5-2,governed-by,CM-1-3-7-5,disposition,ResolvedToConcept,SoleCandidate
REL-00989,CM-1-3-7-5-2,governed-by,CM-1-3-7-5,emission_decision,emit after mechanical uniqueness validation,HOLD: context-confirmation pass
REL-00989,CM-1-3-7-5-2,governed-by,CM-1-3-7-5,evidence,unique exact preferred-label match,"unique exact preferred-label match (candidate filter only, per PR #120)"
REL-00989,CM-1-3-7-5-2,governed-by,CM-1-3-7-5,reason,unique label match to CM-1-3-7-5; no contradicting context,label filter leaves one candidate: CM-1-3-7-5; resolution requires context evidence
REL-00990,CM-1-3-7-5-3,follows,CM-1-3-7-5-1,confidence,Resolved,StableIdentifier
REL-00991,CM-1-3-7-5-3,enables,CM-1-3-8-3-1,confidence,Resolved,StableIdentifier
REL-00992,CM-1-3-7-5-3,enables,CM-1-3-7-5-4,confidence,Resolved,StableIdentifier
REL-00993,CM-1-3-7-5-4,follows,CM-1-3-7-5-3,confidence,ContextualResolved,CandidateOnly
REL-00993,CM-1-3-7-5-4,follows,CM-1-3-7-5-3,decision_reference,Q11+Q12,Q12
REL-00993,CM-1-3-7-5-4,follows,CM-1-3-7-5-3,disposition,ResolvedToConcept,SoleCandidate
REL-00993,CM-1-3-7-5-4,follows,CM-1-3-7-5-3,emission_decision,emit after mechanical uniqueness validation,HOLD: context-confirmation pass
REL-00993,CM-1-3-7-5-4,follows,CM-1-3-7-5-3,evidence,unique exact preferred-label match,"unique exact preferred-label match (candidate filter only, per PR #120)"
REL-00993,CM-1-3-7-5-4,follows,CM-1-3-7-5-3,reason,unique label match to CM-1-3-7-5-3; no contradicting context,label filter leaves one candidate: CM-1-3-7-5-3; resolution requires context evidence
REL-00994,CM-1-3-7-5-4,enables,CM-1-3-7-5-5,confidence,Resolved,StableIdentifier
REL-00995,CM-1-3-7-5-5,uses-input,CM-1-3-7-5-4,confidence,Resolved,StableIdentifier
REL-00996,CM-1-3-7-5-5,enables,CM-1-3-6-2-2,confidence,ContextualResolved,CandidateOnly
REL-00996,CM-1-3-7-5-5,enables,CM-1-3-6-2-2,decision_reference,Q11+Q12,Q12
REL-00996,CM-1-3-7-5-5,enables,CM-1-3-6-2-2,disposition,ResolvedToConcept,SoleCandidate
REL-00996,CM-1-3-7-5-5,enables,CM-1-3-6-2-2,emission_decision,emit after mechanical uniqueness validation,HOLD: context-confirmation pass
REL-00996,CM-1-3-7-5-5,enables,CM-1-3-6-2-2,evidence,unique exact preferred-label match,"unique exact preferred-label match (candidate filter only, per PR #120)"
REL-00996,CM-1-3-7-5-5,enables,CM-1-3-6-2-2,reason,unique label match to CM-1-3-6-2-2; no contradicting context,label filter leaves one candidate: CM-1-3-6-2-2; resolution requires context evidence
REL-00997,CM-1-3-7-5-5,governed-by,CM-1-3-7-5,confidence,ContextualResolved,CandidateOnly
REL-00997,CM-1-3-7-5-5,governed-by,CM-1-3-7-5,decision_reference,Q11+Q12,Q12
REL-00997,CM-1-3-7-5-5,governed-by,CM-1-3-7-5,disposition,ResolvedToConcept,SoleCandidate
REL-00997,CM-1-3-7-5-5,governed-by,CM-1-3-7-5,emission_decision,emit after mechanical uniqueness validation,HOLD: context-confirmation pass
REL-00997,CM-1-3-7-5-5,governed-by,CM-1-3-7-5,evidence,unique exact preferred-label match,"unique exact preferred-label match (candidate filter only, per PR #120)"
REL-00997,CM-1-3-7-5-5,governed-by,CM-1-3-7-5,reason,unique label match to CM-1-3-7-5; no contradicting context,label filter leaves one candidate: CM-1-3-7-5; resolution requires context evidence
REL-00998,CM-1-3-7-5-6,uses-input,CM-1-3-7-2-6,confidence,ContextualResolved,CandidateOnly
REL-00998,CM-1-3-7-5-6,uses-input,CM-1-3-7-2-6,decision_reference,Q11+Q12,Q12
REL-00998,CM-1-3-7-5-6,uses-input,CM-1-3-7-2-6,disposition,ResolvedToConcept,SoleCandidate
REL-00998,CM-1-3-7-5-6,uses-input,CM-1-3-7-2-6,emission_decision,emit after mechanical uniqueness validation,HOLD: context-confirmation pass
REL-00998,CM-1-3-7-5-6,uses-input,CM-1-3-7-2-6,evidence,unique exact preferred-label match,"unique exact preferred-label match (candidate filter only, per PR #120)"
REL-00998,CM-1-3-7-5-6,uses-input,CM-1-3-7-2-6,reason,unique label match to CM-1-3-7-2-6; no contradicting context,label filter leaves one candidate: CM-1-3-7-2-6; resolution requires context evidence
REL-00999,CM-1-3-7-5-6,enables,CM-1-3-7-5-3,confidence,ContextualResolved,CandidateOnly
REL-00999,CM-1-3-7-5-6,enables,CM-1-3-7-5-3,decision_reference,Q11+Q12,Q12
REL-00999,CM-1-3-7-5-6,enables,CM-1-3-7-5-3,disposition,ResolvedToConcept,SoleCandidate
REL-00999,CM-1-3-7-5-6,enables,CM-1-3-7-5-3,emission_decision,emit after mechanical uniqueness validation,HOLD: context-confirmation pass
REL-00999,CM-1-3-7-5-6,enables,CM-1-3-7-5-3,evidence,unique exact preferred-label match,"unique exact preferred-label match (candidate filter only, per PR #120)"
REL-00999,CM-1-3-7-5-6,enables,CM-1-3-7-5-3,reason,unique label match to CM-1-3-7-5-3; no contradicting context,label filter leaves one candidate: CM-1-3-7-5-3; resolution requires context evidence
REL-01000,CM-1-3-7-5-6,governed-by,CM-1-3-7-5,confidence,ContextualResolved,CandidateOnly
REL-01000,CM-1-3-7-5-6,governed-by,CM-1-3-7-5,decision_reference,Q11+Q12,Q12
REL-01000,CM-1-3-7-5-6,governed-by,CM-1-3-7-5,disposition,ResolvedToConcept,SoleCandidate
REL-01000,CM-1-3-7-5-6,governed-by,CM-1-3-7-5,emission_decision,emit after mechanical uniqueness validation,HOLD: context-confirmation pass
REL-01000,CM-1-3-7-5-6,governed-by,CM-1-3-7-5,evidence,unique exact preferred-label match,"unique exact preferred-label match (candidate filter only, per PR #120)"
REL-01000,CM-1-3-7-5-6,governed-by,CM-1-3-7-5,reason,unique label match to CM-1-3-7-5; no contradicting context,label filter leaves one candidate: CM-1-3-7-5; resolution requires context evidence
REL-01001,CM-1-3-8-1-1,uses-input,CM-1-3-7-3-4,confidence,ContextualResolved,CandidateOnly
REL-01001,CM-1-3-8-1-1,uses-input,CM-1-3-7-3-4,decision_reference,Q11+Q12,Q12
REL-01001,CM-1-3-8-1-1,uses-input,CM-1-3-7-3-4,disposition,ResolvedToConcept,SoleCandidate
REL-01001,CM-1-3-8-1-1,uses-input,CM-1-3-7-3-4,emission_decision,emit after mechanical uniqueness validation,HOLD: context-confirmation pass
REL-01001,CM-1-3-8-1-1,uses-input,CM-1-3-7-3-4,evidence,unique exact preferred-label match,"unique exact preferred-label match (candidate filter only, per PR #120)"
REL-01001,CM-1-3-8-1-1,uses-input,CM-1-3-7-3-4,reason,unique label match to CM-1-3-7-3-4; no contradicting context,label filter leaves one candidate: CM-1-3-7-3-4; resolution requires context evidence
REL-01002,CM-1-3-8-1-1,uses-input,CM-1-3-8-1-3,emission_decision,emit: approved pattern row; subject to promotion-script exact-row guards,HOLD: targeted human review before emission
REL-01002,CM-1-3-8-1-1,uses-input,CM-1-3-8-1-3,evidence,source and candidate share parent CM-1-3-8-1 (same decomposition pattern) — sibling review package: APPROVED,source and candidate share parent CM-1-3-8-1 (same decomposition pattern)
REL-01002,CM-1-3-8-1-1,uses-input,CM-1-3-8-1-3,reason,sibling-step inference within CM-1-3-8-1 — held for human review,sibling-step inference — human review required before emission
REL-01002,CM-1-3-8-1-1,uses-input,CM-1-3-8-1-3,review_trigger,revalidate if either concept is renamed/reparented,
REL-01003,CM-1-3-8-1-1,enables,CM-1-3-8-2-1,confidence,Resolved,StableIdentifier
REL-01004,CM-1-3-8-1-2,uses-input,CM-1-3-7-3-4,confidence,ContextualResolved,CandidateOnly
REL-01004,CM-1-3-8-1-2,uses-input,CM-1-3-7-3-4,decision_reference,Q11+Q12,Q12
REL-01004,CM-1-3-8-1-2,uses-input,CM-1-3-7-3-4,disposition,ResolvedToConcept,SoleCandidate
REL-01004,CM-1-3-8-1-2,uses-input,CM-1-3-7-3-4,emission_decision,emit after mechanical uniqueness validation,HOLD: context-confirmation pass
REL-01004,CM-1-3-8-1-2,uses-input,CM-1-3-7-3-4,evidence,unique exact preferred-label match,"unique exact preferred-label match (candidate filter only, per PR #120)"
REL-01004,CM-1-3-8-1-2,uses-input,CM-1-3-7-3-4,reason,unique label match to CM-1-3-7-3-4; no contradicting context,label filter leaves one candidate: CM-1-3-7-3-4; resolution requires context evidence
REL-01005,CM-1-3-8-1-2,governed-by,CM-1-3-7-2-1,confidence,ContextualResolved,CandidateOnly
REL-01005,CM-1-3-8-1-2,governed-by,CM-1-3-7-2-1,decision_reference,Q11+Q12,Q12
REL-01005,CM-1-3-8-1-2,governed-by,CM-1-3-7-2-1,disposition,ResolvedToConcept,SoleCandidate
REL-01005,CM-1-3-8-1-2,governed-by,CM-1-3-7-2-1,emission_decision,emit after mechanical uniqueness validation,HOLD: context-confirmation pass
REL-01005,CM-1-3-8-1-2,governed-by,CM-1-3-7-2-1,evidence,unique exact preferred-label match,"unique exact preferred-label match (candidate filter only, per PR #120)"
REL-01005,CM-1-3-8-1-2,governed-by,CM-1-3-7-2-1,reason,unique label match to CM-1-3-7-2-1; no contradicting context,label filter leaves one candidate: CM-1-3-7-2-1; resolution requires context evidence
REL-01006,CM-1-3-8-1-2,enables,CM-1-3-8-2-6,confidence,ContextualResolved,CandidateOnly
REL-01006,CM-1-3-8-1-2,enables,CM-1-3-8-2-6,decision_reference,Q11+Q12,Q12
REL-01006,CM-1-3-8-1-2,enables,CM-1-3-8-2-6,disposition,ResolvedToConcept,SoleCandidate
REL-01006,CM-1-3-8-1-2,enables,CM-1-3-8-2-6,emission_decision,emit after mechanical uniqueness validation,HOLD: context-confirmation pass
REL-01006,CM-1-3-8-1-2,enables,CM-1-3-8-2-6,evidence,unique exact preferred-label match,"unique exact preferred-label match (candidate filter only, per PR #120)"
REL-01006,CM-1-3-8-1-2,enables,CM-1-3-8-2-6,reason,unique label match to CM-1-3-8-2-6; no contradicting context,label filter leaves one candidate: CM-1-3-8-2-6; resolution requires context evidence
REL-01007,CM-1-3-8-1-3,uses-input,CM-1-3-7-1-4,confidence,ContextualResolved,CandidateOnly
REL-01007,CM-1-3-8-1-3,uses-input,CM-1-3-7-1-4,decision_reference,Q11+Q12,Q12
REL-01007,CM-1-3-8-1-3,uses-input,CM-1-3-7-1-4,disposition,ResolvedToConcept,SoleCandidate
REL-01007,CM-1-3-8-1-3,uses-input,CM-1-3-7-1-4,emission_decision,emit after mechanical uniqueness validation,HOLD: context-confirmation pass
REL-01007,CM-1-3-8-1-3,uses-input,CM-1-3-7-1-4,evidence,unique exact preferred-label match,"unique exact preferred-label match (candidate filter only, per PR #120)"
REL-01007,CM-1-3-8-1-3,uses-input,CM-1-3-7-1-4,reason,unique label match to CM-1-3-7-1-4; no contradicting context,label filter leaves one candidate: CM-1-3-7-1-4; resolution requires context evidence
REL-01008,CM-1-3-8-1-3,enables,CM-1-3-8-1-1,confidence,Resolved,StableIdentifier
REL-01009,CM-1-3-8-1-3,enables,CM-1-3-8-4-4,confidence,ContextualResolved,CandidateOnly
REL-01009,CM-1-3-8-1-3,enables,CM-1-3-8-4-4,decision_reference,Q11+Q12,Q12
REL-01009,CM-1-3-8-1-3,enables,CM-1-3-8-4-4,disposition,ResolvedToConcept,SoleCandidate
REL-01009,CM-1-3-8-1-3,enables,CM-1-3-8-4-4,emission_decision,emit after mechanical uniqueness validation,HOLD: context-confirmation pass
REL-01009,CM-1-3-8-1-3,enables,CM-1-3-8-4-4,evidence,unique exact preferred-label match,"unique exact preferred-label match (candidate filter only, per PR #120)"
REL-01009,CM-1-3-8-1-3,enables,CM-1-3-8-4-4,reason,unique label match to CM-1-3-8-4-4; no contradicting context,label filter leaves one candidate: CM-1-3-8-4-4; resolution requires context evidence
REL-01010,CM-1-3-8-1-4,uses-input,CM-1-3-6-4-3,confidence,ContextualResolved,CandidateOnly
REL-01010,CM-1-3-8-1-4,uses-input,CM-1-3-6-4-3,decision_reference,Q11+Q12,Q12
REL-01010,CM-1-3-8-1-4,uses-input,CM-1-3-6-4-3,disposition,ResolvedToConcept,SoleCandidate
REL-01010,CM-1-3-8-1-4,uses-input,CM-1-3-6-4-3,emission_decision,emit after mechanical uniqueness validation,HOLD: context-confirmation pass
REL-01010,CM-1-3-8-1-4,uses-input,CM-1-3-6-4-3,evidence,unique exact preferred-label match,"unique exact preferred-label match (candidate filter only, per PR #120)"
REL-01010,CM-1-3-8-1-4,uses-input,CM-1-3-6-4-3,reason,unique label match to CM-1-3-6-4-3; no contradicting context,label filter leaves one candidate: CM-1-3-6-4-3; resolution requires context evidence
REL-01011,CM-1-3-8-1-4,uses-input,CM-1-3-7-3-6,confidence,Resolved,StableIdentifier
REL-01012,CM-1-3-8-1-4,uses-input,CM-1-3-8-3-1,confidence,Resolved,StableIdentifier
REL-01013,CM-1-3-8-1-4,enables,CM-1-3-8-2,confidence,ContextualResolved,CandidateOnly
REL-01013,CM-1-3-8-1-4,enables,CM-1-3-8-2,decision_reference,Q11+Q12,Q12
REL-01013,CM-1-3-8-1-4,enables,CM-1-3-8-2,disposition,ResolvedToConcept,SoleCandidate
REL-01013,CM-1-3-8-1-4,enables,CM-1-3-8-2,emission_decision,emit after mechanical uniqueness validation,HOLD: context-confirmation pass
REL-01013,CM-1-3-8-1-4,enables,CM-1-3-8-2,evidence,unique exact preferred-label match,"unique exact preferred-label match (candidate filter only, per PR #120)"
REL-01013,CM-1-3-8-1-4,enables,CM-1-3-8-2,reason,unique label match to CM-1-3-8-2; no contradicting context,label filter leaves one candidate: CM-1-3-8-2; resolution requires context evidence
REL-01014,CM-1-3-8-1-5,follows,CM-1-3-8-1-1,confidence,Resolved,StableIdentifier
REL-01015,CM-1-3-8-1-5,uses-input,CM-1-3-7-5-3,confidence,ContextualResolved,CandidateOnly
REL-01015,CM-1-3-8-1-5,uses-input,CM-1-3-7-5-3,decision_reference,Q11+Q12,Q12
REL-01015,CM-1-3-8-1-5,uses-input,CM-1-3-7-5-3,disposition,ResolvedToConcept,SoleCandidate
REL-01015,CM-1-3-8-1-5,uses-input,CM-1-3-7-5-3,emission_decision,emit after mechanical uniqueness validation,HOLD: context-confirmation pass
REL-01015,CM-1-3-8-1-5,uses-input,CM-1-3-7-5-3,evidence,unique exact preferred-label match,"unique exact preferred-label match (candidate filter only, per PR #120)"
REL-01015,CM-1-3-8-1-5,uses-input,CM-1-3-7-5-3,reason,unique label match to CM-1-3-7-5-3; no contradicting context,label filter leaves one candidate: CM-1-3-7-5-3; resolution requires context evidence
REL-01016,CM-1-3-8-1-5,enables,CM-1-3-8-2,confidence,ContextualResolved,CandidateOnly
REL-01016,CM-1-3-8-1-5,enables,CM-1-3-8-2,decision_reference,Q11+Q12,Q12
REL-01016,CM-1-3-8-1-5,enables,CM-1-3-8-2,disposition,ResolvedToConcept,SoleCandidate
REL-01016,CM-1-3-8-1-5,enables,CM-1-3-8-2,emission_decision,emit after mechanical uniqueness validation,HOLD: context-confirmation pass
REL-01016,CM-1-3-8-1-5,enables,CM-1-3-8-2,evidence,unique exact preferred-label match,"unique exact preferred-label match (candidate filter only, per PR #120)"
REL-01016,CM-1-3-8-1-5,enables,CM-1-3-8-2,reason,unique label match to CM-1-3-8-2; no contradicting context,label filter leaves one candidate: CM-1-3-8-2; resolution requires context evidence
REL-01017,CM-1-3-8-2-1,uses-input,CM-1-3-8-1-1,confidence,Resolved,StableIdentifier
REL-01018,CM-1-3-8-2-1,precedes,CM-1-3-8-2-3,confidence,ContextualResolved,CandidateOnly
REL-01018,CM-1-3-8-2-1,precedes,CM-1-3-8-2-3,decision_reference,Q11+Q12,Q12
REL-01018,CM-1-3-8-2-1,precedes,CM-1-3-8-2-3,disposition,ResolvedToConcept,SoleCandidate
REL-01018,CM-1-3-8-2-1,precedes,CM-1-3-8-2-3,emission_decision,emit after mechanical uniqueness validation,HOLD: context-confirmation pass
REL-01018,CM-1-3-8-2-1,precedes,CM-1-3-8-2-3,evidence,unique exact preferred-label match,"unique exact preferred-label match (candidate filter only, per PR #120)"
REL-01018,CM-1-3-8-2-1,precedes,CM-1-3-8-2-3,reason,unique label match to CM-1-3-8-2-3; no contradicting context,label filter leaves one candidate: CM-1-3-8-2-3; resolution requires context evidence
REL-01019,CM-1-3-8-2-1,governed-by,CM-1-3-8-2,confidence,ContextualResolved,CandidateOnly
REL-01019,CM-1-3-8-2-1,governed-by,CM-1-3-8-2,decision_reference,Q11+Q12,Q12
REL-01019,CM-1-3-8-2-1,governed-by,CM-1-3-8-2,disposition,ResolvedToConcept,SoleCandidate
REL-01019,CM-1-3-8-2-1,governed-by,CM-1-3-8-2,emission_decision,emit after mechanical uniqueness validation,HOLD: context-confirmation pass
REL-01019,CM-1-3-8-2-1,governed-by,CM-1-3-8-2,evidence,unique exact preferred-label match,"unique exact preferred-label match (candidate filter only, per PR #120)"
REL-01019,CM-1-3-8-2-1,governed-by,CM-1-3-8-2,reason,unique label match to CM-1-3-8-2; no contradicting context,label filter leaves one candidate: CM-1-3-8-2; resolution requires context evidence
REL-01020,CM-1-3-8-2-2,follows,CM-1-3-8-2-1,confidence,Resolved,StableIdentifier
REL-01021,CM-1-3-8-2-2,precedes,CM-1-3-8-2-3,confidence,ContextualResolved,CandidateOnly
REL-01021,CM-1-3-8-2-2,precedes,CM-1-3-8-2-3,decision_reference,Q11+Q12,Q12
REL-01021,CM-1-3-8-2-2,precedes,CM-1-3-8-2-3,disposition,ResolvedToConcept,SoleCandidate
REL-01021,CM-1-3-8-2-2,precedes,CM-1-3-8-2-3,emission_decision,emit after mechanical uniqueness validation,HOLD: context-confirmation pass
REL-01021,CM-1-3-8-2-2,precedes,CM-1-3-8-2-3,evidence,unique exact preferred-label match,"unique exact preferred-label match (candidate filter only, per PR #120)"
REL-01021,CM-1-3-8-2-2,precedes,CM-1-3-8-2-3,reason,unique label match to CM-1-3-8-2-3; no contradicting context,label filter leaves one candidate: CM-1-3-8-2-3; resolution requires context evidence
REL-01022,CM-1-3-8-2-2,uses-input,CM-1-3-7-2-6,confidence,ContextualResolved,CandidateOnly
REL-01022,CM-1-3-8-2-2,uses-input,CM-1-3-7-2-6,decision_reference,Q11+Q12,Q12
REL-01022,CM-1-3-8-2-2,uses-input,CM-1-3-7-2-6,disposition,ResolvedToConcept,SoleCandidate
REL-01022,CM-1-3-8-2-2,uses-input,CM-1-3-7-2-6,emission_decision,emit after mechanical uniqueness validation,HOLD: context-confirmation pass
REL-01022,CM-1-3-8-2-2,uses-input,CM-1-3-7-2-6,evidence,unique exact preferred-label match,"unique exact preferred-label match (candidate filter only, per PR #120)"
REL-01022,CM-1-3-8-2-2,uses-input,CM-1-3-7-2-6,reason,unique label match to CM-1-3-7-2-6; no contradicting context,label filter leaves one candidate: CM-1-3-7-2-6; resolution requires context evidence
REL-01023,CM-1-3-8-2-3,follows,CM-1-3-8-2-2,confidence,ContextualResolved,CandidateOnly
REL-01023,CM-1-3-8-2-3,follows,CM-1-3-8-2-2,decision_reference,Q11+Q12,Q12
REL-01023,CM-1-3-8-2-3,follows,CM-1-3-8-2-2,disposition,ResolvedToConcept,SoleCandidate
REL-01023,CM-1-3-8-2-3,follows,CM-1-3-8-2-2,emission_decision,emit after mechanical uniqueness validation,HOLD: context-confirmation pass
REL-01023,CM-1-3-8-2-3,follows,CM-1-3-8-2-2,evidence,unique exact preferred-label match,"unique exact preferred-label match (candidate filter only, per PR #120)"
REL-01023,CM-1-3-8-2-3,follows,CM-1-3-8-2-2,reason,unique label match to CM-1-3-8-2-2; no contradicting context,label filter leaves one candidate: CM-1-3-8-2-2; resolution requires context evidence
REL-01024,CM-1-3-8-2-3,enables,CM-1-3-8-2-4,confidence,Resolved,StableIdentifier
REL-01025,CM-1-3-8-2-3,enables,CM-1-3-8-3-2,confidence,Resolved,StableIdentifier
REL-01026,CM-1-3-8-2-4,follows,CM-1-3-8-2-3,confidence,ContextualResolved,CandidateOnly
REL-01026,CM-1-3-8-2-4,follows,CM-1-3-8-2-3,decision_reference,Q11+Q12,Q12
REL-01026,CM-1-3-8-2-4,follows,CM-1-3-8-2-3,disposition,ResolvedToConcept,SoleCandidate
REL-01026,CM-1-3-8-2-4,follows,CM-1-3-8-2-3,emission_decision,emit after mechanical uniqueness validation,HOLD: context-confirmation pass
REL-01026,CM-1-3-8-2-4,follows,CM-1-3-8-2-3,evidence,unique exact preferred-label match,"unique exact preferred-label match (candidate filter only, per PR #120)"
REL-01026,CM-1-3-8-2-4,follows,CM-1-3-8-2-3,reason,unique label match to CM-1-3-8-2-3; no contradicting context,label filter leaves one candidate: CM-1-3-8-2-3; resolution requires context evidence
REL-01027,CM-1-3-8-2-4,uses-input,CM-1-3-7-5-3,confidence,ContextualResolved,CandidateOnly
REL-01027,CM-1-3-8-2-4,uses-input,CM-1-3-7-5-3,decision_reference,Q11+Q12,Q12
REL-01027,CM-1-3-8-2-4,uses-input,CM-1-3-7-5-3,disposition,ResolvedToConcept,SoleCandidate
REL-01027,CM-1-3-8-2-4,uses-input,CM-1-3-7-5-3,emission_decision,emit after mechanical uniqueness validation,HOLD: context-confirmation pass
REL-01027,CM-1-3-8-2-4,uses-input,CM-1-3-7-5-3,evidence,unique exact preferred-label match,"unique exact preferred-label match (candidate filter only, per PR #120)"
REL-01027,CM-1-3-8-2-4,uses-input,CM-1-3-7-5-3,reason,unique label match to CM-1-3-7-5-3; no contradicting context,label filter leaves one candidate: CM-1-3-7-5-3; resolution requires context evidence
REL-01028,CM-1-3-8-2-4,enables,CM-1-3-8-4-2,candidate_labels,AR Reconciliation / Compliance,Perform AR Reconciliation and Compliance
REL-01028,CM-1-3-8-2-4,enables,CM-1-3-8-4-2,confidence,ContextualResolved,StableIdentifier
REL-01028,CM-1-3-8-2-4,enables,CM-1-3-8-4-2,emission_decision,emit after mechanical uniqueness validation,emit automatically after subject/target existence checks
REL-01028,CM-1-3-8-2-4,enables,CM-1-3-8-4-2,evidence,unique exact preferred-label match,stable identifier CM-1-3-8-4-2 carried in mention text
REL-01028,CM-1-3-8-2-4,enables,CM-1-3-8-4-2,raw_target,AR Reconciliation / Compliance,Perform AR Reconciliation and Compliance (CM-1-3-8-4-2)
REL-01028,CM-1-3-8-2-4,enables,CM-1-3-8-4-2,reason,unique label match to CM-1-3-8-4-2; no contradicting context,target carries its slug; resolves to Perform AR Reconciliation and Compliance
REL-01029,CM-1-3-8-2-5,uses-input,CM-1-3-6-6-14,confidence,ContextualResolved,CandidateOnly
REL-01029,CM-1-3-8-2-5,uses-input,CM-1-3-6-6-14,decision_reference,Q11+Q12,Q12
REL-01029,CM-1-3-8-2-5,uses-input,CM-1-3-6-6-14,disposition,ResolvedToConcept,SoleCandidate
REL-01029,CM-1-3-8-2-5,uses-input,CM-1-3-6-6-14,emission_decision,emit after mechanical uniqueness validation,HOLD: context-confirmation pass
REL-01029,CM-1-3-8-2-5,uses-input,CM-1-3-6-6-14,evidence,unique exact preferred-label match,"unique exact preferred-label match (candidate filter only, per PR #120)"
REL-01029,CM-1-3-8-2-5,uses-input,CM-1-3-6-6-14,reason,unique label match to CM-1-3-6-6-14; no contradicting context,label filter leaves one candidate: CM-1-3-6-6-14; resolution requires context evidence
REL-01030,CM-1-3-8-2-5,uses-input,CM-1-3-8-2-3,confidence,ContextualResolved,CandidateOnly
REL-01030,CM-1-3-8-2-5,uses-input,CM-1-3-8-2-3,decision_reference,Q11+Q12,Q12
REL-01030,CM-1-3-8-2-5,uses-input,CM-1-3-8-2-3,disposition,ResolvedToConcept,SoleCandidate
REL-01030,CM-1-3-8-2-5,uses-input,CM-1-3-8-2-3,emission_decision,emit after mechanical uniqueness validation,HOLD: context-confirmation pass
REL-01030,CM-1-3-8-2-5,uses-input,CM-1-3-8-2-3,evidence,unique exact preferred-label match,"unique exact preferred-label match (candidate filter only, per PR #120)"
REL-01030,CM-1-3-8-2-5,uses-input,CM-1-3-8-2-3,reason,unique label match to CM-1-3-8-2-3; no contradicting context,label filter leaves one candidate: CM-1-3-8-2-3; resolution requires context evidence
REL-01031,CM-1-3-8-2-5,enables,CM-1-3-8-4-2,candidate_labels,AR Reconciliation / Compliance,Perform AR Reconciliation and Compliance
REL-01031,CM-1-3-8-2-5,enables,CM-1-3-8-4-2,confidence,ContextualResolved,StableIdentifier
REL-01031,CM-1-3-8-2-5,enables,CM-1-3-8-4-2,emission_decision,emit after mechanical uniqueness validation,emit automatically after subject/target existence checks
REL-01031,CM-1-3-8-2-5,enables,CM-1-3-8-4-2,evidence,unique exact preferred-label match,stable identifier CM-1-3-8-4-2 carried in mention text
REL-01031,CM-1-3-8-2-5,enables,CM-1-3-8-4-2,raw_target,AR Reconciliation / Compliance,Perform AR Reconciliation and Compliance (CM-1-3-8-4-2)
REL-01031,CM-1-3-8-2-5,enables,CM-1-3-8-4-2,reason,unique label match to CM-1-3-8-4-2; no contradicting context,target carries its slug; resolves to Perform AR Reconciliation and Compliance
REL-01032,CM-1-3-8-2-6,uses-input,CM-1-3-8-1-1,confidence,Resolved,StableIdentifier
REL-01033,CM-1-3-8-2-6,uses-input,CM-1-3-8-1-2,confidence,Resolved,StableIdentifier
REL-01034,CM-1-3-8-2-6,uses-input,CM-1-3-8-4-3,candidate_labels,Accruals Analysis And Calculation,Analyze and Calculate Accruals
REL-01034,CM-1-3-8-2-6,uses-input,CM-1-3-8-4-3,confidence,ContextualResolved,StableIdentifier
REL-01034,CM-1-3-8-2-6,uses-input,CM-1-3-8-4-3,emission_decision,emit after mechanical uniqueness validation,emit automatically after subject/target existence checks
REL-01034,CM-1-3-8-2-6,uses-input,CM-1-3-8-4-3,evidence,unique exact preferred-label match,stable identifier CM-1-3-8-4-3 carried in mention text
REL-01034,CM-1-3-8-2-6,uses-input,CM-1-3-8-4-3,raw_target,Accruals Analysis And Calculation,Analyze and Calculate Accruals (CM-1-3-8-4-3)
REL-01034,CM-1-3-8-2-6,uses-input,CM-1-3-8-4-3,reason,unique label match to CM-1-3-8-4-3; no contradicting context,target carries its slug; resolves to Analyze and Calculate Accruals
REL-01035,CM-1-3-8-2-6,enables,CM-1-3-8-4-1,candidate_labels,Period End Processing,Perform Period-End Processing
REL-01035,CM-1-3-8-2-6,enables,CM-1-3-8-4-1,confidence,ContextualResolved,StableIdentifier
REL-01035,CM-1-3-8-2-6,enables,CM-1-3-8-4-1,emission_decision,emit after mechanical uniqueness validation,emit automatically after subject/target existence checks
REL-01035,CM-1-3-8-2-6,enables,CM-1-3-8-4-1,evidence,unique exact preferred-label match,stable identifier CM-1-3-8-4-1 carried in mention text
REL-01035,CM-1-3-8-2-6,enables,CM-1-3-8-4-1,raw_target,Period End Processing,Perform Period-End Processing (CM-1-3-8-4-1)
REL-01035,CM-1-3-8-2-6,enables,CM-1-3-8-4-1,reason,unique label match to CM-1-3-8-4-1; no contradicting context,target carries its slug; resolves to Perform Period-End Processing
REL-01036,CM-1-3-8-3-1,uses-input,CM-1-3-7-5-3,confidence,ContextualResolved,CandidateOnly
REL-01036,CM-1-3-8-3-1,uses-input,CM-1-3-7-5-3,decision_reference,Q11+Q12,Q12
REL-01036,CM-1-3-8-3-1,uses-input,CM-1-3-7-5-3,disposition,ResolvedToConcept,SoleCandidate
REL-01036,CM-1-3-8-3-1,uses-input,CM-1-3-7-5-3,emission_decision,emit after mechanical uniqueness validation,HOLD: context-confirmation pass
REL-01036,CM-1-3-8-3-1,uses-input,CM-1-3-7-5-3,evidence,unique exact preferred-label match,"unique exact preferred-label match (candidate filter only, per PR #120)"
REL-01036,CM-1-3-8-3-1,uses-input,CM-1-3-7-5-3,reason,unique label match to CM-1-3-7-5-3; no contradicting context,label filter leaves one candidate: CM-1-3-7-5-3; resolution requires context evidence
REL-01037,CM-1-3-8-3-1,enables,CM-1-3-8-1-4,confidence,ContextualResolved,CandidateOnly
REL-01037,CM-1-3-8-3-1,enables,CM-1-3-8-1-4,decision_reference,Q11+Q12,Q12
REL-01037,CM-1-3-8-3-1,enables,CM-1-3-8-1-4,disposition,ResolvedToConcept,SoleCandidate
REL-01037,CM-1-3-8-3-1,enables,CM-1-3-8-1-4,emission_decision,emit after mechanical uniqueness validation,HOLD: context-confirmation pass
REL-01037,CM-1-3-8-3-1,enables,CM-1-3-8-1-4,evidence,unique exact preferred-label match,"unique exact preferred-label match (candidate filter only, per PR #120)"
REL-01037,CM-1-3-8-3-1,enables,CM-1-3-8-1-4,reason,unique label match to CM-1-3-8-1-4; no contradicting context,label filter leaves one candidate: CM-1-3-8-1-4; resolution requires context evidence
REL-01038,CM-1-3-8-3-1,enables,CM-1-3-8-3-2,confidence,Resolved,StableIdentifier
REL-01039,CM-1-3-8-3-1,enables,CM-1-3-8-3-4,confidence,Resolved,StableIdentifier
REL-01040,CM-1-3-8-3-2,uses-input,CM-1-3-8-2-3,confidence,ContextualResolved,CandidateOnly
REL-01040,CM-1-3-8-3-2,uses-input,CM-1-3-8-2-3,decision_reference,Q11+Q12,Q12
REL-01040,CM-1-3-8-3-2,uses-input,CM-1-3-8-2-3,disposition,ResolvedToConcept,SoleCandidate
REL-01040,CM-1-3-8-3-2,uses-input,CM-1-3-8-2-3,emission_decision,emit after mechanical uniqueness validation,HOLD: context-confirmation pass
REL-01040,CM-1-3-8-3-2,uses-input,CM-1-3-8-2-3,evidence,unique exact preferred-label match,"unique exact preferred-label match (candidate filter only, per PR #120)"
REL-01040,CM-1-3-8-3-2,uses-input,CM-1-3-8-2-3,reason,unique label match to CM-1-3-8-2-3; no contradicting context,label filter leaves one candidate: CM-1-3-8-2-3; resolution requires context evidence
REL-01041,CM-1-3-8-3-2,informed-by,CM-1-3-7-4-3,confidence,ContextualResolved,CandidateOnly
REL-01041,CM-1-3-8-3-2,informed-by,CM-1-3-7-4-3,decision_reference,Q11+Q12,Q12
REL-01041,CM-1-3-8-3-2,informed-by,CM-1-3-7-4-3,disposition,ResolvedToConcept,SoleCandidate
REL-01041,CM-1-3-8-3-2,informed-by,CM-1-3-7-4-3,emission_decision,emit after mechanical uniqueness validation,HOLD: context-confirmation pass
REL-01041,CM-1-3-8-3-2,informed-by,CM-1-3-7-4-3,evidence,unique exact preferred-label match,"unique exact preferred-label match (candidate filter only, per PR #120)"
REL-01041,CM-1-3-8-3-2,informed-by,CM-1-3-7-4-3,reason,unique label match to CM-1-3-7-4-3; no contradicting context,label filter leaves one candidate: CM-1-3-7-4-3; resolution requires context evidence
REL-01042,CM-1-3-8-3-2,uses-input,CM-1-3-6-6-6,confidence,Resolved,StableIdentifier
REL-01043,CM-1-3-8-3-2,enables,CM-1-3-8-3-3,confidence,Resolved,StableIdentifier
REL-01044,CM-1-3-8-3-3,uses-input,CM-1-3-7-4-4,confidence,ContextualResolved,CandidateOnly
REL-01044,CM-1-3-8-3-3,uses-input,CM-1-3-7-4-4,decision_reference,Q11+Q12,Q12
REL-01044,CM-1-3-8-3-3,uses-input,CM-1-3-7-4-4,disposition,ResolvedToConcept,SoleCandidate
REL-01044,CM-1-3-8-3-3,uses-input,CM-1-3-7-4-4,emission_decision,emit after mechanical uniqueness validation,HOLD: context-confirmation pass
REL-01044,CM-1-3-8-3-3,uses-input,CM-1-3-7-4-4,evidence,unique exact preferred-label match,"unique exact preferred-label match (candidate filter only, per PR #120)"
REL-01044,CM-1-3-8-3-3,uses-input,CM-1-3-7-4-4,reason,unique label match to CM-1-3-7-4-4; no contradicting context,label filter leaves one candidate: CM-1-3-7-4-4; resolution requires context evidence
REL-01045,CM-1-3-8-3-3,uses-input,CM-1-3-8-3-2,confidence,Resolved,StableIdentifier
REL-01046,CM-1-3-8-3-3,enables,CM-1-3-8-4-1,candidate_labels,Period End Processing,Perform Period-End Processing
REL-01046,CM-1-3-8-3-3,enables,CM-1-3-8-4-1,confidence,ContextualResolved,StableIdentifier
REL-01046,CM-1-3-8-3-3,enables,CM-1-3-8-4-1,emission_decision,emit after mechanical uniqueness validation,emit automatically after subject/target existence checks
REL-01046,CM-1-3-8-3-3,enables,CM-1-3-8-4-1,evidence,unique exact preferred-label match,stable identifier CM-1-3-8-4-1 carried in mention text
REL-01046,CM-1-3-8-3-3,enables,CM-1-3-8-4-1,raw_target,Period End Processing,Perform Period-End Processing (CM-1-3-8-4-1)
REL-01046,CM-1-3-8-3-3,enables,CM-1-3-8-4-1,reason,unique label match to CM-1-3-8-4-1; no contradicting context,target carries its slug; resolves to Perform Period-End Processing
REL-01047,CM-1-3-8-3-4,uses-input,CM-1-3-8-3-1,confidence,Resolved,StableIdentifier
REL-01048,CM-1-3-8-3-4,uses-input,CM-1-3-8-1-5,confidence,Resolved,StableIdentifier
REL-01049,CM-1-3-8-3-4,enables,CM-1-3-7-4-1,confidence,ContextualResolved,CandidateOnly
REL-01049,CM-1-3-8-3-4,enables,CM-1-3-7-4-1,decision_reference,Q11+Q12,Q12
REL-01049,CM-1-3-8-3-4,enables,CM-1-3-7-4-1,disposition,ResolvedToConcept,SoleCandidate
REL-01049,CM-1-3-8-3-4,enables,CM-1-3-7-4-1,emission_decision,emit after mechanical uniqueness validation,HOLD: context-confirmation pass
REL-01049,CM-1-3-8-3-4,enables,CM-1-3-7-4-1,evidence,unique exact preferred-label match,"unique exact preferred-label match (candidate filter only, per PR #120)"
REL-01049,CM-1-3-8-3-4,enables,CM-1-3-7-4-1,reason,unique label match to CM-1-3-7-4-1; no contradicting context,label filter leaves one candidate: CM-1-3-7-4-1; resolution requires context evidence
REL-01050,CM-1-3-8-4-1,uses-input,CM-1-3-8-2-6,confidence,ContextualResolved,CandidateOnly
REL-01050,CM-1-3-8-4-1,uses-input,CM-1-3-8-2-6,decision_reference,Q11+Q12,Q12
REL-01050,CM-1-3-8-4-1,uses-input,CM-1-3-8-2-6,disposition,ResolvedToConcept,SoleCandidate
REL-01050,CM-1-3-8-4-1,uses-input,CM-1-3-8-2-6,emission_decision,emit after mechanical uniqueness validation,HOLD: context-confirmation pass
REL-01050,CM-1-3-8-4-1,uses-input,CM-1-3-8-2-6,evidence,unique exact preferred-label match,"unique exact preferred-label match (candidate filter only, per PR #120)"
REL-01050,CM-1-3-8-4-1,uses-input,CM-1-3-8-2-6,reason,unique label match to CM-1-3-8-2-6; no contradicting context,label filter leaves one candidate: CM-1-3-8-2-6; resolution requires context evidence
REL-01050,CM-1-3-8-4-1,uses-input,CM-1-3-8-2-6,source_label,Period End Processing,Perform Period-End Processing
REL-01051,CM-1-3-8-4-1,uses-input,CM-1-3-8-3-3,confidence,Resolved,StableIdentifier
REL-01051,CM-1-3-8-4-1,uses-input,CM-1-3-8-3-3,source_label,Period End Processing,Perform Period-End Processing
REL-01052,CM-1-3-8-4-1,uses-input,CM-1-3-8-4-3,candidate_labels,Accruals Analysis And Calculation,Analyze and Calculate Accruals
REL-01052,CM-1-3-8-4-1,uses-input,CM-1-3-8-4-3,confidence,ContextualResolved,StableIdentifier
REL-01052,CM-1-3-8-4-1,uses-input,CM-1-3-8-4-3,emission_decision,emit after mechanical uniqueness validation,emit automatically after subject/target existence checks
REL-01052,CM-1-3-8-4-1,uses-input,CM-1-3-8-4-3,evidence,unique exact preferred-label match,stable identifier CM-1-3-8-4-3 carried in mention text
REL-01052,CM-1-3-8-4-1,uses-input,CM-1-3-8-4-3,raw_target,Accruals Analysis And Calculation,Analyze and Calculate Accruals (CM-1-3-8-4-3)
REL-01052,CM-1-3-8-4-1,uses-input,CM-1-3-8-4-3,reason,unique label match to CM-1-3-8-4-3; no contradicting context,target carries its slug; resolves to Analyze and Calculate Accruals
REL-01052,CM-1-3-8-4-1,uses-input,CM-1-3-8-4-3,source_label,Period End Processing,Perform Period-End Processing
REL-01053,CM-1-3-8-4-1,enables,CM-1-3-8-4-2,candidate_labels,AR Reconciliation / Compliance,Perform AR Reconciliation and Compliance
REL-01053,CM-1-3-8-4-1,enables,CM-1-3-8-4-2,confidence,ContextualResolved,StableIdentifier
REL-01053,CM-1-3-8-4-1,enables,CM-1-3-8-4-2,emission_decision,emit after mechanical uniqueness validation,emit automatically after subject/target existence checks
REL-01053,CM-1-3-8-4-1,enables,CM-1-3-8-4-2,evidence,unique exact preferred-label match,stable identifier CM-1-3-8-4-2 carried in mention text
REL-01053,CM-1-3-8-4-1,enables,CM-1-3-8-4-2,raw_target,AR Reconciliation / Compliance,Perform AR Reconciliation and Compliance (CM-1-3-8-4-2)
REL-01053,CM-1-3-8-4-1,enables,CM-1-3-8-4-2,reason,unique label match to CM-1-3-8-4-2; no contradicting context,target carries its slug; resolves to Perform AR Reconciliation and Compliance
REL-01053,CM-1-3-8-4-1,enables,CM-1-3-8-4-2,source_label,Period End Processing,Perform Period-End Processing
REL-01054,CM-1-3-8-4-2,uses-input,CM-1-3-8-2-5,confidence,Resolved,StableIdentifier
REL-01054,CM-1-3-8-4-2,uses-input,CM-1-3-8-2-5,source_label,AR Reconciliation / Compliance,Perform AR Reconciliation and Compliance
REL-01055,CM-1-3-8-4-2,uses-input,CM-1-3-8-2-4,confidence,Resolved,StableIdentifier
REL-01055,CM-1-3-8-4-2,uses-input,CM-1-3-8-2-4,source_label,AR Reconciliation / Compliance,Perform AR Reconciliation and Compliance
REL-01056,CM-1-3-8-4-2,enables,CM-1-3-8-4-1,candidate_labels,Period End Processing,Perform Period-End Processing
REL-01056,CM-1-3-8-4-2,enables,CM-1-3-8-4-1,confidence,ContextualResolved,StableIdentifier
REL-01056,CM-1-3-8-4-2,enables,CM-1-3-8-4-1,emission_decision,emit after mechanical uniqueness validation,emit automatically after subject/target existence checks
REL-01056,CM-1-3-8-4-2,enables,CM-1-3-8-4-1,evidence,unique exact preferred-label match,stable identifier CM-1-3-8-4-1 carried in mention text
REL-01056,CM-1-3-8-4-2,enables,CM-1-3-8-4-1,raw_target,Period End Processing,Perform Period-End Processing (CM-1-3-8-4-1)
REL-01056,CM-1-3-8-4-2,enables,CM-1-3-8-4-1,reason,unique label match to CM-1-3-8-4-1; no contradicting context,target carries its slug; resolves to Perform Period-End Processing
REL-01056,CM-1-3-8-4-2,enables,CM-1-3-8-4-1,source_label,AR Reconciliation / Compliance,Perform AR Reconciliation and Compliance
REL-01057,CM-1-3-8-4-3,uses-input,CM-1-3-6-4-3,confidence,ContextualResolved,CandidateOnly
REL-01057,CM-1-3-8-4-3,uses-input,CM-1-3-6-4-3,decision_reference,Q11+Q12,Q12
REL-01057,CM-1-3-8-4-3,uses-input,CM-1-3-6-4-3,disposition,ResolvedToConcept,SoleCandidate
REL-01057,CM-1-3-8-4-3,uses-input,CM-1-3-6-4-3,emission_decision,emit after mechanical uniqueness validation,HOLD: context-confirmation pass
REL-01057,CM-1-3-8-4-3,uses-input,CM-1-3-6-4-3,evidence,unique exact preferred-label match,"unique exact preferred-label match (candidate filter only, per PR #120)"
REL-01057,CM-1-3-8-4-3,uses-input,CM-1-3-6-4-3,reason,unique label match to CM-1-3-6-4-3; no contradicting context,label filter leaves one candidate: CM-1-3-6-4-3; resolution requires context evidence
REL-01057,CM-1-3-8-4-3,uses-input,CM-1-3-6-4-3,source_label,Accruals Analysis And Calculation,Analyze and Calculate Accruals
REL-01058,CM-1-3-8-4-3,uses-input,CM-1-3-6-6-15,confidence,ContextualResolved,CandidateOnly
REL-01058,CM-1-3-8-4-3,uses-input,CM-1-3-6-6-15,decision_reference,Q11+Q12,Q12
REL-01058,CM-1-3-8-4-3,uses-input,CM-1-3-6-6-15,disposition,ResolvedToConcept,SoleCandidate
REL-01058,CM-1-3-8-4-3,uses-input,CM-1-3-6-6-15,emission_decision,emit after mechanical uniqueness validation,HOLD: context-confirmation pass
REL-01058,CM-1-3-8-4-3,uses-input,CM-1-3-6-6-15,evidence,unique exact preferred-label match,"unique exact preferred-label match (candidate filter only, per PR #120)"
REL-01058,CM-1-3-8-4-3,uses-input,CM-1-3-6-6-15,reason,unique label match to CM-1-3-6-6-15; no contradicting context,label filter leaves one candidate: CM-1-3-6-6-15; resolution requires context evidence
REL-01058,CM-1-3-8-4-3,uses-input,CM-1-3-6-6-15,source_label,Accruals Analysis And Calculation,Analyze and Calculate Accruals
REL-01059,CM-1-3-8-4-3,enables,CM-1-3-8-2-6,confidence,ContextualResolved,CandidateOnly
REL-01059,CM-1-3-8-4-3,enables,CM-1-3-8-2-6,decision_reference,Q11+Q12,Q12
REL-01059,CM-1-3-8-4-3,enables,CM-1-3-8-2-6,disposition,ResolvedToConcept,SoleCandidate
REL-01059,CM-1-3-8-4-3,enables,CM-1-3-8-2-6,emission_decision,emit after mechanical uniqueness validation,HOLD: context-confirmation pass
REL-01059,CM-1-3-8-4-3,enables,CM-1-3-8-2-6,evidence,unique exact preferred-label match,"unique exact preferred-label match (candidate filter only, per PR #120)"
REL-01059,CM-1-3-8-4-3,enables,CM-1-3-8-2-6,reason,unique label match to CM-1-3-8-2-6; no contradicting context,label filter leaves one candidate: CM-1-3-8-2-6; resolution requires context evidence
REL-01059,CM-1-3-8-4-3,enables,CM-1-3-8-2-6,source_label,Accruals Analysis And Calculation,Analyze and Calculate Accruals
REL-01060,CM-1-3-8-4-3,enables,CM-1-3-8-4-1,candidate_labels,Period End Processing,Perform Period-End Processing
REL-01060,CM-1-3-8-4-3,enables,CM-1-3-8-4-1,confidence,ContextualResolved,StableIdentifier
REL-01060,CM-1-3-8-4-3,enables,CM-1-3-8-4-1,emission_decision,emit after mechanical uniqueness validation,emit automatically after subject/target existence checks
REL-01060,CM-1-3-8-4-3,enables,CM-1-3-8-4-1,evidence,unique exact preferred-label match,stable identifier CM-1-3-8-4-1 carried in mention text
REL-01060,CM-1-3-8-4-3,enables,CM-1-3-8-4-1,raw_target,Period End Processing,Perform Period-End Processing (CM-1-3-8-4-1)
REL-01060,CM-1-3-8-4-3,enables,CM-1-3-8-4-1,reason,unique label match to CM-1-3-8-4-1; no contradicting context,target carries its slug; resolves to Perform Period-End Processing
REL-01060,CM-1-3-8-4-3,enables,CM-1-3-8-4-1,source_label,Accruals Analysis And Calculation,Analyze and Calculate Accruals
REL-01061,CM-1-3-8-4-4,uses-input,CM-1-3-8-4-5,emission_decision,emit: approved pattern row; subject to promotion-script exact-row guards,HOLD: targeted human review before emission
REL-01061,CM-1-3-8-4-4,uses-input,CM-1-3-8-4-5,evidence,source and candidate share parent CM-1-3-8-4 (same decomposition pattern) — sibling review package: APPROVED,source and candidate share parent CM-1-3-8-4 (same decomposition pattern)
REL-01061,CM-1-3-8-4-4,uses-input,CM-1-3-8-4-5,reason,sibling-step inference within CM-1-3-8-4 — held for human review,sibling-step inference — human review required before emission
REL-01061,CM-1-3-8-4-4,uses-input,CM-1-3-8-4-5,review_trigger,revalidate if either concept is renamed/reparented,
REL-01062,CM-1-3-8-4-4,uses-input,CM-1-3-7-1-4,confidence,ContextualResolved,CandidateOnly
REL-01062,CM-1-3-8-4-4,uses-input,CM-1-3-7-1-4,decision_reference,Q11+Q12,Q12
REL-01062,CM-1-3-8-4-4,uses-input,CM-1-3-7-1-4,disposition,ResolvedToConcept,SoleCandidate
REL-01062,CM-1-3-8-4-4,uses-input,CM-1-3-7-1-4,emission_decision,emit after mechanical uniqueness validation,HOLD: context-confirmation pass
REL-01062,CM-1-3-8-4-4,uses-input,CM-1-3-7-1-4,evidence,unique exact preferred-label match,"unique exact preferred-label match (candidate filter only, per PR #120)"
REL-01062,CM-1-3-8-4-4,uses-input,CM-1-3-7-1-4,reason,unique label match to CM-1-3-7-1-4; no contradicting context,label filter leaves one candidate: CM-1-3-7-1-4; resolution requires context evidence
REL-01063,CM-1-3-8-4-4,enables,CM-1-3-8-4-1,candidate_labels,Period End Processing,Perform Period-End Processing
REL-01063,CM-1-3-8-4-4,enables,CM-1-3-8-4-1,confidence,ContextualResolved,StableIdentifier
REL-01063,CM-1-3-8-4-4,enables,CM-1-3-8-4-1,emission_decision,emit after mechanical uniqueness validation,emit automatically after subject/target existence checks
REL-01063,CM-1-3-8-4-4,enables,CM-1-3-8-4-1,evidence,unique exact preferred-label match,stable identifier CM-1-3-8-4-1 carried in mention text
REL-01063,CM-1-3-8-4-4,enables,CM-1-3-8-4-1,raw_target,Period End Processing,Perform Period-End Processing (CM-1-3-8-4-1)
REL-01063,CM-1-3-8-4-4,enables,CM-1-3-8-4-1,reason,unique label match to CM-1-3-8-4-1; no contradicting context,target carries its slug; resolves to Perform Period-End Processing
REL-01064,CM-1-3-8-4-5,enables,CM-1-3-7-1-4,confidence,ContextualResolved,CandidateOnly
REL-01064,CM-1-3-8-4-5,enables,CM-1-3-7-1-4,decision_reference,Q11+Q12,Q12
REL-01064,CM-1-3-8-4-5,enables,CM-1-3-7-1-4,disposition,ResolvedToConcept,SoleCandidate
REL-01064,CM-1-3-8-4-5,enables,CM-1-3-7-1-4,emission_decision,emit after mechanical uniqueness validation,HOLD: context-confirmation pass
REL-01064,CM-1-3-8-4-5,enables,CM-1-3-7-1-4,evidence,unique exact preferred-label match,"unique exact preferred-label match (candidate filter only, per PR #120)"
REL-01064,CM-1-3-8-4-5,enables,CM-1-3-7-1-4,reason,unique label match to CM-1-3-7-1-4; no contradicting context,label filter leaves one candidate: CM-1-3-7-1-4; resolution requires context evidence
REL-01065,CM-1-3-8-4-5,uses-input,CM-1-3-8-4-4,confidence,ContextualResolved,CandidateOnly
REL-01065,CM-1-3-8-4-5,uses-input,CM-1-3-8-4-4,decision_reference,Q11+Q12,Q12
REL-01065,CM-1-3-8-4-5,uses-input,CM-1-3-8-4-4,disposition,ResolvedToConcept,SoleCandidate
REL-01065,CM-1-3-8-4-5,uses-input,CM-1-3-8-4-4,emission_decision,emit after mechanical uniqueness validation,HOLD: context-confirmation pass
REL-01065,CM-1-3-8-4-5,uses-input,CM-1-3-8-4-4,evidence,unique exact preferred-label match,"unique exact preferred-label match (candidate filter only, per PR #120)"
REL-01065,CM-1-3-8-4-5,uses-input,CM-1-3-8-4-4,reason,unique label match to CM-1-3-8-4-4; no contradicting context,label filter leaves one candidate: CM-1-3-8-4-4; resolution requires context evidence
REL-01066,CM-1-3-8-4-5,governed-by,CM-1-3-8-4,confidence,ContextualResolved,CandidateOnly
REL-01066,CM-1-3-8-4-5,governed-by,CM-1-3-8-4,decision_reference,Q11+Q12,Q12
REL-01066,CM-1-3-8-4-5,governed-by,CM-1-3-8-4,disposition,ResolvedToConcept,SoleCandidate
REL-01066,CM-1-3-8-4-5,governed-by,CM-1-3-8-4,emission_decision,emit after mechanical uniqueness validation,HOLD: context-confirmation pass
REL-01066,CM-1-3-8-4-5,governed-by,CM-1-3-8-4,evidence,unique exact preferred-label match,"unique exact preferred-label match (candidate filter only, per PR #120)"
REL-01066,CM-1-3-8-4-5,governed-by,CM-1-3-8-4,reason,unique label match to CM-1-3-8-4; no contradicting context,label filter leaves one candidate: CM-1-3-8-4; resolution requires context evidence
REL-01067,CM-1-3-8-4-6,governed-by,CM-1-3-8-4,confidence,ContextualResolved,CandidateOnly
REL-01067,CM-1-3-8-4-6,governed-by,CM-1-3-8-4,decision_reference,Q11+Q12,Q12
REL-01067,CM-1-3-8-4-6,governed-by,CM-1-3-8-4,disposition,ResolvedToConcept,SoleCandidate
REL-01067,CM-1-3-8-4-6,governed-by,CM-1-3-8-4,emission_decision,emit after mechanical uniqueness validation,HOLD: context-confirmation pass
REL-01067,CM-1-3-8-4-6,governed-by,CM-1-3-8-4,evidence,unique exact preferred-label match,"unique exact preferred-label match (candidate filter only, per PR #120)"
REL-01067,CM-1-3-8-4-6,governed-by,CM-1-3-8-4,reason,unique label match to CM-1-3-8-4; no contradicting context,label filter leaves one candidate: CM-1-3-8-4; resolution requires context evidence
REL-01068,CM-1-3-8-4-6,enables,CM-1-3-8-4-1,candidate_labels,Period End Processing,Perform Period-End Processing
REL-01068,CM-1-3-8-4-6,enables,CM-1-3-8-4-1,confidence,ContextualResolved,StableIdentifier
REL-01068,CM-1-3-8-4-6,enables,CM-1-3-8-4-1,emission_decision,emit after mechanical uniqueness validation,emit automatically after subject/target existence checks
REL-01068,CM-1-3-8-4-6,enables,CM-1-3-8-4-1,evidence,unique exact preferred-label match,stable identifier CM-1-3-8-4-1 carried in mention text
REL-01068,CM-1-3-8-4-6,enables,CM-1-3-8-4-1,raw_target,Period End Processing,Perform Period-End Processing (CM-1-3-8-4-1)
REL-01068,CM-1-3-8-4-6,enables,CM-1-3-8-4-1,reason,unique label match to CM-1-3-8-4-1; no contradicting context,target carries its slug; resolves to Perform Period-End Processing
REL-01069,CM-1-3-8-4-6,uses-input,CM-1-3-7-3-4,confidence,ContextualResolved,CandidateOnly
REL-01069,CM-1-3-8-4-6,uses-input,CM-1-3-7-3-4,decision_reference,Q11+Q12,Q12
REL-01069,CM-1-3-8-4-6,uses-input,CM-1-3-7-3-4,disposition,ResolvedToConcept,SoleCandidate
REL-01069,CM-1-3-8-4-6,uses-input,CM-1-3-7-3-4,emission_decision,emit after mechanical uniqueness validation,HOLD: context-confirmation pass
REL-01069,CM-1-3-8-4-6,uses-input,CM-1-3-7-3-4,evidence,unique exact preferred-label match,"unique exact preferred-label match (candidate filter only, per PR #120)"
REL-01069,CM-1-3-8-4-6,uses-input,CM-1-3-7-3-4,reason,unique label match to CM-1-3-7-3-4; no contradicting context,label filter leaves one candidate: CM-1-3-7-3-4; resolution requires context evidence
REL-01070,CM-1-3-8-4-7,uses-input,CM-1-3-6-8-1,confidence,Resolved,StableIdentifier
REL-01071,CM-1-3-8-4-7,uses-input,CM-1-3-6-1-3,confidence,ContextualResolved,CandidateOnly
REL-01071,CM-1-3-8-4-7,uses-input,CM-1-3-6-1-3,decision_reference,Q11+Q12,Q12
REL-01071,CM-1-3-8-4-7,uses-input,CM-1-3-6-1-3,disposition,ResolvedToConcept,SoleCandidate
REL-01071,CM-1-3-8-4-7,uses-input,CM-1-3-6-1-3,emission_decision,emit after mechanical uniqueness validation,HOLD: context-confirmation pass
REL-01071,CM-1-3-8-4-7,uses-input,CM-1-3-6-1-3,evidence,unique exact preferred-label match,"unique exact preferred-label match (candidate filter only, per PR #120)"
REL-01071,CM-1-3-8-4-7,uses-input,CM-1-3-6-1-3,reason,unique label match to CM-1-3-6-1-3; no contradicting context,label filter leaves one candidate: CM-1-3-6-1-3; resolution requires context evidence
REL-01072,CM-1-3-8-4-7,enables,CM-1-3-8-1-1,confidence,Resolved,StableIdentifier
REL-01073,CM-1-3-8-4-7,enables,CM-1-3-8-4-1,candidate_labels,Period End Processing,Perform Period-End Processing
REL-01073,CM-1-3-8-4-7,enables,CM-1-3-8-4-1,confidence,ContextualResolved,StableIdentifier
REL-01073,CM-1-3-8-4-7,enables,CM-1-3-8-4-1,emission_decision,emit after mechanical uniqueness validation,emit automatically after subject/target existence checks
REL-01073,CM-1-3-8-4-7,enables,CM-1-3-8-4-1,evidence,unique exact preferred-label match,stable identifier CM-1-3-8-4-1 carried in mention text
REL-01073,CM-1-3-8-4-7,enables,CM-1-3-8-4-1,raw_target,Period End Processing,Perform Period-End Processing (CM-1-3-8-4-1)
REL-01073,CM-1-3-8-4-7,enables,CM-1-3-8-4-1,reason,unique label match to CM-1-3-8-4-1; no contradicting context,target carries its slug; resolves to Perform Period-End Processing
REL-01074,CM-1-3-9-1-1,enables,CM-1-3-9-1-2,confidence,Resolved,StableIdentifier
REL-01075,CM-1-3-9-1-1,governed-by,CM-1-3-9-1,confidence,ContextualResolved,CandidateOnly
REL-01075,CM-1-3-9-1-1,governed-by,CM-1-3-9-1,decision_reference,Q11+Q12,Q12
REL-01075,CM-1-3-9-1-1,governed-by,CM-1-3-9-1,disposition,ResolvedToConcept,SoleCandidate
REL-01075,CM-1-3-9-1-1,governed-by,CM-1-3-9-1,emission_decision,emit after mechanical uniqueness validation,HOLD: context-confirmation pass
REL-01075,CM-1-3-9-1-1,governed-by,CM-1-3-9-1,evidence,unique exact preferred-label match,"unique exact preferred-label match (candidate filter only, per PR #120)"
REL-01075,CM-1-3-9-1-1,governed-by,CM-1-3-9-1,reason,unique label match to CM-1-3-9-1; no contradicting context,label filter leaves one candidate: CM-1-3-9-1; resolution requires context evidence
REL-01076,CM-1-3-9-1-2,uses-input,CM-1-3-9-1-1,confidence,ContextualResolved,CandidateOnly
REL-01076,CM-1-3-9-1-2,uses-input,CM-1-3-9-1-1,decision_reference,Q11+Q12,Q12
REL-01076,CM-1-3-9-1-2,uses-input,CM-1-3-9-1-1,disposition,ResolvedToConcept,SoleCandidate
REL-01076,CM-1-3-9-1-2,uses-input,CM-1-3-9-1-1,emission_decision,emit after mechanical uniqueness validation,HOLD: context-confirmation pass
REL-01076,CM-1-3-9-1-2,uses-input,CM-1-3-9-1-1,evidence,unique exact preferred-label match,"unique exact preferred-label match (candidate filter only, per PR #120)"
REL-01076,CM-1-3-9-1-2,uses-input,CM-1-3-9-1-1,reason,unique label match to CM-1-3-9-1-1; no contradicting context,label filter leaves one candidate: CM-1-3-9-1-1; resolution requires context evidence
REL-01077,CM-1-3-9-1-2,uses-input,CM-1-3-7-5,confidence,ContextualResolved,CandidateOnly
REL-01077,CM-1-3-9-1-2,uses-input,CM-1-3-7-5,decision_reference,Q11+Q12,Q12
REL-01077,CM-1-3-9-1-2,uses-input,CM-1-3-7-5,disposition,ResolvedToConcept,SoleCandidate
REL-01077,CM-1-3-9-1-2,uses-input,CM-1-3-7-5,emission_decision,emit after mechanical uniqueness validation,HOLD: context-confirmation pass
REL-01077,CM-1-3-9-1-2,uses-input,CM-1-3-7-5,evidence,unique exact preferred-label match,"unique exact preferred-label match (candidate filter only, per PR #120)"
REL-01077,CM-1-3-9-1-2,uses-input,CM-1-3-7-5,reason,unique label match to CM-1-3-7-5; no contradicting context,label filter leaves one candidate: CM-1-3-7-5; resolution requires context evidence
REL-01078,CM-1-3-9-1-2,enables,CM-1-3-9-2-3,confidence,Resolved,StableIdentifier
REL-01079,CM-1-3-9-1-3,uses-input,CM-1-3-9-1-2,confidence,Resolved,StableIdentifier
REL-01080,CM-1-3-9-1-3,governed-by,CM-1-3-9-1,confidence,ContextualResolved,CandidateOnly
REL-01080,CM-1-3-9-1-3,governed-by,CM-1-3-9-1,decision_reference,Q11+Q12,Q12
REL-01080,CM-1-3-9-1-3,governed-by,CM-1-3-9-1,disposition,ResolvedToConcept,SoleCandidate
REL-01080,CM-1-3-9-1-3,governed-by,CM-1-3-9-1,emission_decision,emit after mechanical uniqueness validation,HOLD: context-confirmation pass
REL-01080,CM-1-3-9-1-3,governed-by,CM-1-3-9-1,evidence,unique exact preferred-label match,"unique exact preferred-label match (candidate filter only, per PR #120)"
REL-01080,CM-1-3-9-1-3,governed-by,CM-1-3-9-1,reason,unique label match to CM-1-3-9-1; no contradicting context,label filter leaves one candidate: CM-1-3-9-1; resolution requires context evidence
REL-01081,CM-1-3-9-1-4,governed-by,CM-1-3-9-1,confidence,ContextualResolved,CandidateOnly
REL-01081,CM-1-3-9-1-4,governed-by,CM-1-3-9-1,decision_reference,Q11+Q12,Q12
REL-01081,CM-1-3-9-1-4,governed-by,CM-1-3-9-1,disposition,ResolvedToConcept,SoleCandidate
REL-01081,CM-1-3-9-1-4,governed-by,CM-1-3-9-1,emission_decision,emit after mechanical uniqueness validation,HOLD: context-confirmation pass
REL-01081,CM-1-3-9-1-4,governed-by,CM-1-3-9-1,evidence,unique exact preferred-label match,"unique exact preferred-label match (candidate filter only, per PR #120)"
REL-01081,CM-1-3-9-1-4,governed-by,CM-1-3-9-1,reason,unique label match to CM-1-3-9-1; no contradicting context,label filter leaves one candidate: CM-1-3-9-1; resolution requires context evidence
REL-01082,CM-1-3-9-1-4,enables,CM-1-3-9-1-2,confidence,Resolved,StableIdentifier
REL-01083,CM-1-3-9-1-5,uses-input,CM-1-3-9-1-1,confidence,ContextualResolved,CandidateOnly
REL-01083,CM-1-3-9-1-5,uses-input,CM-1-3-9-1-1,decision_reference,Q11+Q12,Q12
REL-01083,CM-1-3-9-1-5,uses-input,CM-1-3-9-1-1,disposition,ResolvedToConcept,SoleCandidate
REL-01083,CM-1-3-9-1-5,uses-input,CM-1-3-9-1-1,emission_decision,emit after mechanical uniqueness validation,HOLD: context-confirmation pass
REL-01083,CM-1-3-9-1-5,uses-input,CM-1-3-9-1-1,evidence,unique exact preferred-label match,"unique exact preferred-label match (candidate filter only, per PR #120)"
REL-01083,CM-1-3-9-1-5,uses-input,CM-1-3-9-1-1,reason,unique label match to CM-1-3-9-1-1; no contradicting context,label filter leaves one candidate: CM-1-3-9-1-1; resolution requires context evidence
REL-01084,CM-1-3-9-1-5,governed-by,CM-1-3-9-1,confidence,ContextualResolved,CandidateOnly
REL-01084,CM-1-3-9-1-5,governed-by,CM-1-3-9-1,decision_reference,Q11+Q12,Q12
REL-01084,CM-1-3-9-1-5,governed-by,CM-1-3-9-1,disposition,ResolvedToConcept,SoleCandidate
REL-01084,CM-1-3-9-1-5,governed-by,CM-1-3-9-1,emission_decision,emit after mechanical uniqueness validation,HOLD: context-confirmation pass
REL-01084,CM-1-3-9-1-5,governed-by,CM-1-3-9-1,evidence,unique exact preferred-label match,"unique exact preferred-label match (candidate filter only, per PR #120)"
REL-01084,CM-1-3-9-1-5,governed-by,CM-1-3-9-1,reason,unique label match to CM-1-3-9-1; no contradicting context,label filter leaves one candidate: CM-1-3-9-1; resolution requires context evidence
REL-01085,CM-1-3-9-1-6,enables,CM-1-3-7-5-3,confidence,ContextualResolved,CandidateOnly
REL-01085,CM-1-3-9-1-6,enables,CM-1-3-7-5-3,decision_reference,Q11+Q12,Q12
REL-01085,CM-1-3-9-1-6,enables,CM-1-3-7-5-3,disposition,ResolvedToConcept,SoleCandidate
REL-01085,CM-1-3-9-1-6,enables,CM-1-3-7-5-3,emission_decision,emit after mechanical uniqueness validation,HOLD: context-confirmation pass
REL-01085,CM-1-3-9-1-6,enables,CM-1-3-7-5-3,evidence,unique exact preferred-label match,"unique exact preferred-label match (candidate filter only, per PR #120)"
REL-01085,CM-1-3-9-1-6,enables,CM-1-3-7-5-3,reason,unique label match to CM-1-3-7-5-3; no contradicting context,label filter leaves one candidate: CM-1-3-7-5-3; resolution requires context evidence
REL-01086,CM-1-3-9-1-6,uses-input,CM-1-3-9-1-2,confidence,Resolved,StableIdentifier
REL-01087,CM-1-3-9-2-1,enables,CM-1-3-9-2-3,confidence,Resolved,StableIdentifier
REL-01088,CM-1-3-9-2-1,uses-input,CM-1-3-7-1-1,confidence,Resolved,StableIdentifier
REL-01089,CM-1-3-9-2-2,follows,CM-1-3-7-5-3,confidence,ContextualResolved,CandidateOnly
REL-01089,CM-1-3-9-2-2,follows,CM-1-3-7-5-3,decision_reference,Q11+Q12,Q12
REL-01089,CM-1-3-9-2-2,follows,CM-1-3-7-5-3,disposition,ResolvedToConcept,SoleCandidate
REL-01089,CM-1-3-9-2-2,follows,CM-1-3-7-5-3,emission_decision,emit after mechanical uniqueness validation,HOLD: context-confirmation pass
REL-01089,CM-1-3-9-2-2,follows,CM-1-3-7-5-3,evidence,unique exact preferred-label match,"unique exact preferred-label match (candidate filter only, per PR #120)"
REL-01089,CM-1-3-9-2-2,follows,CM-1-3-7-5-3,reason,unique label match to CM-1-3-7-5-3; no contradicting context,label filter leaves one candidate: CM-1-3-7-5-3; resolution requires context evidence
REL-01090,CM-1-3-9-2-2,enables,CM-1-3-9-2-3,confidence,Resolved,StableIdentifier
REL-01091,CM-1-3-9-2-3,follows,CM-1-3-9-2-2,confidence,Resolved,StableIdentifier
REL-01092,CM-1-3-9-2-3,enables,CM-1-3-8-1-1,confidence,Resolved,StableIdentifier
REL-01093,CM-1-3-9-2-3,enables,CM-1-3-7-5-3,confidence,ContextualResolved,CandidateOnly
REL-01093,CM-1-3-9-2-3,enables,CM-1-3-7-5-3,decision_reference,Q11+Q12,Q12
REL-01093,CM-1-3-9-2-3,enables,CM-1-3-7-5-3,disposition,ResolvedToConcept,SoleCandidate
REL-01093,CM-1-3-9-2-3,enables,CM-1-3-7-5-3,emission_decision,emit after mechanical uniqueness validation,HOLD: context-confirmation pass
REL-01093,CM-1-3-9-2-3,enables,CM-1-3-7-5-3,evidence,unique exact preferred-label match,"unique exact preferred-label match (candidate filter only, per PR #120)"
REL-01093,CM-1-3-9-2-3,enables,CM-1-3-7-5-3,reason,unique label match to CM-1-3-7-5-3; no contradicting context,label filter leaves one candidate: CM-1-3-7-5-3; resolution requires context evidence
REL-01094,CM-1-3-9-3-1,enables,CM-1-3-9-1-5,confidence,ContextualResolved,CandidateOnly
REL-01094,CM-1-3-9-3-1,enables,CM-1-3-9-1-5,decision_reference,Q11+Q12,Q12
REL-01094,CM-1-3-9-3-1,enables,CM-1-3-9-1-5,disposition,ResolvedToConcept,SoleCandidate
REL-01094,CM-1-3-9-3-1,enables,CM-1-3-9-1-5,emission_decision,emit after mechanical uniqueness validation,HOLD: context-confirmation pass
REL-01094,CM-1-3-9-3-1,enables,CM-1-3-9-1-5,evidence,unique exact preferred-label match,"unique exact preferred-label match (candidate filter only, per PR #120)"
REL-01094,CM-1-3-9-3-1,enables,CM-1-3-9-1-5,reason,unique label match to CM-1-3-9-1-5; no contradicting context,label filter leaves one candidate: CM-1-3-9-1-5; resolution requires context evidence
REL-01095,CM-1-3-9-3-1,enables,CM-1-3-9-1-6,confidence,ContextualResolved,CandidateOnly
REL-01095,CM-1-3-9-3-1,enables,CM-1-3-9-1-6,decision_reference,Q11+Q12,Q12
REL-01095,CM-1-3-9-3-1,enables,CM-1-3-9-1-6,disposition,ResolvedToConcept,SoleCandidate
REL-01095,CM-1-3-9-3-1,enables,CM-1-3-9-1-6,emission_decision,emit after mechanical uniqueness validation,HOLD: context-confirmation pass
REL-01095,CM-1-3-9-3-1,enables,CM-1-3-9-1-6,evidence,unique exact preferred-label match,"unique exact preferred-label match (candidate filter only, per PR #120)"
REL-01095,CM-1-3-9-3-1,enables,CM-1-3-9-1-6,reason,unique label match to CM-1-3-9-1-6; no contradicting context,label filter leaves one candidate: CM-1-3-9-1-6; resolution requires context evidence
REL-01096,CM-1-3-9-3-2,enables,CM-1-3-9-1-3,confidence,ContextualResolved,CandidateOnly
REL-01096,CM-1-3-9-3-2,enables,CM-1-3-9-1-3,decision_reference,Q11+Q12,Q12
REL-01096,CM-1-3-9-3-2,enables,CM-1-3-9-1-3,disposition,ResolvedToConcept,SoleCandidate
REL-01096,CM-1-3-9-3-2,enables,CM-1-3-9-1-3,emission_decision,emit after mechanical uniqueness validation,HOLD: context-confirmation pass
REL-01096,CM-1-3-9-3-2,enables,CM-1-3-9-1-3,evidence,unique exact preferred-label match,"unique exact preferred-label match (candidate filter only, per PR #120)"
REL-01096,CM-1-3-9-3-2,enables,CM-1-3-9-1-3,reason,unique label match to CM-1-3-9-1-3; no contradicting context,label filter leaves one candidate: CM-1-3-9-1-3; resolution requires context evidence
REL-01097,CM-1-3-9-3-2,uses-input,CM-1-3-9-1-2,confidence,Resolved,StableIdentifier
REL-01098,CM-1-3-9-3-3,uses-input,CM-1-3-7-5-4,confidence,Resolved,StableIdentifier
REL-01099,CM-1-3-9-3-3,enables,CM-1-3-9-1-1,confidence,ContextualResolved,CandidateOnly
REL-01099,CM-1-3-9-3-3,enables,CM-1-3-9-1-1,decision_reference,Q11+Q12,Q12
REL-01099,CM-1-3-9-3-3,enables,CM-1-3-9-1-1,disposition,ResolvedToConcept,SoleCandidate
REL-01099,CM-1-3-9-3-3,enables,CM-1-3-9-1-1,emission_decision,emit after mechanical uniqueness validation,HOLD: context-confirmation pass
REL-01099,CM-1-3-9-3-3,enables,CM-1-3-9-1-1,evidence,unique exact preferred-label match,"unique exact preferred-label match (candidate filter only, per PR #120)"
REL-01099,CM-1-3-9-3-3,enables,CM-1-3-9-1-1,reason,unique label match to CM-1-3-9-1-1; no contradicting context,label filter leaves one candidate: CM-1-3-9-1-1; resolution requires context evidence
REL-01100,CM-1-3-6-8,enables,CM-1-3-8-4-7,confidence,Resolved,StableIdentifier
REL-01101,CM-1-3-6-8,informed-by,CM-1-3-6-1-3,confidence,ContextualResolved,CandidateOnly
REL-01101,CM-1-3-6-8,informed-by,CM-1-3-6-1-3,decision_reference,Q11+Q12,Q12
REL-01101,CM-1-3-6-8,informed-by,CM-1-3-6-1-3,disposition,ResolvedToConcept,SoleCandidate
REL-01101,CM-1-3-6-8,informed-by,CM-1-3-6-1-3,emission_decision,emit after mechanical uniqueness validation,HOLD: context-confirmation pass
REL-01101,CM-1-3-6-8,informed-by,CM-1-3-6-1-3,evidence,unique exact preferred-label match,"unique exact preferred-label match (candidate filter only, per PR #120)"
REL-01101,CM-1-3-6-8,informed-by,CM-1-3-6-1-3,reason,unique label match to CM-1-3-6-1-3; no contradicting context,label filter leaves one candidate: CM-1-3-6-1-3; resolution requires context evidence
REL-01102,CM-1-3-6-8,enables,CM-1-1-4-6-2,confidence,ContextualResolved,CandidateOnly
REL-01102,CM-1-3-6-8,enables,CM-1-1-4-6-2,decision_reference,Q11+Q12,Q12
REL-01102,CM-1-3-6-8,enables,CM-1-1-4-6-2,disposition,ResolvedToConcept,SoleCandidate
REL-01102,CM-1-3-6-8,enables,CM-1-1-4-6-2,emission_decision,emit after mechanical uniqueness validation,HOLD: context-confirmation pass
REL-01102,CM-1-3-6-8,enables,CM-1-1-4-6-2,evidence,unique exact preferred-label match,"unique exact preferred-label match (candidate filter only, per PR #120)"
REL-01102,CM-1-3-6-8,enables,CM-1-1-4-6-2,reason,unique label match to CM-1-1-4-6-2; no contradicting context,label filter leaves one candidate: CM-1-1-4-6-2; resolution requires context evidence
REL-01103,CM-1-3-6-8,enables,CM-1-1-4-6-3,confidence,ContextualResolved,CandidateOnly
REL-01103,CM-1-3-6-8,enables,CM-1-1-4-6-3,decision_reference,Q11+Q12,Q12
REL-01103,CM-1-3-6-8,enables,CM-1-1-4-6-3,disposition,ResolvedToConcept,SoleCandidate
REL-01103,CM-1-3-6-8,enables,CM-1-1-4-6-3,emission_decision,emit after mechanical uniqueness validation,HOLD: context-confirmation pass
REL-01103,CM-1-3-6-8,enables,CM-1-1-4-6-3,evidence,unique exact preferred-label match,"unique exact preferred-label match (candidate filter only, per PR #120)"
REL-01103,CM-1-3-6-8,enables,CM-1-1-4-6-3,reason,unique label match to CM-1-1-4-6-3; no contradicting context,label filter leaves one candidate: CM-1-1-4-6-3; resolution requires context evidence
REL-01104,CM-1-2-5-4,enables,CM-1-2-5-2-2,confidence,ContextualResolved,CandidateOnly
REL-01104,CM-1-2-5-4,enables,CM-1-2-5-2-2,decision_reference,Q11+Q12,Q12
REL-01104,CM-1-2-5-4,enables,CM-1-2-5-2-2,disposition,ResolvedToConcept,SoleCandidate
REL-01104,CM-1-2-5-4,enables,CM-1-2-5-2-2,emission_decision,emit after mechanical uniqueness validation,HOLD: context-confirmation pass
REL-01104,CM-1-2-5-4,enables,CM-1-2-5-2-2,evidence,unique exact preferred-label match,"unique exact preferred-label match (candidate filter only, per PR #120)"
REL-01104,CM-1-2-5-4,enables,CM-1-2-5-2-2,reason,unique label match to CM-1-2-5-2-2; no contradicting context,label filter leaves one candidate: CM-1-2-5-2-2; resolution requires context evidence
REL-01105,CM-1-2-5-4,informed-by,CM-1-2-5-3,confidence,ContextualResolved,CandidateOnly
REL-01105,CM-1-2-5-4,informed-by,CM-1-2-5-3,decision_reference,Q11+Q12,Q12
REL-01105,CM-1-2-5-4,informed-by,CM-1-2-5-3,disposition,ResolvedToConcept,SoleCandidate
REL-01105,CM-1-2-5-4,informed-by,CM-1-2-5-3,emission_decision,emit after mechanical uniqueness validation,HOLD: context-confirmation pass
REL-01105,CM-1-2-5-4,informed-by,CM-1-2-5-3,evidence,unique exact preferred-label match,"unique exact preferred-label match (candidate filter only, per PR #120)"
REL-01105,CM-1-2-5-4,informed-by,CM-1-2-5-3,reason,unique label match to CM-1-2-5-3; no contradicting context,label filter leaves one candidate: CM-1-2-5-3; resolution requires context evidence
REL-01106,CM-1-2-5-4,assures,CM-1-2-5-2,confidence,ContextualResolved,CandidateOnly
REL-01106,CM-1-2-5-4,assures,CM-1-2-5-2,decision_reference,Q11+Q12,Q12
REL-01106,CM-1-2-5-4,assures,CM-1-2-5-2,disposition,ResolvedToConcept,SoleCandidate
REL-01106,CM-1-2-5-4,assures,CM-1-2-5-2,emission_decision,emit after mechanical uniqueness validation,HOLD: context-confirmation pass
REL-01106,CM-1-2-5-4,assures,CM-1-2-5-2,evidence,unique exact preferred-label match,"unique exact preferred-label match (candidate filter only, per PR #120)"
REL-01106,CM-1-2-5-4,assures,CM-1-2-5-2,reason,unique label match to CM-1-2-5-2; no contradicting context,label filter leaves one candidate: CM-1-2-5-2; resolution requires context evidence
REL-01107,CM-1-3-2-4,informed-by,CM-1-3-1-6,confidence,Resolved,StableIdentifier
REL-01108,CM-1-3-2-4,enables,CM-1-3-3-3,confidence,ContextualResolved,CandidateOnly
REL-01108,CM-1-3-2-4,enables,CM-1-3-3-3,decision_reference,Q11+Q12,Q12
REL-01108,CM-1-3-2-4,enables,CM-1-3-3-3,disposition,ResolvedToConcept,SoleCandidate
REL-01108,CM-1-3-2-4,enables,CM-1-3-3-3,emission_decision,emit after mechanical uniqueness validation,HOLD: context-confirmation pass
REL-01108,CM-1-3-2-4,enables,CM-1-3-3-3,evidence,unique exact preferred-label match,"unique exact preferred-label match (candidate filter only, per PR #120)"
REL-01108,CM-1-3-2-4,enables,CM-1-3-3-3,reason,unique label match to CM-1-3-3-3; no contradicting context,label filter leaves one candidate: CM-1-3-3-3; resolution requires context evidence
REL-01109,CM-1-3-2-4,enables,CM-1-3-6-1,confidence,ContextualResolved,CandidateOnly
REL-01109,CM-1-3-2-4,enables,CM-1-3-6-1,decision_reference,Q11+Q12,Q12
REL-01109,CM-1-3-2-4,enables,CM-1-3-6-1,disposition,ResolvedToConcept,SoleCandidate
REL-01109,CM-1-3-2-4,enables,CM-1-3-6-1,emission_decision,emit after mechanical uniqueness validation,HOLD: context-confirmation pass
REL-01109,CM-1-3-2-4,enables,CM-1-3-6-1,evidence,unique exact preferred-label match,"unique exact preferred-label match (candidate filter only, per PR #120)"
REL-01109,CM-1-3-2-4,enables,CM-1-3-6-1,reason,unique label match to CM-1-3-6-1; no contradicting context,label filter leaves one candidate: CM-1-3-6-1; resolution requires context evidence
REL-01110,CM-1-3-6-3,informed-by,CM-1-3-3-2,confidence,ContextualResolved,CandidateOnly
REL-01110,CM-1-3-6-3,informed-by,CM-1-3-3-2,decision_reference,Q11+Q12,Q12
REL-01110,CM-1-3-6-3,informed-by,CM-1-3-3-2,disposition,ResolvedToConcept,SoleCandidate
REL-01110,CM-1-3-6-3,informed-by,CM-1-3-3-2,emission_decision,emit after mechanical uniqueness validation,HOLD: context-confirmation pass
REL-01110,CM-1-3-6-3,informed-by,CM-1-3-3-2,evidence,unique exact preferred-label match,"unique exact preferred-label match (candidate filter only, per PR #120)"
REL-01110,CM-1-3-6-3,informed-by,CM-1-3-3-2,reason,unique label match to CM-1-3-3-2; no contradicting context,label filter leaves one candidate: CM-1-3-3-2; resolution requires context evidence
REL-01111,CM-1-3-6-3,enables,CM-1-3-6-2,confidence,ContextualResolved,CandidateOnly
REL-01111,CM-1-3-6-3,enables,CM-1-3-6-2,decision_reference,Q11+Q12,Q12
REL-01111,CM-1-3-6-3,enables,CM-1-3-6-2,disposition,ResolvedToConcept,SoleCandidate
REL-01111,CM-1-3-6-3,enables,CM-1-3-6-2,emission_decision,emit after mechanical uniqueness validation,HOLD: context-confirmation pass
REL-01111,CM-1-3-6-3,enables,CM-1-3-6-2,evidence,unique exact preferred-label match,"unique exact preferred-label match (candidate filter only, per PR #120)"
REL-01111,CM-1-3-6-3,enables,CM-1-3-6-2,reason,unique label match to CM-1-3-6-2; no contradicting context,label filter leaves one candidate: CM-1-3-6-2; resolution requires context evidence
REL-01112,CM-1-3-6-3,enables,CM-1-3-3-2-3,confidence,ContextualResolved,CandidateOnly
REL-01112,CM-1-3-6-3,enables,CM-1-3-3-2-3,decision_reference,Q11+Q12,Q12
REL-01112,CM-1-3-6-3,enables,CM-1-3-3-2-3,disposition,ResolvedToConcept,SoleCandidate
REL-01112,CM-1-3-6-3,enables,CM-1-3-3-2-3,emission_decision,emit after mechanical uniqueness validation,HOLD: context-confirmation pass
REL-01112,CM-1-3-6-3,enables,CM-1-3-3-2-3,evidence,unique exact preferred-label match,"unique exact preferred-label match (candidate filter only, per PR #120)"
REL-01112,CM-1-3-6-3,enables,CM-1-3-3-2-3,reason,unique label match to CM-1-3-3-2-3; no contradicting context,label filter leaves one candidate: CM-1-3-3-2-3; resolution requires context evidence
REL-01113,CM-1-3-6-7,governed-by,CM-1-3-4-4,confidence,ContextualResolved,CandidateOnly
REL-01113,CM-1-3-6-7,governed-by,CM-1-3-4-4,decision_reference,Q11+Q12,Q12
REL-01113,CM-1-3-6-7,governed-by,CM-1-3-4-4,disposition,ResolvedToConcept,SoleCandidate
REL-01113,CM-1-3-6-7,governed-by,CM-1-3-4-4,emission_decision,emit after mechanical uniqueness validation,HOLD: context-confirmation pass
REL-01113,CM-1-3-6-7,governed-by,CM-1-3-4-4,evidence,unique exact preferred-label match,"unique exact preferred-label match (candidate filter only, per PR #120)"
REL-01113,CM-1-3-6-7,governed-by,CM-1-3-4-4,reason,unique label match to CM-1-3-4-4; no contradicting context,label filter leaves one candidate: CM-1-3-4-4; resolution requires context evidence
REL-01113,CM-1-3-6-7,governed-by,CM-1-3-4-4,source_label,Brand Standard Management,Brand Standards Management
REL-01114,CM-1-3-6-7,uses-input,CM-1-3-6-1-2,confidence,ContextualResolved,CandidateOnly
REL-01114,CM-1-3-6-7,uses-input,CM-1-3-6-1-2,decision_reference,Q11+Q12,Q12
REL-01114,CM-1-3-6-7,uses-input,CM-1-3-6-1-2,disposition,ResolvedToConcept,SoleCandidate
REL-01114,CM-1-3-6-7,uses-input,CM-1-3-6-1-2,emission_decision,emit after mechanical uniqueness validation,HOLD: context-confirmation pass
REL-01114,CM-1-3-6-7,uses-input,CM-1-3-6-1-2,evidence,unique exact preferred-label match,"unique exact preferred-label match (candidate filter only, per PR #120)"
REL-01114,CM-1-3-6-7,uses-input,CM-1-3-6-1-2,reason,unique label match to CM-1-3-6-1-2; no contradicting context,label filter leaves one candidate: CM-1-3-6-1-2; resolution requires context evidence
REL-01114,CM-1-3-6-7,uses-input,CM-1-3-6-1-2,source_label,Brand Standard Management,Brand Standards Management
REL-01115,CM-1-3-6-7,enables,CM-1-3-6-6-8,confidence,ContextualResolved,CandidateOnly
REL-01115,CM-1-3-6-7,enables,CM-1-3-6-6-8,decision_reference,Q11+Q12,Q12
REL-01115,CM-1-3-6-7,enables,CM-1-3-6-6-8,disposition,ResolvedToConcept,SoleCandidate
REL-01115,CM-1-3-6-7,enables,CM-1-3-6-6-8,emission_decision,emit after mechanical uniqueness validation,HOLD: context-confirmation pass
REL-01115,CM-1-3-6-7,enables,CM-1-3-6-6-8,evidence,unique exact preferred-label match,"unique exact preferred-label match (candidate filter only, per PR #120)"
REL-01115,CM-1-3-6-7,enables,CM-1-3-6-6-8,reason,unique label match to CM-1-3-6-6-8; no contradicting context,label filter leaves one candidate: CM-1-3-6-6-8; resolution requires context evidence
REL-01115,CM-1-3-6-7,enables,CM-1-3-6-6-8,source_label,Brand Standard Management,Brand Standards Management
REL-01116,CM-1-1-3-5,informed-by,CM-1-1-2,confidence,ContextualResolved,CandidateOnly
REL-01116,CM-1-1-3-5,informed-by,CM-1-1-2,decision_reference,Q11+Q12,Q12
REL-01116,CM-1-1-3-5,informed-by,CM-1-1-2,disposition,ResolvedToConcept,SoleCandidate
REL-01116,CM-1-1-3-5,informed-by,CM-1-1-2,emission_decision,emit after mechanical uniqueness validation,HOLD: context-confirmation pass
REL-01116,CM-1-1-3-5,informed-by,CM-1-1-2,evidence,unique exact preferred-label match,"unique exact preferred-label match (candidate filter only, per PR #120)"
REL-01116,CM-1-1-3-5,informed-by,CM-1-1-2,reason,unique label match to CM-1-1-2; no contradicting context,label filter leaves one candidate: CM-1-1-2; resolution requires context evidence
REL-01117,CM-1-1-3-5,precedes,CM-1-1-3-6,confidence,ContextualResolved,CandidateOnly
REL-01117,CM-1-1-3-5,precedes,CM-1-1-3-6,decision_reference,Q11+Q12,Q12
REL-01117,CM-1-1-3-5,precedes,CM-1-1-3-6,disposition,ResolvedToConcept,SoleCandidate
REL-01117,CM-1-1-3-5,precedes,CM-1-1-3-6,emission_decision,emit after mechanical uniqueness validation,HOLD: context-confirmation pass
REL-01117,CM-1-1-3-5,precedes,CM-1-1-3-6,evidence,unique exact preferred-label match,"unique exact preferred-label match (candidate filter only, per PR #120)"
REL-01117,CM-1-1-3-5,precedes,CM-1-1-3-6,reason,unique label match to CM-1-1-3-6; no contradicting context,label filter leaves one candidate: CM-1-1-3-6; resolution requires context evidence
REL-01118,CM-1-1-3-5,uses-input,CM-1-1-3-7-12,confidence,Resolved,StableIdentifier
REL-01119,CM-1-1-7-1,follows,CM-1-1-7-2,branch_domain,Commercial & Marketing,Refining
REL-01119,CM-1-1-7-1,follows,CM-1-1-7-2,confidence,ContextualResolved,CandidateOnly
REL-01119,CM-1-1-7-1,follows,CM-1-1-7-2,decision_reference,Q11+Q12,Q12
REL-01119,CM-1-1-7-1,follows,CM-1-1-7-2,disposition,ResolvedToConcept,SoleCandidate
REL-01119,CM-1-1-7-1,follows,CM-1-1-7-2,emission_decision,emit after mechanical uniqueness validation,HOLD: context-confirmation pass
REL-01119,CM-1-1-7-1,follows,CM-1-1-7-2,evidence,unique exact preferred-label match,"unique exact preferred-label match (candidate filter only, per PR #120)"
REL-01119,CM-1-1-7-1,follows,CM-1-1-7-2,reason,unique label match to CM-1-1-7-2; no contradicting context,label filter leaves one candidate: CM-1-1-7-2; resolution requires context evidence
REL-01120,CM-1-1-7-1,enables,CM-1-1-5,branch_domain,Commercial & Marketing,Refining
REL-01120,CM-1-1-7-1,enables,CM-1-1-5,confidence,ContextualResolved,CandidateOnly
REL-01120,CM-1-1-7-1,enables,CM-1-1-5,decision_reference,Q11+Q12,Q12
REL-01120,CM-1-1-7-1,enables,CM-1-1-5,disposition,ResolvedToConcept,SoleCandidate
REL-01120,CM-1-1-7-1,enables,CM-1-1-5,emission_decision,emit after mechanical uniqueness validation,HOLD: context-confirmation pass
REL-01120,CM-1-1-7-1,enables,CM-1-1-5,evidence,unique exact preferred-label match,"unique exact preferred-label match (candidate filter only, per PR #120)"
REL-01120,CM-1-1-7-1,enables,CM-1-1-5,reason,unique label match to CM-1-1-5; no contradicting context,label filter leaves one candidate: CM-1-1-5; resolution requires context evidence
REL-01121,CM-1-1-7-3,informed-by,CM-1-1-7-2,branch_domain,Commercial & Marketing,Refining
REL-01121,CM-1-1-7-3,informed-by,CM-1-1-7-2,confidence,ContextualResolved,CandidateOnly
REL-01121,CM-1-1-7-3,informed-by,CM-1-1-7-2,decision_reference,Q11+Q12,Q12
REL-01121,CM-1-1-7-3,informed-by,CM-1-1-7-2,disposition,ResolvedToConcept,SoleCandidate
REL-01121,CM-1-1-7-3,informed-by,CM-1-1-7-2,emission_decision,emit after mechanical uniqueness validation,HOLD: context-confirmation pass
REL-01121,CM-1-1-7-3,informed-by,CM-1-1-7-2,evidence,unique exact preferred-label match,"unique exact preferred-label match (candidate filter only, per PR #120)"
REL-01121,CM-1-1-7-3,informed-by,CM-1-1-7-2,reason,unique label match to CM-1-1-7-2; no contradicting context,label filter leaves one candidate: CM-1-1-7-2; resolution requires context evidence
REL-01122,CM-1-1-7-3,enables,CM-1-1-7-1,branch_domain,Commercial & Marketing,Refining
REL-01122,CM-1-1-7-3,enables,CM-1-1-7-1,confidence,ContextualResolved,CandidateOnly
REL-01122,CM-1-1-7-3,enables,CM-1-1-7-1,decision_reference,Q11+Q12,Q12
REL-01122,CM-1-1-7-3,enables,CM-1-1-7-1,disposition,ResolvedToConcept,SoleCandidate
REL-01122,CM-1-1-7-3,enables,CM-1-1-7-1,emission_decision,emit after mechanical uniqueness validation,HOLD: context-confirmation pass
REL-01122,CM-1-1-7-3,enables,CM-1-1-7-1,evidence,unique exact preferred-label match,"unique exact preferred-label match (candidate filter only, per PR #120)"
REL-01122,CM-1-1-7-3,enables,CM-1-1-7-1,reason,unique label match to CM-1-1-7-1; no contradicting context,label filter leaves one candidate: CM-1-1-7-1; resolution requires context evidence
REL-01123,CM-1-2-5-2,informed-by,CM-1-1-4,candidate_labels,Refinery Planning,Refinery Planning and Optimization
REL-01123,CM-1-2-5-2,informed-by,CM-1-1-4,confidence,ContextualResolved,CandidateOnly
REL-01123,CM-1-2-5-2,informed-by,CM-1-1-4,decision_reference,Q11+Q12,Q12
REL-01123,CM-1-2-5-2,informed-by,CM-1-1-4,disposition,ResolvedToConcept,SoleCandidate
REL-01123,CM-1-2-5-2,informed-by,CM-1-1-4,emission_decision,emit after mechanical uniqueness validation,HOLD: context-confirmation pass
REL-01123,CM-1-2-5-2,informed-by,CM-1-1-4,evidence,unique exact preferred-label match,"unique exact preferred-label match (candidate filter only, per PR #120)"
REL-01123,CM-1-2-5-2,informed-by,CM-1-1-4,raw_target,Refinery Planning,Refinery Planning and Optimization
REL-01123,CM-1-2-5-2,informed-by,CM-1-1-4,reason,unique label match to CM-1-1-4; no contradicting context,label filter leaves one candidate: CM-1-1-4; resolution requires context evidence
REL-01124,CM-1-2-5-2,enables,CM-1-2-1,confidence,ContextualResolved,CandidateOnly
REL-01124,CM-1-2-5-2,enables,CM-1-2-1,decision_reference,Q11+Q12,Q12
REL-01124,CM-1-2-5-2,enables,CM-1-2-1,disposition,ResolvedToConcept,SoleCandidate
REL-01124,CM-1-2-5-2,enables,CM-1-2-1,emission_decision,emit after mechanical uniqueness validation,HOLD: context-confirmation pass
REL-01124,CM-1-2-5-2,enables,CM-1-2-1,evidence,unique exact preferred-label match,"unique exact preferred-label match (candidate filter only, per PR #120)"
REL-01124,CM-1-2-5-2,enables,CM-1-2-1,reason,unique label match to CM-1-2-1; no contradicting context,label filter leaves one candidate: CM-1-2-1; resolution requires context evidence
REL-01125,CM-1-2-5-2,uses-input,CM-1-2-5-1,confidence,ContextualResolved,CandidateOnly
REL-01125,CM-1-2-5-2,uses-input,CM-1-2-5-1,decision_reference,Q11+Q12,Q12
REL-01125,CM-1-2-5-2,uses-input,CM-1-2-5-1,disposition,ResolvedToConcept,SoleCandidate
REL-01125,CM-1-2-5-2,uses-input,CM-1-2-5-1,emission_decision,emit after mechanical uniqueness validation,HOLD: context-confirmation pass
REL-01125,CM-1-2-5-2,uses-input,CM-1-2-5-1,evidence,unique exact preferred-label match,"unique exact preferred-label match (candidate filter only, per PR #120)"
REL-01125,CM-1-2-5-2,uses-input,CM-1-2-5-1,reason,unique label match to CM-1-2-5-1; no contradicting context,label filter leaves one candidate: CM-1-2-5-1; resolution requires context evidence
REL-01126,CM-1-2-5-3,follows,CM-1-2-5-2-1,confidence,ContextualResolved,CandidateOnly
REL-01126,CM-1-2-5-3,follows,CM-1-2-5-2-1,decision_reference,Q11+Q12,Q12
REL-01126,CM-1-2-5-3,follows,CM-1-2-5-2-1,disposition,ResolvedToConcept,SoleCandidate
REL-01126,CM-1-2-5-3,follows,CM-1-2-5-2-1,emission_decision,emit after mechanical uniqueness validation,HOLD: context-confirmation pass
REL-01126,CM-1-2-5-3,follows,CM-1-2-5-2-1,evidence,unique exact preferred-label match,"unique exact preferred-label match (candidate filter only, per PR #120)"
REL-01126,CM-1-2-5-3,follows,CM-1-2-5-2-1,reason,unique label match to CM-1-2-5-2-1; no contradicting context,label filter leaves one candidate: CM-1-2-5-2-1; resolution requires context evidence
REL-01127,CM-1-2-5-3,uses-input,CM-1-2-1-2-9,confidence,ContextualResolved,CandidateOnly
REL-01127,CM-1-2-5-3,uses-input,CM-1-2-1-2-9,decision_reference,Q11+Q12,Q12
REL-01127,CM-1-2-5-3,uses-input,CM-1-2-1-2-9,disposition,ResolvedToConcept,SoleCandidate
REL-01127,CM-1-2-5-3,uses-input,CM-1-2-1-2-9,emission_decision,emit after mechanical uniqueness validation,HOLD: context-confirmation pass
REL-01127,CM-1-2-5-3,uses-input,CM-1-2-1-2-9,evidence,unique exact preferred-label match,"unique exact preferred-label match (candidate filter only, per PR #120)"
REL-01127,CM-1-2-5-3,uses-input,CM-1-2-1-2-9,reason,unique label match to CM-1-2-1-2-9; no contradicting context,label filter leaves one candidate: CM-1-2-1-2-9; resolution requires context evidence
REL-01129,CM-1-2-6-1,enables,CM-1-1-2,confidence,ContextualResolved,CandidateOnly
REL-01129,CM-1-2-6-1,enables,CM-1-1-2,decision_reference,Q11+Q12,Q12
REL-01129,CM-1-2-6-1,enables,CM-1-1-2,disposition,ResolvedToConcept,SoleCandidate
REL-01129,CM-1-2-6-1,enables,CM-1-1-2,emission_decision,emit after mechanical uniqueness validation,HOLD: context-confirmation pass
REL-01129,CM-1-2-6-1,enables,CM-1-1-2,evidence,unique exact preferred-label match,"unique exact preferred-label match (candidate filter only, per PR #120)"
REL-01129,CM-1-2-6-1,enables,CM-1-1-2,reason,unique label match to CM-1-1-2; no contradicting context,label filter leaves one candidate: CM-1-1-2; resolution requires context evidence
REL-01130,CM-1-2-6-1,informed-by,CM-1-2-6-1-3,confidence,ContextualResolved,CandidateOnly
REL-01130,CM-1-2-6-1,informed-by,CM-1-2-6-1-3,decision_reference,Q11+Q12,Q12
REL-01130,CM-1-2-6-1,informed-by,CM-1-2-6-1-3,disposition,ResolvedToConcept,SoleCandidate
REL-01130,CM-1-2-6-1,informed-by,CM-1-2-6-1-3,emission_decision,emit after mechanical uniqueness validation,HOLD: context-confirmation pass
REL-01130,CM-1-2-6-1,informed-by,CM-1-2-6-1-3,evidence,unique exact preferred-label match,"unique exact preferred-label match (candidate filter only, per PR #120)"
REL-01130,CM-1-2-6-1,informed-by,CM-1-2-6-1-3,reason,unique label match to CM-1-2-6-1-3; no contradicting context,label filter leaves one candidate: CM-1-2-6-1-3; resolution requires context evidence
REL-01131,CM-1-2-6-1,enables,CM-1-2-6-2,confidence,ContextualResolved,CandidateOnly
REL-01131,CM-1-2-6-1,enables,CM-1-2-6-2,decision_reference,Q11+Q12,Q12
REL-01131,CM-1-2-6-1,enables,CM-1-2-6-2,disposition,ResolvedToConcept,SoleCandidate
REL-01131,CM-1-2-6-1,enables,CM-1-2-6-2,emission_decision,emit after mechanical uniqueness validation,HOLD: context-confirmation pass
REL-01131,CM-1-2-6-1,enables,CM-1-2-6-2,evidence,unique exact preferred-label match,"unique exact preferred-label match (candidate filter only, per PR #120)"
REL-01131,CM-1-2-6-1,enables,CM-1-2-6-2,reason,unique label match to CM-1-2-6-2; no contradicting context,label filter leaves one candidate: CM-1-2-6-2; resolution requires context evidence
REL-01132,CM-1-2-6-2,uses-input,CM-1-1-1-1,confidence,Resolved,StableIdentifier
REL-01133,CM-1-2-6-2,enables,CM-1-2-6-3,confidence,ContextualResolved,CandidateOnly
REL-01133,CM-1-2-6-2,enables,CM-1-2-6-3,decision_reference,Q11+Q12,Q12
REL-01133,CM-1-2-6-2,enables,CM-1-2-6-3,disposition,ResolvedToConcept,SoleCandidate
REL-01133,CM-1-2-6-2,enables,CM-1-2-6-3,emission_decision,emit after mechanical uniqueness validation,HOLD: context-confirmation pass
REL-01133,CM-1-2-6-2,enables,CM-1-2-6-3,evidence,unique exact preferred-label match,"unique exact preferred-label match (candidate filter only, per PR #120)"
REL-01133,CM-1-2-6-2,enables,CM-1-2-6-3,reason,unique label match to CM-1-2-6-3; no contradicting context,label filter leaves one candidate: CM-1-2-6-3; resolution requires context evidence
REL-01134,CM-1-2-6-2,enables,CM-1-1-3-5-2,confidence,ContextualResolved,CandidateOnly
REL-01134,CM-1-2-6-2,enables,CM-1-1-3-5-2,decision_reference,Q11+Q12,Q12
REL-01134,CM-1-2-6-2,enables,CM-1-1-3-5-2,disposition,ResolvedToConcept,SoleCandidate
REL-01134,CM-1-2-6-2,enables,CM-1-1-3-5-2,emission_decision,emit after mechanical uniqueness validation,HOLD: context-confirmation pass
REL-01134,CM-1-2-6-2,enables,CM-1-1-3-5-2,evidence,unique exact preferred-label match,"unique exact preferred-label match (candidate filter only, per PR #120)"
REL-01134,CM-1-2-6-2,enables,CM-1-1-3-5-2,reason,unique label match to CM-1-1-3-5-2; no contradicting context,label filter leaves one candidate: CM-1-1-3-5-2; resolution requires context evidence
REL-01135,CM-1-2-6-3,uses-input,CM-1-2-6-2,confidence,ContextualResolved,CandidateOnly
REL-01135,CM-1-2-6-3,uses-input,CM-1-2-6-2,decision_reference,Q11+Q12,Q12
REL-01135,CM-1-2-6-3,uses-input,CM-1-2-6-2,disposition,ResolvedToConcept,SoleCandidate
REL-01135,CM-1-2-6-3,uses-input,CM-1-2-6-2,emission_decision,emit after mechanical uniqueness validation,HOLD: context-confirmation pass
REL-01135,CM-1-2-6-3,uses-input,CM-1-2-6-2,evidence,unique exact preferred-label match,"unique exact preferred-label match (candidate filter only, per PR #120)"
REL-01135,CM-1-2-6-3,uses-input,CM-1-2-6-2,reason,unique label match to CM-1-2-6-2; no contradicting context,label filter leaves one candidate: CM-1-2-6-2; resolution requires context evidence
REL-01136,CM-1-2-6-3,uses-input,CM-1-1-3-7-9,confidence,ContextualResolved,CandidateOnly
REL-01136,CM-1-2-6-3,uses-input,CM-1-1-3-7-9,decision_reference,Q11+Q12,Q12
REL-01136,CM-1-2-6-3,uses-input,CM-1-1-3-7-9,disposition,ResolvedToConcept,SoleCandidate
REL-01136,CM-1-2-6-3,uses-input,CM-1-1-3-7-9,emission_decision,emit after mechanical uniqueness validation,HOLD: context-confirmation pass
REL-01136,CM-1-2-6-3,uses-input,CM-1-1-3-7-9,evidence,unique exact preferred-label match,"unique exact preferred-label match (candidate filter only, per PR #120)"
REL-01136,CM-1-2-6-3,uses-input,CM-1-1-3-7-9,reason,unique label match to CM-1-1-3-7-9; no contradicting context,label filter leaves one candidate: CM-1-1-3-7-9; resolution requires context evidence
REL-01137,CM-1-2-6-3,precedes,CM-1-1-3-6,confidence,ContextualResolved,CandidateOnly
REL-01137,CM-1-2-6-3,precedes,CM-1-1-3-6,decision_reference,Q11+Q12,Q12
REL-01137,CM-1-2-6-3,precedes,CM-1-1-3-6,disposition,ResolvedToConcept,SoleCandidate
REL-01137,CM-1-2-6-3,precedes,CM-1-1-3-6,emission_decision,emit after mechanical uniqueness validation,HOLD: context-confirmation pass
REL-01137,CM-1-2-6-3,precedes,CM-1-1-3-6,evidence,unique exact preferred-label match,"unique exact preferred-label match (candidate filter only, per PR #120)"
REL-01137,CM-1-2-6-3,precedes,CM-1-1-3-6,reason,unique label match to CM-1-1-3-6; no contradicting context,label filter leaves one candidate: CM-1-1-3-6; resolution requires context evidence
REL-01138,CM-1-2-7-1,enables,CM-1-2-6-2-2,confidence,ContextualResolved,CandidateOnly
REL-01138,CM-1-2-7-1,enables,CM-1-2-6-2-2,decision_reference,Q11+Q12,Q12
REL-01138,CM-1-2-7-1,enables,CM-1-2-6-2-2,disposition,ResolvedToConcept,SoleCandidate
REL-01138,CM-1-2-7-1,enables,CM-1-2-6-2-2,emission_decision,emit after mechanical uniqueness validation,HOLD: context-confirmation pass
REL-01138,CM-1-2-7-1,enables,CM-1-2-6-2-2,evidence,unique exact preferred-label match,"unique exact preferred-label match (candidate filter only, per PR #120)"
REL-01138,CM-1-2-7-1,enables,CM-1-2-6-2-2,reason,unique label match to CM-1-2-6-2-2; no contradicting context,label filter leaves one candidate: CM-1-2-6-2-2; resolution requires context evidence
REL-01139,CM-1-2-7-1,enables,CM-1-2-6-3,confidence,ContextualResolved,CandidateOnly
REL-01139,CM-1-2-7-1,enables,CM-1-2-6-3,decision_reference,Q11+Q12,Q12
REL-01139,CM-1-2-7-1,enables,CM-1-2-6-3,disposition,ResolvedToConcept,SoleCandidate
REL-01139,CM-1-2-7-1,enables,CM-1-2-6-3,emission_decision,emit after mechanical uniqueness validation,HOLD: context-confirmation pass
REL-01139,CM-1-2-7-1,enables,CM-1-2-6-3,evidence,unique exact preferred-label match,"unique exact preferred-label match (candidate filter only, per PR #120)"
REL-01139,CM-1-2-7-1,enables,CM-1-2-6-3,reason,unique label match to CM-1-2-6-3; no contradicting context,label filter leaves one candidate: CM-1-2-6-3; resolution requires context evidence
REL-01140,CM-1-2-7-1,informed-by,CM-1-2-1-2,confidence,ContextualResolved,CandidateOnly
REL-01140,CM-1-2-7-1,informed-by,CM-1-2-1-2,decision_reference,Q11+Q12,Q12
REL-01140,CM-1-2-7-1,informed-by,CM-1-2-1-2,disposition,ResolvedToConcept,SoleCandidate
REL-01140,CM-1-2-7-1,informed-by,CM-1-2-1-2,emission_decision,emit after mechanical uniqueness validation,HOLD: context-confirmation pass
REL-01140,CM-1-2-7-1,informed-by,CM-1-2-1-2,evidence,unique exact preferred-label match,"unique exact preferred-label match (candidate filter only, per PR #120)"
REL-01140,CM-1-2-7-1,informed-by,CM-1-2-1-2,reason,unique label match to CM-1-2-1-2; no contradicting context,label filter leaves one candidate: CM-1-2-1-2; resolution requires context evidence
REL-01141,CM-1-2-7-2,enables,CM-1-1-3-8,confidence,ContextualResolved,CandidateOnly
REL-01141,CM-1-2-7-2,enables,CM-1-1-3-8,decision_reference,Q11+Q12,Q12
REL-01141,CM-1-2-7-2,enables,CM-1-1-3-8,disposition,ResolvedToConcept,SoleCandidate
REL-01141,CM-1-2-7-2,enables,CM-1-1-3-8,emission_decision,emit after mechanical uniqueness validation,HOLD: context-confirmation pass
REL-01141,CM-1-2-7-2,enables,CM-1-1-3-8,evidence,unique exact preferred-label match,"unique exact preferred-label match (candidate filter only, per PR #120)"
REL-01141,CM-1-2-7-2,enables,CM-1-1-3-8,reason,unique label match to CM-1-1-3-8; no contradicting context,label filter leaves one candidate: CM-1-1-3-8; resolution requires context evidence
REL-01142,CM-1-2-7-2,enables,CM-1-2-6-3,confidence,ContextualResolved,CandidateOnly
REL-01142,CM-1-2-7-2,enables,CM-1-2-6-3,decision_reference,Q11+Q12,Q12
REL-01142,CM-1-2-7-2,enables,CM-1-2-6-3,disposition,ResolvedToConcept,SoleCandidate
REL-01142,CM-1-2-7-2,enables,CM-1-2-6-3,emission_decision,emit after mechanical uniqueness validation,HOLD: context-confirmation pass
REL-01142,CM-1-2-7-2,enables,CM-1-2-6-3,evidence,unique exact preferred-label match,"unique exact preferred-label match (candidate filter only, per PR #120)"
REL-01142,CM-1-2-7-2,enables,CM-1-2-6-3,reason,unique label match to CM-1-2-6-3; no contradicting context,label filter leaves one candidate: CM-1-2-6-3; resolution requires context evidence
REL-01143,CM-1-2-7-2,governed-by,CM-1-2-4-3-1,confidence,ContextualResolved,CandidateOnly
REL-01143,CM-1-2-7-2,governed-by,CM-1-2-4-3-1,decision_reference,Q11+Q12,Q12
REL-01143,CM-1-2-7-2,governed-by,CM-1-2-4-3-1,disposition,ResolvedToConcept,SoleCandidate
REL-01143,CM-1-2-7-2,governed-by,CM-1-2-4-3-1,emission_decision,emit after mechanical uniqueness validation,HOLD: context-confirmation pass
REL-01143,CM-1-2-7-2,governed-by,CM-1-2-4-3-1,evidence,unique exact preferred-label match,"unique exact preferred-label match (candidate filter only, per PR #120)"
REL-01143,CM-1-2-7-2,governed-by,CM-1-2-4-3-1,reason,unique label match to CM-1-2-4-3-1; no contradicting context,label filter leaves one candidate: CM-1-2-4-3-1; resolution requires context evidence
REL-01144,CM-1-3-2-5,informed-by,CM-1-3-1-3,confidence,ContextualResolved,CandidateOnly
REL-01144,CM-1-3-2-5,informed-by,CM-1-3-1-3,decision_reference,Q11+Q12,Q12
REL-01144,CM-1-3-2-5,informed-by,CM-1-3-1-3,disposition,ResolvedToConcept,SoleCandidate
REL-01144,CM-1-3-2-5,informed-by,CM-1-3-1-3,emission_decision,emit after mechanical uniqueness validation,HOLD: context-confirmation pass
REL-01144,CM-1-3-2-5,informed-by,CM-1-3-1-3,evidence,unique exact preferred-label match,"unique exact preferred-label match (candidate filter only, per PR #120)"
REL-01144,CM-1-3-2-5,informed-by,CM-1-3-1-3,reason,unique label match to CM-1-3-1-3; no contradicting context,label filter leaves one candidate: CM-1-3-1-3; resolution requires context evidence
REL-01145,CM-1-3-2-5,informed-by,CM-1-3-1-4,confidence,ContextualResolved,CandidateOnly
REL-01145,CM-1-3-2-5,informed-by,CM-1-3-1-4,decision_reference,Q11+Q12,Q12
REL-01145,CM-1-3-2-5,informed-by,CM-1-3-1-4,disposition,ResolvedToConcept,SoleCandidate
REL-01145,CM-1-3-2-5,informed-by,CM-1-3-1-4,emission_decision,emit after mechanical uniqueness validation,HOLD: context-confirmation pass
REL-01145,CM-1-3-2-5,informed-by,CM-1-3-1-4,evidence,unique exact preferred-label match,"unique exact preferred-label match (candidate filter only, per PR #120)"
REL-01145,CM-1-3-2-5,informed-by,CM-1-3-1-4,reason,unique label match to CM-1-3-1-4; no contradicting context,label filter leaves one candidate: CM-1-3-1-4; resolution requires context evidence
REL-01146,CM-1-3-2-5,enables,CM-1-3-9-1,confidence,ContextualResolved,CandidateOnly
REL-01146,CM-1-3-2-5,enables,CM-1-3-9-1,decision_reference,Q11+Q12,Q12
REL-01146,CM-1-3-2-5,enables,CM-1-3-9-1,disposition,ResolvedToConcept,SoleCandidate
REL-01146,CM-1-3-2-5,enables,CM-1-3-9-1,emission_decision,emit after mechanical uniqueness validation,HOLD: context-confirmation pass
REL-01146,CM-1-3-2-5,enables,CM-1-3-9-1,evidence,unique exact preferred-label match,"unique exact preferred-label match (candidate filter only, per PR #120)"
REL-01146,CM-1-3-2-5,enables,CM-1-3-9-1,reason,unique label match to CM-1-3-9-1; no contradicting context,label filter leaves one candidate: CM-1-3-9-1; resolution requires context evidence
REL-01147,CM-1-3-4-1,informed-by,CM-1-3-1-6,confidence,Resolved,StableIdentifier
REL-01148,CM-1-3-4-1,enables,CM-1-3-4-2,confidence,ContextualResolved,CandidateOnly
REL-01148,CM-1-3-4-1,enables,CM-1-3-4-2,decision_reference,Q11+Q12,Q12
REL-01148,CM-1-3-4-1,enables,CM-1-3-4-2,disposition,ResolvedToConcept,SoleCandidate
REL-01148,CM-1-3-4-1,enables,CM-1-3-4-2,emission_decision,emit after mechanical uniqueness validation,HOLD: context-confirmation pass
REL-01148,CM-1-3-4-1,enables,CM-1-3-4-2,evidence,unique exact preferred-label match,"unique exact preferred-label match (candidate filter only, per PR #120)"
REL-01148,CM-1-3-4-1,enables,CM-1-3-4-2,reason,unique label match to CM-1-3-4-2; no contradicting context,label filter leaves one candidate: CM-1-3-4-2; resolution requires context evidence
REL-01149,CM-1-3-4-1,enables,CM-1-3-4-3,confidence,ContextualResolved,CandidateOnly
REL-01149,CM-1-3-4-1,enables,CM-1-3-4-3,decision_reference,Q11+Q12,Q12
REL-01149,CM-1-3-4-1,enables,CM-1-3-4-3,disposition,ResolvedToConcept,SoleCandidate
REL-01149,CM-1-3-4-1,enables,CM-1-3-4-3,emission_decision,emit after mechanical uniqueness validation,HOLD: context-confirmation pass
REL-01149,CM-1-3-4-1,enables,CM-1-3-4-3,evidence,unique exact preferred-label match,"unique exact preferred-label match (candidate filter only, per PR #120)"
REL-01149,CM-1-3-4-1,enables,CM-1-3-4-3,reason,unique label match to CM-1-3-4-3; no contradicting context,label filter leaves one candidate: CM-1-3-4-3; resolution requires context evidence
REL-01150,CM-1-3-4-2,informed-by,CM-1-3-4-1,confidence,ContextualResolved,CandidateOnly
REL-01150,CM-1-3-4-2,informed-by,CM-1-3-4-1,decision_reference,Q11+Q12,Q12
REL-01150,CM-1-3-4-2,informed-by,CM-1-3-4-1,disposition,ResolvedToConcept,SoleCandidate
REL-01150,CM-1-3-4-2,informed-by,CM-1-3-4-1,emission_decision,emit after mechanical uniqueness validation,HOLD: context-confirmation pass
REL-01150,CM-1-3-4-2,informed-by,CM-1-3-4-1,evidence,unique exact preferred-label match,"unique exact preferred-label match (candidate filter only, per PR #120)"
REL-01150,CM-1-3-4-2,informed-by,CM-1-3-4-1,reason,unique label match to CM-1-3-4-1; no contradicting context,label filter leaves one candidate: CM-1-3-4-1; resolution requires context evidence
REL-01151,CM-1-3-4-2,enables,CM-1-3-4-3,confidence,ContextualResolved,CandidateOnly
REL-01151,CM-1-3-4-2,enables,CM-1-3-4-3,decision_reference,Q11+Q12,Q12
REL-01151,CM-1-3-4-2,enables,CM-1-3-4-3,disposition,ResolvedToConcept,SoleCandidate
REL-01151,CM-1-3-4-2,enables,CM-1-3-4-3,emission_decision,emit after mechanical uniqueness validation,HOLD: context-confirmation pass
REL-01151,CM-1-3-4-2,enables,CM-1-3-4-3,evidence,unique exact preferred-label match,"unique exact preferred-label match (candidate filter only, per PR #120)"
REL-01151,CM-1-3-4-2,enables,CM-1-3-4-3,reason,unique label match to CM-1-3-4-3; no contradicting context,label filter leaves one candidate: CM-1-3-4-3; resolution requires context evidence
REL-01152,CM-1-3-4-3,informed-by,CM-1-3-4-2,confidence,ContextualResolved,CandidateOnly
REL-01152,CM-1-3-4-3,informed-by,CM-1-3-4-2,decision_reference,Q11+Q12,Q12
REL-01152,CM-1-3-4-3,informed-by,CM-1-3-4-2,disposition,ResolvedToConcept,SoleCandidate
REL-01152,CM-1-3-4-3,informed-by,CM-1-3-4-2,emission_decision,emit after mechanical uniqueness validation,HOLD: context-confirmation pass
REL-01152,CM-1-3-4-3,informed-by,CM-1-3-4-2,evidence,unique exact preferred-label match,"unique exact preferred-label match (candidate filter only, per PR #120)"
REL-01152,CM-1-3-4-3,informed-by,CM-1-3-4-2,reason,unique label match to CM-1-3-4-2; no contradicting context,label filter leaves one candidate: CM-1-3-4-2; resolution requires context evidence
REL-01153,CM-1-3-4-3,enables,CM-1-3-3-1,confidence,ContextualResolved,CandidateOnly
REL-01153,CM-1-3-4-3,enables,CM-1-3-3-1,decision_reference,Q11+Q12,Q12
REL-01153,CM-1-3-4-3,enables,CM-1-3-3-1,disposition,ResolvedToConcept,SoleCandidate
REL-01153,CM-1-3-4-3,enables,CM-1-3-3-1,emission_decision,emit after mechanical uniqueness validation,HOLD: context-confirmation pass
REL-01153,CM-1-3-4-3,enables,CM-1-3-3-1,evidence,unique exact preferred-label match,"unique exact preferred-label match (candidate filter only, per PR #120)"
REL-01153,CM-1-3-4-3,enables,CM-1-3-3-1,reason,unique label match to CM-1-3-3-1; no contradicting context,label filter leaves one candidate: CM-1-3-3-1; resolution requires context evidence
REL-01154,CM-1-3-4-3,enables,CM-1-3-4-5,confidence,ContextualResolved,CandidateOnly
REL-01154,CM-1-3-4-3,enables,CM-1-3-4-5,decision_reference,Q11+Q12,Q12
REL-01154,CM-1-3-4-3,enables,CM-1-3-4-5,disposition,ResolvedToConcept,SoleCandidate
REL-01154,CM-1-3-4-3,enables,CM-1-3-4-5,emission_decision,emit after mechanical uniqueness validation,HOLD: context-confirmation pass
REL-01154,CM-1-3-4-3,enables,CM-1-3-4-5,evidence,unique exact preferred-label match,"unique exact preferred-label match (candidate filter only, per PR #120)"
REL-01154,CM-1-3-4-3,enables,CM-1-3-4-5,reason,unique label match to CM-1-3-4-5; no contradicting context,label filter leaves one candidate: CM-1-3-4-5; resolution requires context evidence
REL-01155,CM-1-3-5-5,uses-input,CM-1-3-1-6,confidence,Resolved,StableIdentifier
REL-01156,CM-1-3-5-5,enables,CM-1-3-5-3,confidence,ContextualResolved,CandidateOnly
REL-01156,CM-1-3-5-5,enables,CM-1-3-5-3,decision_reference,Q11+Q12,Q12
REL-01156,CM-1-3-5-5,enables,CM-1-3-5-3,disposition,ResolvedToConcept,SoleCandidate
REL-01156,CM-1-3-5-5,enables,CM-1-3-5-3,emission_decision,emit after mechanical uniqueness validation,HOLD: context-confirmation pass
REL-01156,CM-1-3-5-5,enables,CM-1-3-5-3,evidence,unique exact preferred-label match,"unique exact preferred-label match (candidate filter only, per PR #120)"
REL-01156,CM-1-3-5-5,enables,CM-1-3-5-3,reason,unique label match to CM-1-3-5-3; no contradicting context,label filter leaves one candidate: CM-1-3-5-3; resolution requires context evidence
REL-01157,CM-1-3-5-5,enables,CM-1-3-5-1,confidence,Resolved,StableIdentifier
REL-01158,CM-1-3-6-4,governed-by,CM-1-3-3-2,confidence,ContextualResolved,CandidateOnly
REL-01158,CM-1-3-6-4,governed-by,CM-1-3-3-2,decision_reference,Q11+Q12,Q12
REL-01158,CM-1-3-6-4,governed-by,CM-1-3-3-2,disposition,ResolvedToConcept,SoleCandidate
REL-01158,CM-1-3-6-4,governed-by,CM-1-3-3-2,emission_decision,emit after mechanical uniqueness validation,HOLD: context-confirmation pass
REL-01158,CM-1-3-6-4,governed-by,CM-1-3-3-2,evidence,unique exact preferred-label match,"unique exact preferred-label match (candidate filter only, per PR #120)"
REL-01158,CM-1-3-6-4,governed-by,CM-1-3-3-2,reason,unique label match to CM-1-3-3-2; no contradicting context,label filter leaves one candidate: CM-1-3-3-2; resolution requires context evidence
REL-01159,CM-1-3-6-4,informed-by,CM-1-3-3-2-3,confidence,ContextualResolved,CandidateOnly
REL-01159,CM-1-3-6-4,informed-by,CM-1-3-3-2-3,decision_reference,Q11+Q12,Q12
REL-01159,CM-1-3-6-4,informed-by,CM-1-3-3-2-3,disposition,ResolvedToConcept,SoleCandidate
REL-01159,CM-1-3-6-4,informed-by,CM-1-3-3-2-3,emission_decision,emit after mechanical uniqueness validation,HOLD: context-confirmation pass
REL-01159,CM-1-3-6-4,informed-by,CM-1-3-3-2-3,evidence,unique exact preferred-label match,"unique exact preferred-label match (candidate filter only, per PR #120)"
REL-01159,CM-1-3-6-4,informed-by,CM-1-3-3-2-3,reason,unique label match to CM-1-3-3-2-3; no contradicting context,label filter leaves one candidate: CM-1-3-3-2-3; resolution requires context evidence
REL-01160,CM-1-3-6-5,uses-input,CM-1-3-5-3,confidence,ContextualResolved,CandidateOnly
REL-01160,CM-1-3-6-5,uses-input,CM-1-3-5-3,decision_reference,Q11+Q12,Q12
REL-01160,CM-1-3-6-5,uses-input,CM-1-3-5-3,disposition,ResolvedToConcept,SoleCandidate
REL-01160,CM-1-3-6-5,uses-input,CM-1-3-5-3,emission_decision,emit after mechanical uniqueness validation,HOLD: context-confirmation pass
REL-01160,CM-1-3-6-5,uses-input,CM-1-3-5-3,evidence,unique exact preferred-label match,"unique exact preferred-label match (candidate filter only, per PR #120)"
REL-01160,CM-1-3-6-5,uses-input,CM-1-3-5-3,reason,unique label match to CM-1-3-5-3; no contradicting context,label filter leaves one candidate: CM-1-3-5-3; resolution requires context evidence
REL-01161,CM-1-3-6-5,enables,CM-1-3-5-5,confidence,ContextualResolved,CandidateOnly
REL-01161,CM-1-3-6-5,enables,CM-1-3-5-5,decision_reference,Q11+Q12,Q12
REL-01161,CM-1-3-6-5,enables,CM-1-3-5-5,disposition,ResolvedToConcept,SoleCandidate
REL-01161,CM-1-3-6-5,enables,CM-1-3-5-5,emission_decision,emit after mechanical uniqueness validation,HOLD: context-confirmation pass
REL-01161,CM-1-3-6-5,enables,CM-1-3-5-5,evidence,unique exact preferred-label match,"unique exact preferred-label match (candidate filter only, per PR #120)"
REL-01161,CM-1-3-6-5,enables,CM-1-3-5-5,reason,unique label match to CM-1-3-5-5; no contradicting context,label filter leaves one candidate: CM-1-3-5-5; resolution requires context evidence
REL-01162,CM-1-3-9-2,uses-input,CM-1-3-7-5,confidence,ContextualResolved,CandidateOnly
REL-01162,CM-1-3-9-2,uses-input,CM-1-3-7-5,decision_reference,Q11+Q12,Q12
REL-01162,CM-1-3-9-2,uses-input,CM-1-3-7-5,disposition,ResolvedToConcept,SoleCandidate
REL-01162,CM-1-3-9-2,uses-input,CM-1-3-7-5,emission_decision,emit after mechanical uniqueness validation,HOLD: context-confirmation pass
REL-01162,CM-1-3-9-2,uses-input,CM-1-3-7-5,evidence,unique exact preferred-label match,"unique exact preferred-label match (candidate filter only, per PR #120)"
REL-01162,CM-1-3-9-2,uses-input,CM-1-3-7-5,reason,unique label match to CM-1-3-7-5; no contradicting context,label filter leaves one candidate: CM-1-3-7-5; resolution requires context evidence
REL-01163,CM-1-3-9-2,enables,CM-1-3-8-1-1,confidence,Resolved,StableIdentifier
REL-01164,CM-1-3-9-2,uses-input,CM-1-3-9-1,confidence,ContextualResolved,CandidateOnly
REL-01164,CM-1-3-9-2,uses-input,CM-1-3-9-1,decision_reference,Q11+Q12,Q12
REL-01164,CM-1-3-9-2,uses-input,CM-1-3-9-1,disposition,ResolvedToConcept,SoleCandidate
REL-01164,CM-1-3-9-2,uses-input,CM-1-3-9-1,emission_decision,emit after mechanical uniqueness validation,HOLD: context-confirmation pass
REL-01164,CM-1-3-9-2,uses-input,CM-1-3-9-1,evidence,unique exact preferred-label match,"unique exact preferred-label match (candidate filter only, per PR #120)"
REL-01164,CM-1-3-9-2,uses-input,CM-1-3-9-1,reason,unique label match to CM-1-3-9-1; no contradicting context,label filter leaves one candidate: CM-1-3-9-1; resolution requires context evidence
REL-01165,CM-1-3-9-3,uses-input,CM-1-3-9-2,confidence,ContextualResolved,CandidateOnly
REL-01165,CM-1-3-9-3,uses-input,CM-1-3-9-2,decision_reference,Q11+Q12,Q12
REL-01165,CM-1-3-9-3,uses-input,CM-1-3-9-2,disposition,ResolvedToConcept,SoleCandidate
REL-01165,CM-1-3-9-3,uses-input,CM-1-3-9-2,emission_decision,emit after mechanical uniqueness validation,HOLD: context-confirmation pass
REL-01165,CM-1-3-9-3,uses-input,CM-1-3-9-2,evidence,unique exact preferred-label match,"unique exact preferred-label match (candidate filter only, per PR #120)"
REL-01165,CM-1-3-9-3,uses-input,CM-1-3-9-2,reason,unique label match to CM-1-3-9-2; no contradicting context,label filter leaves one candidate: CM-1-3-9-2; resolution requires context evidence
REL-01166,CM-1-3-9-3,uses-input,CM-1-3-7-5-4,confidence,Resolved,StableIdentifier
REL-01167,CM-1-3-9-3,enables,CM-1-3-9-1-1,confidence,ContextualResolved,CandidateOnly
REL-01167,CM-1-3-9-3,enables,CM-1-3-9-1-1,decision_reference,Q11+Q12,Q12
REL-01167,CM-1-3-9-3,enables,CM-1-3-9-1-1,disposition,ResolvedToConcept,SoleCandidate
REL-01167,CM-1-3-9-3,enables,CM-1-3-9-1-1,emission_decision,emit after mechanical uniqueness validation,HOLD: context-confirmation pass
REL-01167,CM-1-3-9-3,enables,CM-1-3-9-1-1,evidence,unique exact preferred-label match,"unique exact preferred-label match (candidate filter only, per PR #120)"
REL-01167,CM-1-3-9-3,enables,CM-1-3-9-1-1,reason,unique label match to CM-1-3-9-1-1; no contradicting context,label filter leaves one candidate: CM-1-3-9-1-1; resolution requires context evidence
REL-01168,CM-1-1-3-6,follows,CM-1-1-3-5,confidence,ContextualResolved,CandidateOnly
REL-01168,CM-1-1-3-6,follows,CM-1-1-3-5,decision_reference,Q11+Q12,Q12
REL-01168,CM-1-1-3-6,follows,CM-1-1-3-5,disposition,ResolvedToConcept,SoleCandidate
REL-01168,CM-1-1-3-6,follows,CM-1-1-3-5,emission_decision,emit after mechanical uniqueness validation,HOLD: context-confirmation pass
REL-01168,CM-1-1-3-6,follows,CM-1-1-3-5,evidence,unique exact preferred-label match,"unique exact preferred-label match (candidate filter only, per PR #120)"
REL-01168,CM-1-1-3-6,follows,CM-1-1-3-5,reason,unique label match to CM-1-1-3-5; no contradicting context,label filter leaves one candidate: CM-1-1-3-5; resolution requires context evidence
REL-01169,CM-1-1-3-6,enables,CM-1-1-6,confidence,ContextualResolved,CandidateOnly
REL-01169,CM-1-1-3-6,enables,CM-1-1-6,decision_reference,Q11+Q12,Q12
REL-01169,CM-1-1-3-6,enables,CM-1-1-6,disposition,ResolvedToConcept,SoleCandidate
REL-01169,CM-1-1-3-6,enables,CM-1-1-6,emission_decision,emit after mechanical uniqueness validation,HOLD: context-confirmation pass
REL-01169,CM-1-1-3-6,enables,CM-1-1-6,evidence,unique exact preferred-label match,"unique exact preferred-label match (candidate filter only, per PR #120)"
REL-01169,CM-1-1-3-6,enables,CM-1-1-6,reason,unique label match to CM-1-1-6; no contradicting context,label filter leaves one candidate: CM-1-1-6; resolution requires context evidence
REL-01170,CM-1-1-3-8,informed-by,CM-1-1-3-7-3,confidence,ContextualResolved,CandidateOnly
REL-01170,CM-1-1-3-8,informed-by,CM-1-1-3-7-3,decision_reference,Q11+Q12,Q12
REL-01170,CM-1-1-3-8,informed-by,CM-1-1-3-7-3,disposition,ResolvedToConcept,SoleCandidate
REL-01170,CM-1-1-3-8,informed-by,CM-1-1-3-7-3,emission_decision,emit after mechanical uniqueness validation,HOLD: context-confirmation pass
REL-01170,CM-1-1-3-8,informed-by,CM-1-1-3-7-3,evidence,unique exact preferred-label match,"unique exact preferred-label match (candidate filter only, per PR #120)"
REL-01170,CM-1-1-3-8,informed-by,CM-1-1-3-7-3,reason,unique label match to CM-1-1-3-7-3; no contradicting context,label filter leaves one candidate: CM-1-1-3-7-3; resolution requires context evidence
REL-01171,CM-1-1-3-8,enables,CM-1-1-6,confidence,ContextualResolved,CandidateOnly
REL-01171,CM-1-1-3-8,enables,CM-1-1-6,decision_reference,Q11+Q12,Q12
REL-01171,CM-1-1-3-8,enables,CM-1-1-6,disposition,ResolvedToConcept,SoleCandidate
REL-01171,CM-1-1-3-8,enables,CM-1-1-6,emission_decision,emit after mechanical uniqueness validation,HOLD: context-confirmation pass
REL-01171,CM-1-1-3-8,enables,CM-1-1-6,evidence,unique exact preferred-label match,"unique exact preferred-label match (candidate filter only, per PR #120)"
REL-01171,CM-1-1-3-8,enables,CM-1-1-6,reason,unique label match to CM-1-1-6; no contradicting context,label filter leaves one candidate: CM-1-1-6; resolution requires context evidence
REL-01172,CM-1-2-5-1,enables,CM-1-2-5-2-3,confidence,Resolved,StableIdentifier
REL-01173,CM-1-2-5-1,informed-by,CM-1-1-4-7-2,confidence,ContextualResolved,CandidateOnly
REL-01173,CM-1-2-5-1,informed-by,CM-1-1-4-7-2,decision_reference,Q11+Q12,Q12
REL-01173,CM-1-2-5-1,informed-by,CM-1-1-4-7-2,disposition,ResolvedToConcept,SoleCandidate
REL-01173,CM-1-2-5-1,informed-by,CM-1-1-4-7-2,emission_decision,emit after mechanical uniqueness validation,HOLD: context-confirmation pass
REL-01173,CM-1-2-5-1,informed-by,CM-1-1-4-7-2,evidence,unique exact preferred-label match,"unique exact preferred-label match (candidate filter only, per PR #120)"
REL-01173,CM-1-2-5-1,informed-by,CM-1-1-4-7-2,reason,unique label match to CM-1-1-4-7-2; no contradicting context,label filter leaves one candidate: CM-1-1-4-7-2; resolution requires context evidence
REL-01174,CM-1-2-5-1,enables,CM-1-2-5-2-1,confidence,ContextualResolved,CandidateOnly
REL-01174,CM-1-2-5-1,enables,CM-1-2-5-2-1,decision_reference,Q11+Q12,Q12
REL-01174,CM-1-2-5-1,enables,CM-1-2-5-2-1,disposition,ResolvedToConcept,SoleCandidate
REL-01174,CM-1-2-5-1,enables,CM-1-2-5-2-1,emission_decision,emit after mechanical uniqueness validation,HOLD: context-confirmation pass
REL-01174,CM-1-2-5-1,enables,CM-1-2-5-2-1,evidence,unique exact preferred-label match,"unique exact preferred-label match (candidate filter only, per PR #120)"
REL-01174,CM-1-2-5-1,enables,CM-1-2-5-2-1,reason,unique label match to CM-1-2-5-2-1; no contradicting context,label filter leaves one candidate: CM-1-2-5-2-1; resolution requires context evidence
REL-01175,CM-1-3-1-1,enables,CM-1-3-1-6,confidence,Resolved,StableIdentifier
REL-01176,CM-1-3-1-1,enables,CM-1-3-2-1,confidence,ContextualResolved,CandidateOnly
REL-01176,CM-1-3-1-1,enables,CM-1-3-2-1,decision_reference,Q11+Q12,Q12
REL-01176,CM-1-3-1-1,enables,CM-1-3-2-1,disposition,ResolvedToConcept,SoleCandidate
REL-01176,CM-1-3-1-1,enables,CM-1-3-2-1,emission_decision,emit after mechanical uniqueness validation,HOLD: context-confirmation pass
REL-01176,CM-1-3-1-1,enables,CM-1-3-2-1,evidence,unique exact preferred-label match,"unique exact preferred-label match (candidate filter only, per PR #120)"
REL-01176,CM-1-3-1-1,enables,CM-1-3-2-1,reason,unique label match to CM-1-3-2-1; no contradicting context,label filter leaves one candidate: CM-1-3-2-1; resolution requires context evidence
REL-01177,CM-1-3-1-1,informed-by,CM-1-1-1-1,confidence,Resolved,StableIdentifier
REL-01178,CM-1-3-1-2,enables,CM-1-3-1-6,confidence,Resolved,StableIdentifier
REL-01179,CM-1-3-1-2,enables,CM-1-3-2-1,confidence,ContextualResolved,CandidateOnly
REL-01179,CM-1-3-1-2,enables,CM-1-3-2-1,decision_reference,Q11+Q12,Q12
REL-01179,CM-1-3-1-2,enables,CM-1-3-2-1,disposition,ResolvedToConcept,SoleCandidate
REL-01179,CM-1-3-1-2,enables,CM-1-3-2-1,emission_decision,emit after mechanical uniqueness validation,HOLD: context-confirmation pass
REL-01179,CM-1-3-1-2,enables,CM-1-3-2-1,evidence,unique exact preferred-label match,"unique exact preferred-label match (candidate filter only, per PR #120)"
REL-01179,CM-1-3-1-2,enables,CM-1-3-2-1,reason,unique label match to CM-1-3-2-1; no contradicting context,label filter leaves one candidate: CM-1-3-2-1; resolution requires context evidence
REL-01180,CM-1-3-1-2,uses-input,CM-1-2-4-2,confidence,ContextualResolved,CandidateOnly
REL-01180,CM-1-3-1-2,uses-input,CM-1-2-4-2,decision_reference,Q11+Q12,Q12
REL-01180,CM-1-3-1-2,uses-input,CM-1-2-4-2,disposition,ResolvedToConcept,SoleCandidate
REL-01180,CM-1-3-1-2,uses-input,CM-1-2-4-2,emission_decision,emit after mechanical uniqueness validation,HOLD: context-confirmation pass
REL-01180,CM-1-3-1-2,uses-input,CM-1-2-4-2,evidence,unique exact preferred-label match,"unique exact preferred-label match (candidate filter only, per PR #120)"
REL-01180,CM-1-3-1-2,uses-input,CM-1-2-4-2,reason,unique label match to CM-1-2-4-2; no contradicting context,label filter leaves one candidate: CM-1-2-4-2; resolution requires context evidence
REL-01181,CM-1-3-1-3,enables,CM-1-3-2-3,confidence,ContextualResolved,CandidateOnly
REL-01181,CM-1-3-1-3,enables,CM-1-3-2-3,decision_reference,Q11+Q12,Q12
REL-01181,CM-1-3-1-3,enables,CM-1-3-2-3,disposition,ResolvedToConcept,SoleCandidate
REL-01181,CM-1-3-1-3,enables,CM-1-3-2-3,emission_decision,emit after mechanical uniqueness validation,HOLD: context-confirmation pass
REL-01181,CM-1-3-1-3,enables,CM-1-3-2-3,evidence,unique exact preferred-label match,"unique exact preferred-label match (candidate filter only, per PR #120)"
REL-01181,CM-1-3-1-3,enables,CM-1-3-2-3,reason,unique label match to CM-1-3-2-3; no contradicting context,label filter leaves one candidate: CM-1-3-2-3; resolution requires context evidence
REL-01182,CM-1-3-1-3,enables,CM-1-3-1-6,confidence,Resolved,StableIdentifier
REL-01183,CM-1-3-1-3,informed-by,CM-1-3-1-1,confidence,ContextualResolved,CandidateOnly
REL-01183,CM-1-3-1-3,informed-by,CM-1-3-1-1,decision_reference,Q11+Q12,Q12
REL-01183,CM-1-3-1-3,informed-by,CM-1-3-1-1,disposition,ResolvedToConcept,SoleCandidate
REL-01183,CM-1-3-1-3,informed-by,CM-1-3-1-1,emission_decision,emit after mechanical uniqueness validation,HOLD: context-confirmation pass
REL-01183,CM-1-3-1-3,informed-by,CM-1-3-1-1,evidence,unique exact preferred-label match,"unique exact preferred-label match (candidate filter only, per PR #120)"
REL-01183,CM-1-3-1-3,informed-by,CM-1-3-1-1,reason,unique label match to CM-1-3-1-1; no contradicting context,label filter leaves one candidate: CM-1-3-1-1; resolution requires context evidence
REL-01184,CM-1-3-1-4,enables,CM-1-3-2-2,confidence,ContextualResolved,CandidateOnly
REL-01184,CM-1-3-1-4,enables,CM-1-3-2-2,decision_reference,Q11+Q12,Q12
REL-01184,CM-1-3-1-4,enables,CM-1-3-2-2,disposition,ResolvedToConcept,SoleCandidate
REL-01184,CM-1-3-1-4,enables,CM-1-3-2-2,emission_decision,emit after mechanical uniqueness validation,HOLD: context-confirmation pass
REL-01184,CM-1-3-1-4,enables,CM-1-3-2-2,evidence,unique exact preferred-label match,"unique exact preferred-label match (candidate filter only, per PR #120)"
REL-01184,CM-1-3-1-4,enables,CM-1-3-2-2,reason,unique label match to CM-1-3-2-2; no contradicting context,label filter leaves one candidate: CM-1-3-2-2; resolution requires context evidence
REL-01185,CM-1-3-1-4,enables,CM-1-3-1-6,confidence,Resolved,StableIdentifier
REL-01186,CM-1-3-1-4,informed-by,CM-1-3-1-1,confidence,ContextualResolved,CandidateOnly
REL-01186,CM-1-3-1-4,informed-by,CM-1-3-1-1,decision_reference,Q11+Q12,Q12
REL-01186,CM-1-3-1-4,informed-by,CM-1-3-1-1,disposition,ResolvedToConcept,SoleCandidate
REL-01186,CM-1-3-1-4,informed-by,CM-1-3-1-1,emission_decision,emit after mechanical uniqueness validation,HOLD: context-confirmation pass
REL-01186,CM-1-3-1-4,informed-by,CM-1-3-1-1,evidence,unique exact preferred-label match,"unique exact preferred-label match (candidate filter only, per PR #120)"
REL-01186,CM-1-3-1-4,informed-by,CM-1-3-1-1,reason,unique label match to CM-1-3-1-1; no contradicting context,label filter leaves one candidate: CM-1-3-1-1; resolution requires context evidence
REL-01187,CM-1-3-1-5,enables,CM-1-3-2-1,confidence,ContextualResolved,CandidateOnly
REL-01187,CM-1-3-1-5,enables,CM-1-3-2-1,decision_reference,Q11+Q12,Q12
REL-01187,CM-1-3-1-5,enables,CM-1-3-2-1,disposition,ResolvedToConcept,SoleCandidate
REL-01187,CM-1-3-1-5,enables,CM-1-3-2-1,emission_decision,emit after mechanical uniqueness validation,HOLD: context-confirmation pass
REL-01187,CM-1-3-1-5,enables,CM-1-3-2-1,evidence,unique exact preferred-label match,"unique exact preferred-label match (candidate filter only, per PR #120)"
REL-01187,CM-1-3-1-5,enables,CM-1-3-2-1,reason,unique label match to CM-1-3-2-1; no contradicting context,label filter leaves one candidate: CM-1-3-2-1; resolution requires context evidence
REL-01188,CM-1-3-1-5,enables,CM-1-3-1-6,confidence,Resolved,StableIdentifier
REL-01189,CM-1-3-1-5,informed-by,CM-1-3-1-1,confidence,ContextualResolved,CandidateOnly
REL-01189,CM-1-3-1-5,informed-by,CM-1-3-1-1,decision_reference,Q11+Q12,Q12
REL-01189,CM-1-3-1-5,informed-by,CM-1-3-1-1,disposition,ResolvedToConcept,SoleCandidate
REL-01189,CM-1-3-1-5,informed-by,CM-1-3-1-1,emission_decision,emit after mechanical uniqueness validation,HOLD: context-confirmation pass
REL-01189,CM-1-3-1-5,informed-by,CM-1-3-1-1,evidence,unique exact preferred-label match,"unique exact preferred-label match (candidate filter only, per PR #120)"
REL-01189,CM-1-3-1-5,informed-by,CM-1-3-1-1,reason,unique label match to CM-1-3-1-1; no contradicting context,label filter leaves one candidate: CM-1-3-1-1; resolution requires context evidence
REL-01190,CM-1-3-2-1,informed-by,CM-1-3-1-6,confidence,Resolved,StableIdentifier
REL-01191,CM-1-3-2-1,enables,CM-1-3-3-5,confidence,ContextualResolved,CandidateOnly
REL-01191,CM-1-3-2-1,enables,CM-1-3-3-5,decision_reference,Q11+Q12,Q12
REL-01191,CM-1-3-2-1,enables,CM-1-3-3-5,disposition,ResolvedToConcept,SoleCandidate
REL-01191,CM-1-3-2-1,enables,CM-1-3-3-5,emission_decision,emit after mechanical uniqueness validation,HOLD: context-confirmation pass
REL-01191,CM-1-3-2-1,enables,CM-1-3-3-5,evidence,unique exact preferred-label match,"unique exact preferred-label match (candidate filter only, per PR #120)"
REL-01191,CM-1-3-2-1,enables,CM-1-3-3-5,reason,unique label match to CM-1-3-3-5; no contradicting context,label filter leaves one candidate: CM-1-3-3-5; resolution requires context evidence
REL-01192,CM-1-3-2-1,enables,CM-1-3-2-4,confidence,ContextualResolved,CandidateOnly
REL-01192,CM-1-3-2-1,enables,CM-1-3-2-4,decision_reference,Q11+Q12,Q12
REL-01192,CM-1-3-2-1,enables,CM-1-3-2-4,disposition,ResolvedToConcept,SoleCandidate
REL-01192,CM-1-3-2-1,enables,CM-1-3-2-4,emission_decision,emit after mechanical uniqueness validation,HOLD: context-confirmation pass
REL-01192,CM-1-3-2-1,enables,CM-1-3-2-4,evidence,unique exact preferred-label match,"unique exact preferred-label match (candidate filter only, per PR #120)"
REL-01192,CM-1-3-2-1,enables,CM-1-3-2-4,reason,unique label match to CM-1-3-2-4; no contradicting context,label filter leaves one candidate: CM-1-3-2-4; resolution requires context evidence
REL-01193,CM-1-3-2-2,informed-by,CM-1-3-1-4,confidence,ContextualResolved,CandidateOnly
REL-01193,CM-1-3-2-2,informed-by,CM-1-3-1-4,decision_reference,Q11+Q12,Q12
REL-01193,CM-1-3-2-2,informed-by,CM-1-3-1-4,disposition,ResolvedToConcept,SoleCandidate
REL-01193,CM-1-3-2-2,informed-by,CM-1-3-1-4,emission_decision,emit after mechanical uniqueness validation,HOLD: context-confirmation pass
REL-01193,CM-1-3-2-2,informed-by,CM-1-3-1-4,evidence,unique exact preferred-label match,"unique exact preferred-label match (candidate filter only, per PR #120)"
REL-01193,CM-1-3-2-2,informed-by,CM-1-3-1-4,reason,unique label match to CM-1-3-1-4; no contradicting context,label filter leaves one candidate: CM-1-3-1-4; resolution requires context evidence
REL-01194,CM-1-3-2-2,enables,CM-1-3-3-1,confidence,ContextualResolved,CandidateOnly
REL-01194,CM-1-3-2-2,enables,CM-1-3-3-1,decision_reference,Q11+Q12,Q12
REL-01194,CM-1-3-2-2,enables,CM-1-3-3-1,disposition,ResolvedToConcept,SoleCandidate
REL-01194,CM-1-3-2-2,enables,CM-1-3-3-1,emission_decision,emit after mechanical uniqueness validation,HOLD: context-confirmation pass
REL-01194,CM-1-3-2-2,enables,CM-1-3-3-1,evidence,unique exact preferred-label match,"unique exact preferred-label match (candidate filter only, per PR #120)"
REL-01194,CM-1-3-2-2,enables,CM-1-3-3-1,reason,unique label match to CM-1-3-3-1; no contradicting context,label filter leaves one candidate: CM-1-3-3-1; resolution requires context evidence
REL-01195,CM-1-3-2-2,enables,CM-1-3-2-4,confidence,ContextualResolved,CandidateOnly
REL-01195,CM-1-3-2-2,enables,CM-1-3-2-4,decision_reference,Q11+Q12,Q12
REL-01195,CM-1-3-2-2,enables,CM-1-3-2-4,disposition,ResolvedToConcept,SoleCandidate
REL-01195,CM-1-3-2-2,enables,CM-1-3-2-4,emission_decision,emit after mechanical uniqueness validation,HOLD: context-confirmation pass
REL-01195,CM-1-3-2-2,enables,CM-1-3-2-4,evidence,unique exact preferred-label match,"unique exact preferred-label match (candidate filter only, per PR #120)"
REL-01195,CM-1-3-2-2,enables,CM-1-3-2-4,reason,unique label match to CM-1-3-2-4; no contradicting context,label filter leaves one candidate: CM-1-3-2-4; resolution requires context evidence
REL-01196,CM-1-3-2-3,informed-by,CM-1-3-1-3,confidence,ContextualResolved,CandidateOnly
REL-01196,CM-1-3-2-3,informed-by,CM-1-3-1-3,decision_reference,Q11+Q12,Q12
REL-01196,CM-1-3-2-3,informed-by,CM-1-3-1-3,disposition,ResolvedToConcept,SoleCandidate
REL-01196,CM-1-3-2-3,informed-by,CM-1-3-1-3,emission_decision,emit after mechanical uniqueness validation,HOLD: context-confirmation pass
REL-01196,CM-1-3-2-3,informed-by,CM-1-3-1-3,evidence,unique exact preferred-label match,"unique exact preferred-label match (candidate filter only, per PR #120)"
REL-01196,CM-1-3-2-3,informed-by,CM-1-3-1-3,reason,unique label match to CM-1-3-1-3; no contradicting context,label filter leaves one candidate: CM-1-3-1-3; resolution requires context evidence
REL-01197,CM-1-3-2-3,enables,CM-1-3-3-1,confidence,ContextualResolved,CandidateOnly
REL-01197,CM-1-3-2-3,enables,CM-1-3-3-1,decision_reference,Q11+Q12,Q12
REL-01197,CM-1-3-2-3,enables,CM-1-3-3-1,disposition,ResolvedToConcept,SoleCandidate
REL-01197,CM-1-3-2-3,enables,CM-1-3-3-1,emission_decision,emit after mechanical uniqueness validation,HOLD: context-confirmation pass
REL-01197,CM-1-3-2-3,enables,CM-1-3-3-1,evidence,unique exact preferred-label match,"unique exact preferred-label match (candidate filter only, per PR #120)"
REL-01197,CM-1-3-2-3,enables,CM-1-3-3-1,reason,unique label match to CM-1-3-3-1; no contradicting context,label filter leaves one candidate: CM-1-3-3-1; resolution requires context evidence
REL-01198,CM-1-3-2-3,enables,CM-1-3-2-5,confidence,ContextualResolved,CandidateOnly
REL-01198,CM-1-3-2-3,enables,CM-1-3-2-5,decision_reference,Q11+Q12,Q12
REL-01198,CM-1-3-2-3,enables,CM-1-3-2-5,disposition,ResolvedToConcept,SoleCandidate
REL-01198,CM-1-3-2-3,enables,CM-1-3-2-5,emission_decision,emit after mechanical uniqueness validation,HOLD: context-confirmation pass
REL-01198,CM-1-3-2-3,enables,CM-1-3-2-5,evidence,unique exact preferred-label match,"unique exact preferred-label match (candidate filter only, per PR #120)"
REL-01198,CM-1-3-2-3,enables,CM-1-3-2-5,reason,unique label match to CM-1-3-2-5; no contradicting context,label filter leaves one candidate: CM-1-3-2-5; resolution requires context evidence
REL-01199,CM-1-3-3-1,informed-by,CM-1-3-2-2,confidence,ContextualResolved,CandidateOnly
REL-01199,CM-1-3-3-1,informed-by,CM-1-3-2-2,decision_reference,Q11+Q12,Q12
REL-01199,CM-1-3-3-1,informed-by,CM-1-3-2-2,disposition,ResolvedToConcept,SoleCandidate
REL-01199,CM-1-3-3-1,informed-by,CM-1-3-2-2,emission_decision,emit after mechanical uniqueness validation,HOLD: context-confirmation pass
REL-01199,CM-1-3-3-1,informed-by,CM-1-3-2-2,evidence,unique exact preferred-label match,"unique exact preferred-label match (candidate filter only, per PR #120)"
REL-01199,CM-1-3-3-1,informed-by,CM-1-3-2-2,reason,unique label match to CM-1-3-2-2; no contradicting context,label filter leaves one candidate: CM-1-3-2-2; resolution requires context evidence
REL-01200,CM-1-3-3-1,informed-by,CM-1-3-2-3,confidence,ContextualResolved,CandidateOnly
REL-01200,CM-1-3-3-1,informed-by,CM-1-3-2-3,decision_reference,Q11+Q12,Q12
REL-01200,CM-1-3-3-1,informed-by,CM-1-3-2-3,disposition,ResolvedToConcept,SoleCandidate
REL-01200,CM-1-3-3-1,informed-by,CM-1-3-2-3,emission_decision,emit after mechanical uniqueness validation,HOLD: context-confirmation pass
REL-01200,CM-1-3-3-1,informed-by,CM-1-3-2-3,evidence,unique exact preferred-label match,"unique exact preferred-label match (candidate filter only, per PR #120)"
REL-01200,CM-1-3-3-1,informed-by,CM-1-3-2-3,reason,unique label match to CM-1-3-2-3; no contradicting context,label filter leaves one candidate: CM-1-3-2-3; resolution requires context evidence
REL-01201,CM-1-3-3-1,enables,CM-1-3-6-2,confidence,ContextualResolved,CandidateOnly
REL-01201,CM-1-3-3-1,enables,CM-1-3-6-2,decision_reference,Q11+Q12,Q12
REL-01201,CM-1-3-3-1,enables,CM-1-3-6-2,disposition,ResolvedToConcept,SoleCandidate
REL-01201,CM-1-3-3-1,enables,CM-1-3-6-2,emission_decision,emit after mechanical uniqueness validation,HOLD: context-confirmation pass
REL-01201,CM-1-3-3-1,enables,CM-1-3-6-2,evidence,unique exact preferred-label match,"unique exact preferred-label match (candidate filter only, per PR #120)"
REL-01201,CM-1-3-3-1,enables,CM-1-3-6-2,reason,unique label match to CM-1-3-6-2; no contradicting context,label filter leaves one candidate: CM-1-3-6-2; resolution requires context evidence
REL-01202,CM-1-3-3-4,informed-by,CM-1-3-3-3,confidence,ContextualResolved,CandidateOnly
REL-01202,CM-1-3-3-4,informed-by,CM-1-3-3-3,decision_reference,Q11+Q12,Q12
REL-01202,CM-1-3-3-4,informed-by,CM-1-3-3-3,disposition,ResolvedToConcept,SoleCandidate
REL-01202,CM-1-3-3-4,informed-by,CM-1-3-3-3,emission_decision,emit after mechanical uniqueness validation,HOLD: context-confirmation pass
REL-01202,CM-1-3-3-4,informed-by,CM-1-3-3-3,evidence,unique exact preferred-label match,"unique exact preferred-label match (candidate filter only, per PR #120)"
REL-01202,CM-1-3-3-4,informed-by,CM-1-3-3-3,reason,unique label match to CM-1-3-3-3; no contradicting context,label filter leaves one candidate: CM-1-3-3-3; resolution requires context evidence
REL-01203,CM-1-3-3-4,informed-by,CM-1-3-2-3,confidence,ContextualResolved,CandidateOnly
REL-01203,CM-1-3-3-4,informed-by,CM-1-3-2-3,decision_reference,Q11+Q12,Q12
REL-01203,CM-1-3-3-4,informed-by,CM-1-3-2-3,disposition,ResolvedToConcept,SoleCandidate
REL-01203,CM-1-3-3-4,informed-by,CM-1-3-2-3,emission_decision,emit after mechanical uniqueness validation,HOLD: context-confirmation pass
REL-01203,CM-1-3-3-4,informed-by,CM-1-3-2-3,evidence,unique exact preferred-label match,"unique exact preferred-label match (candidate filter only, per PR #120)"
REL-01203,CM-1-3-3-4,informed-by,CM-1-3-2-3,reason,unique label match to CM-1-3-2-3; no contradicting context,label filter leaves one candidate: CM-1-3-2-3; resolution requires context evidence
REL-01204,CM-1-3-3-4,enables,CM-1-3-6-1,confidence,ContextualResolved,CandidateOnly
REL-01204,CM-1-3-3-4,enables,CM-1-3-6-1,decision_reference,Q11+Q12,Q12
REL-01204,CM-1-3-3-4,enables,CM-1-3-6-1,disposition,ResolvedToConcept,SoleCandidate
REL-01204,CM-1-3-3-4,enables,CM-1-3-6-1,emission_decision,emit after mechanical uniqueness validation,HOLD: context-confirmation pass
REL-01204,CM-1-3-3-4,enables,CM-1-3-6-1,evidence,unique exact preferred-label match,"unique exact preferred-label match (candidate filter only, per PR #120)"
REL-01204,CM-1-3-3-4,enables,CM-1-3-6-1,reason,unique label match to CM-1-3-6-1; no contradicting context,label filter leaves one candidate: CM-1-3-6-1; resolution requires context evidence
REL-01205,CM-1-3-4-5,informed-by,CM-1-3-4-3,confidence,ContextualResolved,CandidateOnly
REL-01205,CM-1-3-4-5,informed-by,CM-1-3-4-3,decision_reference,Q11+Q12,Q12
REL-01205,CM-1-3-4-5,informed-by,CM-1-3-4-3,disposition,ResolvedToConcept,SoleCandidate
REL-01205,CM-1-3-4-5,informed-by,CM-1-3-4-3,emission_decision,emit after mechanical uniqueness validation,HOLD: context-confirmation pass
REL-01205,CM-1-3-4-5,informed-by,CM-1-3-4-3,evidence,unique exact preferred-label match,"unique exact preferred-label match (candidate filter only, per PR #120)"
REL-01205,CM-1-3-4-5,informed-by,CM-1-3-4-3,reason,unique label match to CM-1-3-4-3; no contradicting context,label filter leaves one candidate: CM-1-3-4-3; resolution requires context evidence
REL-01206,CM-1-3-4-5,enables,CM-1-3-4-3-3,confidence,ContextualResolved,CandidateOnly
REL-01206,CM-1-3-4-5,enables,CM-1-3-4-3-3,decision_reference,Q11+Q12,Q12
REL-01206,CM-1-3-4-5,enables,CM-1-3-4-3-3,disposition,ResolvedToConcept,SoleCandidate
REL-01206,CM-1-3-4-5,enables,CM-1-3-4-3-3,emission_decision,emit after mechanical uniqueness validation,HOLD: context-confirmation pass
REL-01206,CM-1-3-4-5,enables,CM-1-3-4-3-3,evidence,unique exact preferred-label match,"unique exact preferred-label match (candidate filter only, per PR #120)"
REL-01206,CM-1-3-4-5,enables,CM-1-3-4-3-3,reason,unique label match to CM-1-3-4-3-3; no contradicting context,label filter leaves one candidate: CM-1-3-4-3-3; resolution requires context evidence
REL-01207,CM-1-3-4-5,informed-by,CM-1-3-1-6,confidence,Resolved,StableIdentifier
REL-01208,CM-1-3-4-6,informed-by,CM-1-3-4-1,confidence,ContextualResolved,CandidateOnly
REL-01208,CM-1-3-4-6,informed-by,CM-1-3-4-1,decision_reference,Q11+Q12,Q12
REL-01208,CM-1-3-4-6,informed-by,CM-1-3-4-1,disposition,ResolvedToConcept,SoleCandidate
REL-01208,CM-1-3-4-6,informed-by,CM-1-3-4-1,emission_decision,emit after mechanical uniqueness validation,HOLD: context-confirmation pass
REL-01208,CM-1-3-4-6,informed-by,CM-1-3-4-1,evidence,unique exact preferred-label match,"unique exact preferred-label match (candidate filter only, per PR #120)"
REL-01208,CM-1-3-4-6,informed-by,CM-1-3-4-1,reason,unique label match to CM-1-3-4-1; no contradicting context,label filter leaves one candidate: CM-1-3-4-1; resolution requires context evidence
REL-01209,CM-1-3-4-6,enables,CM-1-3-4-2,confidence,ContextualResolved,CandidateOnly
REL-01209,CM-1-3-4-6,enables,CM-1-3-4-2,decision_reference,Q11+Q12,Q12
REL-01209,CM-1-3-4-6,enables,CM-1-3-4-2,disposition,ResolvedToConcept,SoleCandidate
REL-01209,CM-1-3-4-6,enables,CM-1-3-4-2,emission_decision,emit after mechanical uniqueness validation,HOLD: context-confirmation pass
REL-01209,CM-1-3-4-6,enables,CM-1-3-4-2,evidence,unique exact preferred-label match,"unique exact preferred-label match (candidate filter only, per PR #120)"
REL-01209,CM-1-3-4-6,enables,CM-1-3-4-2,reason,unique label match to CM-1-3-4-2; no contradicting context,label filter leaves one candidate: CM-1-3-4-2; resolution requires context evidence
REL-01210,CM-1-3-4-6,enables,CM-1-3-4-3,confidence,ContextualResolved,CandidateOnly
REL-01210,CM-1-3-4-6,enables,CM-1-3-4-3,decision_reference,Q11+Q12,Q12
REL-01210,CM-1-3-4-6,enables,CM-1-3-4-3,disposition,ResolvedToConcept,SoleCandidate
REL-01210,CM-1-3-4-6,enables,CM-1-3-4-3,emission_decision,emit after mechanical uniqueness validation,HOLD: context-confirmation pass
REL-01210,CM-1-3-4-6,enables,CM-1-3-4-3,evidence,unique exact preferred-label match,"unique exact preferred-label match (candidate filter only, per PR #120)"
REL-01210,CM-1-3-4-6,enables,CM-1-3-4-3,reason,unique label match to CM-1-3-4-3; no contradicting context,label filter leaves one candidate: CM-1-3-4-3; resolution requires context evidence
REL-01211,CM-1-3-5-1,informed-by,CM-1-3-2-4,confidence,ContextualResolved,CandidateOnly
REL-01211,CM-1-3-5-1,informed-by,CM-1-3-2-4,decision_reference,Q11+Q12,Q12
REL-01211,CM-1-3-5-1,informed-by,CM-1-3-2-4,disposition,ResolvedToConcept,SoleCandidate
REL-01211,CM-1-3-5-1,informed-by,CM-1-3-2-4,emission_decision,emit after mechanical uniqueness validation,HOLD: context-confirmation pass
REL-01211,CM-1-3-5-1,informed-by,CM-1-3-2-4,evidence,unique exact preferred-label match,"unique exact preferred-label match (candidate filter only, per PR #120)"
REL-01211,CM-1-3-5-1,informed-by,CM-1-3-2-4,reason,unique label match to CM-1-3-2-4; no contradicting context,label filter leaves one candidate: CM-1-3-2-4; resolution requires context evidence
REL-01212,CM-1-3-5-1,uses-input,CM-1-1-1-1,confidence,Resolved,StableIdentifier
REL-01213,CM-1-3-5-1,enables,CM-1-3-6-2,confidence,ContextualResolved,CandidateOnly
REL-01213,CM-1-3-5-1,enables,CM-1-3-6-2,decision_reference,Q11+Q12,Q12
REL-01213,CM-1-3-5-1,enables,CM-1-3-6-2,disposition,ResolvedToConcept,SoleCandidate
REL-01213,CM-1-3-5-1,enables,CM-1-3-6-2,emission_decision,emit after mechanical uniqueness validation,HOLD: context-confirmation pass
REL-01213,CM-1-3-5-1,enables,CM-1-3-6-2,evidence,unique exact preferred-label match,"unique exact preferred-label match (candidate filter only, per PR #120)"
REL-01213,CM-1-3-5-1,enables,CM-1-3-6-2,reason,unique label match to CM-1-3-6-2; no contradicting context,label filter leaves one candidate: CM-1-3-6-2; resolution requires context evidence
REL-01214,CM-1-3-5-4,informed-by,CM-1-3-3-1,confidence,ContextualResolved,CandidateOnly
REL-01214,CM-1-3-5-4,informed-by,CM-1-3-3-1,decision_reference,Q11+Q12,Q12
REL-01214,CM-1-3-5-4,informed-by,CM-1-3-3-1,disposition,ResolvedToConcept,SoleCandidate
REL-01214,CM-1-3-5-4,informed-by,CM-1-3-3-1,emission_decision,emit after mechanical uniqueness validation,HOLD: context-confirmation pass
REL-01214,CM-1-3-5-4,informed-by,CM-1-3-3-1,evidence,unique exact preferred-label match,"unique exact preferred-label match (candidate filter only, per PR #120)"
REL-01214,CM-1-3-5-4,informed-by,CM-1-3-3-1,reason,unique label match to CM-1-3-3-1; no contradicting context,label filter leaves one candidate: CM-1-3-3-1; resolution requires context evidence
REL-01215,CM-1-3-5-4,enables,CM-1-3-6-5,confidence,ContextualResolved,CandidateOnly
REL-01215,CM-1-3-5-4,enables,CM-1-3-6-5,decision_reference,Q11+Q12,Q12
REL-01215,CM-1-3-5-4,enables,CM-1-3-6-5,disposition,ResolvedToConcept,SoleCandidate
REL-01215,CM-1-3-5-4,enables,CM-1-3-6-5,emission_decision,emit after mechanical uniqueness validation,HOLD: context-confirmation pass
REL-01215,CM-1-3-5-4,enables,CM-1-3-6-5,evidence,unique exact preferred-label match,"unique exact preferred-label match (candidate filter only, per PR #120)"
REL-01215,CM-1-3-5-4,enables,CM-1-3-6-5,reason,unique label match to CM-1-3-6-5; no contradicting context,label filter leaves one candidate: CM-1-3-6-5; resolution requires context evidence
REL-01216,CM-1-3-5-4,enables,CM-1-3-5-1-2,confidence,ContextualResolved,CandidateOnly
REL-01216,CM-1-3-5-4,enables,CM-1-3-5-1-2,decision_reference,Q11+Q12,Q12
REL-01216,CM-1-3-5-4,enables,CM-1-3-5-1-2,disposition,ResolvedToConcept,SoleCandidate
REL-01216,CM-1-3-5-4,enables,CM-1-3-5-1-2,emission_decision,emit after mechanical uniqueness validation,HOLD: context-confirmation pass
REL-01216,CM-1-3-5-4,enables,CM-1-3-5-1-2,evidence,unique exact preferred-label match,"unique exact preferred-label match (candidate filter only, per PR #120)"
REL-01216,CM-1-3-5-4,enables,CM-1-3-5-1-2,reason,unique label match to CM-1-3-5-1-2; no contradicting context,label filter leaves one candidate: CM-1-3-5-1-2; resolution requires context evidence
REL-01217,CM-1-3-6-1,informed-by,CM-1-3-3-3,confidence,ContextualResolved,CandidateOnly
REL-01217,CM-1-3-6-1,informed-by,CM-1-3-3-3,decision_reference,Q11+Q12,Q12
REL-01217,CM-1-3-6-1,informed-by,CM-1-3-3-3,disposition,ResolvedToConcept,SoleCandidate
REL-01217,CM-1-3-6-1,informed-by,CM-1-3-3-3,emission_decision,emit after mechanical uniqueness validation,HOLD: context-confirmation pass
REL-01217,CM-1-3-6-1,informed-by,CM-1-3-3-3,evidence,unique exact preferred-label match,"unique exact preferred-label match (candidate filter only, per PR #120)"
REL-01217,CM-1-3-6-1,informed-by,CM-1-3-3-3,reason,unique label match to CM-1-3-3-3; no contradicting context,label filter leaves one candidate: CM-1-3-3-3; resolution requires context evidence
REL-01218,CM-1-3-6-1,uses-input,CM-1-3-5-1-3,confidence,ContextualResolved,CandidateOnly
REL-01218,CM-1-3-6-1,uses-input,CM-1-3-5-1-3,decision_reference,Q11+Q12,Q12
REL-01218,CM-1-3-6-1,uses-input,CM-1-3-5-1-3,disposition,ResolvedToConcept,SoleCandidate
REL-01218,CM-1-3-6-1,uses-input,CM-1-3-5-1-3,emission_decision,emit after mechanical uniqueness validation,HOLD: context-confirmation pass
REL-01218,CM-1-3-6-1,uses-input,CM-1-3-5-1-3,evidence,unique exact preferred-label match,"unique exact preferred-label match (candidate filter only, per PR #120)"
REL-01218,CM-1-3-6-1,uses-input,CM-1-3-5-1-3,reason,unique label match to CM-1-3-5-1-3; no contradicting context,label filter leaves one candidate: CM-1-3-5-1-3; resolution requires context evidence
REL-01219,CM-1-3-6-1,enables,CM-1-3-6-2,confidence,ContextualResolved,CandidateOnly
REL-01219,CM-1-3-6-1,enables,CM-1-3-6-2,decision_reference,Q11+Q12,Q12
REL-01219,CM-1-3-6-1,enables,CM-1-3-6-2,disposition,ResolvedToConcept,SoleCandidate
REL-01219,CM-1-3-6-1,enables,CM-1-3-6-2,emission_decision,emit after mechanical uniqueness validation,HOLD: context-confirmation pass
REL-01219,CM-1-3-6-1,enables,CM-1-3-6-2,evidence,unique exact preferred-label match,"unique exact preferred-label match (candidate filter only, per PR #120)"
REL-01219,CM-1-3-6-1,enables,CM-1-3-6-2,reason,unique label match to CM-1-3-6-2; no contradicting context,label filter leaves one candidate: CM-1-3-6-2; resolution requires context evidence
REL-01220,CM-1-3-8-3,uses-input,CM-1-3-8-2,confidence,ContextualResolved,CandidateOnly
REL-01220,CM-1-3-8-3,uses-input,CM-1-3-8-2,decision_reference,Q11+Q12,Q12
REL-01220,CM-1-3-8-3,uses-input,CM-1-3-8-2,disposition,ResolvedToConcept,SoleCandidate
REL-01220,CM-1-3-8-3,uses-input,CM-1-3-8-2,emission_decision,emit after mechanical uniqueness validation,HOLD: context-confirmation pass
REL-01220,CM-1-3-8-3,uses-input,CM-1-3-8-2,evidence,unique exact preferred-label match,"unique exact preferred-label match (candidate filter only, per PR #120)"
REL-01220,CM-1-3-8-3,uses-input,CM-1-3-8-2,reason,unique label match to CM-1-3-8-2; no contradicting context,label filter leaves one candidate: CM-1-3-8-2; resolution requires context evidence
REL-01221,CM-1-3-8-3,uses-input,CM-1-3-7-4-3,confidence,ContextualResolved,CandidateOnly
REL-01221,CM-1-3-8-3,uses-input,CM-1-3-7-4-3,decision_reference,Q11+Q12,Q12
REL-01221,CM-1-3-8-3,uses-input,CM-1-3-7-4-3,disposition,ResolvedToConcept,SoleCandidate
REL-01221,CM-1-3-8-3,uses-input,CM-1-3-7-4-3,emission_decision,emit after mechanical uniqueness validation,HOLD: context-confirmation pass
REL-01221,CM-1-3-8-3,uses-input,CM-1-3-7-4-3,evidence,unique exact preferred-label match,"unique exact preferred-label match (candidate filter only, per PR #120)"
REL-01221,CM-1-3-8-3,uses-input,CM-1-3-7-4-3,reason,unique label match to CM-1-3-7-4-3; no contradicting context,label filter leaves one candidate: CM-1-3-7-4-3; resolution requires context evidence
REL-01222,CM-1-3-8-3,enables,CM-1-3-8-4-1,candidate_labels,Period End Processing,Perform Period-End Processing
REL-01222,CM-1-3-8-3,enables,CM-1-3-8-4-1,confidence,ContextualResolved,StableIdentifier
REL-01222,CM-1-3-8-3,enables,CM-1-3-8-4-1,emission_decision,emit after mechanical uniqueness validation,emit automatically after subject/target existence checks
REL-01222,CM-1-3-8-3,enables,CM-1-3-8-4-1,evidence,unique exact preferred-label match,stable identifier CM-1-3-8-4-1 carried in mention text
REL-01222,CM-1-3-8-3,enables,CM-1-3-8-4-1,raw_target,Period End Processing,Perform Period-End Processing (CM-1-3-8-4-1)
REL-01222,CM-1-3-8-3,enables,CM-1-3-8-4-1,reason,unique label match to CM-1-3-8-4-1; no contradicting context,target carries its slug; resolves to Perform Period-End Processing
REL-01223,CM-1-1-1-1,precedes,CM-1-1-2,confidence,ContextualResolved,CandidateOnly
REL-01223,CM-1-1-1-1,precedes,CM-1-1-2,decision_reference,Q11+Q12,Q12
REL-01223,CM-1-1-1-1,precedes,CM-1-1-2,disposition,ResolvedToConcept,SoleCandidate
REL-01223,CM-1-1-1-1,precedes,CM-1-1-2,emission_decision,emit after mechanical uniqueness validation,HOLD: context-confirmation pass
REL-01223,CM-1-1-1-1,precedes,CM-1-1-2,evidence,unique exact preferred-label match,"unique exact preferred-label match (candidate filter only, per PR #120)"
REL-01223,CM-1-1-1-1,precedes,CM-1-1-2,reason,unique label match to CM-1-1-2; no contradicting context,label filter leaves one candidate: CM-1-1-2; resolution requires context evidence
REL-01224,CM-1-1-1-1,enables,CM-1-1-4-7-1,confidence,ContextualResolved,CandidateOnly
REL-01224,CM-1-1-1-1,enables,CM-1-1-4-7-1,decision_reference,Q11+Q12,Q12
REL-01224,CM-1-1-1-1,enables,CM-1-1-4-7-1,disposition,ResolvedToConcept,SoleCandidate
REL-01224,CM-1-1-1-1,enables,CM-1-1-4-7-1,emission_decision,emit after mechanical uniqueness validation,HOLD: context-confirmation pass
REL-01224,CM-1-1-1-1,enables,CM-1-1-4-7-1,evidence,unique exact preferred-label match,"unique exact preferred-label match (candidate filter only, per PR #120)"
REL-01224,CM-1-1-1-1,enables,CM-1-1-4-7-1,reason,unique label match to CM-1-1-4-7-1; no contradicting context,label filter leaves one candidate: CM-1-1-4-7-1; resolution requires context evidence
REL-01225,CM-1-1-1-1,enables,CM-1-2-1-1-2,confidence,ContextualResolved,CandidateOnly
REL-01225,CM-1-1-1-1,enables,CM-1-2-1-1-2,decision_reference,Q11+Q12,Q12
REL-01225,CM-1-1-1-1,enables,CM-1-2-1-1-2,disposition,ResolvedToConcept,SoleCandidate
REL-01225,CM-1-1-1-1,enables,CM-1-2-1-1-2,emission_decision,emit after mechanical uniqueness validation,HOLD: context-confirmation pass
REL-01225,CM-1-1-1-1,enables,CM-1-2-1-1-2,evidence,unique exact preferred-label match,"unique exact preferred-label match (candidate filter only, per PR #120)"
REL-01225,CM-1-1-1-1,enables,CM-1-2-1-1-2,reason,unique label match to CM-1-2-1-1-2; no contradicting context,label filter leaves one candidate: CM-1-2-1-1-2; resolution requires context evidence
REL-01226,CM-1-2-2-2,follows,CM-1-2-1-3,confidence,ContextualResolved,CandidateOnly
REL-01226,CM-1-2-2-2,follows,CM-1-2-1-3,decision_reference,Q11+Q12,Q12
REL-01226,CM-1-2-2-2,follows,CM-1-2-1-3,disposition,ResolvedToConcept,SoleCandidate
REL-01226,CM-1-2-2-2,follows,CM-1-2-1-3,emission_decision,emit after mechanical uniqueness validation,HOLD: context-confirmation pass
REL-01226,CM-1-2-2-2,follows,CM-1-2-1-3,evidence,unique exact preferred-label match,"unique exact preferred-label match (candidate filter only, per PR #120)"
REL-01226,CM-1-2-2-2,follows,CM-1-2-1-3,reason,unique label match to CM-1-2-1-3; no contradicting context,label filter leaves one candidate: CM-1-2-1-3; resolution requires context evidence
REL-01227,CM-1-2-2-2,precedes,CM-1-2-4-1,confidence,ContextualResolved,CandidateOnly
REL-01227,CM-1-2-2-2,precedes,CM-1-2-4-1,decision_reference,Q11+Q12,Q12
REL-01227,CM-1-2-2-2,precedes,CM-1-2-4-1,disposition,ResolvedToConcept,SoleCandidate
REL-01227,CM-1-2-2-2,precedes,CM-1-2-4-1,emission_decision,emit after mechanical uniqueness validation,HOLD: context-confirmation pass
REL-01227,CM-1-2-2-2,precedes,CM-1-2-4-1,evidence,unique exact preferred-label match,"unique exact preferred-label match (candidate filter only, per PR #120)"
REL-01227,CM-1-2-2-2,precedes,CM-1-2-4-1,reason,unique label match to CM-1-2-4-1; no contradicting context,label filter leaves one candidate: CM-1-2-4-1; resolution requires context evidence
REL-01228,CM-1-2-2-2,governed-by,CM-1-2-4-3,confidence,ContextualResolved,CandidateOnly
REL-01228,CM-1-2-2-2,governed-by,CM-1-2-4-3,decision_reference,Q11+Q12,Q12
REL-01228,CM-1-2-2-2,governed-by,CM-1-2-4-3,disposition,ResolvedToConcept,SoleCandidate
REL-01228,CM-1-2-2-2,governed-by,CM-1-2-4-3,emission_decision,emit after mechanical uniqueness validation,HOLD: context-confirmation pass
REL-01228,CM-1-2-2-2,governed-by,CM-1-2-4-3,evidence,unique exact preferred-label match,"unique exact preferred-label match (candidate filter only, per PR #120)"
REL-01228,CM-1-2-2-2,governed-by,CM-1-2-4-3,reason,unique label match to CM-1-2-4-3; no contradicting context,label filter leaves one candidate: CM-1-2-4-3; resolution requires context evidence
REL-01229,CM-1-3-3-2,informed-by,CM-1-3-1-6,confidence,Resolved,StableIdentifier
REL-01230,CM-1-3-3-2,enables,CM-1-3-6-3,confidence,ContextualResolved,CandidateOnly
REL-01230,CM-1-3-3-2,enables,CM-1-3-6-3,decision_reference,Q11+Q12,Q12
REL-01230,CM-1-3-3-2,enables,CM-1-3-6-3,disposition,ResolvedToConcept,SoleCandidate
REL-01230,CM-1-3-3-2,enables,CM-1-3-6-3,emission_decision,emit after mechanical uniqueness validation,HOLD: context-confirmation pass
REL-01230,CM-1-3-3-2,enables,CM-1-3-6-3,evidence,unique exact preferred-label match,"unique exact preferred-label match (candidate filter only, per PR #120)"
REL-01230,CM-1-3-3-2,enables,CM-1-3-6-3,reason,unique label match to CM-1-3-6-3; no contradicting context,label filter leaves one candidate: CM-1-3-6-3; resolution requires context evidence
REL-01231,CM-1-3-3-2,enables,CM-1-3-3-1,confidence,ContextualResolved,CandidateOnly
REL-01231,CM-1-3-3-2,enables,CM-1-3-3-1,decision_reference,Q11+Q12,Q12
REL-01231,CM-1-3-3-2,enables,CM-1-3-3-1,disposition,ResolvedToConcept,SoleCandidate
REL-01231,CM-1-3-3-2,enables,CM-1-3-3-1,emission_decision,emit after mechanical uniqueness validation,HOLD: context-confirmation pass
REL-01231,CM-1-3-3-2,enables,CM-1-3-3-1,evidence,unique exact preferred-label match,"unique exact preferred-label match (candidate filter only, per PR #120)"
REL-01231,CM-1-3-3-2,enables,CM-1-3-3-1,reason,unique label match to CM-1-3-3-1; no contradicting context,label filter leaves one candidate: CM-1-3-3-1; resolution requires context evidence
REL-01232,CM-1-3-3-3,informed-by,CM-1-3-2-4,confidence,ContextualResolved,CandidateOnly
REL-01232,CM-1-3-3-3,informed-by,CM-1-3-2-4,decision_reference,Q11+Q12,Q12
REL-01232,CM-1-3-3-3,informed-by,CM-1-3-2-4,disposition,ResolvedToConcept,SoleCandidate
REL-01232,CM-1-3-3-3,informed-by,CM-1-3-2-4,emission_decision,emit after mechanical uniqueness validation,HOLD: context-confirmation pass
REL-01232,CM-1-3-3-3,informed-by,CM-1-3-2-4,evidence,unique exact preferred-label match,"unique exact preferred-label match (candidate filter only, per PR #120)"
REL-01232,CM-1-3-3-3,informed-by,CM-1-3-2-4,reason,unique label match to CM-1-3-2-4; no contradicting context,label filter leaves one candidate: CM-1-3-2-4; resolution requires context evidence
REL-01233,CM-1-3-3-3,enables,CM-1-3-6-1,confidence,ContextualResolved,CandidateOnly
REL-01233,CM-1-3-3-3,enables,CM-1-3-6-1,decision_reference,Q11+Q12,Q12
REL-01233,CM-1-3-3-3,enables,CM-1-3-6-1,disposition,ResolvedToConcept,SoleCandidate
REL-01233,CM-1-3-3-3,enables,CM-1-3-6-1,emission_decision,emit after mechanical uniqueness validation,HOLD: context-confirmation pass
REL-01233,CM-1-3-3-3,enables,CM-1-3-6-1,evidence,unique exact preferred-label match,"unique exact preferred-label match (candidate filter only, per PR #120)"
REL-01233,CM-1-3-3-3,enables,CM-1-3-6-1,reason,unique label match to CM-1-3-6-1; no contradicting context,label filter leaves one candidate: CM-1-3-6-1; resolution requires context evidence
REL-01234,CM-1-3-3-3,enables,CM-1-3-3-4,confidence,ContextualResolved,CandidateOnly
REL-01234,CM-1-3-3-3,enables,CM-1-3-3-4,decision_reference,Q11+Q12,Q12
REL-01234,CM-1-3-3-3,enables,CM-1-3-3-4,disposition,ResolvedToConcept,SoleCandidate
REL-01234,CM-1-3-3-3,enables,CM-1-3-3-4,emission_decision,emit after mechanical uniqueness validation,HOLD: context-confirmation pass
REL-01234,CM-1-3-3-3,enables,CM-1-3-3-4,evidence,unique exact preferred-label match,"unique exact preferred-label match (candidate filter only, per PR #120)"
REL-01234,CM-1-3-3-3,enables,CM-1-3-3-4,reason,unique label match to CM-1-3-3-4; no contradicting context,label filter leaves one candidate: CM-1-3-3-4; resolution requires context evidence
REL-01235,CM-1-3-3-6,informed-by,CM-1-3-3-3,confidence,ContextualResolved,CandidateOnly
REL-01235,CM-1-3-3-6,informed-by,CM-1-3-3-3,decision_reference,Q11+Q12,Q12
REL-01235,CM-1-3-3-6,informed-by,CM-1-3-3-3,disposition,ResolvedToConcept,SoleCandidate
REL-01235,CM-1-3-3-6,informed-by,CM-1-3-3-3,emission_decision,emit after mechanical uniqueness validation,HOLD: context-confirmation pass
REL-01235,CM-1-3-3-6,informed-by,CM-1-3-3-3,evidence,unique exact preferred-label match,"unique exact preferred-label match (candidate filter only, per PR #120)"
REL-01235,CM-1-3-3-6,informed-by,CM-1-3-3-3,reason,unique label match to CM-1-3-3-3; no contradicting context,label filter leaves one candidate: CM-1-3-3-3; resolution requires context evidence
REL-01236,CM-1-3-3-6,enables,CM-1-3-5-1,confidence,Resolved,StableIdentifier
REL-01237,CM-1-3-3-6,enables,CM-1-3-6-5,confidence,ContextualResolved,CandidateOnly
REL-01237,CM-1-3-3-6,enables,CM-1-3-6-5,decision_reference,Q11+Q12,Q12
REL-01237,CM-1-3-3-6,enables,CM-1-3-6-5,disposition,ResolvedToConcept,SoleCandidate
REL-01237,CM-1-3-3-6,enables,CM-1-3-6-5,emission_decision,emit after mechanical uniqueness validation,HOLD: context-confirmation pass
REL-01237,CM-1-3-3-6,enables,CM-1-3-6-5,evidence,unique exact preferred-label match,"unique exact preferred-label match (candidate filter only, per PR #120)"
REL-01237,CM-1-3-3-6,enables,CM-1-3-6-5,reason,unique label match to CM-1-3-6-5; no contradicting context,label filter leaves one candidate: CM-1-3-6-5; resolution requires context evidence
REL-01238,CM-1-3-8-1,uses-input,CM-1-3-7-3-4,confidence,ContextualResolved,CandidateOnly
REL-01238,CM-1-3-8-1,uses-input,CM-1-3-7-3-4,decision_reference,Q11+Q12,Q12
REL-01238,CM-1-3-8-1,uses-input,CM-1-3-7-3-4,disposition,ResolvedToConcept,SoleCandidate
REL-01238,CM-1-3-8-1,uses-input,CM-1-3-7-3-4,emission_decision,emit after mechanical uniqueness validation,HOLD: context-confirmation pass
REL-01238,CM-1-3-8-1,uses-input,CM-1-3-7-3-4,evidence,unique exact preferred-label match,"unique exact preferred-label match (candidate filter only, per PR #120)"
REL-01238,CM-1-3-8-1,uses-input,CM-1-3-7-3-4,reason,unique label match to CM-1-3-7-3-4; no contradicting context,label filter leaves one candidate: CM-1-3-7-3-4; resolution requires context evidence
REL-01239,CM-1-3-8-1,uses-input,CM-1-3-7-1-2,confidence,ContextualResolved,CandidateOnly
REL-01239,CM-1-3-8-1,uses-input,CM-1-3-7-1-2,decision_reference,Q11+Q12,Q12
REL-01239,CM-1-3-8-1,uses-input,CM-1-3-7-1-2,disposition,ResolvedToConcept,SoleCandidate
REL-01239,CM-1-3-8-1,uses-input,CM-1-3-7-1-2,emission_decision,emit after mechanical uniqueness validation,HOLD: context-confirmation pass
REL-01239,CM-1-3-8-1,uses-input,CM-1-3-7-1-2,evidence,unique exact preferred-label match,"unique exact preferred-label match (candidate filter only, per PR #120)"
REL-01239,CM-1-3-8-1,uses-input,CM-1-3-7-1-2,reason,unique label match to CM-1-3-7-1-2; no contradicting context,label filter leaves one candidate: CM-1-3-7-1-2; resolution requires context evidence
REL-01240,CM-1-3-8-1,enables,CM-1-3-8-2,confidence,ContextualResolved,CandidateOnly
REL-01240,CM-1-3-8-1,enables,CM-1-3-8-2,decision_reference,Q11+Q12,Q12
REL-01240,CM-1-3-8-1,enables,CM-1-3-8-2,disposition,ResolvedToConcept,SoleCandidate
REL-01240,CM-1-3-8-1,enables,CM-1-3-8-2,emission_decision,emit after mechanical uniqueness validation,HOLD: context-confirmation pass
REL-01240,CM-1-3-8-1,enables,CM-1-3-8-2,evidence,unique exact preferred-label match,"unique exact preferred-label match (candidate filter only, per PR #120)"
REL-01240,CM-1-3-8-1,enables,CM-1-3-8-2,reason,unique label match to CM-1-3-8-2; no contradicting context,label filter leaves one candidate: CM-1-3-8-2; resolution requires context evidence
REL-01241,CM-1-1-7-2,follows,CM-1-1-4,branch_domain,Commercial & Marketing,Refining
REL-01241,CM-1-1-7-2,follows,CM-1-1-4,candidate_labels,Refinery Planning,Refinery Planning and Optimization
REL-01241,CM-1-1-7-2,follows,CM-1-1-4,confidence,ContextualResolved,CandidateOnly
REL-01241,CM-1-1-7-2,follows,CM-1-1-4,decision_reference,Q11+Q12,Q12
REL-01241,CM-1-1-7-2,follows,CM-1-1-4,disposition,ResolvedToConcept,SoleCandidate
REL-01241,CM-1-1-7-2,follows,CM-1-1-4,emission_decision,emit after mechanical uniqueness validation,HOLD: context-confirmation pass
REL-01241,CM-1-1-7-2,follows,CM-1-1-4,evidence,unique exact preferred-label match,"unique exact preferred-label match (candidate filter only, per PR #120)"
REL-01241,CM-1-1-7-2,follows,CM-1-1-4,raw_target,Refinery Planning,Refinery Planning and Optimization
REL-01241,CM-1-1-7-2,follows,CM-1-1-4,reason,unique label match to CM-1-1-4; no contradicting context,label filter leaves one candidate: CM-1-1-4; resolution requires context evidence
REL-01242,CM-1-1-7-2,precedes,CM-1-1-7-1,branch_domain,Commercial & Marketing,Refining
REL-01242,CM-1-1-7-2,precedes,CM-1-1-7-1,confidence,ContextualResolved,CandidateOnly
REL-01242,CM-1-1-7-2,precedes,CM-1-1-7-1,decision_reference,Q11+Q12,Q12
REL-01242,CM-1-1-7-2,precedes,CM-1-1-7-1,disposition,ResolvedToConcept,SoleCandidate
REL-01242,CM-1-1-7-2,precedes,CM-1-1-7-1,emission_decision,emit after mechanical uniqueness validation,HOLD: context-confirmation pass
REL-01242,CM-1-1-7-2,precedes,CM-1-1-7-1,evidence,unique exact preferred-label match,"unique exact preferred-label match (candidate filter only, per PR #120)"
REL-01242,CM-1-1-7-2,precedes,CM-1-1-7-1,reason,unique label match to CM-1-1-7-1; no contradicting context,label filter leaves one candidate: CM-1-1-7-1; resolution requires context evidence
REL-01243,CM-1-2-1-1,informed-by,CM-1-1-1-1,confidence,Resolved,StableIdentifier
REL-01244,CM-1-2-1-1,informed-by,CM-1-1-4,candidate_labels,Refinery Planning,Refinery Planning and Optimization
REL-01244,CM-1-2-1-1,informed-by,CM-1-1-4,confidence,ContextualResolved,CandidateOnly
REL-01244,CM-1-2-1-1,informed-by,CM-1-1-4,decision_reference,Q11+Q12,Q12
REL-01244,CM-1-2-1-1,informed-by,CM-1-1-4,disposition,ResolvedToConcept,SoleCandidate
REL-01244,CM-1-2-1-1,informed-by,CM-1-1-4,emission_decision,emit after mechanical uniqueness validation,HOLD: context-confirmation pass
REL-01244,CM-1-2-1-1,informed-by,CM-1-1-4,evidence,unique exact preferred-label match,"unique exact preferred-label match (candidate filter only, per PR #120)"
REL-01244,CM-1-2-1-1,informed-by,CM-1-1-4,raw_target,Refinery Planning,Refinery Planning and Optimization
REL-01244,CM-1-2-1-1,informed-by,CM-1-1-4,reason,unique label match to CM-1-1-4; no contradicting context,label filter leaves one candidate: CM-1-1-4; resolution requires context evidence
REL-01245,CM-1-2-1-1,enables,CM-1-2-1-4,confidence,ContextualResolved,CandidateOnly
REL-01245,CM-1-2-1-1,enables,CM-1-2-1-4,decision_reference,Q11+Q12,Q12
REL-01245,CM-1-2-1-1,enables,CM-1-2-1-4,disposition,ResolvedToConcept,SoleCandidate
REL-01245,CM-1-2-1-1,enables,CM-1-2-1-4,emission_decision,emit after mechanical uniqueness validation,HOLD: context-confirmation pass
REL-01245,CM-1-2-1-1,enables,CM-1-2-1-4,evidence,unique exact preferred-label match,"unique exact preferred-label match (candidate filter only, per PR #120)"
REL-01245,CM-1-2-1-1,enables,CM-1-2-1-4,reason,unique label match to CM-1-2-1-4; no contradicting context,label filter leaves one candidate: CM-1-2-1-4; resolution requires context evidence
REL-01246,CM-1-3-4-4,uses-input,CM-1-3-4-3,confidence,ContextualResolved,CandidateOnly
REL-01246,CM-1-3-4-4,uses-input,CM-1-3-4-3,decision_reference,Q11+Q12,Q12
REL-01246,CM-1-3-4-4,uses-input,CM-1-3-4-3,disposition,ResolvedToConcept,SoleCandidate
REL-01246,CM-1-3-4-4,uses-input,CM-1-3-4-3,emission_decision,emit after mechanical uniqueness validation,HOLD: context-confirmation pass
REL-01246,CM-1-3-4-4,uses-input,CM-1-3-4-3,evidence,unique exact preferred-label match,"unique exact preferred-label match (candidate filter only, per PR #120)"
REL-01246,CM-1-3-4-4,uses-input,CM-1-3-4-3,reason,unique label match to CM-1-3-4-3; no contradicting context,label filter leaves one candidate: CM-1-3-4-3; resolution requires context evidence
REL-01247,CM-1-3-4-4,informed-by,CM-1-3-2-1,confidence,ContextualResolved,CandidateOnly
REL-01247,CM-1-3-4-4,informed-by,CM-1-3-2-1,decision_reference,Q11+Q12,Q12
REL-01247,CM-1-3-4-4,informed-by,CM-1-3-2-1,disposition,ResolvedToConcept,SoleCandidate
REL-01247,CM-1-3-4-4,informed-by,CM-1-3-2-1,emission_decision,emit after mechanical uniqueness validation,HOLD: context-confirmation pass
REL-01247,CM-1-3-4-4,informed-by,CM-1-3-2-1,evidence,unique exact preferred-label match,"unique exact preferred-label match (candidate filter only, per PR #120)"
REL-01247,CM-1-3-4-4,informed-by,CM-1-3-2-1,reason,unique label match to CM-1-3-2-1; no contradicting context,label filter leaves one candidate: CM-1-3-2-1; resolution requires context evidence
REL-01248,CM-1-3-4-4,enables,CM-1-3-4-6,confidence,ContextualResolved,CandidateOnly
REL-01248,CM-1-3-4-4,enables,CM-1-3-4-6,decision_reference,Q11+Q12,Q12
REL-01248,CM-1-3-4-4,enables,CM-1-3-4-6,disposition,ResolvedToConcept,SoleCandidate
REL-01248,CM-1-3-4-4,enables,CM-1-3-4-6,emission_decision,emit after mechanical uniqueness validation,HOLD: context-confirmation pass
REL-01248,CM-1-3-4-4,enables,CM-1-3-4-6,evidence,unique exact preferred-label match,"unique exact preferred-label match (candidate filter only, per PR #120)"
REL-01248,CM-1-3-4-4,enables,CM-1-3-4-6,reason,unique label match to CM-1-3-4-6; no contradicting context,label filter leaves one candidate: CM-1-3-4-6; resolution requires context evidence
REL-01249,CM-1-3-7-1,enables,CM-1-3-7-3,confidence,ContextualResolved,CandidateOnly
REL-01249,CM-1-3-7-1,enables,CM-1-3-7-3,decision_reference,Q11+Q12,Q12
REL-01249,CM-1-3-7-1,enables,CM-1-3-7-3,disposition,ResolvedToConcept,SoleCandidate
REL-01249,CM-1-3-7-1,enables,CM-1-3-7-3,emission_decision,emit after mechanical uniqueness validation,HOLD: context-confirmation pass
REL-01249,CM-1-3-7-1,enables,CM-1-3-7-3,evidence,unique exact preferred-label match,"unique exact preferred-label match (candidate filter only, per PR #120)"
REL-01249,CM-1-3-7-1,enables,CM-1-3-7-3,reason,unique label match to CM-1-3-7-3; no contradicting context,label filter leaves one candidate: CM-1-3-7-3; resolution requires context evidence
REL-01250,CM-1-3-7-1,enables,CM-1-3-8-1,confidence,ContextualResolved,CandidateOnly
REL-01250,CM-1-3-7-1,enables,CM-1-3-8-1,decision_reference,Q11+Q12,Q12
REL-01250,CM-1-3-7-1,enables,CM-1-3-8-1,disposition,ResolvedToConcept,SoleCandidate
REL-01250,CM-1-3-7-1,enables,CM-1-3-8-1,emission_decision,emit after mechanical uniqueness validation,HOLD: context-confirmation pass
REL-01250,CM-1-3-7-1,enables,CM-1-3-8-1,evidence,unique exact preferred-label match,"unique exact preferred-label match (candidate filter only, per PR #120)"
REL-01250,CM-1-3-7-1,enables,CM-1-3-8-1,reason,unique label match to CM-1-3-8-1; no contradicting context,label filter leaves one candidate: CM-1-3-8-1; resolution requires context evidence
REL-01251,CM-1-3-7-1,uses-input,CM-1-3-6-3-2,confidence,ContextualResolved,CandidateOnly
REL-01251,CM-1-3-7-1,uses-input,CM-1-3-6-3-2,decision_reference,Q11+Q12,Q12
REL-01251,CM-1-3-7-1,uses-input,CM-1-3-6-3-2,disposition,ResolvedToConcept,SoleCandidate
REL-01251,CM-1-3-7-1,uses-input,CM-1-3-6-3-2,emission_decision,emit after mechanical uniqueness validation,HOLD: context-confirmation pass
REL-01251,CM-1-3-7-1,uses-input,CM-1-3-6-3-2,evidence,unique exact preferred-label match,"unique exact preferred-label match (candidate filter only, per PR #120)"
REL-01251,CM-1-3-7-1,uses-input,CM-1-3-6-3-2,reason,unique label match to CM-1-3-6-3-2; no contradicting context,label filter leaves one candidate: CM-1-3-6-3-2; resolution requires context evidence
REL-01252,CM-1-3-7-2,uses-input,CM-1-3-7-1-2,confidence,ContextualResolved,CandidateOnly
REL-01252,CM-1-3-7-2,uses-input,CM-1-3-7-1-2,decision_reference,Q11+Q12,Q12
REL-01252,CM-1-3-7-2,uses-input,CM-1-3-7-1-2,disposition,ResolvedToConcept,SoleCandidate
REL-01252,CM-1-3-7-2,uses-input,CM-1-3-7-1-2,emission_decision,emit after mechanical uniqueness validation,HOLD: context-confirmation pass
REL-01252,CM-1-3-7-2,uses-input,CM-1-3-7-1-2,evidence,unique exact preferred-label match,"unique exact preferred-label match (candidate filter only, per PR #120)"
REL-01252,CM-1-3-7-2,uses-input,CM-1-3-7-1-2,reason,unique label match to CM-1-3-7-1-2; no contradicting context,label filter leaves one candidate: CM-1-3-7-1-2; resolution requires context evidence
REL-01253,CM-1-3-7-2,uses-input,CM-1-3-7-1-6,confidence,Resolved,StableIdentifier
REL-01254,CM-1-3-7-2,enables,CM-1-3-7-3,confidence,ContextualResolved,CandidateOnly
REL-01254,CM-1-3-7-2,enables,CM-1-3-7-3,decision_reference,Q11+Q12,Q12
REL-01254,CM-1-3-7-2,enables,CM-1-3-7-3,disposition,ResolvedToConcept,SoleCandidate
REL-01254,CM-1-3-7-2,enables,CM-1-3-7-3,emission_decision,emit after mechanical uniqueness validation,HOLD: context-confirmation pass
REL-01254,CM-1-3-7-2,enables,CM-1-3-7-3,evidence,unique exact preferred-label match,"unique exact preferred-label match (candidate filter only, per PR #120)"
REL-01254,CM-1-3-7-2,enables,CM-1-3-7-3,reason,unique label match to CM-1-3-7-3; no contradicting context,label filter leaves one candidate: CM-1-3-7-3; resolution requires context evidence
REL-01255,CM-1-3-7-3,uses-input,CM-1-3-7-1,confidence,Resolved,StableIdentifier
REL-01256,CM-1-3-7-3,governed-by,CM-1-3-7-4,confidence,ContextualResolved,CandidateOnly
REL-01256,CM-1-3-7-3,governed-by,CM-1-3-7-4,decision_reference,Q11+Q12,Q12
REL-01256,CM-1-3-7-3,governed-by,CM-1-3-7-4,disposition,ResolvedToConcept,SoleCandidate
REL-01256,CM-1-3-7-3,governed-by,CM-1-3-7-4,emission_decision,emit after mechanical uniqueness validation,HOLD: context-confirmation pass
REL-01256,CM-1-3-7-3,governed-by,CM-1-3-7-4,evidence,unique exact preferred-label match,"unique exact preferred-label match (candidate filter only, per PR #120)"
REL-01256,CM-1-3-7-3,governed-by,CM-1-3-7-4,reason,unique label match to CM-1-3-7-4; no contradicting context,label filter leaves one candidate: CM-1-3-7-4; resolution requires context evidence
REL-01257,CM-1-3-7-3,enables,CM-1-3-8-1,confidence,ContextualResolved,CandidateOnly
REL-01257,CM-1-3-7-3,enables,CM-1-3-8-1,decision_reference,Q11+Q12,Q12
REL-01257,CM-1-3-7-3,enables,CM-1-3-8-1,disposition,ResolvedToConcept,SoleCandidate
REL-01257,CM-1-3-7-3,enables,CM-1-3-8-1,emission_decision,emit after mechanical uniqueness validation,HOLD: context-confirmation pass
REL-01257,CM-1-3-7-3,enables,CM-1-3-8-1,evidence,unique exact preferred-label match,"unique exact preferred-label match (candidate filter only, per PR #120)"
REL-01257,CM-1-3-7-3,enables,CM-1-3-8-1,reason,unique label match to CM-1-3-8-1; no contradicting context,label filter leaves one candidate: CM-1-3-8-1; resolution requires context evidence
REL-01258,CM-1-3-7-4,governed-by,CM-1-3-7-4-1,confidence,ContextualResolved,CandidateOnly
REL-01258,CM-1-3-7-4,governed-by,CM-1-3-7-4-1,decision_reference,Q11+Q12,Q12
REL-01258,CM-1-3-7-4,governed-by,CM-1-3-7-4-1,disposition,ResolvedToConcept,SoleCandidate
REL-01258,CM-1-3-7-4,governed-by,CM-1-3-7-4-1,emission_decision,emit after mechanical uniqueness validation,HOLD: context-confirmation pass
REL-01258,CM-1-3-7-4,governed-by,CM-1-3-7-4-1,evidence,unique exact preferred-label match,"unique exact preferred-label match (candidate filter only, per PR #120)"
REL-01258,CM-1-3-7-4,governed-by,CM-1-3-7-4-1,reason,unique label match to CM-1-3-7-4-1; no contradicting context,label filter leaves one candidate: CM-1-3-7-4-1; resolution requires context evidence
REL-01259,CM-1-3-7-4,enables,CM-1-3-7-3,confidence,ContextualResolved,CandidateOnly
REL-01259,CM-1-3-7-4,enables,CM-1-3-7-3,decision_reference,Q11+Q12,Q12
REL-01259,CM-1-3-7-4,enables,CM-1-3-7-3,disposition,ResolvedToConcept,SoleCandidate
REL-01259,CM-1-3-7-4,enables,CM-1-3-7-3,emission_decision,emit after mechanical uniqueness validation,HOLD: context-confirmation pass
REL-01259,CM-1-3-7-4,enables,CM-1-3-7-3,evidence,unique exact preferred-label match,"unique exact preferred-label match (candidate filter only, per PR #120)"
REL-01259,CM-1-3-7-4,enables,CM-1-3-7-3,reason,unique label match to CM-1-3-7-3; no contradicting context,label filter leaves one candidate: CM-1-3-7-3; resolution requires context evidence
REL-01260,CM-1-3-7-4,enables,CM-1-3-8-3,confidence,Resolved,StableIdentifier
REL-01261,CM-1-3-7-5,uses-input,CM-1-3-7-2-6,confidence,ContextualResolved,CandidateOnly
REL-01261,CM-1-3-7-5,uses-input,CM-1-3-7-2-6,decision_reference,Q11+Q12,Q12
REL-01261,CM-1-3-7-5,uses-input,CM-1-3-7-2-6,disposition,ResolvedToConcept,SoleCandidate
REL-01261,CM-1-3-7-5,uses-input,CM-1-3-7-2-6,emission_decision,emit after mechanical uniqueness validation,HOLD: context-confirmation pass
REL-01261,CM-1-3-7-5,uses-input,CM-1-3-7-2-6,evidence,unique exact preferred-label match,"unique exact preferred-label match (candidate filter only, per PR #120)"
REL-01261,CM-1-3-7-5,uses-input,CM-1-3-7-2-6,reason,unique label match to CM-1-3-7-2-6; no contradicting context,label filter leaves one candidate: CM-1-3-7-2-6; resolution requires context evidence
REL-01262,CM-1-3-7-5,enables,CM-1-3-8-3-1,confidence,Resolved,StableIdentifier
REL-01263,CM-1-3-7-5,uses-input,CM-1-3-7-3-5,candidate_labels,Track & Forecast Order,Track Order Book and Forecast Order Volumes
REL-01263,CM-1-3-7-5,uses-input,CM-1-3-7-3-5,confidence,ContextualResolved,StableIdentifier
REL-01263,CM-1-3-7-5,uses-input,CM-1-3-7-3-5,emission_decision,emit after mechanical uniqueness validation,emit automatically after subject/target existence checks
REL-01263,CM-1-3-7-5,uses-input,CM-1-3-7-3-5,evidence,unique exact preferred-label match,stable identifier CM-1-3-7-3-5 carried in mention text
REL-01263,CM-1-3-7-5,uses-input,CM-1-3-7-3-5,raw_target,Track & Forecast Order,Track Order Book and Forecast Order Volumes (CM-1-3-7-3-5)
REL-01263,CM-1-3-7-5,uses-input,CM-1-3-7-3-5,reason,unique label match to CM-1-3-7-3-5; no contradicting context,target carries its slug; resolves to Track Order Book and Forecast Order Volumes
REL-01264,CM-1-3-8-2,uses-input,CM-1-3-8-1,confidence,ContextualResolved,CandidateOnly
REL-01264,CM-1-3-8-2,uses-input,CM-1-3-8-1,decision_reference,Q11+Q12,Q12
REL-01264,CM-1-3-8-2,uses-input,CM-1-3-8-1,disposition,ResolvedToConcept,SoleCandidate
REL-01264,CM-1-3-8-2,uses-input,CM-1-3-8-1,emission_decision,emit after mechanical uniqueness validation,HOLD: context-confirmation pass
REL-01264,CM-1-3-8-2,uses-input,CM-1-3-8-1,evidence,unique exact preferred-label match,"unique exact preferred-label match (candidate filter only, per PR #120)"
REL-01264,CM-1-3-8-2,uses-input,CM-1-3-8-1,reason,unique label match to CM-1-3-8-1; no contradicting context,label filter leaves one candidate: CM-1-3-8-1; resolution requires context evidence
REL-01265,CM-1-3-8-2,enables,CM-1-3-8-3,confidence,Resolved,StableIdentifier
REL-01266,CM-1-3-8-2,enables,CM-1-3-8-4-1,candidate_labels,Period End Processing,Perform Period-End Processing
REL-01266,CM-1-3-8-2,enables,CM-1-3-8-4-1,confidence,ContextualResolved,StableIdentifier
REL-01266,CM-1-3-8-2,enables,CM-1-3-8-4-1,emission_decision,emit after mechanical uniqueness validation,emit automatically after subject/target existence checks
REL-01266,CM-1-3-8-2,enables,CM-1-3-8-4-1,evidence,unique exact preferred-label match,stable identifier CM-1-3-8-4-1 carried in mention text
REL-01266,CM-1-3-8-2,enables,CM-1-3-8-4-1,raw_target,Period End Processing,Perform Period-End Processing (CM-1-3-8-4-1)
REL-01266,CM-1-3-8-2,enables,CM-1-3-8-4-1,reason,unique label match to CM-1-3-8-4-1; no contradicting context,target carries its slug; resolves to Perform Period-End Processing
REL-01267,CM-1-3-9-1,enables,CM-1-3-7-5,confidence,ContextualResolved,CandidateOnly
REL-01267,CM-1-3-9-1,enables,CM-1-3-7-5,decision_reference,Q11+Q12,Q12
REL-01267,CM-1-3-9-1,enables,CM-1-3-7-5,disposition,ResolvedToConcept,SoleCandidate
REL-01267,CM-1-3-9-1,enables,CM-1-3-7-5,emission_decision,emit after mechanical uniqueness validation,HOLD: context-confirmation pass
REL-01267,CM-1-3-9-1,enables,CM-1-3-7-5,evidence,unique exact preferred-label match,"unique exact preferred-label match (candidate filter only, per PR #120)"
REL-01267,CM-1-3-9-1,enables,CM-1-3-7-5,reason,unique label match to CM-1-3-7-5; no contradicting context,label filter leaves one candidate: CM-1-3-7-5; resolution requires context evidence
REL-01268,CM-1-3-9-1,enables,CM-1-3-9-2,confidence,ContextualResolved,CandidateOnly
REL-01268,CM-1-3-9-1,enables,CM-1-3-9-2,decision_reference,Q11+Q12,Q12
REL-01268,CM-1-3-9-1,enables,CM-1-3-9-2,disposition,ResolvedToConcept,SoleCandidate
REL-01268,CM-1-3-9-1,enables,CM-1-3-9-2,emission_decision,emit after mechanical uniqueness validation,HOLD: context-confirmation pass
REL-01268,CM-1-3-9-1,enables,CM-1-3-9-2,evidence,unique exact preferred-label match,"unique exact preferred-label match (candidate filter only, per PR #120)"
REL-01268,CM-1-3-9-1,enables,CM-1-3-9-2,reason,unique label match to CM-1-3-9-2; no contradicting context,label filter leaves one candidate: CM-1-3-9-2; resolution requires context evidence
REL-01269,CM-1-2-4-3,assures,CM-1-2-1,confidence,ContextualResolved,CandidateOnly
REL-01269,CM-1-2-4-3,assures,CM-1-2-1,decision_reference,Q11+Q12,Q12
REL-01269,CM-1-2-4-3,assures,CM-1-2-1,disposition,ResolvedToConcept,SoleCandidate
REL-01269,CM-1-2-4-3,assures,CM-1-2-1,emission_decision,emit after mechanical uniqueness validation,HOLD: context-confirmation pass
REL-01269,CM-1-2-4-3,assures,CM-1-2-1,evidence,unique exact preferred-label match,"unique exact preferred-label match (candidate filter only, per PR #120)"
REL-01269,CM-1-2-4-3,assures,CM-1-2-1,reason,unique label match to CM-1-2-1; no contradicting context,label filter leaves one candidate: CM-1-2-1; resolution requires context evidence
REL-01270,CM-1-2-4-3,assures,CM-1-2-4-1,confidence,ContextualResolved,CandidateOnly
REL-01270,CM-1-2-4-3,assures,CM-1-2-4-1,decision_reference,Q11+Q12,Q12
REL-01270,CM-1-2-4-3,assures,CM-1-2-4-1,disposition,ResolvedToConcept,SoleCandidate
REL-01270,CM-1-2-4-3,assures,CM-1-2-4-1,emission_decision,emit after mechanical uniqueness validation,HOLD: context-confirmation pass
REL-01270,CM-1-2-4-3,assures,CM-1-2-4-1,evidence,unique exact preferred-label match,"unique exact preferred-label match (candidate filter only, per PR #120)"
REL-01270,CM-1-2-4-3,assures,CM-1-2-4-1,reason,unique label match to CM-1-2-4-1; no contradicting context,label filter leaves one candidate: CM-1-2-4-1; resolution requires context evidence
REL-01271,CM-1-2-4-3,informed-by,CM-1-2-4-3-1,confidence,ContextualResolved,CandidateOnly
REL-01271,CM-1-2-4-3,informed-by,CM-1-2-4-3-1,decision_reference,Q11+Q12,Q12
REL-01271,CM-1-2-4-3,informed-by,CM-1-2-4-3-1,disposition,ResolvedToConcept,SoleCandidate
REL-01271,CM-1-2-4-3,informed-by,CM-1-2-4-3-1,emission_decision,emit after mechanical uniqueness validation,HOLD: context-confirmation pass
REL-01271,CM-1-2-4-3,informed-by,CM-1-2-4-3-1,evidence,unique exact preferred-label match,"unique exact preferred-label match (candidate filter only, per PR #120)"
REL-01271,CM-1-2-4-3,informed-by,CM-1-2-4-3-1,reason,unique label match to CM-1-2-4-3-1; no contradicting context,label filter leaves one candidate: CM-1-2-4-3-1; resolution requires context evidence
REL-01272,CM-1-3-3-5,informed-by,CM-1-3-2-1,confidence,ContextualResolved,CandidateOnly
REL-01272,CM-1-3-3-5,informed-by,CM-1-3-2-1,decision_reference,Q11+Q12,Q12
REL-01272,CM-1-3-3-5,informed-by,CM-1-3-2-1,disposition,ResolvedToConcept,SoleCandidate
REL-01272,CM-1-3-3-5,informed-by,CM-1-3-2-1,emission_decision,emit after mechanical uniqueness validation,HOLD: context-confirmation pass
REL-01272,CM-1-3-3-5,informed-by,CM-1-3-2-1,evidence,unique exact preferred-label match,"unique exact preferred-label match (candidate filter only, per PR #120)"
REL-01272,CM-1-3-3-5,informed-by,CM-1-3-2-1,reason,unique label match to CM-1-3-2-1; no contradicting context,label filter leaves one candidate: CM-1-3-2-1; resolution requires context evidence
REL-01273,CM-1-3-3-5,enables,CM-1-3-5-3,confidence,ContextualResolved,CandidateOnly
REL-01273,CM-1-3-3-5,enables,CM-1-3-5-3,decision_reference,Q11+Q12,Q12
REL-01273,CM-1-3-3-5,enables,CM-1-3-5-3,disposition,ResolvedToConcept,SoleCandidate
REL-01273,CM-1-3-3-5,enables,CM-1-3-5-3,emission_decision,emit after mechanical uniqueness validation,HOLD: context-confirmation pass
REL-01273,CM-1-3-3-5,enables,CM-1-3-5-3,evidence,unique exact preferred-label match,"unique exact preferred-label match (candidate filter only, per PR #120)"
REL-01273,CM-1-3-3-5,enables,CM-1-3-5-3,reason,unique label match to CM-1-3-5-3; no contradicting context,label filter leaves one candidate: CM-1-3-5-3; resolution requires context evidence
REL-01274,CM-1-3-3-5,enables,CM-1-3-5-2,confidence,ContextualResolved,CandidateOnly
REL-01274,CM-1-3-3-5,enables,CM-1-3-5-2,decision_reference,Q11+Q12,Q12
REL-01274,CM-1-3-3-5,enables,CM-1-3-5-2,disposition,ResolvedToConcept,SoleCandidate
REL-01274,CM-1-3-3-5,enables,CM-1-3-5-2,emission_decision,emit after mechanical uniqueness validation,HOLD: context-confirmation pass
REL-01274,CM-1-3-3-5,enables,CM-1-3-5-2,evidence,unique exact preferred-label match,"unique exact preferred-label match (candidate filter only, per PR #120)"
REL-01274,CM-1-3-3-5,enables,CM-1-3-5-2,reason,unique label match to CM-1-3-5-2; no contradicting context,label filter leaves one candidate: CM-1-3-5-2; resolution requires context evidence
REL-01275,CM-1-3-6-2,informed-by,CM-1-3-5-1,confidence,Resolved,StableIdentifier
REL-01276,CM-1-3-6-2,uses-input,CM-1-3-6-3,confidence,ContextualResolved,CandidateOnly
REL-01276,CM-1-3-6-2,uses-input,CM-1-3-6-3,decision_reference,Q11+Q12,Q12
REL-01276,CM-1-3-6-2,uses-input,CM-1-3-6-3,disposition,ResolvedToConcept,SoleCandidate
REL-01276,CM-1-3-6-2,uses-input,CM-1-3-6-3,emission_decision,emit after mechanical uniqueness validation,HOLD: context-confirmation pass
REL-01276,CM-1-3-6-2,uses-input,CM-1-3-6-3,evidence,unique exact preferred-label match,"unique exact preferred-label match (candidate filter only, per PR #120)"
REL-01276,CM-1-3-6-2,uses-input,CM-1-3-6-3,reason,unique label match to CM-1-3-6-3; no contradicting context,label filter leaves one candidate: CM-1-3-6-3; resolution requires context evidence
REL-01277,CM-1-3-6-2,enables,CM-1-3-7-2,confidence,Resolved,StableIdentifier
REL-01278,CM-1-3-8-4,uses-input,CM-1-3-8-1,confidence,ContextualResolved,CandidateOnly
REL-01278,CM-1-3-8-4,uses-input,CM-1-3-8-1,decision_reference,Q11+Q12,Q12
REL-01278,CM-1-3-8-4,uses-input,CM-1-3-8-1,disposition,ResolvedToConcept,SoleCandidate
REL-01278,CM-1-3-8-4,uses-input,CM-1-3-8-1,emission_decision,emit after mechanical uniqueness validation,HOLD: context-confirmation pass
REL-01278,CM-1-3-8-4,uses-input,CM-1-3-8-1,evidence,unique exact preferred-label match,"unique exact preferred-label match (candidate filter only, per PR #120)"
REL-01278,CM-1-3-8-4,uses-input,CM-1-3-8-1,reason,unique label match to CM-1-3-8-1; no contradicting context,label filter leaves one candidate: CM-1-3-8-1; resolution requires context evidence
REL-01279,CM-1-3-8-4,uses-input,CM-1-3-8-2,confidence,ContextualResolved,CandidateOnly
REL-01279,CM-1-3-8-4,uses-input,CM-1-3-8-2,decision_reference,Q11+Q12,Q12
REL-01279,CM-1-3-8-4,uses-input,CM-1-3-8-2,disposition,ResolvedToConcept,SoleCandidate
REL-01279,CM-1-3-8-4,uses-input,CM-1-3-8-2,emission_decision,emit after mechanical uniqueness validation,HOLD: context-confirmation pass
REL-01279,CM-1-3-8-4,uses-input,CM-1-3-8-2,evidence,unique exact preferred-label match,"unique exact preferred-label match (candidate filter only, per PR #120)"
REL-01279,CM-1-3-8-4,uses-input,CM-1-3-8-2,reason,unique label match to CM-1-3-8-2; no contradicting context,label filter leaves one candidate: CM-1-3-8-2; resolution requires context evidence
REL-01280,CM-1-3-8-4,uses-input,CM-1-3-8-3,confidence,Resolved,StableIdentifier
REL-01281,CM-1-1-4-7,enables,CM-1-1-4,branch_domain,Commercial & Marketing,Refining
REL-01281,CM-1-1-4-7,enables,CM-1-1-4,candidate_labels,Refinery Planning,Refinery Planning and Optimization
REL-01281,CM-1-1-4-7,enables,CM-1-1-4,confidence,ContextualResolved,CandidateOnly
REL-01281,CM-1-1-4-7,enables,CM-1-1-4,decision_reference,Q11+Q12,Q12
REL-01281,CM-1-1-4-7,enables,CM-1-1-4,disposition,ResolvedToConcept,SoleCandidate
REL-01281,CM-1-1-4-7,enables,CM-1-1-4,emission_decision,emit after mechanical uniqueness validation,HOLD: context-confirmation pass
REL-01281,CM-1-1-4-7,enables,CM-1-1-4,evidence,unique exact preferred-label match,"unique exact preferred-label match (candidate filter only, per PR #120)"
REL-01281,CM-1-1-4-7,enables,CM-1-1-4,raw_target,Refinery Planning,Refinery Planning and Optimization
REL-01281,CM-1-1-4-7,enables,CM-1-1-4,reason,unique label match to CM-1-1-4; no contradicting context,label filter leaves one candidate: CM-1-1-4; resolution requires context evidence
REL-01282,CM-1-1-4-7,informed-by,CM-1-1-1-1,branch_domain,Commercial & Marketing,Refining
REL-01282,CM-1-1-4-7,informed-by,CM-1-1-1-1,confidence,Resolved,StableIdentifier
REL-01283,CM-1-1-4-7,informed-by,CM-1-1-2-10,branch_domain,Commercial & Marketing,Refining
REL-01283,CM-1-1-4-7,informed-by,CM-1-1-2-10,candidate_labels,Crude Allocation Decision,Allocate Crude and Feedstock
REL-01283,CM-1-1-4-7,informed-by,CM-1-1-2-10,confidence,ContextualResolved,StableIdentifier
REL-01283,CM-1-1-4-7,informed-by,CM-1-1-2-10,emission_decision,emit after mechanical uniqueness validation,emit automatically after subject/target existence checks
REL-01283,CM-1-1-4-7,informed-by,CM-1-1-2-10,evidence,unique exact preferred-label match,stable identifier CM-1-1-2-10 carried in mention text
REL-01283,CM-1-1-4-7,informed-by,CM-1-1-2-10,raw_target,Crude Allocation Decision,Allocate Crude and Feedstock (CM-1-1-2-10)
REL-01283,CM-1-1-4-7,informed-by,CM-1-1-2-10,reason,unique label match to CM-1-1-2-10; no contradicting context,target carries its slug; resolves to Allocate Crude and Feedstock
REL-01284,CM-1-1-4-7,constrained-by,CM-1-1-3-7,branch_domain,Commercial & Marketing,Refining
REL-01284,CM-1-1-4-7,constrained-by,CM-1-1-3-7,confidence,Resolved,StableIdentifier
REL-01285,CM-1-1-4-7,precedes,CM-1-1-7,branch_domain,Commercial & Marketing,Refining
REL-01285,CM-1-1-4-7,precedes,CM-1-1-7,candidate_labels,Refinery Scheduling,Refinery Production Planning and Scheduling
REL-01285,CM-1-1-4-7,precedes,CM-1-1-7,confidence,ContextualResolved,CandidateOnly
REL-01285,CM-1-1-4-7,precedes,CM-1-1-7,decision_reference,Q11+Q12,Q12
REL-01285,CM-1-1-4-7,precedes,CM-1-1-7,disposition,ResolvedToConcept,SoleCandidate
REL-01285,CM-1-1-4-7,precedes,CM-1-1-7,emission_decision,emit after mechanical uniqueness validation,HOLD: context-confirmation pass
REL-01285,CM-1-1-4-7,precedes,CM-1-1-7,evidence,unique exact preferred-label match,"unique exact preferred-label match (candidate filter only, per PR #120)"
REL-01285,CM-1-1-4-7,precedes,CM-1-1-7,raw_target,Refinery Scheduling,Refinery Production Planning and Scheduling
REL-01285,CM-1-1-4-7,precedes,CM-1-1-7,reason,unique label match to CM-1-1-7; no contradicting context,label filter leaves one candidate: CM-1-1-7; resolution requires context evidence
REL-01286,CM-1-2-2-1,governed-by,CM-1-2-4-3,confidence,ContextualResolved,CandidateOnly
REL-01286,CM-1-2-2-1,governed-by,CM-1-2-4-3,decision_reference,Q11+Q12,Q12
REL-01286,CM-1-2-2-1,governed-by,CM-1-2-4-3,disposition,ResolvedToConcept,SoleCandidate
REL-01286,CM-1-2-2-1,governed-by,CM-1-2-4-3,emission_decision,emit after mechanical uniqueness validation,HOLD: context-confirmation pass
REL-01286,CM-1-2-2-1,governed-by,CM-1-2-4-3,evidence,unique exact preferred-label match,"unique exact preferred-label match (candidate filter only, per PR #120)"
REL-01286,CM-1-2-2-1,governed-by,CM-1-2-4-3,reason,unique label match to CM-1-2-4-3; no contradicting context,label filter leaves one candidate: CM-1-2-4-3; resolution requires context evidence
REL-01287,CM-1-2-2-1,enables,CM-1-2-1-3,confidence,ContextualResolved,CandidateOnly
REL-01287,CM-1-2-2-1,enables,CM-1-2-1-3,decision_reference,Q11+Q12,Q12
REL-01287,CM-1-2-2-1,enables,CM-1-2-1-3,disposition,ResolvedToConcept,SoleCandidate
REL-01287,CM-1-2-2-1,enables,CM-1-2-1-3,emission_decision,emit after mechanical uniqueness validation,HOLD: context-confirmation pass
REL-01287,CM-1-2-2-1,enables,CM-1-2-1-3,evidence,unique exact preferred-label match,"unique exact preferred-label match (candidate filter only, per PR #120)"
REL-01287,CM-1-2-2-1,enables,CM-1-2-1-3,reason,unique label match to CM-1-2-1-3; no contradicting context,label filter leaves one candidate: CM-1-2-1-3; resolution requires context evidence
REL-01288,CM-1-2-2-1,enables,CM-1-2-1-2,confidence,ContextualResolved,CandidateOnly
REL-01288,CM-1-2-2-1,enables,CM-1-2-1-2,decision_reference,Q11+Q12,Q12
REL-01288,CM-1-2-2-1,enables,CM-1-2-1-2,disposition,ResolvedToConcept,SoleCandidate
REL-01288,CM-1-2-2-1,enables,CM-1-2-1-2,emission_decision,emit after mechanical uniqueness validation,HOLD: context-confirmation pass
REL-01288,CM-1-2-2-1,enables,CM-1-2-1-2,evidence,unique exact preferred-label match,"unique exact preferred-label match (candidate filter only, per PR #120)"
REL-01288,CM-1-2-2-1,enables,CM-1-2-1-2,reason,unique label match to CM-1-2-1-2; no contradicting context,label filter leaves one candidate: CM-1-2-1-2; resolution requires context evidence
REL-01289,CM-1-2-3-1,follows,CM-1-2-1-3,confidence,ContextualResolved,CandidateOnly
REL-01289,CM-1-2-3-1,follows,CM-1-2-1-3,decision_reference,Q11+Q12,Q12
REL-01289,CM-1-2-3-1,follows,CM-1-2-1-3,disposition,ResolvedToConcept,SoleCandidate
REL-01289,CM-1-2-3-1,follows,CM-1-2-1-3,emission_decision,emit after mechanical uniqueness validation,HOLD: context-confirmation pass
REL-01289,CM-1-2-3-1,follows,CM-1-2-1-3,evidence,unique exact preferred-label match,"unique exact preferred-label match (candidate filter only, per PR #120)"
REL-01289,CM-1-2-3-1,follows,CM-1-2-1-3,reason,unique label match to CM-1-2-1-3; no contradicting context,label filter leaves one candidate: CM-1-2-1-3; resolution requires context evidence
REL-01290,CM-1-2-3-1,informed-by,CM-1-2-2-2,confidence,ContextualResolved,CandidateOnly
REL-01290,CM-1-2-3-1,informed-by,CM-1-2-2-2,decision_reference,Q11+Q12,Q12
REL-01290,CM-1-2-3-1,informed-by,CM-1-2-2-2,disposition,ResolvedToConcept,SoleCandidate
REL-01290,CM-1-2-3-1,informed-by,CM-1-2-2-2,emission_decision,emit after mechanical uniqueness validation,HOLD: context-confirmation pass
REL-01290,CM-1-2-3-1,informed-by,CM-1-2-2-2,evidence,unique exact preferred-label match,"unique exact preferred-label match (candidate filter only, per PR #120)"
REL-01290,CM-1-2-3-1,informed-by,CM-1-2-2-2,reason,unique label match to CM-1-2-2-2; no contradicting context,label filter leaves one candidate: CM-1-2-2-2; resolution requires context evidence
REL-01291,CM-1-2-3-1,precedes,CM-1-2-4-1,confidence,ContextualResolved,CandidateOnly
REL-01291,CM-1-2-3-1,precedes,CM-1-2-4-1,decision_reference,Q11+Q12,Q12
REL-01291,CM-1-2-3-1,precedes,CM-1-2-4-1,disposition,ResolvedToConcept,SoleCandidate
REL-01291,CM-1-2-3-1,precedes,CM-1-2-4-1,emission_decision,emit after mechanical uniqueness validation,HOLD: context-confirmation pass
REL-01291,CM-1-2-3-1,precedes,CM-1-2-4-1,evidence,unique exact preferred-label match,"unique exact preferred-label match (candidate filter only, per PR #120)"
REL-01291,CM-1-2-3-1,precedes,CM-1-2-4-1,reason,unique label match to CM-1-2-4-1; no contradicting context,label filter leaves one candidate: CM-1-2-4-1; resolution requires context evidence
REL-01292,CM-1-2-4-4,uses-input,CM-1-2-3-1-4,confidence,ContextualResolved,CandidateOnly
REL-01292,CM-1-2-4-4,uses-input,CM-1-2-3-1-4,decision_reference,Q11+Q12,Q12
REL-01292,CM-1-2-4-4,uses-input,CM-1-2-3-1-4,disposition,ResolvedToConcept,SoleCandidate
REL-01292,CM-1-2-4-4,uses-input,CM-1-2-3-1-4,emission_decision,emit after mechanical uniqueness validation,HOLD: context-confirmation pass
REL-01292,CM-1-2-4-4,uses-input,CM-1-2-3-1-4,evidence,unique exact preferred-label match,"unique exact preferred-label match (candidate filter only, per PR #120)"
REL-01292,CM-1-2-4-4,uses-input,CM-1-2-3-1-4,reason,unique label match to CM-1-2-3-1-4; no contradicting context,label filter leaves one candidate: CM-1-2-3-1-4; resolution requires context evidence
REL-01293,CM-1-2-4-4,uses-input,CM-1-2-1-2-9,confidence,ContextualResolved,CandidateOnly
REL-01293,CM-1-2-4-4,uses-input,CM-1-2-1-2-9,decision_reference,Q11+Q12,Q12
REL-01293,CM-1-2-4-4,uses-input,CM-1-2-1-2-9,disposition,ResolvedToConcept,SoleCandidate
REL-01293,CM-1-2-4-4,uses-input,CM-1-2-1-2-9,emission_decision,emit after mechanical uniqueness validation,HOLD: context-confirmation pass
REL-01293,CM-1-2-4-4,uses-input,CM-1-2-1-2-9,evidence,unique exact preferred-label match,"unique exact preferred-label match (candidate filter only, per PR #120)"
REL-01293,CM-1-2-4-4,uses-input,CM-1-2-1-2-9,reason,unique label match to CM-1-2-1-2-9; no contradicting context,label filter leaves one candidate: CM-1-2-1-2-9; resolution requires context evidence
REL-01294,CM-1-2-4-4,precedes,CM-1-2-4-2-4,confidence,ContextualResolved,CandidateOnly
REL-01294,CM-1-2-4-4,precedes,CM-1-2-4-2-4,decision_reference,Q11+Q12,Q12
REL-01294,CM-1-2-4-4,precedes,CM-1-2-4-2-4,disposition,ResolvedToConcept,SoleCandidate
REL-01294,CM-1-2-4-4,precedes,CM-1-2-4-2-4,emission_decision,emit after mechanical uniqueness validation,HOLD: context-confirmation pass
REL-01294,CM-1-2-4-4,precedes,CM-1-2-4-2-4,evidence,unique exact preferred-label match,"unique exact preferred-label match (candidate filter only, per PR #120)"
REL-01294,CM-1-2-4-4,precedes,CM-1-2-4-2-4,reason,unique label match to CM-1-2-4-2-4; no contradicting context,label filter leaves one candidate: CM-1-2-4-2-4; resolution requires context evidence
REL-01295,CM-1-3-5-3,informed-by,CM-1-3-3-5,confidence,ContextualResolved,CandidateOnly
REL-01295,CM-1-3-5-3,informed-by,CM-1-3-3-5,decision_reference,Q11+Q12,Q12
REL-01295,CM-1-3-5-3,informed-by,CM-1-3-3-5,disposition,ResolvedToConcept,SoleCandidate
REL-01295,CM-1-3-5-3,informed-by,CM-1-3-3-5,emission_decision,emit after mechanical uniqueness validation,HOLD: context-confirmation pass
REL-01295,CM-1-3-5-3,informed-by,CM-1-3-3-5,evidence,unique exact preferred-label match,"unique exact preferred-label match (candidate filter only, per PR #120)"
REL-01295,CM-1-3-5-3,informed-by,CM-1-3-3-5,reason,unique label match to CM-1-3-3-5; no contradicting context,label filter leaves one candidate: CM-1-3-3-5; resolution requires context evidence
REL-01296,CM-1-3-5-3,enables,CM-1-3-5-2,confidence,ContextualResolved,CandidateOnly
REL-01296,CM-1-3-5-3,enables,CM-1-3-5-2,decision_reference,Q11+Q12,Q12
REL-01296,CM-1-3-5-3,enables,CM-1-3-5-2,disposition,ResolvedToConcept,SoleCandidate
REL-01296,CM-1-3-5-3,enables,CM-1-3-5-2,emission_decision,emit after mechanical uniqueness validation,HOLD: context-confirmation pass
REL-01296,CM-1-3-5-3,enables,CM-1-3-5-2,evidence,unique exact preferred-label match,"unique exact preferred-label match (candidate filter only, per PR #120)"
REL-01296,CM-1-3-5-3,enables,CM-1-3-5-2,reason,unique label match to CM-1-3-5-2; no contradicting context,label filter leaves one candidate: CM-1-3-5-2; resolution requires context evidence
REL-01297,CM-1-3-5-3,enables,CM-1-3-6-5,confidence,ContextualResolved,CandidateOnly
REL-01297,CM-1-3-5-3,enables,CM-1-3-6-5,decision_reference,Q11+Q12,Q12
REL-01297,CM-1-3-5-3,enables,CM-1-3-6-5,disposition,ResolvedToConcept,SoleCandidate
REL-01297,CM-1-3-5-3,enables,CM-1-3-6-5,emission_decision,emit after mechanical uniqueness validation,HOLD: context-confirmation pass
REL-01297,CM-1-3-5-3,enables,CM-1-3-6-5,evidence,unique exact preferred-label match,"unique exact preferred-label match (candidate filter only, per PR #120)"
REL-01297,CM-1-3-5-3,enables,CM-1-3-6-5,reason,unique label match to CM-1-3-6-5; no contradicting context,label filter leaves one candidate: CM-1-3-6-5; resolution requires context evidence
REL-01298,CM-1-2-1-2,enables,CM-1-2-1-3,confidence,ContextualResolved,CandidateOnly
REL-01298,CM-1-2-1-2,enables,CM-1-2-1-3,decision_reference,Q11+Q12,Q12
REL-01298,CM-1-2-1-2,enables,CM-1-2-1-3,disposition,ResolvedToConcept,SoleCandidate
REL-01298,CM-1-2-1-2,enables,CM-1-2-1-3,emission_decision,emit after mechanical uniqueness validation,HOLD: context-confirmation pass
REL-01298,CM-1-2-1-2,enables,CM-1-2-1-3,evidence,unique exact preferred-label match,"unique exact preferred-label match (candidate filter only, per PR #120)"
REL-01298,CM-1-2-1-2,enables,CM-1-2-1-3,reason,unique label match to CM-1-2-1-3; no contradicting context,label filter leaves one candidate: CM-1-2-1-3; resolution requires context evidence
REL-01299,CM-1-2-1-2,enables,CM-1-2-2-2,confidence,ContextualResolved,CandidateOnly
REL-01299,CM-1-2-1-2,enables,CM-1-2-2-2,decision_reference,Q11+Q12,Q12
REL-01299,CM-1-2-1-2,enables,CM-1-2-2-2,disposition,ResolvedToConcept,SoleCandidate
REL-01299,CM-1-2-1-2,enables,CM-1-2-2-2,emission_decision,emit after mechanical uniqueness validation,HOLD: context-confirmation pass
REL-01299,CM-1-2-1-2,enables,CM-1-2-2-2,evidence,unique exact preferred-label match,"unique exact preferred-label match (candidate filter only, per PR #120)"
REL-01299,CM-1-2-1-2,enables,CM-1-2-2-2,reason,unique label match to CM-1-2-2-2; no contradicting context,label filter leaves one candidate: CM-1-2-2-2; resolution requires context evidence
REL-01300,CM-1-2-1-2,governed-by,CM-1-2-2-1,confidence,ContextualResolved,CandidateOnly
REL-01300,CM-1-2-1-2,governed-by,CM-1-2-2-1,decision_reference,Q11+Q12,Q12
REL-01300,CM-1-2-1-2,governed-by,CM-1-2-2-1,disposition,ResolvedToConcept,SoleCandidate
REL-01300,CM-1-2-1-2,governed-by,CM-1-2-2-1,emission_decision,emit after mechanical uniqueness validation,HOLD: context-confirmation pass
REL-01300,CM-1-2-1-2,governed-by,CM-1-2-2-1,evidence,unique exact preferred-label match,"unique exact preferred-label match (candidate filter only, per PR #120)"
REL-01300,CM-1-2-1-2,governed-by,CM-1-2-2-1,reason,unique label match to CM-1-2-2-1; no contradicting context,label filter leaves one candidate: CM-1-2-2-1; resolution requires context evidence
REL-01301,CM-1-2-1-3,follows,CM-1-2-1-4,confidence,ContextualResolved,CandidateOnly
REL-01301,CM-1-2-1-3,follows,CM-1-2-1-4,decision_reference,Q11+Q12,Q12
REL-01301,CM-1-2-1-3,follows,CM-1-2-1-4,disposition,ResolvedToConcept,SoleCandidate
REL-01301,CM-1-2-1-3,follows,CM-1-2-1-4,emission_decision,emit after mechanical uniqueness validation,HOLD: context-confirmation pass
REL-01301,CM-1-2-1-3,follows,CM-1-2-1-4,evidence,unique exact preferred-label match,"unique exact preferred-label match (candidate filter only, per PR #120)"
REL-01301,CM-1-2-1-3,follows,CM-1-2-1-4,reason,unique label match to CM-1-2-1-4; no contradicting context,label filter leaves one candidate: CM-1-2-1-4; resolution requires context evidence
REL-01302,CM-1-2-1-3,precedes,CM-1-2-2-2,confidence,ContextualResolved,CandidateOnly
REL-01302,CM-1-2-1-3,precedes,CM-1-2-2-2,decision_reference,Q11+Q12,Q12
REL-01302,CM-1-2-1-3,precedes,CM-1-2-2-2,disposition,ResolvedToConcept,SoleCandidate
REL-01302,CM-1-2-1-3,precedes,CM-1-2-2-2,emission_decision,emit after mechanical uniqueness validation,HOLD: context-confirmation pass
REL-01302,CM-1-2-1-3,precedes,CM-1-2-2-2,evidence,unique exact preferred-label match,"unique exact preferred-label match (candidate filter only, per PR #120)"
REL-01302,CM-1-2-1-3,precedes,CM-1-2-2-2,reason,unique label match to CM-1-2-2-2; no contradicting context,label filter leaves one candidate: CM-1-2-2-2; resolution requires context evidence
REL-01303,CM-1-2-1-3,enables,CM-1-2-2-3,confidence,ContextualResolved,CandidateOnly
REL-01303,CM-1-2-1-3,enables,CM-1-2-2-3,decision_reference,Q11+Q12,Q12
REL-01303,CM-1-2-1-3,enables,CM-1-2-2-3,disposition,ResolvedToConcept,SoleCandidate
REL-01303,CM-1-2-1-3,enables,CM-1-2-2-3,emission_decision,emit after mechanical uniqueness validation,HOLD: context-confirmation pass
REL-01303,CM-1-2-1-3,enables,CM-1-2-2-3,evidence,unique exact preferred-label match,"unique exact preferred-label match (candidate filter only, per PR #120)"
REL-01303,CM-1-2-1-3,enables,CM-1-2-2-3,reason,unique label match to CM-1-2-2-3; no contradicting context,label filter leaves one candidate: CM-1-2-2-3; resolution requires context evidence
REL-01304,CM-1-1-3-7,enables,CM-1-1-2,confidence,ContextualResolved,CandidateOnly
REL-01304,CM-1-1-3-7,enables,CM-1-1-2,decision_reference,Q11+Q12,Q12
REL-01304,CM-1-1-3-7,enables,CM-1-1-2,disposition,ResolvedToConcept,SoleCandidate
REL-01304,CM-1-1-3-7,enables,CM-1-1-2,emission_decision,emit after mechanical uniqueness validation,HOLD: context-confirmation pass
REL-01304,CM-1-1-3-7,enables,CM-1-1-2,evidence,unique exact preferred-label match,"unique exact preferred-label match (candidate filter only, per PR #120)"
REL-01304,CM-1-1-3-7,enables,CM-1-1-2,reason,unique label match to CM-1-1-2; no contradicting context,label filter leaves one candidate: CM-1-1-2; resolution requires context evidence
REL-01305,CM-1-1-3-7,enables,CM-1-1-4-7-6,confidence,ContextualResolved,CandidateOnly
REL-01305,CM-1-1-3-7,enables,CM-1-1-4-7-6,decision_reference,Q11+Q12,Q12
REL-01305,CM-1-1-3-7,enables,CM-1-1-4-7-6,disposition,ResolvedToConcept,SoleCandidate
REL-01305,CM-1-1-3-7,enables,CM-1-1-4-7-6,emission_decision,emit after mechanical uniqueness validation,HOLD: context-confirmation pass
REL-01305,CM-1-1-3-7,enables,CM-1-1-4-7-6,evidence,unique exact preferred-label match,"unique exact preferred-label match (candidate filter only, per PR #120)"
REL-01305,CM-1-1-3-7,enables,CM-1-1-4-7-6,reason,unique label match to CM-1-1-4-7-6; no contradicting context,label filter leaves one candidate: CM-1-1-4-7-6; resolution requires context evidence
REL-01306,CM-1-1-3-7,informed-by,CM-1-1-2-13,confidence,ContextualResolved,CandidateOnly
REL-01306,CM-1-1-3-7,informed-by,CM-1-1-2-13,decision_reference,Q11+Q12,Q12
REL-01306,CM-1-1-3-7,informed-by,CM-1-1-2-13,disposition,ResolvedToConcept,SoleCandidate
REL-01306,CM-1-1-3-7,informed-by,CM-1-1-2-13,emission_decision,emit after mechanical uniqueness validation,HOLD: context-confirmation pass
REL-01306,CM-1-1-3-7,informed-by,CM-1-1-2-13,evidence,unique exact preferred-label match,"unique exact preferred-label match (candidate filter only, per PR #120)"
REL-01306,CM-1-1-3-7,informed-by,CM-1-1-2-13,reason,unique label match to CM-1-1-2-13; no contradicting context,label filter leaves one candidate: CM-1-1-2-13; resolution requires context evidence
REL-01307,CM-1-2-4-2,follows,CM-1-2-4-1,confidence,ContextualResolved,CandidateOnly
REL-01307,CM-1-2-4-2,follows,CM-1-2-4-1,decision_reference,Q11+Q12,Q12
REL-01307,CM-1-2-4-2,follows,CM-1-2-4-1,disposition,ResolvedToConcept,SoleCandidate
REL-01307,CM-1-2-4-2,follows,CM-1-2-4-1,emission_decision,emit after mechanical uniqueness validation,HOLD: context-confirmation pass
REL-01307,CM-1-2-4-2,follows,CM-1-2-4-1,evidence,unique exact preferred-label match,"unique exact preferred-label match (candidate filter only, per PR #120)"
REL-01307,CM-1-2-4-2,follows,CM-1-2-4-1,reason,unique label match to CM-1-2-4-1; no contradicting context,label filter leaves one candidate: CM-1-2-4-1; resolution requires context evidence
REL-01308,CM-1-2-4-2,uses-input,CM-1-2-2-3-5,confidence,ContextualResolved,CandidateOnly
REL-01308,CM-1-2-4-2,uses-input,CM-1-2-2-3-5,decision_reference,Q11+Q12,Q12
REL-01308,CM-1-2-4-2,uses-input,CM-1-2-2-3-5,disposition,ResolvedToConcept,SoleCandidate
REL-01308,CM-1-2-4-2,uses-input,CM-1-2-2-3-5,emission_decision,emit after mechanical uniqueness validation,HOLD: context-confirmation pass
REL-01308,CM-1-2-4-2,uses-input,CM-1-2-2-3-5,evidence,unique exact preferred-label match,"unique exact preferred-label match (candidate filter only, per PR #120)"
REL-01308,CM-1-2-4-2,uses-input,CM-1-2-2-3-5,reason,unique label match to CM-1-2-2-3-5; no contradicting context,label filter leaves one candidate: CM-1-2-2-3-5; resolution requires context evidence
REL-01309,CM-1-2-4-2,governed-by,CM-1-2-4-2-12,confidence,Resolved,StableIdentifier
REL-01310,CM-1-2-2-3,governed-by,CM-1-2-4-3,confidence,ContextualResolved,CandidateOnly
REL-01310,CM-1-2-2-3,governed-by,CM-1-2-4-3,decision_reference,Q11+Q12,Q12
REL-01310,CM-1-2-2-3,governed-by,CM-1-2-4-3,disposition,ResolvedToConcept,SoleCandidate
REL-01310,CM-1-2-2-3,governed-by,CM-1-2-4-3,emission_decision,emit after mechanical uniqueness validation,HOLD: context-confirmation pass
REL-01310,CM-1-2-2-3,governed-by,CM-1-2-4-3,evidence,unique exact preferred-label match,"unique exact preferred-label match (candidate filter only, per PR #120)"
REL-01310,CM-1-2-2-3,governed-by,CM-1-2-4-3,reason,unique label match to CM-1-2-4-3; no contradicting context,label filter leaves one candidate: CM-1-2-4-3; resolution requires context evidence
REL-01311,CM-1-2-2-3,enables,CM-1-2-1-4,confidence,ContextualResolved,CandidateOnly
REL-01311,CM-1-2-2-3,enables,CM-1-2-1-4,decision_reference,Q11+Q12,Q12
REL-01311,CM-1-2-2-3,enables,CM-1-2-1-4,disposition,ResolvedToConcept,SoleCandidate
REL-01311,CM-1-2-2-3,enables,CM-1-2-1-4,emission_decision,emit after mechanical uniqueness validation,HOLD: context-confirmation pass
REL-01311,CM-1-2-2-3,enables,CM-1-2-1-4,evidence,unique exact preferred-label match,"unique exact preferred-label match (candidate filter only, per PR #120)"
REL-01311,CM-1-2-2-3,enables,CM-1-2-1-4,reason,unique label match to CM-1-2-1-4; no contradicting context,label filter leaves one candidate: CM-1-2-1-4; resolution requires context evidence
REL-01312,CM-1-2-2-3,enables,CM-1-2-1-3,confidence,ContextualResolved,CandidateOnly
REL-01312,CM-1-2-2-3,enables,CM-1-2-1-3,decision_reference,Q11+Q12,Q12
REL-01312,CM-1-2-2-3,enables,CM-1-2-1-3,disposition,ResolvedToConcept,SoleCandidate
REL-01312,CM-1-2-2-3,enables,CM-1-2-1-3,emission_decision,emit after mechanical uniqueness validation,HOLD: context-confirmation pass
REL-01312,CM-1-2-2-3,enables,CM-1-2-1-3,evidence,unique exact preferred-label match,"unique exact preferred-label match (candidate filter only, per PR #120)"
REL-01312,CM-1-2-2-3,enables,CM-1-2-1-3,reason,unique label match to CM-1-2-1-3; no contradicting context,label filter leaves one candidate: CM-1-2-1-3; resolution requires context evidence
REL-01313,CM-1-3-6-6,governed-by,CM-1-3-7-4,confidence,ContextualResolved,CandidateOnly
REL-01313,CM-1-3-6-6,governed-by,CM-1-3-7-4,decision_reference,Q11+Q12,Q12
REL-01313,CM-1-3-6-6,governed-by,CM-1-3-7-4,disposition,ResolvedToConcept,SoleCandidate
REL-01313,CM-1-3-6-6,governed-by,CM-1-3-7-4,emission_decision,emit after mechanical uniqueness validation,HOLD: context-confirmation pass
REL-01313,CM-1-3-6-6,governed-by,CM-1-3-7-4,evidence,unique exact preferred-label match,"unique exact preferred-label match (candidate filter only, per PR #120)"
REL-01313,CM-1-3-6-6,governed-by,CM-1-3-7-4,reason,unique label match to CM-1-3-7-4; no contradicting context,label filter leaves one candidate: CM-1-3-7-4; resolution requires context evidence
REL-01314,CM-1-3-6-6,uses-input,CM-1-3-8-1,confidence,ContextualResolved,CandidateOnly
REL-01314,CM-1-3-6-6,uses-input,CM-1-3-8-1,decision_reference,Q11+Q12,Q12
REL-01314,CM-1-3-6-6,uses-input,CM-1-3-8-1,disposition,ResolvedToConcept,SoleCandidate
REL-01314,CM-1-3-6-6,uses-input,CM-1-3-8-1,emission_decision,emit after mechanical uniqueness validation,HOLD: context-confirmation pass
REL-01314,CM-1-3-6-6,uses-input,CM-1-3-8-1,evidence,unique exact preferred-label match,"unique exact preferred-label match (candidate filter only, per PR #120)"
REL-01314,CM-1-3-6-6,uses-input,CM-1-3-8-1,reason,unique label match to CM-1-3-8-1; no contradicting context,label filter leaves one candidate: CM-1-3-8-1; resolution requires context evidence
REL-01315,CM-1-3-6-6,enables,CM-1-3-5-5-3,confidence,ContextualResolved,CandidateOnly
REL-01315,CM-1-3-6-6,enables,CM-1-3-5-5-3,decision_reference,Q11+Q12,Q12
REL-01315,CM-1-3-6-6,enables,CM-1-3-5-5-3,disposition,ResolvedToConcept,SoleCandidate
REL-01315,CM-1-3-6-6,enables,CM-1-3-5-5-3,emission_decision,emit after mechanical uniqueness validation,HOLD: context-confirmation pass
REL-01315,CM-1-3-6-6,enables,CM-1-3-5-5-3,evidence,unique exact preferred-label match,"unique exact preferred-label match (candidate filter only, per PR #120)"
REL-01315,CM-1-3-6-6,enables,CM-1-3-5-5-3,reason,unique label match to CM-1-3-5-5-3; no contradicting context,label filter leaves one candidate: CM-1-3-5-5-3; resolution requires context evidence
REL-01317,CM-1-2-4-1,informed-by,CM-1-2-2-2,confidence,ContextualResolved,CandidateOnly
REL-01317,CM-1-2-4-1,informed-by,CM-1-2-2-2,decision_reference,Q11+Q12,Q12
REL-01317,CM-1-2-4-1,informed-by,CM-1-2-2-2,disposition,ResolvedToConcept,SoleCandidate
REL-01317,CM-1-2-4-1,informed-by,CM-1-2-2-2,emission_decision,emit after mechanical uniqueness validation,HOLD: context-confirmation pass
REL-01317,CM-1-2-4-1,informed-by,CM-1-2-2-2,evidence,unique exact preferred-label match,"unique exact preferred-label match (candidate filter only, per PR #120)"
REL-01317,CM-1-2-4-1,informed-by,CM-1-2-2-2,reason,unique label match to CM-1-2-2-2; no contradicting context,label filter leaves one candidate: CM-1-2-2-2; resolution requires context evidence
REL-01318,CM-1-2-4-1,enables,CM-1-2-4-2-4,confidence,ContextualResolved,CandidateOnly
REL-01318,CM-1-2-4-1,enables,CM-1-2-4-2-4,decision_reference,Q11+Q12,Q12
REL-01318,CM-1-2-4-1,enables,CM-1-2-4-2-4,disposition,ResolvedToConcept,SoleCandidate
REL-01318,CM-1-2-4-1,enables,CM-1-2-4-2-4,emission_decision,emit after mechanical uniqueness validation,HOLD: context-confirmation pass
REL-01318,CM-1-2-4-1,enables,CM-1-2-4-2-4,evidence,unique exact preferred-label match,"unique exact preferred-label match (candidate filter only, per PR #120)"
REL-01318,CM-1-2-4-1,enables,CM-1-2-4-2-4,reason,unique label match to CM-1-2-4-2-4; no contradicting context,label filter leaves one candidate: CM-1-2-4-2-4; resolution requires context evidence
