row_id,review_section,target_basis,source_slug,source,source_definition,verb,target_slug,target,target_definition,context,current_stored_fact,prior_decision,Hamid_decision,Hamid_rationale
REL-00009,A — explicit-reference (decided A1: HELD),SoleCandidate/explicit-reference,CM-1-1-1-1-4,Publish Forecast and Generate Component Level Forecast Plan,"Approve and publish the agreed demand forecast as the versioned planning basis, and translate it into the component-level forecast plan — the detailed breakdown by product grade or component, location, and period — that downstream planning processes consume.",enables,CM-1-1-4-7-1,Capture Product Demand Requirements,"Assemble the demand requirements that the refinery production case must satisfy — by product, volume, quality grade, location, and delivery period — drawing on the approved demand forecast, firm contractual commitments, and internal transfer requirements for the planning period.",PROMOTE/A:explicit-reference,CM-1-1-4-7-1 core:enabledBy CM-1-1-1-1-4,HOLD / D:hamid-verdict (G3-A1 2026-09-26),HOLD / D:hamid-verdict (G3-A1),exclusion reference — source scope excludes target's work; not enablement
REL-00027,A — explicit-reference (decided A1: APPROVED),ResolvedToConcept,CM-1-1-2-13,Plan Finished Goods Inventory,"Set and optimize the planned finished-product inventory levels and positions for the regional plan period, balancing supply availability, demand coverage, and working-capital cost within established inventory policy and storage constraints.",enables,CM-1-1-2-11,Allocate Finished Products,"Assign available finished-product supply to markets, channels, terminals, and customer commitments for a planning period, so limited or constrained volumes are placed where they best serve contractual obligations and regional margin.",,CM-1-1-2-11 core:enabledBy CM-1-1-2-13,,APPROVE / D:hamid-verdict (G3-A1),
REL-00038,A — explicit-reference (decided A1: APPROVED),ResolvedToConcept,CM-1-1-3-6-3,Track Movements and Inventory Management,"Track scheduled movements from load to discharge — monitoring progress against the schedule, maintaining in-transit inventory visibility by movement, and updating scheduling and inventory records as movements progress — so the network always knows what is en route, where, and whe...",enables,CM-1-1-3-7-12,Monitor and Control Inventory Positions,"Monitor and control actual and projected inventory positions for finished products and intermediates: identify operating-limit, availability, ownership, quality, location, and balance exceptions, coordinate timely response, and provide reliable current-position information to pla...",,CM-1-1-3-7-12 core:enabledBy CM-1-1-3-6-3,,APPROVE / D:hamid-verdict (G3-A1),
REL-00041,A — explicit-reference (decided A1: HELD),SoleCandidate/explicit-reference,CM-1-1-3-6-4,Discharge & Reconcile Load,"Administer the discharge of arriving shipments — confirming received quantities and quality documentation, reconciling discharged against loaded volumes to surface in-transit gains and losses per movement, and closing the movement in scheduling and inventory records.",enables,CM-1-1-3-7-5,Perform Inventory Reconciliation,"Reconcile book inventory against measured physical inventory by location and material, quantify and classify gains and losses, investigate variances beyond tolerance, and post agreed corrections so stock records remain accurate and losses are made visible.",PROMOTE/A:explicit-reference,CM-1-1-3-7-5 core:enabledBy CM-1-1-3-6-4,HOLD / D:hamid-verdict (G3-A1 2026-09-26),HOLD / D:hamid-verdict (G3-A1),informational feed — outturn reconciliation feeds periodic reconciliation; not capability enablement
REL-00043,A — explicit-reference (decided A1: APPROVED),ResolvedToConcept,CM-1-1-3-7-1,Develop Crude/Feedstock Inventory Policy,"Establish and maintain the policy governing crude and feedstock inventories — target and minimum operating levels, safety and strategic stock requirements, tankage and segregation rules, and review triggers — so feedstock supply to refineries is protected at an efficient working-...",enables,CM-1-1-3-7-12,Monitor and Control Inventory Positions,"Monitor and control actual and projected inventory positions for finished products and intermediates: identify operating-limit, availability, ownership, quality, location, and balance exceptions, coordinate timely response, and provide reliable current-position information to pla...",,CM-1-1-3-7-12 core:enabledBy CM-1-1-3-7-1,,APPROVE / D:hamid-verdict (G3-A1),
REL-00052,A — explicit-reference (decided A1: APPROVED),ResolvedToConcept,CM-1-1-3-7-2,Develop Intermediates Inventory Policy,"Establish and maintain the policy governing intermediate and blendstock inventories held between process units and blending — target working levels, segregation and quality-protection rules, and review triggers — so conversion and blending operations are decoupled without trappin...",enables,CM-1-1-3-7-12,Monitor and Control Inventory Positions,"Monitor and control actual and projected inventory positions for finished products and intermediates: identify operating-limit, availability, ownership, quality, location, and balance exceptions, coordinate timely response, and provide reliable current-position information to pla...",,CM-1-1-3-7-12 core:enabledBy CM-1-1-3-7-2,,APPROVE / D:hamid-verdict (G3-A1),
REL-00053,A — explicit-reference (decided A1: APPROVED),SoleCandidate/explicit-reference,CM-1-1-3-7-3,Develop Finished Product Inventory Policy,"Establish and maintain the policy governing finished-product inventories across refineries and the distribution network — target and minimum operating levels, safety stock by product and location, brand and quality segregation rules, and review triggers — so customer supply relia...",enables,CM-1-1-2-13,Plan Finished Goods Inventory,"Set and optimize the planned finished-product inventory levels and positions for the regional plan period, balancing supply availability, demand coverage, and working-capital cost within established inventory policy and storage constraints.",PROMOTE/A:explicit-reference,CM-1-1-2-13 core:enabledBy CM-1-1-3-7-3,,APPROVE / D:hamid-verdict (G3-A1),
REL-00054,A — explicit-reference (decided A1: HELD),SoleCandidate/explicit-reference,CM-1-1-3-7-3,Develop Finished Product Inventory Policy,"Establish and maintain the policy governing finished-product inventories across refineries and the distribution network — target and minimum operating levels, safety stock by product and location, brand and quality segregation rules, and review triggers — so customer supply relia...",enables,CM-1-1-3-7-9,Manage Inventory Replenishment,Plan and trigger the replenishment of finished-product stock points across the distribution network — determining when and how much to resupply each terminal and depot within inventory policy and the approved plan — so locations stay between minimum and maximum operating levels w...,PROMOTE/A:explicit-reference,CM-1-1-3-7-9 core:enabledBy CM-1-1-3-7-3,HOLD / D:hamid-verdict (G3-A1 2026-09-26),HOLD / D:hamid-verdict (G3-A1),exclusion — source excludes replenishment management; policy does not make it operable
REL-00060,A — explicit-reference (decided A1: APPROVED),ResolvedToConcept,CM-1-1-3-7-5,Perform Inventory Reconciliation,"Reconcile book inventory against measured physical inventory by location and material, quantify and classify gains and losses, investigate variances beyond tolerance, and post agreed corrections so stock records remain accurate and losses are made visible.",enables,CM-1-1-3-7-12,Monitor and Control Inventory Positions,"Monitor and control actual and projected inventory positions for finished products and intermediates: identify operating-limit, availability, ownership, quality, location, and balance exceptions, coordinate timely response, and provide reliable current-position information to pla...",,CM-1-1-3-7-12 core:enabledBy CM-1-1-3-7-5,,APPROVE / D:hamid-verdict (G3-A1),
REL-00065,A — explicit-reference (decided A1: APPROVED),ResolvedToConcept,CM-1-1-3-7-8,Manage Inventory Re-brands,"Manage the re-designation of existing inventory between brand, grade, or specification categories — such as converting unbranded stock to branded through additive treatment, or regrading product that qualifies against a different specification — so stock records, quality status, ...",enables,CM-1-1-3-7-12,Monitor and Control Inventory Positions,"Monitor and control actual and projected inventory positions for finished products and intermediates: identify operating-limit, availability, ownership, quality, location, and balance exceptions, coordinate timely response, and provide reliable current-position information to pla...",,CM-1-1-3-7-12 core:enabledBy CM-1-1-3-7-8,,APPROVE / D:hamid-verdict (G3-A1),
REL-00074,A — explicit-reference (decided A1: APPROVED),SoleCandidate/explicit-reference,CM-1-1-3-8-3,Maintain Secondary Distribution Scheduling Basis,"Maintain the reference data, constraints, and operating parameters used for secondary-distribution scheduling — including sites, tanks, vehicles, compartments, drivers, routes, access windows, product-compatibility rules, and scheduling parameters — so generated orders and delive...",enables,CM-1-1-3-8-2,Schedule Secondary Distribution,"Build and maintain the daily secondary delivery schedule — assigning orders to vehicles, compartments, routes, and time windows within fleet, driver, site-access, and product-segregation constraints — to meet required delivery windows at efficient fleet utilization and cost.",PROMOTE/A:explicit-reference,CM-1-1-3-8-2 core:enabledBy CM-1-1-3-8-3,,APPROVE / D:hamid-verdict (G3-A1),
REL-00077,A — explicit-reference (decided A1: HELD),SoleCandidate/explicit-reference,CM-1-1-3-8-4,Monitor Secondary Distribution Performance,"Measure and report secondary distribution execution against the issued delivery schedule — delivery reliability, fleet utilization, and cost efficiency at agreed levels — investigating recurring shortfalls and feeding improvements back into order generation, scheduling, and the s...",enables,CM-1-1-6,Distribution Backcasting,"Reconcile actual distribution inventory availability, movements, deliveries, transportation costs, and customer fulfillment outcomes against the approved distribution plan and its contemporaneous assumptions and constraints; quantify and explain variances; and use validated lesso...",PROMOTE/A:explicit-reference,CM-1-1-6 core:enabledBy CM-1-1-3-8-4,HOLD / D:hamid-verdict (G3-A1 2026-09-26),HOLD / D:hamid-verdict (G3-A1),exclusion reference — source excludes variance analysis owned by target
REL-00108,A — explicit-reference (decided A1: APPROVED),SoleCandidate/explicit-reference,CM-1-1-4-7-7,Capture Monthly Operating Plan,"Issue the agreed refinery production plan for the coming month as the plan of record — confirming the selected case, registering it with its assumptions and version, and handing it to Refining as the basis for detailed scheduling.",enables,CM-1-1-5,Regional Backcasting,"Reconcile actual regional supply, demand, production, inventory, product movements, and commercial outcomes against the approved plan and its contemporaneous assumptions and constraints; quantify and explain variances; and use the findings to improve subsequent regional planning ...",PROMOTE/A:explicit-reference,CM-1-1-5 core:enabledBy CM-1-1-4-7-7,,APPROVE / D:hamid-verdict (G3-A1),
REL-00118,A — explicit-reference (decided A1: HELD),SoleCandidate/explicit-reference,CM-1-1-7-1-3,Perform Production Accounting,"Close the refinery's daily production balance — reconciling measured feed receipts, unit charges and yields, blending, shipments, fuel and loss, and inventory changes into an accounted material balance — and actualize production against the schedule so planning, scheduling, and b...",enables,CM-1-1-3-7-5,Perform Inventory Reconciliation,"Reconcile book inventory against measured physical inventory by location and material, quantify and classify gains and losses, investigate variances beyond tolerance, and post agreed corrections so stock records remain accurate and losses are made visible.",PROMOTE/A:explicit-reference,CM-1-1-3-7-5 core:enabledBy CM-1-1-7-1-3,HOLD / D:hamid-verdict (G3-A1 2026-09-26),HOLD / D:hamid-verdict (G3-A1),input/evidence relationship — daily balance feeds periodic reconciliation; not proven enablement
REL-00160,A — explicit-reference (decided A1: APPROVED),SoleCandidate/explicit-reference,CM-1-2-1-2-10,Manage Storage Contract,"Administer storage and throughput contracts through their life — recorded capacity, injection and withdrawal rights, fee structures, amendments, and renewals — so storage deals, inventory administration, and settlement operate against current, correct contract terms.",enables,CM-1-2-1-3-5,Capture Storage Deals,"Record executed storage and throughput deals — facility, capacity, injection and withdrawal rights, fees, and period — so capacity positions, obligations, and costs are represented in the trading system from execution onward.",PROMOTE/A:explicit-reference,CM-1-2-1-3-5 core:enabledBy CM-1-2-1-2-10,,APPROVE / D:hamid-verdict (G3-A1),
REL-00161,A — explicit-reference (decided A1: APPROVED),SoleCandidate/explicit-reference,CM-1-2-1-2-10,Manage Storage Contract,"Administer storage and throughput contracts through their life — recorded capacity, injection and withdrawal rights, fee structures, amendments, and renewals — so storage deals, inventory administration, and settlement operate against current, correct contract terms.",enables,CM-1-1-3-7-11,Manage Third Party Storage,"Manage company inventory held in third-party storage facilities — leased tankage, throughput agreements, and commercial storage — administering capacity entitlements, monitoring stock positions and operator statements, and managing performance against the storage agreements.",PROMOTE/A:explicit-reference,CM-1-1-3-7-11 core:enabledBy CM-1-2-1-2-10,,APPROVE / D:hamid-verdict (G3-A1),
REL-00172,A — explicit-reference (decided A1: APPROVED),SoleCandidate/explicit-reference,CM-1-2-1-2-5,Create New Contract,"Establish new trading agreements in the contract record — capturing negotiated terms, verifying required approvals and legal review are complete, linking the agreement to its counterparty and settlement basis, and activating it — so transactions governed by the agreement can be c...",enables,CM-1-2-1-3,Trade Capture,"Perform the controlled pre-trade analysis, authorization, and post-execution recording of trades in the trading system — capturing complete commercial, operational, and regulatory terms by deal type and submitting required creation-data reports — so authorized transactions are av...",PROMOTE/A:explicit-reference,CM-1-2-1-3 core:enabledBy CM-1-2-1-2-5,,APPROVE / D:hamid-verdict (G3-A1),
REL-00176,A — explicit-reference (decided A1: HELD),SoleCandidate/explicit-reference,CM-1-2-1-2-7,Terminate/Novate Contract,"End or transfer an agreement in a controlled way — confirming obligations under it are fulfilled, settled, or queued for legally effective novation, executing the administrative termination or transfer steps, and closing the agreement record with its history preserved.",enables,CM-1-2-4-1,Settlements,"Determine and complete the financial settlement of trading transactions — calculating amounts owed and due from actualized quantities, contractual prices, and verified charge determinants; generating and validating invoices; netting where agreements provide; preparing, validating...",PROMOTE/A:explicit-reference,CM-1-2-4-1 core:enabledBy CM-1-2-1-2-7,HOLD / D:hamid-verdict (G3-A1 2026-09-26),HOLD / D:hamid-verdict (G3-A1),lifecycle relation — termination requires settlement; does not enable settlements capability
REL-00177,A — explicit-reference (decided A1: APPROVED),SoleCandidate/explicit-reference,CM-1-2-1-2-8,Manage Lease Contract,"Administer crude and condensate lease purchase contracts — first-purchase arrangements at the lease or wellhead — through their life: recorded terms, price and deduction bases, division-of-interest references, amendments, and renewals, so lease purchases actualize and settle agai...",enables,CM-1-2-3-1-6,Perform Lease Actualization,"Actualize crude and condensate lease purchases — recording actual volumes, gravities, and qualities from run tickets and LACT meter records taken at lease-tank custody transfer, applying the contractual gravity, quality, and deduction adjustments and division-of-interest referenc...",PROMOTE/A:explicit-reference,CM-1-2-3-1-6 core:enabledBy CM-1-2-1-2-8,,APPROVE / D:hamid-verdict (G3-A1),
REL-00178,A — explicit-reference (decided A1: APPROVED),SoleCandidate/explicit-reference,CM-1-2-1-2-8,Manage Lease Contract,"Administer crude and condensate lease purchase contracts — first-purchase arrangements at the lease or wellhead — through their life: recorded terms, price and deduction bases, division-of-interest references, amendments, and renewals, so lease purchases actualize and settle agai...",enables,CM-1-2-4-1-6,Settle First Purchaser/Leases,"Settle crude and condensate first-purchase transactions — calculating amounts due from actualized lease runs under contractual pricing, gravity and quality adjustments, and deductions, producing settlement statements consistent with the division-of-interest references, and submit...",PROMOTE/A:explicit-reference,CM-1-2-4-1-6 core:enabledBy CM-1-2-1-2-8,,APPROVE / D:hamid-verdict (G3-A1),
REL-00179,A — explicit-reference (decided A1: APPROVED),SoleCandidate/explicit-reference,CM-1-2-1-2-9,Manage Carrier Contracts,"Administer contracts with pipeline, marine, rail, and truck carriers through their life — recorded rates, capacity commitments, service terms, amendments, and renewals — so transportation deals, nominations, and freight settlement operate against current, correct carrier terms.",enables,CM-1-2-1-3-9,Capture Transportation Deals,"Record executed transportation capacity deals — pipeline capacity, vessel charters, railcar commitments, and trucking capacity, with route or path, capacity, period, and rates — so transport positions, obligations, and costs are represented from execution onward.",PROMOTE/A:explicit-reference,CM-1-2-1-3-9 core:enabledBy CM-1-2-1-2-9,,APPROVE / D:hamid-verdict (G3-A1),
REL-00180,A — explicit-reference (decided A1: APPROVED),SoleCandidate/explicit-reference,CM-1-2-1-2-9,Manage Carrier Contracts,"Administer contracts with pipeline, marine, rail, and truck carriers through their life — recorded rates, capacity commitments, service terms, amendments, and renewals — so transportation deals, nominations, and freight settlement operate against current, correct carrier terms.",enables,CM-1-1-3-6-1,Plan & Execute Nominations,"Prepare, submit, and manage volume nominations to pipelines, vessels, rail, and terminal operators — matching the short-term schedule to each carrier's cycles, batch specifications, and deadlines, and managing confirmations, revisions, and allocations through the cycle.",PROMOTE/A:explicit-reference,CM-1-1-3-6-1 core:enabledBy CM-1-2-1-2-9,,APPROVE / D:hamid-verdict (G3-A1),
REL-00196,A — explicit-reference (decided A1: APPROVED),SoleCandidate/explicit-reference,CM-1-2-1-3-4,Capture Exchange Trades,"Record exchange-executed futures and listed-options trades with contract, delivery month, quantity, price, account, clearing-broker, and allocation details; validate captured execution data against available execution and broker messages; and resolve trade-capture exceptions so t...",enables,CM-1-2-2-1-5,Perform Margining,"Administer margin obligations for cleared and other applicable margined positions — receiving, validating, forecasting, and issuing or responding to margin calls as applicable, reconciling margin balances against CCP, exchange, broker, and counterparty statements, and escalating ...",PROMOTE/A:explicit-reference,CM-1-2-2-1-5 core:enabledBy CM-1-2-1-3-4,,APPROVE / D:hamid-verdict (G3-A1),
REL-00199,A — explicit-reference (decided A1: APPROVED),SoleCandidate/explicit-reference,CM-1-2-1-3-5,Capture Storage Deals,"Record executed storage and throughput deals — facility, capacity, injection and withdrawal rights, fees, and period — so capacity positions, obligations, and costs are represented in the trading system from execution onward.",enables,CM-1-1-3-7-11,Manage Third Party Storage,"Manage company inventory held in third-party storage facilities — leased tankage, throughput agreements, and commercial storage — administering capacity entitlements, monitoring stock positions and operator statements, and managing performance against the storage agreements.",PROMOTE/A:explicit-reference,CM-1-1-3-7-11 core:enabledBy CM-1-2-1-3-5,,APPROVE / D:hamid-verdict (G3-A1),
REL-00211,A — explicit-reference (decided A1: APPROVED),SoleCandidate/explicit-reference,CM-1-2-1-3-9,Capture Transportation Deals,"Record executed transportation capacity deals — pipeline capacity, vessel charters, railcar commitments, and trucking capacity, with route or path, capacity, period, and rates — so transport positions, obligations, and costs are represented from execution onward.",enables,CM-1-1-3-6-1,Plan & Execute Nominations,"Prepare, submit, and manage volume nominations to pipelines, vessels, rail, and terminal operators — matching the short-term schedule to each carrier's cycles, batch specifications, and deadlines, and managing confirmations, revisions, and allocations through the cycle.",PROMOTE/A:explicit-reference,CM-1-1-3-6-1 core:enabledBy CM-1-2-1-3-9,,APPROVE / D:hamid-verdict (G3-A1),
REL-00217,A — explicit-reference (decided A2: APPROVED),SoleCandidate/explicit-reference,CM-1-2-2-1-1,Perform Counterparty Credit Reviews,"Assess a counterparty's creditworthiness — at onboarding, on a periodic cycle, and on trigger events — analyzing financial statements, ratings, ownership and support structures, payment behavior, and qualitative factors, and assigning or updating the internal credit assessment th...",enables,CM-1-2-1-2-1,Create New Counterparty,"Coordinate onboarding of a prospective trading counterparty by collecting required legal-entity, tax, settlement, and commercial documentation; initiating and recording required compliance, sanctions/KYC, legal, and credit clearances through their accountable owners; and creating...",PROMOTE/A:explicit-reference,CM-1-2-1-2-1 core:enabledBy CM-1-2-2-1-1,,APPROVE / D:hamid-verdict (G3-A2),
REL-00220,A — explicit-reference (decided A2: APPROVED),SoleCandidate/explicit-reference,CM-1-2-2-1-2,Manage Credit Limits,"Establish, maintain, publish, and adjust credit limits for trading counterparties and counterparty groups — based on approved credit assessments, risk appetite, exposure methodology, and credit-support arrangements — administer documented temporary-excess and exception decisions ...",enables,CM-1-2-1-3-1,Manage Pre-Trade Analysis,"Evaluate a prospective trade before execution — its economics, strategy fit, credit and limit headroom, operational feasibility where applicable, and regulatory treatment — so the trader and approver see the deal's value and consequences before committing the company.",PROMOTE/A:explicit-reference,CM-1-2-1-3-1 core:enabledBy CM-1-2-2-1-2,,APPROVE / D:hamid-verdict (G3-A2),
REL-00221,A — explicit-reference (decided A2: APPROVED),SoleCandidate/explicit-reference,CM-1-2-2-1-2,Manage Credit Limits,"Establish, maintain, publish, and adjust credit limits for trading counterparties and counterparty groups — based on approved credit assessments, risk appetite, exposure methodology, and credit-support arrangements — administer documented temporary-excess and exception decisions ...",enables,CM-1-2-2-1-7,Monitor & Analyze Credit,"Continuously watch counterparty credit — exposures against limits, breach detection and aging, and early-warning signals from ratings, news, payment behavior, and market indicators — escalating breaches and deterioration per policy and triggering reassessment where warranted.",PROMOTE/A:explicit-reference,CM-1-2-2-1-7 core:enabledBy CM-1-2-2-1-2,,APPROVE / D:hamid-verdict (G3-A2),
REL-00223,A — explicit-reference (decided A2: APPROVED),SoleCandidate/explicit-reference,CM-1-2-2-1-3,Manage Collateral,"Administer contractual credit support both held and posted — cash collateral, securities, letters of credit, guarantees, and other eligible security, with their haircuts, thresholds, independent amounts, and substitutions — calling, receiving, returning, valuing, and reconciling ...",enables,CM-1-2-1-2-3,Terminate/Novate Counterparty,"Coordinate the administrative counterparty offboarding or transfer — confirming that affected positions, agreements, collateral, payment instructions, and reporting responsibilities have been closed, settled, transferred, or queued for legally effective novation — and deactivate ...",PROMOTE/A:explicit-reference,CM-1-2-1-2-3 core:enabledBy CM-1-2-2-1-3,,APPROVE / D:hamid-verdict (G3-A2),
REL-00226,A — explicit-reference (decided A2: APPROVED),SoleCandidate/explicit-reference,CM-1-2-2-1-4,Calculate Credit Exposure,"Calculate current and, where required by approved methodology, potential future credit exposure for each counterparty and group — aggregating trading positions, mark-to-market values, delivered-but-unpaid and other settlement-cycle exposures, and applicable netting, collateral, a...",enables,CM-1-2-2-1-2,Manage Credit Limits,"Establish, maintain, publish, and adjust credit limits for trading counterparties and counterparty groups — based on approved credit assessments, risk appetite, exposure methodology, and credit-support arrangements — administer documented temporary-excess and exception decisions ...",PROMOTE/A:explicit-reference,CM-1-2-2-1-2 core:enabledBy CM-1-2-2-1-4,,APPROVE / D:hamid-verdict (G3-A2),
REL-00232,A — explicit-reference (decided A2: HELD),SoleCandidate/explicit-reference,CM-1-2-2-1-6,Perform Advanced Credit Risk Analytics,"Analyze credit risk at portfolio level — concentrations, stress and scenario impacts, default-likelihood signals, and correlation effects such as wrong-way exposure — so appetite, limits, and mitigation decisions rest on more than single-counterparty views.",enables,CM-1-2-2-1-2,Manage Credit Limits,"Establish, maintain, publish, and adjust credit limits for trading counterparties and counterparty groups — based on approved credit assessments, risk appetite, exposure methodology, and credit-support arrangements — administer documented temporary-excess and exception decisions ...",PROMOTE/A:explicit-reference,CM-1-2-2-1-2 core:enabledBy CM-1-2-2-1-6,HOLD / D:hamid-verdict (G3-A2 2026-09-26),HOLD / D:hamid-verdict (G3-A2),analytical advice — analytics findings feed limit structures; not demonstrated enablement
REL-00254,A — explicit-reference (decided A2: APPROVED),SoleCandidate/explicit-reference,CM-1-2-2-3-1,Establish And Maintain Book Structure,"Establish and maintain the governed trading-book and portfolio hierarchy used for risk aggregation, valuation, position control, and P&L reporting — defining risk-reporting book attributes, responsible owners, aggregation relationships, and effective-dated changes — and keep trad...",enables,CM-1-2-1-3,Trade Capture,"Perform the controlled pre-trade analysis, authorization, and post-execution recording of trades in the trading system — capturing complete commercial, operational, and regulatory terms by deal type and submitting required creation-data reports — so authorized transactions are av...",PROMOTE/A:explicit-reference,CM-1-2-1-3 core:enabledBy CM-1-2-2-3-1,,APPROVE / D:hamid-verdict (G3-A2),
REL-00255,A — explicit-reference (decided A2: APPROVED),ResolvedToConcept,CM-1-2-2-3-1,Establish And Maintain Book Structure,"Establish and maintain the governed trading-book and portfolio hierarchy used for risk aggregation, valuation, position control, and P&L reporting — defining risk-reporting book attributes, responsible owners, aggregation relationships, and effective-dated changes — and keep trad...",enables,CM-1-2-2-3-9,Perform Position & P&L Analysis,"Produce and analyze the official, controlled position and realized and unrealized P&L picture — explaining daily P&L by its drivers (price, position, new deals, amendments, and other effects), investigating unexplained amounts, and delivering the validated P&L that management, ri...",,CM-1-2-2-3-9 core:enabledBy CM-1-2-2-3-1,,APPROVE / D:hamid-verdict (G3-A2),
REL-00272,A — explicit-reference (decided A2: APPROVED),SoleCandidate/explicit-reference,CM-1-2-2-3-2,Establish & Maintain Delegation Of Authority (DOA),"Establish and maintain the trading delegation of authority — who may trade what products, instruments, tenors, and sizes, and which approvals are required beyond each authority — keeping it current with roles, strategies, and governance decisions so every trade's authorization ha...",enables,CM-1-2-1-3-2,Obtain Trade Approval,"Secure the approvals a trade requires before execution — verifying the trader's authority under the delegation of authority, escalating deals beyond that authority, and documenting each approval — so every executed trade is traceably authorized.",PROMOTE/A:explicit-reference,CM-1-2-1-3-2 core:enabledBy CM-1-2-2-3-2,,APPROVE / D:hamid-verdict (G3-A2),
REL-00273,A — explicit-reference (decided A2: APPROVED),SoleCandidate/explicit-reference,CM-1-2-2-3-2,Establish & Maintain Delegation Of Authority (DOA),"Establish and maintain the trading delegation of authority — who may trade what products, instruments, tenors, and sizes, and which approvals are required beyond each authority — keeping it current with roles, strategies, and governance decisions so every trade's authorization ha...",enables,CM-1-2-1-4,Trading Strategy Management,"Develop, approve, and steward the trading strategies the front office runs — defining each strategy's objective, markets, instruments, and horizon, aligning it with approved authorities and risk limits, reviewing performance, and adjusting or retiring strategies as conditions cha...",PROMOTE/A:explicit-reference,CM-1-2-1-4 core:enabledBy CM-1-2-2-3-2,,APPROVE / D:hamid-verdict (G3-A2),
REL-00276,A — explicit-reference (decided A2: APPROVED),SoleCandidate/explicit-reference,CM-1-2-2-3-3,Setup And Manage Curves,"Construct and maintain the forward price curves the organization values and measures risk with — sourcing market data, building and validating curves by commodity, location, and tenor per approved methodology, and publishing the official curve set on the control calendar.",enables,CM-1-2-2-1-4,Calculate Credit Exposure,"Calculate current and, where required by approved methodology, potential future credit exposure for each counterparty and group — aggregating trading positions, mark-to-market values, delivered-but-unpaid and other settlement-cycle exposures, and applicable netting, collateral, a...",PROMOTE/A:explicit-reference,CM-1-2-2-1-4 core:enabledBy CM-1-2-2-3-3,,APPROVE / D:hamid-verdict (G3-A2),
REL-00284,A — explicit-reference (decided A2: APPROVED),SoleCandidate/explicit-reference,CM-1-2-2-3-6,Manage Risk Limits,"Establish, maintain, publish, and adjust market-risk limits — by book, strategy, commodity, tenor, and measure — derived from approved risk appetite; administer documented temporary-excess and exception decisions under delegated authority; and tighten or suspend limits when condi...",enables,CM-1-2-2-3-8,Monitor Risk,"Continuously watch market risk against limits — detecting breaches and near-breaches, escalating them per policy, tracking them to resolution, and watching concentration and regime signals — so no excursion goes unseen or unescalated.",PROMOTE/A:explicit-reference,CM-1-2-2-3-8 core:enabledBy CM-1-2-2-3-6,,APPROVE / D:hamid-verdict (G3-A2),
REL-00294,A — explicit-reference (decided A2: HELD),ResolvedToConcept,CM-1-2-2-3-9,Perform Position & P&L Analysis,"Produce and analyze the official, controlled position and realized and unrealized P&L picture — explaining daily P&L by its drivers (price, position, new deals, amendments, and other effects), investigating unexplained amounts, and delivering the validated P&L that management, ri...",enables,CM-1-2-4-2-6,Reconcile Economic PNL to Accounting PNL,"Reconcile the economic profit and loss produced by the trading risk processes to the profit and loss recorded in the accounting books — identifying, quantifying, explaining, and evidencing expected and unexpected differences by cause — so management, risk, and financial views of ...",,CM-1-2-4-2-6 core:enabledBy CM-1-2-2-3-9,HOLD / D:hamid-verdict (G3-A2 2026-09-26),HOLD / D:hamid-verdict (G3-A2),output contribution — economic P&L used by reconciliation; enables must not become dependsOnOutputOf
REL-00367,A — explicit-reference (decided A2: APPROVED),SoleCandidate/explicit-reference,CM-1-2-4-2-12,Maintain Trading Accounting Procedures and Guidance,"Develop, maintain, version, and communicate trading-specific accounting procedures, close instructions, and implementation guidance that operationalize Finance-owned enterprise accounting policy for supply and trading activity.",enables,CM-1-2-4-2-1,Manage Accounting Treatments,"Assess, document, and apply the accounting treatment of trading transactions under approved enterprise policy — derivative versus normal purchase/normal sale scope, own-use, lease, storage, and exchange treatments, and gross-versus-net presentation — obtaining Finance/controller ...",PROMOTE/A:explicit-reference,CM-1-2-4-2-1 core:enabledBy CM-1-2-4-2-12,,APPROVE / D:hamid-verdict (G3-A2),
REL-00386,A — explicit-reference (decided A2: APPROVED),SoleCandidate/explicit-reference,CM-1-2-4-2-8,Manage Financial System/GL,"Administer the financial system structures used by trading accounting — chart-of-accounts mapping, ledger and book structures, posting rules and business interface configuration from trading systems to the general ledger, and accounting master data — so postings land correctly, c...",enables,CM-1-2-4-2-5,Manage Trading Sub-Ledger,"Maintain the trading sub-ledger as the complete transactional accounting record — ensuring every captured, actualized, and settled transaction posts correctly under its determined treatment, reconciling the sub-ledger to the general ledger, and enforcing period cut-off — so the g...",PROMOTE/A:explicit-reference,CM-1-2-4-2-5 core:enabledBy CM-1-2-4-2-8,,APPROVE / D:hamid-verdict (G3-A2),
REL-00391,A — explicit-reference (decided A2: APPROVED),SoleCandidate/explicit-reference,CM-1-2-4-3-1,Develop Compliance Policies & Procedures,"Develop and maintain the trading compliance program's policies and procedures — market-conduct rules, information barriers, personal-account dealing, communications and conflicts requirements, regulatory-change management, and compliance monitoring and escalation procedures — wit...",enables,CM-1-2-4-3-2,Monitor External Trading Compliance,"Monitor supply and trading activity for compliance with external law, regulation, and market rules — market-conduct and anti-manipulation surveillance, position-limit monitoring, exchange and market-rule adherence, licensing and registration status, and completion of regulatory r...",PROMOTE/A:explicit-reference,CM-1-2-4-3-2 core:enabledBy CM-1-2-4-3-1,,APPROVE / D:hamid-verdict (G3-A2),
REL-00409,A — explicit-reference (decided A2: HELD),SoleCandidate/explicit-reference,CM-1-2-4-3-7,Manage Exceptions,"Manage compliance exceptions through their lifecycle — logging and classifying identified violations, control failures, and approved deviations, assessing severity and regulatory implications, coordinating waiver, remediation-plan, and closure approvals under the documented compl...",enables,CM-1-2-4-3-1,Develop Compliance Policies & Procedures,"Develop and maintain the trading compliance program's policies and procedures — market-conduct rules, information barriers, personal-account dealing, communications and conflicts requirements, regulatory-change management, and compliance monitoring and escalation procedures — wit...",PROMOTE/A:explicit-reference,CM-1-2-4-3-1 core:enabledBy CM-1-2-4-3-7,HOLD / D:hamid-verdict (G3-A2 2026-09-26),HOLD / D:hamid-verdict (G3-A2),operational feedback — exception patterns feed policy improvement; not an enabling foundation
REL-00433,A — explicit-reference (decided A2: APPROVED),ResolvedToConcept,CM-1-2-5-1-3,Develop Term Slate,"Develop the recommended term feedstock procurement slate — the portfolio of crudes and feedstocks proposed for supply under agreements with multi-period or continuing commercial commitments, screened for refinery quality compatibility and evaluated for sustained economic attracti...",enables,CM-1-2-5-2-3,Recommend Feedstock Slate And Run Rate,"Recommend the economically attractive feedstock slate and run rate to Refinery Planning and Optimization — combining the demand signal, procurement slates, market prices, and supply economics into a trading-side recommendation that feeds the binding plan without setting it — so t...",,CM-1-2-5-2-3 core:enabledBy CM-1-2-5-1-3,,APPROVE / D:hamid-verdict (G3-A2),
REL-00472,A — explicit-reference (decided A2: APPROVED),ResolvedToConcept,CM-1-2-6-2-1,Manage Refined Product Demand,"Manage the operational refined-product demand picture — consolidating current orders, lifting patterns, committed volumes, and forecast demand by product and location, comparing it against available supply, and surfacing imbalances for supply, replenishment, and trading action — ...",enables,CM-1-2-6-3-2,Fulfill Replenishment From Trading Sources,"Fulfill network replenishment requirements from Supply And Trading sources — receiving the replenishment quantities and timing decided by the network replenishment owner, sourcing them from purchased, exchanged, and transferred product where own production does not cover them, an...",,CM-1-2-6-3-2 core:enabledBy CM-1-2-6-2-1,,APPROVE / D:hamid-verdict (G3-A2),
REL-00473,A — explicit-reference (decided A2: APPROVED),SoleCandidate/explicit-reference,CM-1-2-6-2-1,Manage Refined Product Demand,"Manage the operational refined-product demand picture — consolidating current orders, lifting patterns, committed volumes, and forecast demand by product and location, comparing it against available supply, and surfacing imbalances for supply, replenishment, and trading action — ...",enables,CM-1-1-3-5-2,Coordinate Product Trading,"Identify schedule imbalances that cannot be resolved with the company's own supply — surpluses to place or shortfalls to cover — and coordinate with Supply And Trading to request, evaluate, and incorporate the purchases, sales, or exchanges that balance the short-term schedule.",PROMOTE/A:explicit-reference,CM-1-1-3-5-2 core:enabledBy CM-1-2-6-2-1,,APPROVE / D:hamid-verdict (G3-A2),
REL-00475,A — explicit-reference (decided A2: APPROVED),SoleCandidate/explicit-reference,CM-1-2-6-2-2,Manage Refined Product Exchanges,"Coordinate operational utilization of product-exchange entitlements to support approved demand and supply requirements by monitoring available exchange positions, planning proposed lifting and delivery use by location and period, and communicating utilization requirements to the ...",enables,CM-1-2-6-3,Supply Operations,"Fulfill approved refined-product replenishment and supply requirements from Supply & Trading sources by coordinating product availability at purchased-supply, exchange, transfer, and third-party source points; confirming feasible supply and transport arrangements; and handing app...",PROMOTE/A:explicit-reference,CM-1-2-6-3 core:enabledBy CM-1-2-6-2-2,,APPROVE / D:hamid-verdict (G3-A2),
REL-00479,A — explicit-reference (decided A2: HELD),ResolvedToConcept,CM-1-2-6-2-3,Forecast Operational Refined Product Demand,"Forecast refined-product demand operationally for the supply-chain context — projecting short-horizon demand by product, location, and period from lifting history, orders, seasonality, and local market signals, calibrated against the published enterprise forecast — so supply oper...",enables,CM-1-2-6-3-2,Fulfill Replenishment From Trading Sources,"Fulfill network replenishment requirements from Supply And Trading sources — receiving the replenishment quantities and timing decided by the network replenishment owner, sourcing them from purchased, exchanged, and transferred product where own production does not cover them, an...",,CM-1-2-6-3-2 core:enabledBy CM-1-2-6-2-3,HOLD / D:hamid-verdict (G3-A2 2026-09-26),HOLD / D:hamid-verdict (G3-A2),informational feed — forecast informs fulfillment; supplies no authorization or executable capability
REL-00493,A — explicit-reference (decided A2: HELD),SoleCandidate/explicit-reference,CM-1-2-7-1-2,Manage Product Transport Agreements,"Negotiate and administer customer-facing product transport and delivery agreements — the delivery terms linked to product sale and marketing arrangements, including delivered pricing bases, delivery service commitments, and receiving requirements — so product deliveries to custom...",enables,CM-1-1-3-8,Secondary Distribution Management,"Manage the delivery of products from terminals and depots to retail sites, commercial customers, and other end-delivery points — generating delivery orders for managed sites, scheduling vehicles and routes, and monitoring delivery performance — so site and customer demand is met ...",PROMOTE/A:explicit-reference,CM-1-1-3-8 core:enabledBy CM-1-2-7-1-2,HOLD / D:hamid-verdict (G3-A2 2026-09-26),HOLD / D:hamid-verdict (G3-A2),excluded scope — source excludes secondary delivery scheduling owned by target
REL-00501,A — explicit-reference (decided A2: APPROVED),SoleCandidate/explicit-reference,CM-1-2-7-2-2,Manage Fleet (Own/Third Party),"Manage the capacity, readiness, safety, compliance, maintenance, and performance of company-operated and contracted road-delivery fleet resources so Secondary Distribution Management can assign safe, qualified, and available vehicles and carriers to approved delivery schedules.",enables,CM-1-1-3-8,Secondary Distribution Management,"Manage the delivery of products from terminals and depots to retail sites, commercial customers, and other end-delivery points — generating delivery orders for managed sites, scheduling vehicles and routes, and monitoring delivery performance — so site and customer demand is met ...",PROMOTE/A:explicit-reference,CM-1-1-3-8 core:enabledBy CM-1-2-7-2-2,,APPROVE / D:hamid-verdict (G3-A2),
REL-00517,A — explicit-reference (decided A2: HELD),ResolvedToConcept,CM-1-3-1-1-4,Document Findings,"Document and distribute the market-analysis findings — governed findings records with their evidence, assumptions, and confidence — to the consuming strategy, planning, and insight processes, maintaining the findings library so analysis is reusable and auditable.",enables,CM-1-3-1-6,Marketing Insight and Metrics Stewardship,"The capability to synthesize governed market, company, consumer, customer/marketer, and competitor findings into decision-ready marketing insight; maintain shared marketing-analysis metrics, definitions, baselines, and evidence lineage; and monitor insight adoption and analytical...",,CM-1-3-1-6 core:enabledBy CM-1-3-1-1-4,HOLD / D:hamid-verdict (G3-A2 2026-09-26),HOLD / D:hamid-verdict (G3-A2),documentation contribution — governed findings as reusable evidence; not demonstrated enablement
REL-00528,A — explicit-reference (decided A3: HELD),ResolvedToConcept,CM-1-3-1-2-4,Document Findings,"Document and distribute the company-analysis findings — governed records with evidence, assumptions, and confidence — to strategy, planning, and Marketing Insight and Metrics Stewardship, maintaining the findings library.",enables,CM-1-3-1-6,Marketing Insight and Metrics Stewardship,"The capability to synthesize governed market, company, consumer, customer/marketer, and competitor findings into decision-ready marketing insight; maintain shared marketing-analysis metrics, definitions, baselines, and evidence lineage; and monitor insight adoption and analytical...",,CM-1-3-1-6 core:enabledBy CM-1-3-1-2-4,HOLD / D:hamid-verdict (G3-A3 2026-09-26),HOLD / D:hamid-verdict (G3-A3),"documentation feed — company findings; evidence management, not enabling capability"
REL-00539,A — explicit-reference (decided A3: HELD),ResolvedToConcept,CM-1-3-1-3-4,Document Findings,"Document and distribute consumer-analysis findings — governed records with evidence, assumptions, and confidence, respecting the privacy classification of underlying data — to proposition, experience, and planning consumers and Marketing Insight and Metrics Stewardship, maintaini...",enables,CM-1-3-1-6,Marketing Insight and Metrics Stewardship,"The capability to synthesize governed market, company, consumer, customer/marketer, and competitor findings into decision-ready marketing insight; maintain shared marketing-analysis metrics, definitions, baselines, and evidence lineage; and monitor insight adoption and analytical...",,CM-1-3-1-6 core:enabledBy CM-1-3-1-3-4,HOLD / D:hamid-verdict (G3-A3 2026-09-26),HOLD / D:hamid-verdict (G3-A3),documentation feed — consumer findings; information distribution
REL-00551,A — explicit-reference (decided A3: HELD),ResolvedToConcept,CM-1-3-1-4-4,Document Findings,"Document and distribute customer-and-marketer findings — governed records with evidence, assumptions, and confidence, handled per commercial-sensitivity classification — to proposition, channel, and sales consumers and Marketing Insight and Metrics Stewardship, maintaining the fi...",enables,CM-1-3-1-6,Marketing Insight and Metrics Stewardship,"The capability to synthesize governed market, company, consumer, customer/marketer, and competitor findings into decision-ready marketing insight; maintain shared marketing-analysis metrics, definitions, baselines, and evidence lineage; and monitor insight adoption and analytical...",,CM-1-3-1-6 core:enabledBy CM-1-3-1-4-4,HOLD / D:hamid-verdict (G3-A3 2026-09-26),HOLD / D:hamid-verdict (G3-A3),documentation feed — customer/marketer findings
REL-00562,A — explicit-reference (decided A3: HELD),ResolvedToConcept,CM-1-3-1-5-4,Document Findings,"Document and distribute competitor-analysis findings — governed records separating fact, inference, and assumption, handled per sensitivity classification — to strategy, planning, and pricing consumers and Marketing Insight and Metrics Stewardship, maintaining the findings librar...",enables,CM-1-3-1-6,Marketing Insight and Metrics Stewardship,"The capability to synthesize governed market, company, consumer, customer/marketer, and competitor findings into decision-ready marketing insight; maintain shared marketing-analysis metrics, definitions, baselines, and evidence lineage; and monitor insight adoption and analytical...",,CM-1-3-1-6 core:enabledBy CM-1-3-1-5-4,HOLD / D:hamid-verdict (G3-A3 2026-09-26),HOLD / D:hamid-verdict (G3-A3),documentation feed — competitor findings
REL-00595,A — explicit-reference (decided A3: APPROVED),SoleCandidate/explicit-reference,CM-1-3-2-1-4,Develop / update Brand,"Develop or update the brand strategy — positioning, brand architecture, branded-channel participation, and investment direction — from the tested hypotheses and evaluated alternatives, secure the applicable approvals, and issue the approved strategy to the design, planning, and e...",enables,CM-1-3-3-5,Marketing Communications Strategy,"Define the marketing communications strategy that carries the approved brand and value propositions to their audiences — integrating the media, direct, advertising, point-of-sale, digital, and internal communication strategies into one coherent direction — within advertising and ...",PROMOTE/A:explicit-reference,CM-1-3-3-5 core:enabledBy CM-1-3-2-1-4,,APPROVE / D:hamid-verdict (G3-A3),
REL-00596,A — explicit-reference (decided A3: APPROVED),ResolvedToConcept,CM-1-3-2-1-4,Develop / update Brand,"Develop or update the brand strategy — positioning, brand architecture, branded-channel participation, and investment direction — from the tested hypotheses and evaluated alternatives, secure the applicable approvals, and issue the approved strategy to the design, planning, and e...",enables,CM-1-3-6-7,Brand Standards Management,"The process of governing brand standards across the branded network: defining and maintaining the standards that govern brand presentation and customer experience at branded sites and channels, verifying conformance through inspection programs, and managing the brand imaging of s...",,CM-1-3-6-7 core:enabledBy CM-1-3-2-1-4,,APPROVE / D:hamid-verdict (G3-A3),
REL-00606,A — explicit-reference (decided A3: APPROVED),SoleCandidate/explicit-reference,CM-1-3-2-2-4,Develop/Update Strategy (CVP),"Develop or update the customer-and-marketer value-proposition strategy from the tested elements and evaluated alternatives, secure the applicable approvals, and issue the approved proposition to offer definition, channel strategy, and channel management.",enables,CM-1-3-3-1,Customer Offer Definition,"Define the concrete customer offers that deliver the approved value propositions — which customer groups are targeted, what each offer contains, how it is validated, and how its performance will be measured — through a recurring offer-design cycle, so execution sells defined, val...",PROMOTE/A:explicit-reference,CM-1-3-3-1 core:enabledBy CM-1-3-2-2-4,,APPROVE / D:hamid-verdict (G3-A3),
REL-00607,A — explicit-reference (decided A3: APPROVED),SoleCandidate/explicit-reference,CM-1-3-2-2-4,Develop/Update Strategy (CVP),"Develop or update the customer-and-marketer value-proposition strategy from the tested elements and evaluated alternatives, secure the applicable approvals, and issue the approved proposition to offer definition, channel strategy, and channel management.",enables,CM-1-3-6-1,Channel & Partner Management,"Manage the company's channel partner relationships — franchisees, licensed-brand providers, dealers, jobbers, and marketers — executing the designed engagement models, coordinating partner qualification and activation through the accountable control owners, reporting partner perf...",PROMOTE/A:explicit-reference,CM-1-3-6-1 core:enabledBy CM-1-3-2-2-4,,APPROVE / D:hamid-verdict (G3-A3),
REL-00617,A — explicit-reference (decided A3: APPROVED),SoleCandidate/explicit-reference,CM-1-3-2-3-4,Develop and Update Consumer Value Proposition Strategy,"Develop or update the consumer value-proposition strategy from the tested elements and evaluated alternatives, secure the applicable approvals, and issue the approved proposition to offer definition, experience strategy, and consumer-facing planning.",enables,CM-1-3-3-1,Customer Offer Definition,"Define the concrete customer offers that deliver the approved value propositions — which customer groups are targeted, what each offer contains, how it is validated, and how its performance will be measured — through a recurring offer-design cycle, so execution sells defined, val...",PROMOTE/A:explicit-reference,CM-1-3-3-1 core:enabledBy CM-1-3-2-3-4,,APPROVE / D:hamid-verdict (G3-A3),
REL-00618,A — explicit-reference (decided A3: APPROVED),SoleCandidate/explicit-reference,CM-1-3-2-3-4,Develop and Update Consumer Value Proposition Strategy,"Develop or update the consumer value-proposition strategy from the tested elements and evaluated alternatives, secure the applicable approvals, and issue the approved proposition to offer definition, experience strategy, and consumer-facing planning.",enables,CM-1-3-2-5,Customer Experience Strategy,"Develop and maintain the approved customer-experience strategy for the company's downstream customer and consumer interactions — the experience aspiration, guiding principles, and strategic pillars that every channel, offer, and service interaction is designed against — through a...",PROMOTE/A:explicit-reference,CM-1-3-2-5 core:enabledBy CM-1-3-2-3-4,,APPROVE / D:hamid-verdict (G3-A3),
REL-00644,A — explicit-reference (decided A3: APPROVED),SoleCandidate/explicit-reference,CM-1-3-3-2-2,Develop Integrated Pricing Strategy,"Develop the integrated pricing strategy — the approved price architecture, differential logic, index-linkage principles, corridors and guardrails, and pricing rules that connect postures across products, channels, and customer groups into one coherent, legally defensible system —...",enables,CM-1-3-6-3,Sales Pricing Management,"Apply the approved pricing architecture in the market — determining posted and transaction sales prices within the approved parameters, corridors, rules, and eligibility, and coordinating their deployment through the accountable master-data and system processes — on the daily and...",PROMOTE/A:explicit-reference,CM-1-3-6-3 core:enabledBy CM-1-3-3-2-2,,APPROVE / D:hamid-verdict (G3-A3),
REL-00665,A — explicit-reference (decided A3: HELD),SoleCandidate/explicit-reference,CM-1-3-3-3-4,"Develop Channel Structure, Size & Engagement Model","Develop the structure, size, and engagement model for each channel segment — coverage and capacity, roles and responsibilities between company and channel, and the engagement cadence and support model — completing the designed channel system.",enables,CM-1-3-6-1,Channel & Partner Management,"Manage the company's channel partner relationships — franchisees, licensed-brand providers, dealers, jobbers, and marketers — executing the designed engagement models, coordinating partner qualification and activation through the accountable control owners, reporting partner perf...",PROMOTE/A:explicit-reference,CM-1-3-6-1 core:enabledBy CM-1-3-3-3-4,HOLD / D:hamid-verdict (G3-A3 2026-09-26),HOLD / D:hamid-verdict (G3-A3),partitioned ownership — channel design excludes partner-management execution
REL-00685,A — explicit-reference (decided A3: APPROVED),SoleCandidate/explicit-reference,CM-1-3-3-5-4,Define POS Communication Strategy,"Define the point-of-sale communication strategy — how the brand and offers are communicated at forecourts, stores, and other points of sale — coordinating brand, offer, and pricing communication where the customer actually decides.",enables,CM-1-3-6-5,Marketing Plan Execution,"The process of executing approved marketing plans in market: coordinating and monitoring advertising, promotion and event, and direct-marketing activity according to the released plans, calendars, budgets, and creative deliverables produced by marketing planning, and returning ex...",PROMOTE/A:explicit-reference,CM-1-3-6-5 core:enabledBy CM-1-3-3-5-4,,APPROVE / D:hamid-verdict (G3-A3),
REL-00777,A — explicit-reference (decided A3: APPROVED),SoleCandidate/explicit-reference,CM-1-3-5-2,Integrated Marketing Planning (Advertising),"Integrate the advertising and media plans across campaigns, brands, and channels into one coherent plan — a single calendar, budget envelope, and priority set implementing the approved media and advertising strategies — so buying and execution work from one integrated plan rather...",enables,CM-1-3-6-5,Marketing Plan Execution,"The process of executing approved marketing plans in market: coordinating and monitoring advertising, promotion and event, and direct-marketing activity according to the released plans, calendars, budgets, and creative deliverables produced by marketing planning, and returning ex...",PROMOTE/A:explicit-reference,CM-1-3-6-5 core:enabledBy CM-1-3-5-2,,APPROVE / D:hamid-verdict (G3-A3),
REL-00781,A — explicit-reference (decided A3: APPROVED),SoleCandidate/explicit-reference,CM-1-3-5-3-10,Implement Brand Advertising / Communications,"Coordinate production, approval readiness, controlled release, and handoff of brand advertising and communications deliverables — brand-building campaign materials from approved packages to execution — recording readiness while the accountable approvers authorize release.",enables,CM-1-3-6-5,Marketing Plan Execution,"The process of executing approved marketing plans in market: coordinating and monitoring advertising, promotion and event, and direct-marketing activity according to the released plans, calendars, budgets, and creative deliverables produced by marketing planning, and returning ex...",PROMOTE/A:explicit-reference,CM-1-3-6-5 core:enabledBy CM-1-3-5-3-10,,APPROVE / D:hamid-verdict (G3-A3),
REL-00803,A — explicit-reference (decided A3: APPROVED),SoleCandidate/explicit-reference,CM-1-3-5-3-8,Implement Promotional Advertising,"Coordinate production, approval readiness, controlled release, and handoff of promotional advertising deliverables — from approved campaign packages to execution — recording readiness while the accountable approvers authorize release.",enables,CM-1-3-6-5,Marketing Plan Execution,"The process of executing approved marketing plans in market: coordinating and monitoring advertising, promotion and event, and direct-marketing activity according to the released plans, calendars, budgets, and creative deliverables produced by marketing planning, and returning ex...",PROMOTE/A:explicit-reference,CM-1-3-6-5 core:enabledBy CM-1-3-5-3-8,,APPROVE / D:hamid-verdict (G3-A3),
REL-00811,A — explicit-reference (decided A3: HELD),SoleCandidate/explicit-reference,CM-1-3-5-4-2,Create Promotional Event Calendar,"Create and maintain the promotional event calendar — the scheduled promotional events across channels and periods — synchronized with the communications plan, supply and inventory readiness, and the forecast-input process.",enables,CM-1-3-5-1-2,Develop & Agree Demand Forecasting Process,"Develop and agree the sales-side input process into the governed demand forecast — which sales intelligence, account plans, and pipeline evidence feed Produce Demand Forecast, in what form, cadence, and quality — never producing or adjusting the forecast itself.",PROMOTE/A:explicit-reference,CM-1-3-5-1-2 core:enabledBy CM-1-3-5-4-2,HOLD / D:hamid-verdict (G3-A3 2026-09-26),HOLD / D:hamid-verdict (G3-A3),"forecast input — promotional calendar is a forecast input, not enablement"
REL-00816,A — explicit-reference (decided A3: APPROVED),SoleCandidate/explicit-reference,CM-1-3-5-4-4,Create Site Level Marketing Calendar,Create and maintain the site-level marketing calendar — the consolidated marketing activity view per site or site cluster — so sites see one coherent calendar instead of competing programs.,enables,CM-1-3-6-5,Marketing Plan Execution,"The process of executing approved marketing plans in market: coordinating and monitoring advertising, promotion and event, and direct-marketing activity according to the released plans, calendars, budgets, and creative deliverables produced by marketing planning, and returning ex...",PROMOTE/A:explicit-reference,CM-1-3-6-5 core:enabledBy CM-1-3-5-4-4,,APPROVE / D:hamid-verdict (G3-A3),
REL-00818,A — explicit-reference (decided A3: HELD),SoleCandidate/explicit-reference,CM-1-3-5-5-1,Marketing Spend Analysis,"Analyze marketing spend — where the money went versus the allocations, with what efficiency across channels, campaigns, and programs — from governed financial data on a stated cost basis, as evidence for allocation and mix decisions.",enables,CM-1-3-5-3-5,Define Resource Allocation / Budgets,"Define the communications resource allocation and budgets — distributing the approved envelope across needs, campaigns, and channels per the mix model — as allocations under the applicable delegation of authority.",PROMOTE/A:explicit-reference,CM-1-3-5-3-5 core:enabledBy CM-1-3-5-5-1,HOLD / D:hamid-verdict (G3-A3 2026-09-26),HOLD / D:hamid-verdict (G3-A3),analytical feedback — spend analysis informs allocation
REL-00820,A — explicit-reference (decided A3: HELD),SoleCandidate/explicit-reference,CM-1-3-5-5-2,Campaign ROI Analysis,"Analyze campaign returns — outcomes against the measurement hooks each campaign carried, attribution within stated methodological limits, and return on spend — producing campaign-level evidence with assumptions and confidence stated.",enables,CM-1-3-5-3-3,Develop / Update Marketing Mix Model,"Develop and update the marketing mix model — how communications effort and spend distribute across channels, campaigns, and audiences for best effect — using performance evidence and the strategy's channel roles.",PROMOTE/A:explicit-reference,CM-1-3-5-3-3 core:enabledBy CM-1-3-5-5-2,HOLD / D:hamid-verdict (G3-A3 2026-09-26),HOLD / D:hamid-verdict (G3-A3),analytical feedback — ROI analysis informs mix-model decisions
REL-00834,A — explicit-reference (decided A3: HELD),SoleCandidate/explicit-reference,CM-1-3-6-2-1,Manage Sales Pipeline,"Manage the sales pipeline — the maintained, staged view of prospects and opportunities across segments and channels — keeping pipeline evidence honest, current, and feeding the forecast-input process.",enables,CM-1-3-5-1-2,Develop & Agree Demand Forecasting Process,"Develop and agree the sales-side input process into the governed demand forecast — which sales intelligence, account plans, and pipeline evidence feed Produce Demand Forecast, in what form, cadence, and quality — never producing or adjusting the forecast itself.",PROMOTE/A:explicit-reference,CM-1-3-5-1-2 core:enabledBy CM-1-3-6-2-1,HOLD / D:hamid-verdict (G3-A3 2026-09-26),HOLD / D:hamid-verdict (G3-A3),"forecast input — pipeline evidence is an input, not enablement"
REL-00843,A — explicit-reference (decided A3: HELD),ResolvedToConcept,CM-1-3-6-2-4,Develop Quote,"Develop the commercial quote for a proceeding opportunity — assembling the offer, volume, service, and price content within the approved frameworks — for processing through the quote-and-sale transaction process, creating no binding commitment itself.",enables,CM-1-3-7-2,"Manage Commercial Terms, Quoting, and Customer Commercial Services","The capability that turns approved prices, policies, and credit decisions into governed customer commercial arrangements: establishing commercial terms and customer-facing frameworks, issuing quotes and renewals, planning and monitoring commercial revenue, defining offered financ...",,CM-1-3-7-2 core:enabledBy CM-1-3-6-2-4,HOLD / D:hamid-verdict (G3-A3 2026-09-26),HOLD / D:hamid-verdict (G3-A3),hierarchy-adjacent — quote dev in target scope; no enablement established
REL-00846,A — explicit-reference (decided A3: HELD),SoleCandidate/explicit-reference,CM-1-3-6-2-5,Manage Contract & Order,"Manage the customer's contract-and-order relationship commercially — from accepted quote through contract setup coordination and ongoing order-relationship stewardship — with the transactional contract, order, and fulfillment records owned by the order-to-cash processes.",enables,CM-1-3-7-3,Capture And Manage Order Fulfillment,"The process of managing customer orders through their commercial lifecycle: capturing and validating orders against governed controls, allocating and releasing them per approved rules, coordinating fulfillment through the accountable physical operations, handling changes, cancell...",PROMOTE/A:explicit-reference,CM-1-3-7-3 core:enabledBy CM-1-3-6-2-5,HOLD / D:hamid-verdict (G3-A3 2026-09-26),HOLD / D:hamid-verdict (G3-A3),partitioned ownership — commercial stewardship partitioned from target-owned records
REL-00851,A — explicit-reference (decided A3: HELD),SoleCandidate/explicit-reference,CM-1-3-6-2-7,Measure & report,"Measure and report sales-execution performance — executing approved sales-performance measures under the relevant measurement frameworks, producing evidence-layer views and variance findings for the planning feedback loops.",enables,CM-1-3-5-1-4,Analyze Gaps Between Forecast & Actual Margins,"Analyze the gaps between the demand forecast, sales plan, targets, and actual margin performance — where assumptions, plans, and commitments diverged from governed actuals, and why — producing the evidence the next planning cycle corrects from.",PROMOTE/A:explicit-reference,CM-1-3-5-1-4 core:enabledBy CM-1-3-6-2-7,HOLD / D:hamid-verdict (G3-A3 2026-09-26),HOLD / D:hamid-verdict (G3-A3),informational contribution — sales reporting to planning feedback loops
REL-00852,A — explicit-reference (decided A3: HELD),SoleCandidate/explicit-reference,CM-1-3-6-2-7,Measure & report,"Measure and report sales-execution performance — executing approved sales-performance measures under the relevant measurement frameworks, producing evidence-layer views and variance findings for the planning feedback loops.",enables,CM-1-3-5-5,Marketing Performance Analysis,"Analyze marketing performance — spend, campaign returns, and customer programs — executing approved measurement methods against the governed measurement frameworks and stewarded metrics, producing the evidence-layer findings that planning and strategy correct from.",PROMOTE/A:explicit-reference,CM-1-3-5-5 core:enabledBy CM-1-3-6-2-7,HOLD / D:hamid-verdict (G3-A3 2026-09-26),HOLD / D:hamid-verdict (G3-A3),informational contribution — sales reporting to marketing performance feedback
REL-00857,A — explicit-reference (decided A4: HELD),SoleCandidate/explicit-reference,CM-1-3-6-3-2,Implement sales price,"Implement determined sales prices — submitting approved price changes to the accountable Price Master Data process and coordinating deployment to approved pricing systems, channels, customer communications, and downstream consumers — verifying effective-date, completeness, and au...",enables,CM-1-3-8-1,Manage Customer Invoicing and Billing,"The process of billing customers for delivered products and services: creating and distributing invoices from confirmed evidence and governed commercial data, determining transaction taxes per the Tax function's determinations, accounting for customer self-billing under executed ...",PROMOTE/A:explicit-reference,CM-1-3-8-1 core:enabledBy CM-1-3-6-3-2,HOLD / D:hamid-verdict (G3-A4 2026-09-26),HOLD / D:hamid-verdict (G3-A4),deployment/data-consumption — price-change deployment lists invoicing as downstream consumer
REL-00880,A — explicit-reference (decided A4: APPROVED),ResolvedToConcept,CM-1-3-6-6-12,Manage Additional Card Services,"Manage supplementary services offered through the card program, such as on-road services (breakdown assistance, tolls, parking) and partner services: administer service enrollments, coordinate service-partner delivery, and handle service transactions within the program.",enables,CM-1-3-6-6-2,Manage Card Program Billing Coordination,"Coordinate card-program billing readiness and program-specific statement requirements; provide validated transaction, account, and presentation data to enterprise invoicing. Manage program-specific presentation such as consolidated statements and itemization, and resolve program-...",,CM-1-3-6-6-2 core:enabledBy CM-1-3-6-6-12,,APPROVE / D:hamid-verdict (G3-A4),
REL-00885,A — explicit-reference (decided A4: APPROVED),ResolvedToConcept,CM-1-3-6-6-14,Manage Credit Card Transactions,"Manage acceptance-side payment-card transaction operations where assigned: monitor approved processor/acquirer transaction flows, reconcile transaction submissions and settlement files, prepare exceptions, and coordinate resolution with Treasury, processors, O2C, and Security.",enables,CM-1-3-6-6-7,"Analyze, Report, and Confirm Card Transactions","Analyze, report, and confirm card transaction activity: validate captured transactions for completeness and accuracy against expected patterns and program terms, confirm transaction sets for billing cycles, and produce transaction reports for customers and internal stakeholders.",,CM-1-3-6-6-7 core:enabledBy CM-1-3-6-6-14,,APPROVE / D:hamid-verdict (G3-A4),
REL-00886,A — explicit-reference (decided A4: HELD),SoleCandidate/explicit-reference,CM-1-3-6-6-15,Manage Brand Loyalty Programs,"Operate the company's brand loyalty programs: administer member accounts and tiers, operate earn and redemption mechanics according to approved program rules, manage rewards fulfillment and partner benefits, and service member inquiries at program level.",enables,CM-1-3-5-5-3,Customer Program Analysis,"Analyze customer programs — loyalty, card, and customer program performance against their design intents — within the privacy controls, as evidence for program design and planning decisions, never as program operation.",PROMOTE/A:explicit-reference,CM-1-3-5-5-3 core:enabledBy CM-1-3-6-6-15,HOLD / D:hamid-verdict (G3-A4 2026-09-26),HOLD / D:hamid-verdict (G3-A4),operational-data feed — loyalty records consumed by analysis; target never operates the program
REL-00889,A — explicit-reference (decided A4: HELD),SoleCandidate/explicit-reference,CM-1-3-6-6-2,Manage Card Program Billing Coordination,"Coordinate card-program billing readiness and program-specific statement requirements; provide validated transaction, account, and presentation data to enterprise invoicing. Manage program-specific presentation such as consolidated statements and itemization, and resolve program-...",enables,CM-1-3-8-1,Manage Customer Invoicing and Billing,"The process of billing customers for delivered products and services: creating and distributing invoices from confirmed evidence and governed commercial data, determining transaction taxes per the Tax function's determinations, accounting for customer self-billing under executed ...",PROMOTE/A:explicit-reference,CM-1-3-8-1 core:enabledBy CM-1-3-6-6-2,HOLD / D:hamid-verdict (G3-A4 2026-09-26),HOLD / D:hamid-verdict (G3-A4),boundary statement — card billing supplies validated data; invoicing stays under target controls
REL-00898,A — explicit-reference (decided A4: HELD),ResolvedToConcept,CM-1-3-6-6-6,Manage Card Delinquency and Collections Referral,"Manage the card program's exposure to non-paying accounts at program level: monitor delinquency signals on card accounts, apply program-level servicing responses such as card blocking, transaction holds, and limit suspension, refer delinquent accounts to collections, and supply p...",enables,CM-1-3-8-3-3,Determine Bad Debt Allowance,"Execute Finance-approved expected-credit-loss estimation and write-off processes for trade receivables, using approved methodology, portfolio inputs, collection status, and forward-looking assumptions; prepare and record allowance and write-off outcomes under the applicable Finan...",,CM-1-3-8-3-3 core:enabledBy CM-1-3-6-6-6,HOLD / D:hamid-verdict (G3-A4 2026-09-26),HOLD / D:hamid-verdict (G3-A4),input/data relationship — delinquency data for bad-debt assessment; distinct finance decisions
REL-00920,A — explicit-reference (decided A4: APPROVED),ResolvedToConcept,CM-1-3-7-1-3,Maintain Product and Service Master Data,"Maintain governed product and service master records: create and update records, attributes, units of measure, classifications, and hierarchies on authorized submissions from the accountable product owners, keeping the catalog accurate and consumable by pricing, ordering, fulfill...",enables,CM-1-3-8-1-1,Create and Distribute Bill,"Create customer invoices from confirmed channel evidence and governed commercial data on the customer's billing cadence — per delivery, consolidated, statement, or cycle — and distribute them through the customer's channels in the formats and content the applicable requirements m...",,CM-1-3-8-1-1 core:enabledBy CM-1-3-7-1-3,,APPROVE / D:hamid-verdict (G3-A4),
REL-00928,A — explicit-reference (decided A4: APPROVED),SoleCandidate/explicit-reference,CM-1-3-7-2-1,Establish Commercial Terms & Contracts,"Establish the durable commercial arrangements under which customers transact: negotiate and establish master agreements, terms frameworks, and customer-specific commercial terms within approved policies and delegations, coordinate legal review and execution, and have executed ter...",enables,CM-1-3-6-2-5,Manage Contract & Order,"Manage the customer's contract-and-order relationship commercially — from accepted quote through contract setup coordination and ongoing order-relationship stewardship — with the transactional contract, order, and fulfillment records owned by the order-to-cash processes.",PROMOTE/A:explicit-reference,CM-1-3-6-2-5 core:enabledBy CM-1-3-7-2-1,,APPROVE / D:hamid-verdict (G3-A4),
REL-00932,A — explicit-reference (decided A4: APPROVED),SoleCandidate/explicit-reference,CM-1-3-7-2-2,Issue Quotes & Renewals,"Formally issue customer quotes and manage renewals through governed systems: produce quotes from approved prices, established terms, and the approved quote content requirements; manage validity periods, revisions, and versioning; and run contract-anchored renewal cycles so expiri...",enables,CM-1-3-7-3-1,Capture & Validate Order,"Capture customer orders from all approved channels — portal, EDI, phone, direct entry — and validate each against governed controls: resolve the correct party and account roles, confirm product, price, terms, and tax from governed master data, apply credit checks, verify loading ...",PROMOTE/A:explicit-reference,CM-1-3-7-3-1 core:enabledBy CM-1-3-7-2-2,,APPROVE / D:hamid-verdict (G3-A4),
REL-00966,A — explicit-reference (decided A4: APPROVED),SoleCandidate/explicit-reference,CM-1-3-7-4-1,Maintain Credit Policies,"Maintain the credit policies that govern customer credit: encode the Finance-approved risk appetite into credit standards, terms eligibility rules, security requirements, hold/release rules, and delegation thresholds; keep policies current with experience and conditions; and publ...",enables,CM-1-3-7-4-2,Establish Credit Limit & Risk Code,"Decide customer-level credit: assess creditworthiness from KYC outcomes, financial statements, bureau data, payment history, parent support and credit-support instruments, and industry, geography, product, and channel risk; establish credit limits, risk codes, terms eligibility, ...",PROMOTE/A:explicit-reference,CM-1-3-7-4-2 core:enabledBy CM-1-3-7-4-1,,APPROVE / D:hamid-verdict (G3-A4),
REL-00971,A — explicit-reference (decided A4: APPROVED),ResolvedToConcept,CM-1-3-7-4-2,Establish Credit Limit & Risk Code,"Decide customer-level credit: assess creditworthiness from KYC outcomes, financial statements, bureau data, payment history, parent support and credit-support instruments, and industry, geography, product, and channel risk; establish credit limits, risk codes, terms eligibility, ...",enables,CM-1-3-6-6-1,Set Up Prospect,"Coordinate prospective program-member/cardholder onboarding by capturing applications, validating completeness, and initiating required Credit, KYC, Compliance, Master Data, contract, and program-eligibility controls. Request establishment of governed customer, member, and card-a...",,CM-1-3-6-6-1 core:enabledBy CM-1-3-7-4-2,,APPROVE / D:hamid-verdict (G3-A4),
REL-00980,A — explicit-reference (decided A4: APPROVED),ResolvedToConcept,CM-1-3-7-4-5,Perform Credit-Driven Customer Closure and Reinstatement,"Determine and coordinate credit-driven suspension, closure, or reinstatement of commercial eligibility under approved policy. It does not dissolve a legal entity, unilaterally terminate contracts, extinguish debt, delete master data, or prevent Legal/Commercial owners from managi...",enables,CM-1-3-7-1-1,Maintain Customer and Commercial Account Master Data,"Maintain governed Party, Customer Account, account-role, hierarchy, address/location-reference, contact, commercial attribute, and relationship records as defined by the approved customer domain model. A customer master record may represent a party, account, role, relationship, o...",,CM-1-3-7-1-1 core:enabledBy CM-1-3-7-4-5,,APPROVE / D:hamid-verdict (G3-A4),
REL-00982,A — explicit-reference (decided A4: APPROVED),ResolvedToConcept,CM-1-3-7-4-6,Perform KYC Due Diligence,"Execute know-your-customer due diligence: verify customer identity and legal existence, collect, verify, and maintain beneficial-ownership information where required by applicable policy, law, regulation, customer type, or risk rating, screen customers and counterparties against ...",enables,CM-1-3-6-6-1,Set Up Prospect,"Coordinate prospective program-member/cardholder onboarding by capturing applications, validating completeness, and initiating required Credit, KYC, Compliance, Master Data, contract, and program-eligibility controls. Request establishment of governed customer, member, and card-a...",,CM-1-3-6-6-1 core:enabledBy CM-1-3-7-4-6,,APPROVE / D:hamid-verdict (G3-A4),
REL-00987,A — explicit-reference (decided A4: APPROVED),SoleCandidate/explicit-reference,CM-1-3-7-5-2,Maintain Customer Request and Inquiry Records,"Maintain governed operational case and interaction records for customer requests, inquiries, complaints, and service communications, including categorization, ownership, status, timestamps, routing, correspondence, evidence links, resolution outcome, and retention classification.",enables,CM-1-3-7-5-3,Process Inquiries and Requests,"Work each customer request or inquiry to resolution: answer directly what governed data and approved content can answer — status, information, and documentation requests — route the substance of everything else to its owning process with the case attached, track routed items to o...",PROMOTE/A:explicit-reference,CM-1-3-7-5-3 core:enabledBy CM-1-3-7-5-2,,APPROVE / D:hamid-verdict (G3-A4),
REL-00988,A — explicit-reference (decided A4: APPROVED),ResolvedToConcept,CM-1-3-7-5-2,Maintain Customer Request and Inquiry Records,"Maintain governed operational case and interaction records for customer requests, inquiries, complaints, and service communications, including categorization, ownership, status, timestamps, routing, correspondence, evidence links, resolution outcome, and retention classification.",enables,CM-1-3-7-5-4,Perform Customer Follow-Up,"Follow up resolved cases with the customer: confirm the resolution held, verify commitments made during resolution were met, capture satisfaction and residual issues, and reopen or re-route where resolution failed.",,CM-1-3-7-5-4 core:enabledBy CM-1-3-7-5-2,,APPROVE / D:hamid-verdict (G3-A4),
REL-01038,A — explicit-reference (decided A4: HELD),ResolvedToConcept,CM-1-3-8-3-1,Manage Receivables Disputes,"Adjudicate disputed billed amounts: capture and classify disputes from all routes, investigate each against the evidence chain — billing documents, fulfillment and custody evidence, contracts and terms, tax determinations, credit memo and adjustment evidence, and applicable comme...",enables,CM-1-3-8-3-2,Manage Receivables Collections,"Execute the approved collection strategy on undisputed, due receivables: run dunning and contact cycles by segment and aging, secure and track payment commitments, administer payment plans within pre-approved authority, escalate through the approved ladder to third-party agencies...",,CM-1-3-8-3-2 core:enabledBy CM-1-3-8-3-1,HOLD / D:hamid-verdict (G3-A4 2026-09-26),HOLD / D:hamid-verdict (G3-A4),exception/lifecycle handoff — disputes release invalid items to collection; no maintained base
REL-01056,A — explicit-reference (decided A4: APPROVED),ResolvedToConcept,CM-1-3-8-4-2,Perform AR Reconciliation and Compliance,"Reconcile the receivables subledger to the general ledger each period, resolve reconciling items through their owning processes, maintain the evidence that the O2C financial controls operated as designed, and support internal and external audit with governed records.",enables,CM-1-3-8-4-1,Perform Period-End Processing,"Run O2C period-end close on the Finance-approved calendar: verify completeness and reconciliation evidence from every feeding process, process period-end adjustments under approved authority, enforce cutoff across billing, receipts, accruals, and corrections, and deliver the clos...",,CM-1-3-8-4-1 core:enabledBy CM-1-3-8-4-2,,APPROVE / D:hamid-verdict (G3-A4),
REL-01063,A — explicit-reference (decided A4: APPROVED),ResolvedToConcept,CM-1-3-8-4-4,Reconcile And Report Indirect Tax,"Reconcile O2C indirect taxes each period and prepare their reporting: reconcile transaction tax lines and governed tax data to the amounts reportable and remittable by tax type and jurisdiction — excise, sales and use, VAT/GST as applicable — prepare returns and reports per the T...",enables,CM-1-3-8-4-1,Perform Period-End Processing,"Run O2C period-end close on the Finance-approved calendar: verify completeness and reconciliation evidence from every feeding process, process period-end adjustments under approved authority, enforce cutoff across billing, receipts, accruals, and corrections, and deliver the clos...",,CM-1-3-8-4-1 core:enabledBy CM-1-3-8-4-4,,APPROVE / D:hamid-verdict (G3-A4),
REL-01068,A — explicit-reference (decided A4: APPROVED),ResolvedToConcept,CM-1-3-8-4-6,Manage Intercompany Invoicing,"Execute intercompany invoicing between legal entities: invoice intercompany product transfers, services, and charges per the approved transfer-pricing policies and executed intercompany agreements, on the approved cycles, with the evidence and documentation the policies require, ...",enables,CM-1-3-8-4-1,Perform Period-End Processing,"Run O2C period-end close on the Finance-approved calendar: verify completeness and reconciliation evidence from every feeding process, process period-end adjustments under approved authority, enforce cutoff across billing, receipts, accruals, and corrections, and deliver the clos...",,CM-1-3-8-4-1 core:enabledBy CM-1-3-8-4-6,,APPROVE / D:hamid-verdict (G3-A4),
REL-01072,A — explicit-reference (decided A4: HELD),ResolvedToConcept,CM-1-3-8-4-7,"Administer Royalty, Brand Fee, and Contribution Streams","Administer the royalty, brand-fee, and contribution streams owed under franchise, license, and partner agreements: compute amounts due from validated reported sales and agreement terms, invoice them through the billing controls, track and support their collection through the rece...",enables,CM-1-3-8-1-1,Create and Distribute Bill,"Create customer invoices from confirmed channel evidence and governed commercial data on the customer's billing cadence — per delivery, consolidated, statement, or cycle — and distribute them through the customer's channels in the formats and content the applicable requirements m...",,CM-1-3-8-1-1 core:enabledBy CM-1-3-8-4-7,HOLD / D:hamid-verdict (G3-A4 2026-09-26),HOLD / D:hamid-verdict (G3-A4),output/input — fee administration creates outcomes; does not enable general billing
REL-01073,A — explicit-reference (decided A4: HELD),ResolvedToConcept,CM-1-3-8-4-7,"Administer Royalty, Brand Fee, and Contribution Streams","Administer the royalty, brand-fee, and contribution streams owed under franchise, license, and partner agreements: compute amounts due from validated reported sales and agreement terms, invoice them through the billing controls, track and support their collection through the rece...",enables,CM-1-3-8-4-1,Perform Period-End Processing,"Run O2C period-end close on the Finance-approved calendar: verify completeness and reconciliation evidence from every feeding process, process period-end adjustments under approved authority, enforce cutoff across billing, receipts, accruals, and corrections, and deliver the clos...",,CM-1-3-8-4-1 core:enabledBy CM-1-3-8-4-7,HOLD / D:hamid-verdict (G3-A4 2026-09-26),HOLD / D:hamid-verdict (G3-A4),output/input — fee administration supplies outcomes to close; does not enable period-end
REL-01078,A — explicit-reference (decided A4: APPROVED),ResolvedToConcept,CM-1-3-9-1-2,Manage Service Operations,"Run the service operation day to day: plan and schedule capacity against demand, balance workload across teams and channels, monitor operational quality and service-level attainment in real time, and manage operational incidents and escalations within the operating model.",enables,CM-1-3-9-2-3,Fulfill Service Events,"Fulfill individual service events end to end: receive the routed event with its case linkage, verify entitlement from governed delivery data, execute the service work per the applicable agreement and procedures, capture completion evidence, and return the outcome to the case and ...",,CM-1-3-9-2-3 core:enabledBy CM-1-3-9-1-2,,APPROVE / D:hamid-verdict (G3-A4),
REL-01082,A — explicit-reference (decided A4: HELD),ResolvedToConcept,CM-1-3-9-1-4,Manage Facilities,"Manage service locations from the occupant side: define space and workplace needs, coordinate readiness, upkeep requests, and moves with the corporate facilities owners, and coordinate safety and access compliance with EHS and Security at service sites.",enables,CM-1-3-9-1-2,Manage Service Operations,"Run the service operation day to day: plan and schedule capacity against demand, balance workload across teams and channels, monitor operational quality and service-level attainment in real time, and manage operational incidents and escalations within the operating model.",,CM-1-3-9-1-2 core:enabledBy CM-1-3-9-1-4,HOLD / D:hamid-verdict (G3-A4 2026-09-26),HOLD / D:hamid-verdict (G3-A4),coordination/support — workplace coordination; no maintained facilities operating base
REL-01087,A — explicit-reference (decided A4: APPROVED),ResolvedToConcept,CM-1-3-9-2-1,Manage Service Delivery Data,"Maintain the operational data service delivery runs on: entitlement and coverage data, installed-base and service-history records, appointments, service tasks, and service-event data — captured and verified at delivery time, linked to the governed case and customer records.",enables,CM-1-3-9-2-3,Fulfill Service Events,"Fulfill individual service events end to end: receive the routed event with its case linkage, verify entitlement from governed delivery data, execute the service work per the applicable agreement and procedures, capture completion evidence, and return the outcome to the case and ...",,CM-1-3-9-2-3 core:enabledBy CM-1-3-9-2-1,,APPROVE / D:hamid-verdict (G3-A4),
REL-01092,A — explicit-reference (decided A4: HELD),ResolvedToConcept,CM-1-3-9-2-3,Fulfill Service Events,"Fulfill individual service events end to end: receive the routed event with its case linkage, verify entitlement from governed delivery data, execute the service work per the applicable agreement and procedures, capture completion evidence, and return the outcome to the case and ...",enables,CM-1-3-8-1-1,Create and Distribute Bill,"Create customer invoices from confirmed channel evidence and governed commercial data on the customer's billing cadence — per delivery, consolidated, statement, or cycle — and distribute them through the customer's channels in the formats and content the applicable requirements m...",,CM-1-3-8-1-1 core:enabledBy CM-1-3-9-2-3,HOLD / D:hamid-verdict (G3-A4 2026-09-26),HOLD / D:hamid-verdict (G3-A4),evidence/output — service fulfilment evidence for billing; no silent remap
REL-01100,A — explicit-reference (decided A5: APPROVED),ResolvedToConcept,CM-1-3-6-8,Commercial Agreement Compliance Management,"Manage compliance with commercial obligations in branded sales-network agreements by planning and conducting agreement-based reviews, validating reported sales and other obligation inputs, reporting discrepancies, and routing findings to the accountable relationship, Finance, O2C...",enables,CM-1-3-8-4-7,"Administer Royalty, Brand Fee, and Contribution Streams","Administer the royalty, brand-fee, and contribution streams owed under franchise, license, and partner agreements: compute amounts due from validated reported sales and agreement terms, invoice them through the billing controls, track and support their collection through the rece...",,CM-1-3-8-4-7 core:enabledBy CM-1-3-6-8,,APPROVE / D:hamid-verdict (G3-A5),
REL-01109,A — explicit-reference (decided A5: APPROVED),SoleCandidate/explicit-reference,CM-1-3-2-4,Sales & Distribution Channel Strategy,"Develop and maintain the approved strategic channel-of-trade direction for downstream sales and distribution — which routes to market the company participates in, their strategic roles, and the target channel mix — through a recurring cycle of channel diagnostics and hypothesis-d...",enables,CM-1-3-6-1,Channel & Partner Management,"Manage the company's channel partner relationships — franchisees, licensed-brand providers, dealers, jobbers, and marketers — executing the designed engagement models, coordinating partner qualification and activation through the accountable control owners, reporting partner perf...",PROMOTE/A:explicit-reference,CM-1-3-6-1 core:enabledBy CM-1-3-2-4,,APPROVE / D:hamid-verdict (G3-A5),
REL-01138,A — explicit-reference (decided A5: APPROVED),SoleCandidate/explicit-reference,CM-1-2-7-1,Contractual Agreements Management,"Negotiate, maintain commercial requirements for, and coordinate lifecycle changes to product-side agreements that enable product exchanges, customer delivery commitments, and storage/throughput access, so dependent supply, distribution, and settlement processes operate against cu...",enables,CM-1-2-6-2-2,Manage Refined Product Exchanges,"Coordinate operational utilization of product-exchange entitlements to support approved demand and supply requirements by monitoring available exchange positions, planning proposed lifting and delivery use by location and period, and communicating utilization requirements to the ...",PROMOTE/A:explicit-reference,CM-1-2-6-2-2 core:enabledBy CM-1-2-7-1,,APPROVE / D:hamid-verdict (G3-A5),
REL-01141,A — explicit-reference (decided A5: APPROVED),SoleCandidate/explicit-reference,CM-1-2-7-2,Terminal Operations Management,"The capability to operate and maintain company-managed marketing and distribution terminals, loading facilities, and associated distribution fleet assets where the business unit is the designated operating entity, including site safety execution, fleet capability management, and ...",enables,CM-1-1-3-8,Secondary Distribution Management,"Manage the delivery of products from terminals and depots to retail sites, commercial customers, and other end-delivery points — generating delivery orders for managed sites, scheduling vehicles and routes, and monitoring delivery performance — so site and customer demand is met ...",PROMOTE/A:explicit-reference,CM-1-1-3-8 core:enabledBy CM-1-2-7-2,,APPROVE / D:hamid-verdict (G3-A5),
REL-01149,A — explicit-reference (decided A5: APPROVED),SoleCandidate/explicit-reference,CM-1-3-4-1,Visioning And Implementation Planning,"Set the innovation vision and implementation plans for downstream products and services — where the company will innovate, which market needs and signals justify it, and how R&D effort will be mobilized — through a recurring visioning cycle grounded in the governed evidence base,...",enables,CM-1-3-4-3,Product & Service Development,"Develop new and improved downstream products and services from approved concepts — governed development programs, per-product development execution, and controlled product and service change — within the applicable regulatory and quality gates, so what reaches offers and launch i...",PROMOTE/A:explicit-reference,CM-1-3-4-3 core:enabledBy CM-1-3-4-1,,APPROVE / D:hamid-verdict (G3-A5),
REL-01153,A — explicit-reference (decided A5: APPROVED),SoleCandidate/explicit-reference,CM-1-3-4-3,Product & Service Development,"Develop new and improved downstream products and services from approved concepts — governed development programs, per-product development execution, and controlled product and service change — within the applicable regulatory and quality gates, so what reaches offers and launch i...",enables,CM-1-3-3-1,Customer Offer Definition,"Define the concrete customer offers that deliver the approved value propositions — which customer groups are targeted, what each offer contains, how it is validated, and how its performance will be measured — through a recurring offer-design cycle, so execution sells defined, val...",PROMOTE/A:explicit-reference,CM-1-3-3-1 core:enabledBy CM-1-3-4-3,,APPROVE / D:hamid-verdict (G3-A5),
REL-01157,A — explicit-reference (decided A5: HELD),ResolvedToConcept,CM-1-3-5-5,Marketing Performance Analysis,"Analyze marketing performance — spend, campaign returns, and customer programs — executing approved measurement methods against the governed measurement frameworks and stewarded metrics, producing the evidence-layer findings that planning and strategy correct from.",enables,CM-1-3-5-1,Sales Planning,"Plan the sales effort that delivers the approved strategies — the agreed sales-input process into the governed demand forecast, allocated sales targets, account plans, and the margin-gap feedback loop — so sales execution runs against deliberate, evidenced plans rather than impro...",,CM-1-3-5-1 core:enabledBy CM-1-3-5-5,HOLD / D:hamid-verdict (G3-A5 2026-09-26),HOLD / D:hamid-verdict (G3-A5),analysis/evidence feed — performance analysis evidence used by sales planning
REL-01163,A — explicit-reference (decided A5: HELD),ResolvedToConcept,CM-1-3-9-2,Service & Support Delivery,"The capability that executes commercial service work: maintaining the data service delivery runs on, managing the customer interaction during delivery, and fulfilling service events routed from the request capability — concurrent delivery controls operating through to evidenced c...",enables,CM-1-3-8-1-1,Create and Distribute Bill,"Create customer invoices from confirmed channel evidence and governed commercial data on the customer's billing cadence — per delivery, consolidated, statement, or cycle — and distribute them through the customer's channels in the formats and content the applicable requirements m...",,CM-1-3-8-1-1 core:enabledBy CM-1-3-9-2,HOLD / D:hamid-verdict (G3-A5 2026-09-26),HOLD / D:hamid-verdict (G3-A5),output/evidence feed — service delivery supplies billable fulfilment evidence
REL-01171,A — explicit-reference (decided A5: HELD),SoleCandidate/explicit-reference,CM-1-1-3-8,Secondary Distribution Management,"Manage the delivery of products from terminals and depots to retail sites, commercial customers, and other end-delivery points — generating delivery orders for managed sites, scheduling vehicles and routes, and monitoring delivery performance — so site and customer demand is met ...",enables,CM-1-1-6,Distribution Backcasting,"Reconcile actual distribution inventory availability, movements, deliveries, transportation costs, and customer fulfillment outcomes against the approved distribution plan and its contemporaneous assumptions and constraints; quantify and explain variances; and use validated lesso...",PROMOTE/A:explicit-reference,CM-1-1-6 core:enabledBy CM-1-1-3-8,HOLD / D:hamid-verdict (G3-A5 2026-09-26),HOLD / D:hamid-verdict (G3-A5),output/lifecycle relation — delivery outcomes for Distribution Backcasting
REL-01172,A — explicit-reference (decided A5: APPROVED),ResolvedToConcept,CM-1-2-5-1,Crude/Feed Quality Management,"The capability to keep feedstock selection running on trustworthy quality and economic information — maintaining validated crude and feedstock quality data, reviewing the integrity of the evaluation models that consume it, and developing the quality-screened term and spot procure...",enables,CM-1-2-5-2-3,Recommend Feedstock Slate And Run Rate,"Recommend the economically attractive feedstock slate and run rate to Refinery Planning and Optimization — combining the demand signal, procurement slates, market prices, and supply economics into a trading-side recommendation that feeds the binding plan without setting it — so t...",,CM-1-2-5-2-3 core:enabledBy CM-1-2-5-1,,APPROVE / D:hamid-verdict (G3-A5),
REL-01178,A — explicit-reference (decided A5: HELD),ResolvedToConcept,CM-1-3-1-2,Company Analysis,"Analyze the company's own position and performance in its downstream markets — market share, portfolio and asset position, capability strengths and gaps, and performance against the market, using approved internal data, external benchmarks, and stated comparability assumptions — ...",enables,CM-1-3-1-6,Marketing Insight and Metrics Stewardship,"The capability to synthesize governed market, company, consumer, customer/marketer, and competitor findings into decision-ready marketing insight; maintain shared marketing-analysis metrics, definitions, baselines, and evidence lineage; and monitor insight adoption and analytical...",,CM-1-3-1-6 core:enabledBy CM-1-3-1-2,HOLD / D:hamid-verdict (G3-A5 2026-09-26),HOLD / D:hamid-verdict (G3-A5),analysis feed — company analysis evidence for insight stewardship
REL-01182,A — explicit-reference (decided A5: HELD),ResolvedToConcept,CM-1-3-1-3,Consumer Analysis,"Analyze end-consumer behavior in the company's downstream markets — needs, preferences, buying patterns, journey and experience drivers, and segment dynamics — through a recurring, governed analysis cycle operating within the applicable privacy frameworks, so consumer-facing stra...",enables,CM-1-3-1-6,Marketing Insight and Metrics Stewardship,"The capability to synthesize governed market, company, consumer, customer/marketer, and competitor findings into decision-ready marketing insight; maintain shared marketing-analysis metrics, definitions, baselines, and evidence lineage; and monitor insight adoption and analytical...",,CM-1-3-1-6 core:enabledBy CM-1-3-1-3,HOLD / D:hamid-verdict (G3-A5 2026-09-26),HOLD / D:hamid-verdict (G3-A5),analysis feed — consumer analysis evidence for insight stewardship
REL-01185,A — explicit-reference (decided A5: HELD),ResolvedToConcept,CM-1-3-1-4,Customer And Marketer Analysis,"Analyze the company's direct customers and branded marketers — commercial and industrial customers, resellers, and the branded wholesalers, jobbers, and distributors who market under or alongside the brand — their needs, economics, performance, and relationship health, through a ...",enables,CM-1-3-1-6,Marketing Insight and Metrics Stewardship,"The capability to synthesize governed market, company, consumer, customer/marketer, and competitor findings into decision-ready marketing insight; maintain shared marketing-analysis metrics, definitions, baselines, and evidence lineage; and monitor insight adoption and analytical...",,CM-1-3-1-6 core:enabledBy CM-1-3-1-4,HOLD / D:hamid-verdict (G3-A5 2026-09-26),HOLD / D:hamid-verdict (G3-A5),analysis feed — customer/marketer analysis evidence for insight stewardship
REL-01198,A — explicit-reference (decided A5: APPROVED),SoleCandidate/explicit-reference,CM-1-3-2-3,Consumer Value Proposition,"Develop and maintain the approved value proposition offered to end consumers in the company's downstream markets — the strategic promise concerning fuel, convenience, loyalty, and experience value — through a recurring, hypothesis-driven strategy cycle grounded in governed consum...",enables,CM-1-3-2-5,Customer Experience Strategy,"Develop and maintain the approved customer-experience strategy for the company's downstream customer and consumer interactions — the experience aspiration, guiding principles, and strategic pillars that every channel, offer, and service interaction is designed against — through a...",PROMOTE/A:explicit-reference,CM-1-3-2-5 core:enabledBy CM-1-3-2-3,,APPROVE / D:hamid-verdict (G3-A5),
REL-01210,A — explicit-reference (decided A5: HELD),SoleCandidate/explicit-reference,CM-1-3-4-6,R&D Collaboration,"Coordinate the collaboration channels through which product and service innovation works with manufacturing, customers and technical service, research partners, and marketing — consistent intake, IP, and confidentiality controls across all channels — so collaboration accelerates ...",enables,CM-1-3-4-3,Product & Service Development,"Develop new and improved downstream products and services from approved concepts — governed development programs, per-product development execution, and controlled product and service change — within the applicable regulatory and quality gates, so what reaches offers and launch i...",PROMOTE/A:explicit-reference,CM-1-3-4-3 core:enabledBy CM-1-3-4-6,HOLD / D:hamid-verdict (G3-A5 2026-09-26),HOLD / D:hamid-verdict (G3-A5),partitioned coordination — R&D collaboration excludes development work
REL-01215,A — explicit-reference (decided A5: APPROVED),SoleCandidate/explicit-reference,CM-1-3-5-4,Promotions Planning,"Plan the promotions program — the promotional plan and the event, point-of-purchase, and site-level marketing calendars — within the pricing, claims, and POS boundaries and the conditional readiness framework, so promotion execution runs from one governed promotional calendar set...",enables,CM-1-3-6-5,Marketing Plan Execution,"The process of executing approved marketing plans in market: coordinating and monitoring advertising, promotion and event, and direct-marketing activity according to the released plans, calendars, budgets, and creative deliverables produced by marketing planning, and returning ex...",PROMOTE/A:explicit-reference,CM-1-3-6-5 core:enabledBy CM-1-3-5-4,,APPROVE / D:hamid-verdict (G3-A5),
REL-01216,A — explicit-reference (decided A5: HELD),SoleCandidate/explicit-reference,CM-1-3-5-4,Promotions Planning,"Plan the promotions program — the promotional plan and the event, point-of-purchase, and site-level marketing calendars — within the pricing, claims, and POS boundaries and the conditional readiness framework, so promotion execution runs from one governed promotional calendar set...",enables,CM-1-3-5-1-2,Develop & Agree Demand Forecasting Process,"Develop and agree the sales-side input process into the governed demand forecast — which sales intelligence, account plans, and pipeline evidence feed Produce Demand Forecast, in what form, cadence, and quality — never producing or adjusting the forecast itself.",PROMOTE/A:explicit-reference,CM-1-3-5-1-2 core:enabledBy CM-1-3-5-4,HOLD / D:hamid-verdict (G3-A5 2026-09-26),HOLD / D:hamid-verdict (G3-A5),forecast input — promotional calendars feed demand-forecast-input process
REL-01222,A — explicit-reference (decided A5: APPROVED),ResolvedToConcept,CM-1-3-8-3,Manage Receivables Resolution,"The capability that resolves what customers owe but have not paid: adjudicating disputed billed amounts against the evidence chain, collecting undisputed overdue receivables under the approved collection strategy, executing Finance-approved expected-credit-loss estimation and wri...",enables,CM-1-3-8-4-1,Perform Period-End Processing,"Run O2C period-end close on the Finance-approved calendar: verify completeness and reconciliation evidence from every feeding process, process period-end adjustments under approved authority, enforce cutoff across billing, receipts, accruals, and corrections, and deliver the clos...",,CM-1-3-8-4-1 core:enabledBy CM-1-3-8-3,,APPROVE / D:hamid-verdict (G3-A5),
REL-01236,A — explicit-reference (decided A5: APPROVED),ResolvedToConcept,CM-1-3-3-6,Operating Model Design,"Design the blueprint for how Marketing operates approved strategies and designs, including business-process architecture, role/capability requirements, organizational interfaces, procedural frameworks, control points, and measurement requirements, without setting headcount, appoi...",enables,CM-1-3-5-1,Sales Planning,"Plan the sales effort that delivers the approved strategies — the agreed sales-input process into the governed demand forecast, allocated sales targets, account plans, and the margin-gap feedback loop — so sales execution runs against deliberate, evidenced plans rather than impro...",,CM-1-3-5-1 core:enabledBy CM-1-3-3-6,,APPROVE / D:hamid-verdict (G3-A5),
REL-01254,A — explicit-reference (decided A5: HELD),SoleCandidate/explicit-reference,CM-1-3-7-2,"Manage Commercial Terms, Quoting, and Customer Commercial Services","The capability that turns approved prices, policies, and credit decisions into governed customer commercial arrangements: establishing commercial terms and customer-facing frameworks, issuing quotes and renewals, planning and monitoring commercial revenue, defining offered financ...",enables,CM-1-3-7-3,Capture And Manage Order Fulfillment,"The process of managing customer orders through their commercial lifecycle: capturing and validating orders against governed controls, allocating and releasing them per approved rules, coordinating fulfillment through the accountable physical operations, handling changes, cancell...",PROMOTE/A:explicit-reference,CM-1-3-7-3 core:enabledBy CM-1-3-7-2,HOLD / D:hamid-verdict (G3-A5 2026-09-26),HOLD / D:hamid-verdict (G3-A5),cross-capability partition — commercial terms excludes order capture/fulfilment
REL-01257,A — explicit-reference (decided A5: HELD),SoleCandidate/explicit-reference,CM-1-3-7-3,Capture And Manage Order Fulfillment,"The process of managing customer orders through their commercial lifecycle: capturing and validating orders against governed controls, allocating and releasing them per approved rules, coordinating fulfillment through the accountable physical operations, handling changes, cancell...",enables,CM-1-3-8-1,Manage Customer Invoicing and Billing,"The process of billing customers for delivered products and services: creating and distributing invoices from confirmed evidence and governed commercial data, determining transaction taxes per the Tax function's determinations, accounting for customer self-billing under executed ...",PROMOTE/A:explicit-reference,CM-1-3-8-1 core:enabledBy CM-1-3-7-3,HOLD / D:hamid-verdict (G3-A5 2026-09-26),HOLD / D:hamid-verdict (G3-A5),output/lifecycle relation — order completion evidence to billing
REL-01260,A — explicit-reference (decided A5: APPROVED),ResolvedToConcept,CM-1-3-7-4,Manage Credit & Risk,"The capability that owns customer credit and counterparty risk in commercial operations: maintaining credit policies that encode the approved risk appetite, establishing customer credit limits and risk codes, monitoring exposure against limits continuously, analyzing portfolio cr...",enables,CM-1-3-8-3,Manage Receivables Resolution,"The capability that resolves what customers owe but have not paid: adjudicating disputed billed amounts against the evidence chain, collecting undisputed overdue receivables under the approved collection strategy, executing Finance-approved expected-credit-loss estimation and wri...",,CM-1-3-8-3 core:enabledBy CM-1-3-7-4,,APPROVE / D:hamid-verdict (G3-A5),
REL-01262,A — explicit-reference (decided A5: HELD),ResolvedToConcept,CM-1-3-7-5,Manage Customer Requests and Inquiries,"The capability that operates commercial customer service: receiving and prioritizing customer requests, inquiries, and complaints from all channels, resolving directly what governed data and approved documentation can answer, routing the substance of everything else to its owning...",enables,CM-1-3-8-3-1,Manage Receivables Disputes,"Adjudicate disputed billed amounts: capture and classify disputes from all routes, investigate each against the evidence chain — billing documents, fulfillment and custody evidence, contracts and terms, tax determinations, credit memo and adjustment evidence, and applicable comme...",,CM-1-3-8-3-1 core:enabledBy CM-1-3-7-5,HOLD / D:hamid-verdict (G3-A5 2026-09-26),HOLD / D:hamid-verdict (G3-A5),non-enabling coordination — customer-service routing does not enable dispute adjudication
REL-01266,A — explicit-reference (decided A5: APPROVED),ResolvedToConcept,CM-1-3-8-2,"Manage Cash Application, A/R & Revenue Accounting","The process of turning billed transactions into accounted revenue and settled receivables: Record and process receipt notifications, bank/lockbox/acquirer settlement information, remittance evidence, and accounting events relating to customer payments received through Treasury-ma...",enables,CM-1-3-8-4-1,Perform Period-End Processing,"Run O2C period-end close on the Finance-approved calendar: verify completeness and reconciliation evidence from every feeding process, process period-end adjustments under approved authority, enforce cutoff across billing, receipts, accruals, and corrections, and deliver the clos...",,CM-1-3-8-4-1 core:enabledBy CM-1-3-8-2,,APPROVE / D:hamid-verdict (G3-A5),
REL-01267,A — explicit-reference (decided A5: APPROVED),SoleCandidate/explicit-reference,CM-1-3-9-1,Service & Support Enablement,"The capability that builds and runs the machinery of commercial service and support: defining the service operating model, managing day-to-day service operations, and managing the workforce, facilities, technology, and contact-center channel the service processes run on.",enables,CM-1-3-7-5,Manage Customer Requests and Inquiries,"The capability that operates commercial customer service: receiving and prioritizing customer requests, inquiries, and complaints from all channels, resolving directly what governed data and approved documentation can answer, routing the substance of everything else to its owning...",PROMOTE/A:explicit-reference,CM-1-3-7-5 core:enabledBy CM-1-3-9-1,,APPROVE / D:hamid-verdict (G3-A5),
REL-01274,A — explicit-reference (decided A6: APPROVED),SoleCandidate/explicit-reference,CM-1-3-3-5,Marketing Communications Strategy,"Define the marketing communications strategy that carries the approved brand and value propositions to their audiences — integrating the media, direct, advertising, point-of-sale, digital, and internal communication strategies into one coherent direction — within advertising and ...",enables,CM-1-3-5-2,Integrated Marketing Planning (Advertising),"Integrate the advertising and media plans across campaigns, brands, and channels into one coherent plan — a single calendar, budget envelope, and priority set implementing the approved media and advertising strategies — so buying and execution work from one integrated plan rather...",PROMOTE/A:explicit-reference,CM-1-3-5-2 core:enabledBy CM-1-3-3-5,,APPROVE / D:hamid-verdict (G3-A6),
REL-01277,A — explicit-reference (decided A6: HELD),ResolvedToConcept,CM-1-3-6-2,Sales Execution,"Execute the sales effort against the plans — pipeline, opportunities, key accounts, quotes, contracts and orders, and non-retail customer serving — as the commercial pursuit whose qualified outcomes are handed to the controlled transaction processes, measured against its own plan...",enables,CM-1-3-7-2,"Manage Commercial Terms, Quoting, and Customer Commercial Services","The capability that turns approved prices, policies, and credit decisions into governed customer commercial arrangements: establishing commercial terms and customer-facing frameworks, issuing quotes and renewals, planning and monitoring commercial revenue, defining offered financ...",,CM-1-3-7-2 core:enabledBy CM-1-3-6-2,HOLD / D:hamid-verdict (G3-A6 2026-09-26),HOLD / D:hamid-verdict (G3-A6),"adjacent execution — sales execution is a consumer/participant in O2C commercial controls, not an enabling base"
REL-01298,A — explicit-reference (decided A6: APPROVED),SoleCandidate/explicit-reference,CM-1-2-1-2,Contract Management,"Administer trading counterparties and commercial agreements through their lifecycle — onboarding and maintaining counterparty records; establishing, maintaining, terminating, and novating master agreements, standing agreements, and relevant transaction frameworks; managing specia...",enables,CM-1-2-1-3,Trade Capture,"Perform the controlled pre-trade analysis, authorization, and post-execution recording of trades in the trading system — capturing complete commercial, operational, and regulatory terms by deal type and submitting required creation-data reports — so authorized transactions are av...",PROMOTE/A:explicit-reference,CM-1-2-1-3 core:enabledBy CM-1-2-1-2,,APPROVE / D:hamid-verdict (G3-A6),
REL-01299,A — explicit-reference (decided A6: HELD),SoleCandidate/explicit-reference,CM-1-2-1-2,Contract Management,"Administer trading counterparties and commercial agreements through their lifecycle — onboarding and maintaining counterparty records; establishing, maintaining, terminating, and novating master agreements, standing agreements, and relevant transaction frameworks; managing specia...",enables,CM-1-2-2-2,Confirmations Management,"Independently confirm and match executed trades with counterparties by generating, receiving, validating, documenting, modifying, reporting, and resolving discrepancies in trade confirmations, so the organization and its counterparty have evidenced agreement on the applicable tra...",PROMOTE/A:explicit-reference,CM-1-2-2-2 core:enabledBy CM-1-2-1-2,HOLD / D:hamid-verdict (G3-A6 2026-09-26),HOLD / D:hamid-verdict (G3-A6),independent-function exclusion — confirmations independently owned; deal-level confirmation explicitly excluded from contract management scope
REL-01303,A — explicit-reference (decided A6: APPROVED),SoleCandidate/explicit-reference,CM-1-2-1-3,Trade Capture,"Perform the controlled pre-trade analysis, authorization, and post-execution recording of trades in the trading system — capturing complete commercial, operational, and regulatory terms by deal type and submitting required creation-data reports — so authorized transactions are av...",enables,CM-1-2-2-3,Market Risk Management,"The capability to independently measure, control, monitor, analyze, and report market risk in the trading book by governing risk-book structures, delegated authority, market-data inputs, valuations, limits, control cycles, positions, profit and loss, scenarios, and risk reporting...",PROMOTE/A:explicit-reference,CM-1-2-2-3 core:enabledBy CM-1-2-1-3,,APPROVE / D:hamid-verdict (G3-A6),
REL-01311,A — explicit-reference (decided A6: APPROVED),SoleCandidate/explicit-reference,CM-1-2-2-3,Market Risk Management,"The capability to independently measure, control, monitor, analyze, and report market risk in the trading book by governing risk-book structures, delegated authority, market-data inputs, valuations, limits, control cycles, positions, profit and loss, scenarios, and risk reporting...",enables,CM-1-2-1-4,Trading Strategy Management,"Develop, approve, and steward the trading strategies the front office runs — defining each strategy's objective, markets, instruments, and horizon, aligning it with approved authorities and risk limits, reviewing performance, and adjusting or retiring strategies as conditions cha...",PROMOTE/A:explicit-reference,CM-1-2-1-4 core:enabledBy CM-1-2-2-3,,APPROVE / D:hamid-verdict (G3-A6),
REL-00032,B — nearness-only (decided B1: HELD),SoleCandidate/structural-nearness,CM-1-1-3-5-2,Coordinate Product Trading,"Identify schedule imbalances that cannot be resolved with the company's own supply — surpluses to place or shortfalls to cover — and coordinate with Supply And Trading to request, evaluate, and incorporate the purchases, sales, or exchanges that balance the short-term schedule.",enables,CM-1-1-3-5-1,Develop Short-Term Network Plan,"Produce the rolling days-to-weeks network supply plan that bridges the approved regional plan and daily execution — projecting stock, demand, production, and movements by location and product, and setting the movement quantities and timings the schedule will execute.",PROMOTE/B:structural-nearness,CM-1-1-3-5-1 core:enabledBy CM-1-1-3-5-2,HOLD / D:hamid-verdict / TargetIdentityUnconfirmed (G3-B1 2026-09-26),HOLD / D:hamid-verdict / TargetIdentityUnconfirmed,"candidate target Develop Short-Term Network Plan; Target identity is not evidenced by the source assertion. The proposed target was selected only by classifier nearness/unique-label matching, with no stable identifier, explicit target name, or source-definition/scope evidence linking the source to that target. A plausible semantic fit does not confirm the asserted target. No core:enabledBy emission, no retarget or remap at promotion; fact removed (verified unique); assertion retained as non-emitting evidence pending workbook-author target clarification and a fresh verdict."
REL-00044,B — nearness-only (decided B1: HELD),SoleCandidate/structural-nearness,CM-1-1-3-7-10,Manage Lot/Batch Inventory,"Manage inventory that must be tracked by lot or batch identity — such as specialty products, additives, and quality-certified stock — preserving batch identity, certificates, and traceability from receipt through storage to issue.",enables,CM-1-1-3-7-5,Perform Inventory Reconciliation,"Reconcile book inventory against measured physical inventory by location and material, quantify and classify gains and losses, investigate variances beyond tolerance, and post agreed corrections so stock records remain accurate and losses are made visible.",PROMOTE/B:structural-nearness,CM-1-1-3-7-5 core:enabledBy CM-1-1-3-7-10,HOLD / D:hamid-verdict / TargetIdentityUnconfirmed (G3-B1 2026-09-26),HOLD / D:hamid-verdict / TargetIdentityUnconfirmed,"candidate target Perform Inventory Reconciliation; Target identity is not evidenced by the source assertion. The proposed target was selected only by classifier nearness/unique-label matching, with no stable identifier, explicit target name, or source-definition/scope evidence linking the source to that target. A plausible semantic fit does not confirm the asserted target. No core:enabledBy emission, no retarget or remap at promotion; fact removed (verified unique); assertion retained as non-emitting evidence pending workbook-author target clarification and a fresh verdict."
REL-00046,B — nearness-only (decided B1: HELD),SoleCandidate/structural-nearness,CM-1-1-3-7-11,Manage Third Party Storage,"Manage company inventory held in third-party storage facilities — leased tankage, throughput agreements, and commercial storage — administering capacity entitlements, monitoring stock positions and operator statements, and managing performance against the storage agreements.",enables,CM-1-1-3-7-5,Perform Inventory Reconciliation,"Reconcile book inventory against measured physical inventory by location and material, quantify and classify gains and losses, investigate variances beyond tolerance, and post agreed corrections so stock records remain accurate and losses are made visible.",PROMOTE/B:structural-nearness,CM-1-1-3-7-5 core:enabledBy CM-1-1-3-7-11,HOLD / D:hamid-verdict / TargetIdentityUnconfirmed (G3-B1 2026-09-26),HOLD / D:hamid-verdict / TargetIdentityUnconfirmed,"candidate target Perform Inventory Reconciliation; Target identity is not evidenced by the source assertion. The proposed target was selected only by classifier nearness/unique-label matching, with no stable identifier, explicit target name, or source-definition/scope evidence linking the source to that target. A plausible semantic fit does not confirm the asserted target. No core:enabledBy emission, no retarget or remap at promotion; fact removed (verified unique); assertion retained as non-emitting evidence pending workbook-author target clarification and a fresh verdict."
REL-00059,B — nearness-only (decided B1: HELD),SoleCandidate/structural-nearness,CM-1-1-3-7-5,Perform Inventory Reconciliation,"Reconcile book inventory against measured physical inventory by location and material, quantify and classify gains and losses, investigate variances beyond tolerance, and post agreed corrections so stock records remain accurate and losses are made visible.",enables,CM-1-1-6,Distribution Backcasting,"Reconcile actual distribution inventory availability, movements, deliveries, transportation costs, and customer fulfillment outcomes against the approved distribution plan and its contemporaneous assumptions and constraints; quantify and explain variances; and use validated lesso...",PROMOTE/B:structural-nearness,CM-1-1-6 core:enabledBy CM-1-1-3-7-5,HOLD / D:hamid-verdict / TargetIdentityUnconfirmed (G3-B1 2026-09-26),HOLD / D:hamid-verdict / TargetIdentityUnconfirmed,"candidate target Distribution Backcasting; Target identity is not evidenced by the source assertion. The proposed target was selected only by classifier nearness/unique-label matching, with no stable identifier, explicit target name, or source-definition/scope evidence linking the source to that target. A plausible semantic fit does not confirm the asserted target. No core:enabledBy emission, no retarget or remap at promotion; fact removed (verified unique); assertion retained as non-emitting evidence pending workbook-author target clarification and a fresh verdict."
REL-00061,B — nearness-only (decided B1: HELD),SoleCandidate/structural-nearness,CM-1-1-3-7-6,Manage Consignment Inventory,"Manage product held under consignment arrangements — stock positioned at a customer's or partner's site, or held for a third party at company sites, that remains the consignor's property until drawn — tracking positions, draws, and settlement triggers so ownership and stock recor...",enables,CM-1-1-3-7-5,Perform Inventory Reconciliation,"Reconcile book inventory against measured physical inventory by location and material, quantify and classify gains and losses, investigate variances beyond tolerance, and post agreed corrections so stock records remain accurate and losses are made visible.",PROMOTE/B:structural-nearness,CM-1-1-3-7-5 core:enabledBy CM-1-1-3-7-6,HOLD / D:hamid-verdict / TargetIdentityUnconfirmed (G3-B1 2026-09-26),HOLD / D:hamid-verdict / TargetIdentityUnconfirmed,"candidate target Perform Inventory Reconciliation; Target identity is not evidenced by the source assertion. The proposed target was selected only by classifier nearness/unique-label matching, with no stable identifier, explicit target name, or source-definition/scope evidence linking the source to that target. A plausible semantic fit does not confirm the asserted target. No core:enabledBy emission, no retarget or remap at promotion; fact removed (verified unique); assertion retained as non-emitting evidence pending workbook-author target clarification and a fresh verdict."
REL-00063,B — nearness-only (decided B1: HELD),SoleCandidate/structural-nearness,CM-1-1-3-7-7,Manage Commingled Inventory,"Manage company stock held commingled with other owners' fungible product in shared tanks, pipelines, and terminals — tracking each party's ownership share, quality basis, and allocated gains and losses under the operative agreements — so the company's entitlement in shared stock ...",enables,CM-1-1-3-7-5,Perform Inventory Reconciliation,"Reconcile book inventory against measured physical inventory by location and material, quantify and classify gains and losses, investigate variances beyond tolerance, and post agreed corrections so stock records remain accurate and losses are made visible.",PROMOTE/B:structural-nearness,CM-1-1-3-7-5 core:enabledBy CM-1-1-3-7-7,HOLD / D:hamid-verdict / TargetIdentityUnconfirmed (G3-B1 2026-09-26),HOLD / D:hamid-verdict / TargetIdentityUnconfirmed,"candidate target Perform Inventory Reconciliation; Target identity is not evidenced by the source assertion. The proposed target was selected only by classifier nearness/unique-label matching, with no stable identifier, explicit target name, or source-definition/scope evidence linking the source to that target. A plausible semantic fit does not confirm the asserted target. No core:enabledBy emission, no retarget or remap at promotion; fact removed (verified unique); assertion retained as non-emitting evidence pending workbook-author target clarification and a fresh verdict."
REL-00075,B — nearness-only (decided B1: HELD),SoleCandidate/structural-nearness,CM-1-1-3-8-3,Maintain Secondary Distribution Scheduling Basis,"Maintain the reference data, constraints, and operating parameters used for secondary-distribution scheduling — including sites, tanks, vehicles, compartments, drivers, routes, access windows, product-compatibility rules, and scheduling parameters — so generated orders and delive...",enables,CM-1-1-3-8-1,Generate Orders,"Create the delivery orders that feed secondary distribution scheduling — deriving replenishment needs for managed retail sites and customer tanks from stock readings, consumption forecasts, and agreed service levels, and converting them into deliverable orders with quantities and...",PROMOTE/B:structural-nearness,CM-1-1-3-8-1 core:enabledBy CM-1-1-3-8-3,HOLD / D:hamid-verdict / TargetIdentityUnconfirmed (G3-B1 2026-09-26),HOLD / D:hamid-verdict / TargetIdentityUnconfirmed,"candidate target Generate Orders; Target identity is not evidenced by the source assertion. The proposed target was selected only by classifier nearness/unique-label matching, with no stable identifier, explicit target name, or source-definition/scope evidence linking the source to that target. A plausible semantic fit does not confirm the asserted target. No core:enabledBy emission, no retarget or remap at promotion; fact removed (verified unique); assertion retained as non-emitting evidence pending workbook-author target clarification and a fresh verdict."
REL-00121,B — nearness-only (decided B1: HELD),SoleCandidate/structural-nearness,CM-1-1-7-2-1,Maintain Production Scheduling Master Data,"Create, maintain, and retire the reference and parameter data the production scheduling model depends on — unit capacities and constraints, product and recipe definitions, transition and changeover rules, tankage parameters, and scheduling calendars — so scheduling results remain...",enables,CM-1-1-7-2-2,Review Production Wheel and Run Length,"Review and maintain the production wheel — the recurring sequence of product campaigns — and each campaign's run length, balancing transition losses and changeover costs against inventory, demand coverage, and unit constraints, so the schedule is built on an economically sound ca...",PROMOTE/B:structural-nearness,CM-1-1-7-2-2 core:enabledBy CM-1-1-7-2-1,HOLD / D:hamid-verdict / TargetIdentityUnconfirmed (G3-B1 2026-09-26),HOLD / D:hamid-verdict / TargetIdentityUnconfirmed,"candidate target Review Production Wheel and Run Length; Target identity is not evidenced by the source assertion. The proposed target was selected only by classifier nearness/unique-label matching, with no stable identifier, explicit target name, or source-definition/scope evidence linking the source to that target. A plausible semantic fit does not confirm the asserted target. No core:enabledBy emission, no retarget or remap at promotion; fact removed (verified unique); assertion retained as non-emitting evidence pending workbook-author target clarification and a fresh verdict."
REL-00133,B — nearness-only (decided B1: HELD),SoleCandidate/structural-nearness,CM-1-1-7-2-6,"Manage The Interface to Planning, Operations, Engineering & Maintenance","Run the structured coordination between production scheduling and its counterparties — feasibility and deviation feedback to Refinery Planning and Optimization, executability alignment with refinery operations, and outage, turnaround, and maintenance windows from engineering and ...",enables,CM-1-1-7-2-3,Create Production Scheduling and Sequencing Plan,"Build the dated production schedule and sequencing plan for the scheduling horizon — assigning campaigns, schedule-level unit commitments, blends, and movements to dates and sequences within the approved plan, the production wheel, and current constraints — producing the schedule...",PROMOTE/B:structural-nearness,CM-1-1-7-2-3 core:enabledBy CM-1-1-7-2-6,HOLD / D:hamid-verdict / TargetIdentityUnconfirmed (G3-B1 2026-09-26),HOLD / D:hamid-verdict / TargetIdentityUnconfirmed,"candidate target Create Production Scheduling and Sequencing Plan; Target identity is not evidenced by the source assertion. The proposed target was selected only by classifier nearness/unique-label matching, with no stable identifier, explicit target name, or source-definition/scope evidence linking the source to that target. A plausible semantic fit does not confirm the asserted target. No core:enabledBy emission, no retarget or remap at promotion; fact removed (verified unique); assertion retained as non-emitting evidence pending workbook-author target clarification and a fresh verdict."
REL-00138,B — nearness-only (decided B1: HELD),SoleCandidate/structural-nearness,CM-1-1-7-3-2,Optimize Plant Energy Balance,"Establish and maintain planning and scheduling targets for the refinery's sitewide energy balance — such as expected steam, fuel-gas, power, and energy-recovery requirements — so production schedules reflect energy cost, availability, emissions exposure, and operating constraints...",enables,CM-1-1-7-1,Daily Execution Planning,"Translate the current production schedule into each day's refinery execution basis — updating the day's scheduling instructions and commitments, confirming the schedule-level resources the day depends on, and closing the daily production accounting balance — so the refinery works...",PROMOTE/B:structural-nearness,CM-1-1-7-1 core:enabledBy CM-1-1-7-3-2,HOLD / D:hamid-verdict / TargetIdentityUnconfirmed (G3-B1 2026-09-26),HOLD / D:hamid-verdict / TargetIdentityUnconfirmed,"candidate target Daily Execution Planning; Target identity is not evidenced by the source assertion. The proposed target was selected only by classifier nearness/unique-label matching, with no stable identifier, explicit target name, or source-definition/scope evidence linking the source to that target. A plausible semantic fit does not confirm the asserted target. No core:enabledBy emission, no retarget or remap at promotion; fact removed (verified unique); assertion retained as non-emitting evidence pending workbook-author target clarification and a fresh verdict."
REL-00148,B — nearness-only (decided B1: HELD),SoleCandidate/structural-nearness,CM-1-2-1-1-3,Forecast Renewables,"Develop and maintain a forward view of renewable-fuel volumes, renewable-energy output or procurement, compliance obligations, and associated program-specific environmental attributes or credits — such as Renewable Identification Numbers where applicable — so commercial, trading,...",enables,CM-1-2-1-1-4,Perform Asset Optimization,"Assess and optimize the commercial use of approved asset flexibility — including storage, transportation and terminal capacity, supply commitments, exchanges, and generation availability — against market conditions, identifying and valuing opportunities and providing recommendati...",PROMOTE/B:structural-nearness,CM-1-2-1-1-4 core:enabledBy CM-1-2-1-1-3,HOLD / D:hamid-verdict / TargetIdentityUnconfirmed (G3-B1 2026-09-26),HOLD / D:hamid-verdict / TargetIdentityUnconfirmed,"candidate target Perform Asset Optimization; Target identity is not evidenced by the source assertion. The proposed target was selected only by classifier nearness/unique-label matching, with no stable identifier, explicit target name, or source-definition/scope evidence linking the source to that target. A plausible semantic fit does not confirm the asserted target. No core:enabledBy emission, no retarget or remap at promotion; fact removed (verified unique); assertion retained as non-emitting evidence pending workbook-author target clarification and a fresh verdict."
REL-00156,B — nearness-only (decided B1: HELD),SoleCandidate/structural-nearness,CM-1-2-1-1-6,Receive Power Generation Forecast,"Receive and incorporate power generation forecasts — from company cogeneration and any contracted or merchant generation — into the trading forward view, validating them and translating expected generation into tradable positions by period.",enables,CM-1-2-1-1-4,Perform Asset Optimization,"Assess and optimize the commercial use of approved asset flexibility — including storage, transportation and terminal capacity, supply commitments, exchanges, and generation availability — against market conditions, identifying and valuing opportunities and providing recommendati...",PROMOTE/B:structural-nearness,CM-1-2-1-1-4 core:enabledBy CM-1-2-1-1-6,HOLD / D:hamid-verdict / TargetIdentityUnconfirmed (G3-B1 2026-09-26),HOLD / D:hamid-verdict / TargetIdentityUnconfirmed,"candidate target Perform Asset Optimization; Target identity is not evidenced by the source assertion. The proposed target was selected only by classifier nearness/unique-label matching, with no stable identifier, explicit target name, or source-definition/scope evidence linking the source to that target. A plausible semantic fit does not confirm the asserted target. No core:enabledBy emission, no retarget or remap at promotion; fact removed (verified unique); assertion retained as non-emitting evidence pending workbook-author target clarification and a fresh verdict."
REL-00164,B — nearness-only (decided B1: HELD),SoleCandidate/structural-nearness,CM-1-2-1-2-11,Monitor Contracts,"Monitor active agreements against their terms — tracking obligations, commitments, expiries, renewal windows, and utilization against contracted volumes and service levels — surfacing issues to the responsible owners before they become breaches or lapses.",enables,CM-1-2-1-4,Trading Strategy Management,"Develop, approve, and steward the trading strategies the front office runs — defining each strategy's objective, markets, instruments, and horizon, aligning it with approved authorities and risk limits, reviewing performance, and adjusting or retiring strategies as conditions cha...",PROMOTE/B:structural-nearness,CM-1-2-1-4 core:enabledBy CM-1-2-1-2-11,HOLD / D:hamid-verdict / TargetIdentityRejected (G3-B1 2026-09-26),HOLD / D:hamid-verdict / TargetIdentityRejected,candidate target Trading Strategy Management; The proposed target is not supported by the source definition and is semantically misaligned with the candidate relationship. Candidate selection rests only on nearness/label matching. No core:enabledBy emission; do not infer or retarget an alternative; fact removed (verified unique); requires source-workbook clarification.
REL-00166,B — nearness-only (decided B1: HELD),SoleCandidate/structural-nearness,CM-1-2-1-2-2,Manage Existing Counterparty,"Maintain active counterparty records through their life — processing changes to legal identity, ownership, settlement details, and documentation, keeping records synchronized with credit and compliance status, and periodically reconfirming record accuracy.",enables,CM-1-2-1-3,Trade Capture,"Perform the controlled pre-trade analysis, authorization, and post-execution recording of trades in the trading system — capturing complete commercial, operational, and regulatory terms by deal type and submitting required creation-data reports — so authorized transactions are av...",PROMOTE/B:structural-nearness,CM-1-2-1-3 core:enabledBy CM-1-2-1-2-2,HOLD / D:hamid-verdict / TargetIdentityUnconfirmed (G3-B1 2026-09-26),HOLD / D:hamid-verdict / TargetIdentityUnconfirmed,"candidate target Trade Capture; Target identity is not evidenced by the source assertion. The proposed target was selected only by classifier nearness/unique-label matching, with no stable identifier, explicit target name, or source-definition/scope evidence linking the source to that target. A plausible semantic fit does not confirm the asserted target. No core:enabledBy emission, no retarget or remap at promotion; fact removed (verified unique); assertion retained as non-emitting evidence pending workbook-author target clarification and a fresh verdict."
REL-00239,B — nearness-only (decided B1: HELD),SoleCandidate/structural-nearness,CM-1-2-2-1-8,Manage Credit Risk Reporting,"Produce governed internal credit-risk reports — exposures, limit utilization, breaches, credit-support and margin positions, and concentrations, at agreed cadences and levels for management and committees — and provide controlled inputs to applicable external or regulatory report...",enables,CM-1-2-1-4,Trading Strategy Management,"Develop, approve, and steward the trading strategies the front office runs — defining each strategy's objective, markets, instruments, and horizon, aligning it with approved authorities and risk limits, reviewing performance, and adjusting or retiring strategies as conditions cha...",PROMOTE/B:structural-nearness,CM-1-2-1-4 core:enabledBy CM-1-2-2-1-8,HOLD / D:hamid-verdict / TargetIdentityRejected (G3-B1 2026-09-26),HOLD / D:hamid-verdict / TargetIdentityRejected,candidate target Trading Strategy Management; The proposed target is not supported by the source definition and is semantically misaligned with the candidate relationship. Candidate selection rests only on nearness/label matching. No core:enabledBy emission; do not infer or retarget an alternative; fact removed (verified unique); requires source-workbook clarification.
REL-00253,B — nearness-only (decided B2: HELD),SoleCandidate/structural-nearness,CM-1-2-2-2-5,Manage Confirm Disputes,"Resolve confirmation mismatches and disputes — logging discrepancies between the capture record and the counterparty's confirmation, investigating against execution evidence, agreeing the correct terms with the counterparty, and driving the resolution into the records and any req...",enables,CM-1-2-4-1,Settlements,"Determine and complete the financial settlement of trading transactions — calculating amounts owed and due from actualized quantities, contractual prices, and verified charge determinants; generating and validating invoices; netting where agreements provide; preparing, validating...",PROMOTE/B:structural-nearness,CM-1-2-4-1 core:enabledBy CM-1-2-2-2-5,HOLD / D:hamid-verdict / TargetIdentityUnconfirmed (G3-B2 2026-09-26),HOLD / D:hamid-verdict / TargetIdentityUnconfirmed,"candidate target Settlements; Target identity is not evidenced by the source assertion. The proposed target was selected only by classifier nearness/unique-label matching, with no stable identifier, explicit target name, or source-definition/scope evidence linking the source to that target. A plausible semantic fit does not confirm the asserted target. No core:enabledBy emission, no retarget or remap at promotion; fact removed (verified unique); assertion retained as non-emitting evidence pending workbook-author target clarification and a fresh verdict."
REL-00257,B — nearness-only (decided B2: HELD),SoleCandidate/structural-nearness,CM-1-2-2-3-10,Monitor Risk Policy Compliance,"Monitor adherence to the organization's own market-risk policies and control framework — mandate and delegation-of-authority adherence, control-cycle completion, exception-procedure use, and policy-required documentation — surfacing violations and control gaps to the accountable ...",enables,CM-1-2-2-3-13,Manage Risk Reporting,"Produce governed internal market-risk reports — measures, limit utilization, breaches, scenario results, positions, and P&L, at agreed cadences for management and committees — and provide controlled inputs to applicable external or regulatory reporting through their accountable o...",PROMOTE/B:structural-nearness,CM-1-2-2-3-13 core:enabledBy CM-1-2-2-3-10,HOLD / D:hamid-verdict / TargetIdentityUnconfirmed (G3-B2 2026-09-26),HOLD / D:hamid-verdict / TargetIdentityUnconfirmed,"candidate target Manage Risk Reporting; Target identity is not evidenced by the source assertion. The proposed target was selected only by classifier nearness/unique-label matching, with no stable identifier, explicit target name, or source-definition/scope evidence linking the source to that target. A plausible semantic fit does not confirm the asserted target. No core:enabledBy emission, no retarget or remap at promotion; fact removed (verified unique); assertion retained as non-emitting evidence pending workbook-author target clarification and a fresh verdict."
REL-00259,B — nearness-only (decided B2: HELD),SoleCandidate/structural-nearness,CM-1-2-2-3-11,Manage And Run Risk Scenarios,"Define, maintain, and run the market-risk scenario and stress set — historical and hypothetical market shocks, commodity and basis stresses, and event scenarios — quantifying their P&L and risk impacts so the organization knows what adverse markets would do to the book before the...",enables,CM-1-2-2-3-6,Manage Risk Limits,"Establish, maintain, publish, and adjust market-risk limits — by book, strategy, commodity, tenor, and measure — derived from approved risk appetite; administer documented temporary-excess and exception decisions under delegated authority; and tighten or suspend limits when condi...",PROMOTE/B:structural-nearness,CM-1-2-2-3-6 core:enabledBy CM-1-2-2-3-11,HOLD / D:hamid-verdict / TargetIdentityUnconfirmed (G3-B2 2026-09-26),HOLD / D:hamid-verdict / TargetIdentityUnconfirmed,"candidate target Manage Risk Limits; Target identity is not evidenced by the source assertion. The proposed target was selected only by classifier nearness/unique-label matching, with no stable identifier, explicit target name, or source-definition/scope evidence linking the source to that target. A plausible semantic fit does not confirm the asserted target. No core:enabledBy emission, no retarget or remap at promotion; fact removed (verified unique); assertion retained as non-emitting evidence pending workbook-author target clarification and a fresh verdict."
REL-00260,B — nearness-only (decided B2: HELD),SoleCandidate/structural-nearness,CM-1-2-2-3-11,Manage And Run Risk Scenarios,"Define, maintain, and run the market-risk scenario and stress set — historical and hypothetical market shocks, commodity and basis stresses, and event scenarios — quantifying their P&L and risk impacts so the organization knows what adverse markets would do to the book before the...",enables,CM-1-2-2-3-13,Manage Risk Reporting,"Produce governed internal market-risk reports — measures, limit utilization, breaches, scenario results, positions, and P&L, at agreed cadences for management and committees — and provide controlled inputs to applicable external or regulatory reporting through their accountable o...",PROMOTE/B:structural-nearness,CM-1-2-2-3-13 core:enabledBy CM-1-2-2-3-11,HOLD / D:hamid-verdict / TargetIdentityUnconfirmed (G3-B2 2026-09-26),HOLD / D:hamid-verdict / TargetIdentityUnconfirmed,"candidate target Manage Risk Reporting; Target identity is not evidenced by the source assertion. The proposed target was selected only by classifier nearness/unique-label matching, with no stable identifier, explicit target name, or source-definition/scope evidence linking the source to that target. A plausible semantic fit does not confirm the asserted target. No core:enabledBy emission, no retarget or remap at promotion; fact removed (verified unique); assertion retained as non-emitting evidence pending workbook-author target clarification and a fresh verdict."
REL-00266,B — nearness-only (decided B2: HELD),SoleCandidate/structural-nearness,CM-1-2-2-3-13,Manage Risk Reporting,"Produce governed internal market-risk reports — measures, limit utilization, breaches, scenario results, positions, and P&L, at agreed cadences for management and committees — and provide controlled inputs to applicable external or regulatory reporting through their accountable o...",enables,CM-1-2-1-4,Trading Strategy Management,"Develop, approve, and steward the trading strategies the front office runs — defining each strategy's objective, markets, instruments, and horizon, aligning it with approved authorities and risk limits, reviewing performance, and adjusting or retiring strategies as conditions cha...",PROMOTE/B:structural-nearness,CM-1-2-1-4 core:enabledBy CM-1-2-2-3-13,HOLD / D:hamid-verdict / TargetIdentityRejected (G3-B2 2026-09-26),HOLD / D:hamid-verdict / TargetIdentityRejected,candidate target Trading Strategy Management; The proposed target is not supported by the source definition and is semantically misaligned with the candidate relationship. Candidate selection rests only on nearness/label matching. No core:enabledBy emission; do not infer or retarget an alternative; fact removed (verified unique); requires source-workbook clarification.
REL-00283,B — nearness-only (decided B2: HELD),SoleCandidate/structural-nearness,CM-1-2-2-3-5,Perform End-of-Month (EOM) Process,"Coordinate and evidence the month-end trading-risk control cycle — reconciling and reviewing the month's daily controlled results, producing month-end economic valuation, position, P&L, and risk outputs, resolving or formally carrying forward approved exceptions — and provide the...",enables,CM-1-2-2-3-13,Manage Risk Reporting,"Produce governed internal market-risk reports — measures, limit utilization, breaches, scenario results, positions, and P&L, at agreed cadences for management and committees — and provide controlled inputs to applicable external or regulatory reporting through their accountable o...",PROMOTE/B:structural-nearness,CM-1-2-2-3-13 core:enabledBy CM-1-2-2-3-5,HOLD / D:hamid-verdict / TargetIdentityUnconfirmed (G3-B2 2026-09-26),HOLD / D:hamid-verdict / TargetIdentityUnconfirmed,"candidate target Manage Risk Reporting; Target identity is not evidenced by the source assertion. The proposed target was selected only by classifier nearness/unique-label matching, with no stable identifier, explicit target name, or source-definition/scope evidence linking the source to that target. A plausible semantic fit does not confirm the asserted target. No core:enabledBy emission, no retarget or remap at promotion; fact removed (verified unique); assertion retained as non-emitting evidence pending workbook-author target clarification and a fresh verdict."
REL-00285,B — nearness-only (decided B2: HELD),SoleCandidate/structural-nearness,CM-1-2-2-3-6,Manage Risk Limits,"Establish, maintain, publish, and adjust market-risk limits — by book, strategy, commodity, tenor, and measure — derived from approved risk appetite; administer documented temporary-excess and exception decisions under delegated authority; and tighten or suspend limits when condi...",enables,CM-1-2-1-4,Trading Strategy Management,"Develop, approve, and steward the trading strategies the front office runs — defining each strategy's objective, markets, instruments, and horizon, aligning it with approved authorities and risk limits, reviewing performance, and adjusting or retiring strategies as conditions cha...",PROMOTE/B:structural-nearness,CM-1-2-1-4 core:enabledBy CM-1-2-2-3-6,HOLD / D:hamid-verdict / TargetIdentityRejected (G3-B2 2026-09-26),HOLD / D:hamid-verdict / TargetIdentityRejected,candidate target Trading Strategy Management; The proposed target is not supported by the source definition and is semantically misaligned with the candidate relationship. Candidate selection rests only on nearness/label matching. No core:enabledBy emission; do not infer or retarget an alternative; fact removed (verified unique); requires source-workbook clarification.
REL-00362,B — nearness-only (decided B2: HELD),SoleCandidate/structural-nearness,CM-1-2-4-2-10,Manage Accruals,"Calculate, post, and true up accruals for trading activity — un-invoiced delivered or received volumes, expected fees and charges, and estimated prices pending final determination — per the enterprise accrual methodology, so each period's books are complete for activity not yet s...",enables,CM-1-2-4-2-5,Manage Trading Sub-Ledger,"Maintain the trading sub-ledger as the complete transactional accounting record — ensuring every captured, actualized, and settled transaction posts correctly under its determined treatment, reconciling the sub-ledger to the general ledger, and enforcing period cut-off — so the g...",PROMOTE/B:structural-nearness,CM-1-2-4-2-5 core:enabledBy CM-1-2-4-2-10,HOLD / D:hamid-verdict / TargetIdentityUnconfirmed (G3-B2 2026-09-26),HOLD / D:hamid-verdict / TargetIdentityUnconfirmed,"candidate target Manage Trading Sub-Ledger; Target identity is not evidenced by the source assertion. The proposed target was selected only by classifier nearness/unique-label matching, with no stable identifier, explicit target name, or source-definition/scope evidence linking the source to that target. A plausible semantic fit does not confirm the asserted target. No core:enabledBy emission, no retarget or remap at promotion; fact removed (verified unique); assertion retained as non-emitting evidence pending workbook-author target clarification and a fresh verdict."
REL-00364,B — nearness-only (decided B2: HELD),SoleCandidate/structural-nearness,CM-1-2-4-2-11,Manage Taxes,"Execute transaction- and commodity-tax accounting for supply and trading activity by applying approved tax rules and tax-determination data to transactions, recording tax amounts, maintaining required transaction-level evidence, and preparing controlled tax-accounting and filing-...",enables,CM-1-2-4-2-5,Manage Trading Sub-Ledger,"Maintain the trading sub-ledger as the complete transactional accounting record — ensuring every captured, actualized, and settled transaction posts correctly under its determined treatment, reconciling the sub-ledger to the general ledger, and enforcing period cut-off — so the g...",PROMOTE/B:structural-nearness,CM-1-2-4-2-5 core:enabledBy CM-1-2-4-2-11,HOLD / D:hamid-verdict / TargetIdentityUnconfirmed (G3-B2 2026-09-26),HOLD / D:hamid-verdict / TargetIdentityUnconfirmed,"candidate target Manage Trading Sub-Ledger; Target identity is not evidenced by the source assertion. The proposed target was selected only by classifier nearness/unique-label matching, with no stable identifier, explicit target name, or source-definition/scope evidence linking the source to that target. A plausible semantic fit does not confirm the asserted target. No core:enabledBy emission, no retarget or remap at promotion; fact removed (verified unique); assertion retained as non-emitting evidence pending workbook-author target clarification and a fresh verdict."
REL-00371,B — nearness-only (decided B2: HELD),SoleCandidate/structural-nearness,CM-1-2-4-2-2,Manage Production & Inventory Accounting,"Maintain the financial accounting of production and inventory for supply and trading activity — recording and reconciling financial inventory balances and cost-of-sales effects under the enterprise-approved inventory valuation methodology, from verified operational balances — so ...",enables,CM-1-2-4-2-5,Manage Trading Sub-Ledger,"Maintain the trading sub-ledger as the complete transactional accounting record — ensuring every captured, actualized, and settled transaction posts correctly under its determined treatment, reconciling the sub-ledger to the general ledger, and enforcing period cut-off — so the g...",PROMOTE/B:structural-nearness,CM-1-2-4-2-5 core:enabledBy CM-1-2-4-2-2,HOLD / D:hamid-verdict / TargetIdentityUnconfirmed (G3-B2 2026-09-26),HOLD / D:hamid-verdict / TargetIdentityUnconfirmed,"candidate target Manage Trading Sub-Ledger; Target identity is not evidenced by the source assertion. The proposed target was selected only by classifier nearness/unique-label matching, with no stable identifier, explicit target name, or source-definition/scope evidence linking the source to that target. A plausible semantic fit does not confirm the asserted target. No core:enabledBy emission, no retarget or remap at promotion; fact removed (verified unique); assertion retained as non-emitting evidence pending workbook-author target clarification and a fresh verdict."
REL-00387,B — nearness-only (decided B2: HELD),SoleCandidate/structural-nearness,CM-1-2-4-2-8,Manage Financial System/GL,"Administer the financial system structures used by trading accounting — chart-of-accounts mapping, ledger and book structures, posting rules and business interface configuration from trading systems to the general ledger, and accounting master data — so postings land correctly, c...",enables,CM-1-2-4-2-4,Manage AR/AP & Actuals,"Record trading receivables, payables, and actuals in the accounting records — recording authorized settlement outcomes and validated invoices in AR/AP, posting actualized transaction values, monitoring open items and aging, and keeping the payables and receivables position comple...",PROMOTE/B:structural-nearness,CM-1-2-4-2-4 core:enabledBy CM-1-2-4-2-8,HOLD / D:hamid-verdict / TargetIdentityUnconfirmed (G3-B2 2026-09-26),HOLD / D:hamid-verdict / TargetIdentityUnconfirmed,"candidate target Manage AR/AP and Actuals; Target identity is not evidenced by the source assertion. The proposed target was selected only by classifier nearness/unique-label matching, with no stable identifier, explicit target name, or source-definition/scope evidence linking the source to that target. A plausible semantic fit does not confirm the asserted target. No core:enabledBy emission, no retarget or remap at promotion; fact removed (verified unique); assertion retained as non-emitting evidence pending workbook-author target clarification and a fresh verdict."
REL-00392,B — nearness-only (decided B2: HELD),SoleCandidate/structural-nearness,CM-1-2-4-3-1,Develop Compliance Policies & Procedures,"Develop and maintain the trading compliance program's policies and procedures — market-conduct rules, information barriers, personal-account dealing, communications and conflicts requirements, regulatory-change management, and compliance monitoring and escalation procedures — wit...",enables,CM-1-2-4-3-3,Monitor Internal Trading Compliance,"Monitor adherence to the organization's internal trading compliance policies — conduct rules, information barriers, personal-account dealing, gifts and entertainment, communications requirements, and required compliance training — surfacing violations and adverse patterns for ass...",PROMOTE/B:structural-nearness,CM-1-2-4-3-3 core:enabledBy CM-1-2-4-3-1,HOLD / D:hamid-verdict / TargetIdentityUnconfirmed (G3-B2 2026-09-26),HOLD / D:hamid-verdict / TargetIdentityUnconfirmed,"candidate target Monitor Internal Trading Compliance; Target identity is not evidenced by the source assertion. The proposed target was selected only by classifier nearness/unique-label matching, with no stable identifier, explicit target name, or source-definition/scope evidence linking the source to that target. A plausible semantic fit does not confirm the asserted target. No core:enabledBy emission, no retarget or remap at promotion; fact removed (verified unique); assertion retained as non-emitting evidence pending workbook-author target clarification and a fresh verdict."
REL-00405,B — nearness-only (decided B2: HELD),SoleCandidate/structural-nearness,CM-1-2-4-3-6,Manage RINs Reporting,"Coordinate the trading organization's Renewable Fuel Standard reporting obligations — assembling and quality-assuring RIN transaction, position, and renewable-volume-obligation data from the trading systems and registries, reconciling it to EMTS, and preparing controlled reportin...",enables,CM-1-2-4-3-2,Monitor External Trading Compliance,"Monitor supply and trading activity for compliance with external law, regulation, and market rules — market-conduct and anti-manipulation surveillance, position-limit monitoring, exchange and market-rule adherence, licensing and registration status, and completion of regulatory r...",PROMOTE/B:structural-nearness,CM-1-2-4-3-2 core:enabledBy CM-1-2-4-3-6,HOLD / D:hamid-verdict / TargetIdentityUnconfirmed (G3-B2 2026-09-26),HOLD / D:hamid-verdict / TargetIdentityUnconfirmed,"candidate target Monitor External Trading Compliance; Target identity is not evidenced by the source assertion. The proposed target was selected only by classifier nearness/unique-label matching, with no stable identifier, explicit target name, or source-definition/scope evidence linking the source to that target. A plausible semantic fit does not confirm the asserted target. No core:enabledBy emission, no retarget or remap at promotion; fact removed (verified unique); assertion retained as non-emitting evidence pending workbook-author target clarification and a fresh verdict."
REL-00428,B — nearness-only (decided B2: HELD),SoleCandidate/structural-nearness,CM-1-2-5-1-1,Manage Feedstock Data Quality,"Steward the crude and feedstock quality data used in evaluation, planning, and trading — maintaining current, validated assays and quality records, tracking assay age and representativeness, incorporating new laboratory and cargo data under controlled update procedures, and distr...",enables,CM-1-2-5-1-3,Develop Term Slate,"Develop the recommended term feedstock procurement slate — the portfolio of crudes and feedstocks proposed for supply under agreements with multi-period or continuing commercial commitments, screened for refinery quality compatibility and evaluated for sustained economic attracti...",PROMOTE/B:structural-nearness,CM-1-2-5-1-3 core:enabledBy CM-1-2-5-1-1,HOLD / D:hamid-verdict / TargetIdentityUnconfirmed (G3-B2 2026-09-26),HOLD / D:hamid-verdict / TargetIdentityUnconfirmed,"candidate target Develop Term Slate; Target identity is not evidenced by the source assertion. The proposed target was selected only by classifier nearness/unique-label matching, with no stable identifier, explicit target name, or source-definition/scope evidence linking the source to that target. A plausible semantic fit does not confirm the asserted target. No core:enabledBy emission, no retarget or remap at promotion; fact removed (verified unique); assertion retained as non-emitting evidence pending workbook-author target clarification and a fresh verdict."
REL-00431,B — nearness-only (decided B2: HELD),SoleCandidate/structural-nearness,CM-1-2-5-1-2,Review LP Model Integrity,"Review whether the feedstock data, yield representations, operating constraints, capacities, market assumptions, and other decision inputs used by feedstock-evaluation and planning models remain current, complete, internally consistent, and representative of the refinery and mark...",enables,CM-1-2-5-1-3,Develop Term Slate,"Develop the recommended term feedstock procurement slate — the portfolio of crudes and feedstocks proposed for supply under agreements with multi-period or continuing commercial commitments, screened for refinery quality compatibility and evaluated for sustained economic attracti...",PROMOTE/B:structural-nearness,CM-1-2-5-1-3 core:enabledBy CM-1-2-5-1-2,HOLD / D:hamid-verdict / TargetIdentityUnconfirmed (G3-B2 2026-09-26),HOLD / D:hamid-verdict / TargetIdentityUnconfirmed,"candidate target Develop Term Slate; Target identity is not evidenced by the source assertion. The proposed target was selected only by classifier nearness/unique-label matching, with no stable identifier, explicit target name, or source-definition/scope evidence linking the source to that target. A plausible semantic fit does not confirm the asserted target. No core:enabledBy emission, no retarget or remap at promotion; fact removed (verified unique); assertion retained as non-emitting evidence pending workbook-author target clarification and a fresh verdict."
REL-00437,B — nearness-only (decided B3: HELD),SoleCandidate/structural-nearness,CM-1-2-5-1-4,Develop Spot Slate,"Develop the recommended spot feedstock procurement slate — the quality-screened spot supply candidates that address residual demand, supply disruption, quality constraints, timing needs, or economic opportunities after considering committed term supply, ranked by current economic...",enables,CM-1-2-5-2-1,Coordinate Feedstock Trading,"Coordinate feedstock supply requirements with the trading processes — translating demand, slate recommendations, and schedule imbalances into requested purchases, sales, or exchanges with their grade, quality, quantity, timing, and delivery requirements, evaluating proposed trade...",PROMOTE/B:structural-nearness,CM-1-2-5-2-1 core:enabledBy CM-1-2-5-1-4,HOLD / D:hamid-verdict / TargetIdentityUnconfirmed (G3-B3 2026-09-26),HOLD / D:hamid-verdict / TargetIdentityUnconfirmed,"candidate target Coordinate Feedstock Trading; Target identity is not evidenced by the source assertion. The proposed target was selected only by classifier nearness/unique-label matching, with no stable identifier, explicit target name, or source-definition/scope evidence linking the source to that target. A plausible semantic fit does not confirm the asserted target. No core:enabledBy emission, no retarget or remap at promotion; fact removed (verified unique); assertion retained as non-emitting evidence pending workbook-author target clarification and a fresh verdict."
REL-00494,B — nearness-only (decided B3: HELD),SoleCandidate/structural-nearness,CM-1-2-7-1-2,Manage Product Transport Agreements,"Negotiate and administer customer-facing product transport and delivery agreements — the delivery terms linked to product sale and marketing arrangements, including delivered pricing bases, delivery service commitments, and receiving requirements — so product deliveries to custom...",enables,CM-1-2-4-1,Settlements,"Determine and complete the financial settlement of trading transactions — calculating amounts owed and due from actualized quantities, contractual prices, and verified charge determinants; generating and validating invoices; netting where agreements provide; preparing, validating...",PROMOTE/B:structural-nearness,CM-1-2-4-1 core:enabledBy CM-1-2-7-1-2,HOLD / D:hamid-verdict / TargetIdentityUnconfirmed (G3-B3 2026-09-26),HOLD / D:hamid-verdict / TargetIdentityUnconfirmed,"candidate target Settlements; Target identity is not evidenced by the source assertion. The proposed target was selected only by classifier nearness/unique-label matching, with no stable identifier, explicit target name, or source-definition/scope evidence linking the source to that target. A plausible semantic fit does not confirm the asserted target. No core:enabledBy emission, no retarget or remap at promotion; fact removed (verified unique); assertion retained as non-emitting evidence pending workbook-author target clarification and a fresh verdict."
REL-00506,B — nearness-only (decided B3: HELD),SoleCandidate/structural-nearness,CM-1-2-7-2-3,"Manage Site Assets (Tank, Rack, Etc.)","Manage the operational availability, condition, integrity coordination, and business-use allocation of company-managed marketing and distribution terminal assets — including tanks, racks, meters, additive systems, vapor-recovery equipment, and supporting infrastructure — within e...",enables,CM-1-2-6-3,Supply Operations,"Fulfill approved refined-product replenishment and supply requirements from Supply & Trading sources by coordinating product availability at purchased-supply, exchange, transfer, and third-party source points; confirming feasible supply and transport arrangements; and handing app...",PROMOTE/B:structural-nearness,CM-1-2-6-3 core:enabledBy CM-1-2-7-2-3,HOLD / D:hamid-verdict / TargetIdentityUnconfirmed (G3-B3 2026-09-26),HOLD / D:hamid-verdict / TargetIdentityUnconfirmed,"candidate target Supply Operations; Target identity is not evidenced by the source assertion. The proposed target was selected only by classifier nearness/unique-label matching, with no stable identifier, explicit target name, or source-definition/scope evidence linking the source to that target. A plausible semantic fit does not confirm the asserted target. No core:enabledBy emission, no retarget or remap at promotion; fact removed (verified unique); assertion retained as non-emitting evidence pending workbook-author target clarification and a fresh verdict."
REL-00681,B — nearness-only (decided B3: HELD),SoleCandidate/structural-nearness,CM-1-3-3-5-2,Define Direct Marketing Strategy,"Define the direct marketing strategy — how the company contacts identified customers and prospects one-to-one across mail, email, phone, and messaging — within consent, privacy, and marketing-communication law, so direct outreach is deliberate, targeted, and lawful.",enables,CM-1-3-5-3,Marketing Communications Planning,"Plan the marketing communications that deliver the approved communications strategy — from needs and target groups through mix models, budgets, and campaign development to the preparation and controlled release of communications deliverables — handing in-channel program execution...",PROMOTE/B:structural-nearness,CM-1-3-5-3 core:enabledBy CM-1-3-3-5-2,HOLD / D:hamid-verdict / TargetIdentityUnconfirmed (G3-B3 2026-09-26),HOLD / D:hamid-verdict / TargetIdentityUnconfirmed,"candidate target Marketing Communications Planning; Target identity is not evidenced by the source assertion. The proposed target was selected only by classifier nearness/unique-label matching, with no stable identifier, explicit target name, or source-definition/scope evidence linking the source to that target. A plausible semantic fit does not confirm the asserted target. No core:enabledBy emission, no retarget or remap at promotion; fact removed (verified unique); assertion retained as non-emitting evidence pending workbook-author target clarification and a fresh verdict."
REL-00683,B — nearness-only (decided B3: HELD),SoleCandidate/structural-nearness,CM-1-3-3-5-3,Define Advertising Strategy,"Define the advertising strategy — the strategic role, audiences, claims territory, and creative principles of paid advertising — within truth-in-advertising and substantiation requirements, so advertising builds the brand on claims the company can prove.",enables,CM-1-3-5-2,Integrated Marketing Planning (Advertising),"Integrate the advertising and media plans across campaigns, brands, and channels into one coherent plan — a single calendar, budget envelope, and priority set implementing the approved media and advertising strategies — so buying and execution work from one integrated plan rather...",PROMOTE/B:structural-nearness,CM-1-3-5-2 core:enabledBy CM-1-3-3-5-3,HOLD / D:hamid-verdict / TargetIdentityUnconfirmed (G3-B3 2026-09-26),HOLD / D:hamid-verdict / TargetIdentityUnconfirmed,"candidate target Integrated Marketing Planning (Advertising); Target identity is not evidenced by the source assertion. The proposed target was selected only by classifier nearness/unique-label matching, with no stable identifier, explicit target name, or source-definition/scope evidence linking the source to that target. A plausible semantic fit does not confirm the asserted target. No core:enabledBy emission, no retarget or remap at promotion; fact removed (verified unique); assertion retained as non-emitting evidence pending workbook-author target clarification and a fresh verdict."
REL-00687,B — nearness-only (decided B3: HELD),SoleCandidate/structural-nearness,CM-1-3-3-5-5,Define Digital Marketing Strategy,"Define the digital marketing strategy — the strategic role of digital channels, platforms, and data-driven techniques across the communications mix — within privacy and online-advertising requirements, so digital investment follows deliberate direction rather than platform moment...",enables,CM-1-3-5-3,Marketing Communications Planning,"Plan the marketing communications that deliver the approved communications strategy — from needs and target groups through mix models, budgets, and campaign development to the preparation and controlled release of communications deliverables — handing in-channel program execution...",PROMOTE/B:structural-nearness,CM-1-3-5-3 core:enabledBy CM-1-3-3-5-5,HOLD / D:hamid-verdict / TargetIdentityUnconfirmed (G3-B3 2026-09-26),HOLD / D:hamid-verdict / TargetIdentityUnconfirmed,"candidate target Marketing Communications Planning; Target identity is not evidenced by the source assertion. The proposed target was selected only by classifier nearness/unique-label matching, with no stable identifier, explicit target name, or source-definition/scope evidence linking the source to that target. A plausible semantic fit does not confirm the asserted target. No core:enabledBy emission, no retarget or remap at promotion; fact removed (verified unique); assertion retained as non-emitting evidence pending workbook-author target clarification and a fresh verdict."
REL-00699,B — nearness-only (decided B3: HELD),SoleCandidate/structural-nearness,CM-1-3-3-6-3,Determine Channel Of Trade Mix,"Translate the approved channel-of-trade mix and channel-design outputs into the capabilities, processes, service models, role types, control requirements, technology needs, and organizational interfaces required to operate each channel — without deciding, revising, approving, or ...",enables,CM-1-3-3-6-2,Develop Organizational Blueprint,"Develop the organizational blueprint for the marketing operating model — the capabilities, roles, and organizational constructs the process blueprint requires — at blueprint level, without setting headcount or making appointments.",PROMOTE/B:structural-nearness,CM-1-3-3-6-2 core:enabledBy CM-1-3-3-6-3,HOLD / D:hamid-verdict / TargetIdentityUnconfirmed (G3-B3 2026-09-26),HOLD / D:hamid-verdict / TargetIdentityUnconfirmed,"candidate target Develop Organizational Blueprint; Target identity is not evidenced by the source assertion. The proposed target was selected only by classifier nearness/unique-label matching, with no stable identifier, explicit target name, or source-definition/scope evidence linking the source to that target. A plausible semantic fit does not confirm the asserted target. No core:enabledBy emission, no retarget or remap at promotion; fact removed (verified unique); assertion retained as non-emitting evidence pending workbook-author target clarification and a fresh verdict."
REL-00753,B — nearness-only (decided B3: HELD),SoleCandidate/structural-nearness,CM-1-3-4-6-1,Collaborate with Manufacturing,"Collaborate with refining, blending, and manufacturing on product innovation — developability, blend and formulation feasibility, scale-up, and trial production — informing development without directing any manufacturing operation.",enables,CM-1-3-4-3-2,Conduct Product Development,"Conduct the development of each product or service — specification, formulation or service design, testing and validation, and pre-launch readiness evidence — from gate entry to development completion under the program's standards.",PROMOTE/B:structural-nearness,CM-1-3-4-3-2 core:enabledBy CM-1-3-4-6-1,HOLD / D:hamid-verdict / TargetIdentityUnconfirmed (G3-B3 2026-09-26),HOLD / D:hamid-verdict / TargetIdentityUnconfirmed,"candidate target Conduct Product Development; Target identity is not evidenced by the source assertion. The proposed target was selected only by classifier nearness/unique-label matching, with no stable identifier, explicit target name, or source-definition/scope evidence linking the source to that target. A plausible semantic fit does not confirm the asserted target. No core:enabledBy emission, no retarget or remap at promotion; fact removed (verified unique); assertion retained as non-emitting evidence pending workbook-author target clarification and a fresh verdict."
REL-00755,B — nearness-only (decided B3: HELD),SoleCandidate/structural-nearness,CM-1-3-4-6-2,Collaborate with Customers/Technical Service,"Collaborate with customers and technical service on product innovation — performance needs, field experience, and field trials — under the applicable privacy, confidentiality, and intake controls, feeding real-use evidence into concepts and development.",enables,CM-1-3-4-2-2,Conduct Research,"Conduct the research that tests candidate concepts — customer and consumer concept research, technical investigation, and market and commercial assessment — producing feasibility evidence with stated confidence for the concept recommendation.",PROMOTE/B:structural-nearness,CM-1-3-4-2-2 core:enabledBy CM-1-3-4-6-2,HOLD / D:hamid-verdict / TargetIdentityUnconfirmed (G3-B3 2026-09-26),HOLD / D:hamid-verdict / TargetIdentityUnconfirmed,"candidate target Conduct Research; Target identity is not evidenced by the source assertion. The proposed target was selected only by classifier nearness/unique-label matching, with no stable identifier, explicit target name, or source-definition/scope evidence linking the source to that target. A plausible semantic fit does not confirm the asserted target. No core:enabledBy emission, no retarget or remap at promotion; fact removed (verified unique); assertion retained as non-emitting evidence pending workbook-author target clarification and a fresh verdict."
REL-00756,B — nearness-only (decided B3: HELD),SoleCandidate/structural-nearness,CM-1-3-4-6-2,Collaborate with Customers/Technical Service,"Collaborate with customers and technical service on product innovation — performance needs, field experience, and field trials — under the applicable privacy, confidentiality, and intake controls, feeding real-use evidence into concepts and development.",enables,CM-1-3-4-3-2,Conduct Product Development,"Conduct the development of each product or service — specification, formulation or service design, testing and validation, and pre-launch readiness evidence — from gate entry to development completion under the program's standards.",PROMOTE/B:structural-nearness,CM-1-3-4-3-2 core:enabledBy CM-1-3-4-6-2,HOLD / D:hamid-verdict / TargetIdentityUnconfirmed (G3-B3 2026-09-26),HOLD / D:hamid-verdict / TargetIdentityUnconfirmed,"candidate target Conduct Product Development; Target identity is not evidenced by the source assertion. The proposed target was selected only by classifier nearness/unique-label matching, with no stable identifier, explicit target name, or source-definition/scope evidence linking the source to that target. A plausible semantic fit does not confirm the asserted target. No core:enabledBy emission, no retarget or remap at promotion; fact removed (verified unique); assertion retained as non-emitting evidence pending workbook-author target clarification and a fresh verdict."
REL-00762,B — nearness-only (decided B3: HELD),SoleCandidate/structural-nearness,CM-1-3-4-6-4,Collaborate with marketing,"Collaborate with the marketing strategy, design, and planning functions on product and service innovation — carrying market-facing requirements into R&D and innovation results back into offers, communications, and launch preparation.",enables,CM-1-3-5-3,Marketing Communications Planning,"Plan the marketing communications that deliver the approved communications strategy — from needs and target groups through mix models, budgets, and campaign development to the preparation and controlled release of communications deliverables — handing in-channel program execution...",PROMOTE/B:structural-nearness,CM-1-3-5-3 core:enabledBy CM-1-3-4-6-4,HOLD / D:hamid-verdict / TargetIdentityUnconfirmed (G3-B3 2026-09-26),HOLD / D:hamid-verdict / TargetIdentityUnconfirmed,"candidate target Marketing Communications Planning; Target identity is not evidenced by the source assertion. The proposed target was selected only by classifier nearness/unique-label matching, with no stable identifier, explicit target name, or source-definition/scope evidence linking the source to that target. A plausible semantic fit does not confirm the asserted target. No core:enabledBy emission, no retarget or remap at promotion; fact removed (verified unique); assertion retained as non-emitting evidence pending workbook-author target clarification and a fresh verdict."
REL-00766,B — nearness-only (decided B3: HELD),SoleCandidate/structural-nearness,CM-1-3-5-1-2,Develop & Agree Demand Forecasting Process,"Develop and agree the sales-side input process into the governed demand forecast — which sales intelligence, account plans, and pipeline evidence feed Produce Demand Forecast, in what form, cadence, and quality — never producing or adjusting the forecast itself.",enables,CM-1-3-5-1-1,Determine & Allocate Sales Targets,"Determine and allocate sales targets — volume, margin, and mix commitments by segment, channel, account group, and period — from approved plans and the governed forecast, as managerial commitments under the applicable approvals, never as a substitute forecast.",PROMOTE/B:structural-nearness,CM-1-3-5-1-1 core:enabledBy CM-1-3-5-1-2,HOLD / D:hamid-verdict / TargetIdentityUnconfirmed (G3-B3 2026-09-26),HOLD / D:hamid-verdict / TargetIdentityUnconfirmed,"candidate target Determine and Allocate Sales Targets; Target identity is not evidenced by the source assertion. The proposed target was selected only by classifier nearness/unique-label matching, with no stable identifier, explicit target name, or source-definition/scope evidence linking the source to that target. A plausible semantic fit does not confirm the asserted target. No core:enabledBy emission, no retarget or remap at promotion; fact removed (verified unique); assertion retained as non-emitting evidence pending workbook-author target clarification and a fresh verdict."
REL-00767,B — nearness-only (decided B3: HELD),SoleCandidate/structural-nearness,CM-1-3-5-1-2,Develop & Agree Demand Forecasting Process,"Develop and agree the sales-side input process into the governed demand forecast — which sales intelligence, account plans, and pipeline evidence feed Produce Demand Forecast, in what form, cadence, and quality — never producing or adjusting the forecast itself.",enables,CM-1-3-5-1-3,Perform Account Planning,"Perform account planning for the accounts and account groups the sales plan prioritizes — objectives, opportunity maps, action plans, and resource assumptions per account — feeding execution and the forecast-input process with account-level evidence.",PROMOTE/B:structural-nearness,CM-1-3-5-1-3 core:enabledBy CM-1-3-5-1-2,HOLD / D:hamid-verdict / TargetIdentityUnconfirmed (G3-B3 2026-09-26),HOLD / D:hamid-verdict / TargetIdentityUnconfirmed,"candidate target Perform Account Planning; Target identity is not evidenced by the source assertion. The proposed target was selected only by classifier nearness/unique-label matching, with no stable identifier, explicit target name, or source-definition/scope evidence linking the source to that target. A plausible semantic fit does not confirm the asserted target. No core:enabledBy emission, no retarget or remap at promotion; fact removed (verified unique); assertion retained as non-emitting evidence pending workbook-author target clarification and a fresh verdict."
REL-00770,B — nearness-only (decided B3: HELD),SoleCandidate/structural-nearness,CM-1-3-5-1-3,Perform Account Planning,"Perform account planning for the accounts and account groups the sales plan prioritizes — objectives, opportunity maps, action plans, and resource assumptions per account — feeding execution and the forecast-input process with account-level evidence.",enables,CM-1-3-6-2,Sales Execution,"Execute the sales effort against the plans — pipeline, opportunities, key accounts, quotes, contracts and orders, and non-retail customer serving — as the commercial pursuit whose qualified outcomes are handed to the controlled transaction processes, measured against its own plan...",PROMOTE/B:structural-nearness,CM-1-3-6-2 core:enabledBy CM-1-3-5-1-3,HOLD / D:hamid-verdict / TargetIdentityUnconfirmed / Supersedes2026-09-25Approval (G3-B3 2026-09-26),HOLD / D:hamid-verdict / TargetIdentityUnconfirmed / Supersedes2026-09-25Approval,"candidate target Sales Execution; The earlier approval recognized a plausible semantic relationship: account planning provides account-level objectives, opportunity maps, action plans, and resource assumptions that Sales Execution may use. However, the original source assertion does not identify Sales Execution as its target. Under the subsequently approved nearness-only identity rule, predicate plausibility cannot substitute for source-backed target identity. Supersede the prior row-level approval (retained in provenance as superseded, not deleted), remove the current core:enabledBy fact, emit no substitute or retargeted fact, retain the source assertion as non-emitting evidence, and require source-workbook target clarification followed by a fresh verdict."
REL-00837,B — nearness-only (decided B3: HELD),SoleCandidate/structural-nearness,CM-1-3-6-2-2,Manage Key Accounts,"Manage the key account relationships — executing the account plans for the accounts that matter most, coordinating the company's face to each account, and keeping relationship commitments within the approved commercial frameworks.",enables,CM-1-3-6-2-3,Manage Opportunity,"Manage each sales opportunity from qualification through pursuit — pursuit strategy, stakeholder engagement, and solution shaping within the approved offers — driving the commercial pursuit to a qualified proceed/no-proceed or handoff outcome.",PROMOTE/B:structural-nearness,CM-1-3-6-2-3 core:enabledBy CM-1-3-6-2-2,HOLD / D:hamid-verdict / TargetIdentityUnconfirmed (G3-B3 2026-09-26),HOLD / D:hamid-verdict / TargetIdentityUnconfirmed,"candidate target Manage Opportunity; Target identity is not evidenced by the source assertion. The proposed target was selected only by classifier nearness/unique-label matching, with no stable identifier, explicit target name, or source-definition/scope evidence linking the source to that target. A plausible semantic fit does not confirm the asserted target. No core:enabledBy emission, no retarget or remap at promotion; fact removed (verified unique); assertion retained as non-emitting evidence pending workbook-author target clarification and a fresh verdict."
REL-00867,B — nearness-only (decided B4: HELD),SoleCandidate/structural-nearness,CM-1-3-6-5-1,Manage Advertising,"Execute released advertising: traffic approved creative to booked media, coordinate and monitor agency and vendor execution within approved media commitments, monitor placement quality and delivery, and capture spend and delivery actuals.",enables,CM-1-3-5-5-2,Campaign ROI Analysis,"Analyze campaign returns — outcomes against the measurement hooks each campaign carried, attribution within stated methodological limits, and return on spend — producing campaign-level evidence with assumptions and confidence stated.",PROMOTE/B:structural-nearness,CM-1-3-5-5-2 core:enabledBy CM-1-3-6-5-1,HOLD / D:hamid-verdict / TargetIdentityUnconfirmed (G3-B4 2026-09-26),HOLD / D:hamid-verdict / TargetIdentityUnconfirmed,"candidate target Campaign ROI Analysis; Target identity is not evidenced by the source assertion. The proposed target was selected only by classifier nearness/unique-label matching, with no stable identifier, explicit target name, or source-definition/scope evidence linking the source to that target. A plausible semantic fit does not confirm the asserted target. No core:enabledBy emission, no retarget or remap at promotion; fact removed (verified unique); assertion retained as non-emitting evidence pending workbook-author target clarification and a fresh verdict."
REL-00871,B — nearness-only (decided B4: HELD),SoleCandidate/structural-nearness,CM-1-3-6-5-3,Manage Direct Marketing,"Execute released direct-marketing activity: build audience executions from permissioned contactability data, dispatch messages through approved channels, honor preferences and opt-outs, and capture responses for measurement.",enables,CM-1-3-5-5-3,Customer Program Analysis,"Analyze customer programs — loyalty, card, and customer program performance against their design intents — within the privacy controls, as evidence for program design and planning decisions, never as program operation.",PROMOTE/B:structural-nearness,CM-1-3-5-5-3 core:enabledBy CM-1-3-6-5-3,HOLD / D:hamid-verdict / TargetIdentityUnconfirmed (G3-B4 2026-09-26),HOLD / D:hamid-verdict / TargetIdentityUnconfirmed,"candidate target Customer Program Analysis; Target identity is not evidenced by the source assertion. The proposed target was selected only by classifier nearness/unique-label matching, with no stable identifier, explicit target name, or source-definition/scope evidence linking the source to that target. A plausible semantic fit does not confirm the asserted target. No core:enabledBy emission, no retarget or remap at promotion; fact removed (verified unique); assertion retained as non-emitting evidence pending workbook-author target clarification and a fresh verdict."
REL-00906,B — nearness-only (decided B4: HELD),SoleCandidate/structural-nearness,CM-1-3-6-7-1,Manage Brand Standards and Inspections,"Define, maintain, and publish the brand standards that govern brand presentation and customer experience at branded sites and channels, and verify conformance through inspection programs: plan and conduct inspections where authorized, document findings, agree and track corrective...",enables,CM-1-3-6-1-3,Report Franchise Performance,"Report franchise and partner performance — volumes, standards conformance, program participation, and relationship health against the measurement frameworks — producing the evidence the relationship management and planning processes act from.",PROMOTE/B:structural-nearness,CM-1-3-6-1-3 core:enabledBy CM-1-3-6-7-1,HOLD / D:hamid-verdict / TargetIdentityUnconfirmed (G3-B4 2026-09-26),HOLD / D:hamid-verdict / TargetIdentityUnconfirmed,"candidate target Report Franchise Performance; Target identity is not evidenced by the source assertion. The proposed target was selected only by classifier nearness/unique-label matching, with no stable identifier, explicit target name, or source-definition/scope evidence linking the source to that target. A plausible semantic fit does not confirm the asserted target. No core:enabledBy emission, no retarget or remap at promotion; fact removed (verified unique); assertion retained as non-emitting evidence pending workbook-author target clarification and a fresh verdict."
REL-00914,B — nearness-only (decided B4: HELD),SoleCandidate/structural-nearness,CM-1-3-7-1-1,Maintain Customer and Commercial Account Master Data,"Maintain governed Party, Customer Account, account-role, hierarchy, address/location-reference, contact, commercial attribute, and relationship records as defined by the approved customer domain model. A customer master record may represent a party, account, role, relationship, o...",enables,CM-1-3-8-1,Manage Customer Invoicing and Billing,"The process of billing customers for delivered products and services: creating and distributing invoices from confirmed evidence and governed commercial data, determining transaction taxes per the Tax function's determinations, accounting for customer self-billing under executed ...",PROMOTE/B:structural-nearness,CM-1-3-8-1 core:enabledBy CM-1-3-7-1-1,HOLD / D:hamid-verdict / TargetIdentityUnconfirmed (G3-B4 2026-09-26),HOLD / D:hamid-verdict / TargetIdentityUnconfirmed,"candidate target Manage Customer Invoicing and Billing; Target identity is not evidenced by the source assertion. The proposed target was selected only by classifier nearness/unique-label matching, with no stable identifier, explicit target name, or source-definition/scope evidence linking the source to that target. A plausible semantic fit does not confirm the asserted target. No core:enabledBy emission, no retarget or remap at promotion; fact removed (verified unique); assertion retained as non-emitting evidence pending workbook-author target clarification and a fresh verdict."
REL-00919,B — nearness-only (decided B4: HELD),SoleCandidate/structural-nearness,CM-1-3-7-1-3,Maintain Product and Service Master Data,"Maintain governed product and service master records: create and update records, attributes, units of measure, classifications, and hierarchies on authorized submissions from the accountable product owners, keeping the catalog accurate and consumable by pricing, ordering, fulfill...",enables,CM-1-3-7-3-1,Capture & Validate Order,"Capture customer orders from all approved channels — portal, EDI, phone, direct entry — and validate each against governed controls: resolve the correct party and account roles, confirm product, price, terms, and tax from governed master data, apply credit checks, verify loading ...",PROMOTE/B:structural-nearness,CM-1-3-7-3-1 core:enabledBy CM-1-3-7-1-3,HOLD / D:hamid-verdict / TargetIdentityUnconfirmed (G3-B4 2026-09-26),HOLD / D:hamid-verdict / TargetIdentityUnconfirmed,"candidate target Capture & Validate Order; Target identity is not evidenced by the source assertion. The proposed target was selected only by classifier nearness/unique-label matching, with no stable identifier, explicit target name, or source-definition/scope evidence linking the source to that target. A plausible semantic fit does not confirm the asserted target. No core:enabledBy emission, no retarget or remap at promotion; fact removed (verified unique); assertion retained as non-emitting evidence pending workbook-author target clarification and a fresh verdict."
REL-00924,B — nearness-only (decided B4: HELD),SoleCandidate/structural-nearness,CM-1-3-7-1-5,Maintain Commercial Workflow Configuration,"Maintain the governed workflow configurations that control commercial transactions and master-data changes — approval chains, routing rules, thresholds, and escalation paths — keeping them aligned with approved delegations of authority and process designs, tested, versioned, and ...",enables,CM-1-3-7-2-1,Establish Commercial Terms & Contracts,"Establish the durable commercial arrangements under which customers transact: negotiate and establish master agreements, terms frameworks, and customer-specific commercial terms within approved policies and delegations, coordinate legal review and execution, and have executed ter...",PROMOTE/B:structural-nearness,CM-1-3-7-2-1 core:enabledBy CM-1-3-7-1-5,HOLD / D:hamid-verdict / TargetIdentityUnconfirmed (G3-B4 2026-09-26),HOLD / D:hamid-verdict / TargetIdentityUnconfirmed,"candidate target Establish Commercial Terms & Contracts; Target identity is not evidenced by the source assertion. The proposed target was selected only by classifier nearness/unique-label matching, with no stable identifier, explicit target name, or source-definition/scope evidence linking the source to that target. A plausible semantic fit does not confirm the asserted target. No core:enabledBy emission, no retarget or remap at promotion; fact removed (verified unique); assertion retained as non-emitting evidence pending workbook-author target clarification and a fresh verdict."
REL-00929,B — nearness-only (decided B4: HELD),SoleCandidate/structural-nearness,CM-1-3-7-2-1,Establish Commercial Terms & Contracts,"Establish the durable commercial arrangements under which customers transact: negotiate and establish master agreements, terms frameworks, and customer-specific commercial terms within approved policies and delegations, coordinate legal review and execution, and have executed ter...",enables,CM-1-3-7-2-2,Issue Quotes & Renewals,"Formally issue customer quotes and manage renewals through governed systems: produce quotes from approved prices, established terms, and the approved quote content requirements; manage validity periods, revisions, and versioning; and run contract-anchored renewal cycles so expiri...",PROMOTE/B:structural-nearness,CM-1-3-7-2-2 core:enabledBy CM-1-3-7-2-1,HOLD / D:hamid-verdict / TargetIdentityUnconfirmed (G3-B4 2026-09-26),HOLD / D:hamid-verdict / TargetIdentityUnconfirmed,"candidate target Issue Quotes & Renewals; Target identity is not evidenced by the source assertion. The proposed target was selected only by classifier nearness/unique-label matching, with no stable identifier, explicit target name, or source-definition/scope evidence linking the source to that target. A plausible semantic fit does not confirm the asserted target. No core:enabledBy emission, no retarget or remap at promotion; fact removed (verified unique); assertion retained as non-emitting evidence pending workbook-author target clarification and a fresh verdict."
REL-00938,B — nearness-only (decided B4: HELD),SoleCandidate/structural-nearness,CM-1-3-7-2-4,Define Financing & Payment Methods,"Define the approved financing options, payment methods, payment-term menus, eligibility conditions, and customer-facing commercial rules that may be offered within Treasury-approved instruments, Credit-approved exposure rules, Tax/Legal requirements, and delegated authorities.",enables,CM-1-3-7-2-1,Establish Commercial Terms & Contracts,"Establish the durable commercial arrangements under which customers transact: negotiate and establish master agreements, terms frameworks, and customer-specific commercial terms within approved policies and delegations, coordinate legal review and execution, and have executed ter...",PROMOTE/B:structural-nearness,CM-1-3-7-2-1 core:enabledBy CM-1-3-7-2-4,HOLD / D:hamid-verdict / TargetIdentityUnconfirmed (G3-B4 2026-09-26),HOLD / D:hamid-verdict / TargetIdentityUnconfirmed,"candidate target Establish Commercial Terms & Contracts; Target identity is not evidenced by the source assertion. The proposed target was selected only by classifier nearness/unique-label matching, with no stable identifier, explicit target name, or source-definition/scope evidence linking the source to that target. A plausible semantic fit does not confirm the asserted target. No core:enabledBy emission, no retarget or remap at promotion; fact removed (verified unique); assertion retained as non-emitting evidence pending workbook-author target clarification and a fresh verdict."
REL-00939,B — nearness-only (decided B4: HELD),SoleCandidate/structural-nearness,CM-1-3-7-2-4,Define Financing & Payment Methods,"Define the approved financing options, payment methods, payment-term menus, eligibility conditions, and customer-facing commercial rules that may be offered within Treasury-approved instruments, Credit-approved exposure rules, Tax/Legal requirements, and delegated authorities.",enables,CM-1-3-8-1,Manage Customer Invoicing and Billing,"The process of billing customers for delivered products and services: creating and distributing invoices from confirmed evidence and governed commercial data, determining transaction taxes per the Tax function's determinations, accounting for customer self-billing under executed ...",PROMOTE/B:structural-nearness,CM-1-3-8-1 core:enabledBy CM-1-3-7-2-4,HOLD / D:hamid-verdict / TargetIdentityUnconfirmed / Supersedes2026-09-25Approval (G3-B4 2026-09-26),HOLD / D:hamid-verdict / TargetIdentityUnconfirmed / Supersedes2026-09-25Approval,"candidate target Manage Customer Invoicing and Billing; The earlier approval found that approved financing and payment methods, terms, eligibility, and commercial rules are governed prerequisites for billing. That may well be true, but the source row never names Manage Customer Invoicing and Billing as its target. Under the identity rule, a plausible relationship cannot stand in for a named target. Supersede the prior approval (retained in provenance as superseded, not deleted), remove the current core:enabledBy fact, emit no substitute or retargeted fact, retain the source assertion as non-emitting evidence, and require source-workbook target clarification followed by a fresh verdict."
REL-00942,B — nearness-only (decided B4: HELD),SoleCandidate/structural-nearness,CM-1-3-7-2-5,Analyze Customer Profitability,"Analyze the profitability of customers, accounts, channels, and segments: apply Finance-approved costing and allocation methods to revenue, cost-to-serve, terms, rebate, and credit data to produce profitability views and insights that inform pricing strategy, terms decisions, cre...",enables,CM-1-3-3-2-3,Analyze Pricing Performance,"Analyze the performance of deployed pricing — realization against architecture, margin and volume effects, competitive position, and rule adherence — producing the recurring evidence that keeps the pricing strategy honest.",PROMOTE/B:structural-nearness,CM-1-3-3-2-3 core:enabledBy CM-1-3-7-2-5,HOLD / D:hamid-verdict / TargetIdentityUnconfirmed (G3-B4 2026-09-26),HOLD / D:hamid-verdict / TargetIdentityUnconfirmed,"candidate target Analyze Pricing Performance; Target identity is not evidenced by the source assertion. The proposed target was selected only by classifier nearness/unique-label matching, with no stable identifier, explicit target name, or source-definition/scope evidence linking the source to that target. A plausible semantic fit does not confirm the asserted target. No core:enabledBy emission, no retarget or remap at promotion; fact removed (verified unique); assertion retained as non-emitting evidence pending workbook-author target clarification and a fresh verdict."
REL-00960,B — nearness-only (decided B4: HELD),SoleCandidate/structural-nearness,CM-1-3-7-3-5,Track Order Book and Forecast Order Volumes,"Track the order book end to end — status, aging, exceptions, and completion across all open orders — and maintain the rolling short-horizon operational forecast of expected order volumes and timing that scheduling and supply processes plan against.",enables,CM-1-3-7-2-6,Manage Customer Portal,"Operate the customer self-service portal as a governed commercial channel: manage portal content and functions, coordinate customer access and business entitlements through Security-defined services, and route every portal transaction and inquiry into its accountable process.",PROMOTE/B:structural-nearness,CM-1-3-7-2-6 core:enabledBy CM-1-3-7-3-5,HOLD / D:hamid-verdict / TargetIdentityRejected (G3-B4 2026-09-26),HOLD / D:hamid-verdict / TargetIdentityRejected,"candidate target Manage Customer Portal; Tracking the order book and forecasting order volumes gives scheduling and supply their planning basis; it has nothing to do with running the customer self-service portal. The label match reads the source's order-tracking work as operating the portal, and neither definition supports that. Candidate selection rests only on nearness/label matching. No core:enabledBy emission; do not infer or retarget an alternative; fact removed (verified unique); requires source-workbook clarification."
REL-00996,B — nearness-only (decided B4: HELD),SoleCandidate/structural-nearness,CM-1-3-7-5-5,Conduct Customer Service Reviews,"Conduct structured periodic service reviews with customers: review service performance against commitments, open items and their paths to closure, complaint and issue trends, and agreed improvement actions, with tracked follow-through. Review cadence may be quarterly by default a...",enables,CM-1-3-6-2-2,Manage Key Accounts,"Manage the key account relationships — executing the account plans for the accounts that matter most, coordinating the company's face to each account, and keeping relationship commitments within the approved commercial frameworks.",PROMOTE/B:structural-nearness,CM-1-3-6-2-2 core:enabledBy CM-1-3-7-5-5,HOLD / D:hamid-verdict / TargetIdentityUnconfirmed (G3-B4 2026-09-26),HOLD / D:hamid-verdict / TargetIdentityUnconfirmed,"candidate target Manage Key Accounts; Target identity is not evidenced by the source assertion. The proposed target was selected only by classifier nearness/unique-label matching, with no stable identifier, explicit target name, or source-definition/scope evidence linking the source to that target. A plausible semantic fit does not confirm the asserted target. No core:enabledBy emission, no retarget or remap at promotion; fact removed (verified unique); assertion retained as non-emitting evidence pending workbook-author target clarification and a fresh verdict."
REL-00999,B — nearness-only (decided B4: HELD),SoleCandidate/structural-nearness,CM-1-3-7-5-6,Provide Customer Training,"Provide customers training on commercial tools, portals, ordering, documentation, card-program administration, and approved product/service interaction procedures. Where the program includes safe-handling orientation, the content is delivered exactly from approved Product Steward...",enables,CM-1-3-7-5-3,Process Inquiries and Requests,"Work each customer request or inquiry to resolution: answer directly what governed data and approved content can answer — status, information, and documentation requests — route the substance of everything else to its owning process with the case attached, track routed items to o...",PROMOTE/B:structural-nearness,CM-1-3-7-5-3 core:enabledBy CM-1-3-7-5-6,HOLD / D:hamid-verdict / TargetIdentityUnconfirmed (G3-B4 2026-09-26),HOLD / D:hamid-verdict / TargetIdentityUnconfirmed,"candidate target Process Inquiries and Requests; Target identity is not evidenced by the source assertion. The proposed target was selected only by classifier nearness/unique-label matching, with no stable identifier, explicit target name, or source-definition/scope evidence linking the source to that target. A plausible semantic fit does not confirm the asserted target. No core:enabledBy emission, no retarget or remap at promotion; fact removed (verified unique); assertion retained as non-emitting evidence pending workbook-author target clarification and a fresh verdict."
REL-01009,B — nearness-only (decided B4: HELD),SoleCandidate/structural-nearness,CM-1-3-8-1-3,Determine Taxability,"Determine the taxes applicable to each billed transaction. Apply tax determination rules through effective-dated tax master data, transaction attributes, product tax classes, origin/destination or jurisdiction logic, customer tax status, exemption evidence, and other Tax-approved...",enables,CM-1-3-8-4-4,Reconcile And Report Indirect Tax,"Reconcile O2C indirect taxes each period and prepare their reporting: reconcile transaction tax lines and governed tax data to the amounts reportable and remittable by tax type and jurisdiction — excise, sales and use, VAT/GST as applicable — prepare returns and reports per the T...",PROMOTE/B:structural-nearness,CM-1-3-8-4-4 core:enabledBy CM-1-3-8-1-3,HOLD / D:hamid-verdict / TargetIdentityUnconfirmed (G3-B4 2026-09-26),HOLD / D:hamid-verdict / TargetIdentityUnconfirmed,"candidate target Reconcile and Report Indirect Tax; Target identity is not evidenced by the source assertion. The proposed target was selected only by classifier nearness/unique-label matching, with no stable identifier, explicit target name, or source-definition/scope evidence linking the source to that target. A plausible semantic fit does not confirm the asserted target. No core:enabledBy emission, no retarget or remap at promotion; fact removed (verified unique); assertion retained as non-emitting evidence pending workbook-author target clarification and a fresh verdict."
REL-01013,B — nearness-only (decided B4: HELD),SoleCandidate/structural-nearness,CM-1-3-8-1-4,Create Credit Memo,"Create controlled credit memos on authorized instruction: validate the instructing process's authorization and documented basis, reference the original invoice, apply the applicable approvals per the delegations of authority, issue the credit memo, and record its complete linkage...",enables,CM-1-3-8-2,"Manage Cash Application, A/R & Revenue Accounting","The process of turning billed transactions into accounted revenue and settled receivables: Record and process receipt notifications, bank/lockbox/acquirer settlement information, remittance evidence, and accounting events relating to customer payments received through Treasury-ma...",PROMOTE/B:structural-nearness,CM-1-3-8-2 core:enabledBy CM-1-3-8-1-4,HOLD / D:hamid-verdict / TargetIdentityUnconfirmed (G3-B4 2026-09-26),HOLD / D:hamid-verdict / TargetIdentityUnconfirmed,"candidate target Manage Cash Application, A/R & Revenue Accounting; Target identity is not evidenced by the source assertion. The proposed target was selected only by classifier nearness/unique-label matching, with no stable identifier, explicit target name, or source-definition/scope evidence linking the source to that target. A plausible semantic fit does not confirm the asserted target. No core:enabledBy emission, no retarget or remap at promotion; fact removed (verified unique); assertion retained as non-emitting evidence pending workbook-author target clarification and a fresh verdict."
REL-01016,B — nearness-only (needs Hamid verdict),SoleCandidate/structural-nearness,CM-1-3-8-1-5,"Manage Invoice Exceptions, Reversals, and Rebilling","Correct billing through controlled document events: validate the correction's basis and authorization, and create the proper controlled document type under approved rules — full cancellation, partial correction, replacement/rebill, debit adjustment, tax-only correction, or except...",enables,CM-1-3-8-2,"Manage Cash Application, A/R & Revenue Accounting","The process of turning billed transactions into accounted revenue and settled receivables: Record and process receipt notifications, bank/lockbox/acquirer settlement information, remittance evidence, and accounting events relating to customer payments received through Treasury-ma...",PROMOTE/B:structural-nearness,CM-1-3-8-2 core:enabledBy CM-1-3-8-1-5,,,
REL-01049,B — nearness-only (needs Hamid verdict),SoleCandidate/structural-nearness,CM-1-3-8-3-4,Develop Root-Cause Analyses and Action Plans,"Turn dispute, deduction, and collection patterns into prevention: analyze the reason-coded evidence the resolution processes produce, identify root causes, develop action plans with the accountable owning processes, and track agreed actions to verified closure.",enables,CM-1-3-7-4-1,Maintain Credit Policies,"Maintain the credit policies that govern customer credit: encode the Finance-approved risk appetite into credit standards, terms eligibility rules, security requirements, hold/release rules, and delegation thresholds; keep policies current with experience and conditions; and publ...",PROMOTE/B:structural-nearness,CM-1-3-7-4-1 core:enabledBy CM-1-3-8-3-4,,,
REL-01085,B — nearness-only (needs Hamid verdict),SoleCandidate/structural-nearness,CM-1-3-9-1-6,Manage Contact Center,"Operate the contact-center channel for commercial service: manage capacity, queues, and routing across voice and digital contact channels, run channel operations to the service levels, monitor interaction quality, and provide the channel through which the customer-request process...",enables,CM-1-3-7-5-3,Process Inquiries and Requests,"Work each customer request or inquiry to resolution: answer directly what governed data and approved content can answer — status, information, and documentation requests — route the substance of everything else to its owning process with the case attached, track routed items to o...",PROMOTE/B:structural-nearness,CM-1-3-7-5-3 core:enabledBy CM-1-3-9-1-6,,,
REL-01093,B — nearness-only (needs Hamid verdict),SoleCandidate/structural-nearness,CM-1-3-9-2-3,Fulfill Service Events,"Fulfill individual service events end to end: receive the routed event with its case linkage, verify entitlement from governed delivery data, execute the service work per the applicable agreement and procedures, capture completion evidence, and return the outcome to the case and ...",enables,CM-1-3-7-5-3,Process Inquiries and Requests,"Work each customer request or inquiry to resolution: answer directly what governed data and approved content can answer — status, information, and documentation requests — route the substance of everything else to its owning process with the case attached, track routed items to o...",PROMOTE/B:structural-nearness,CM-1-3-7-5-3 core:enabledBy CM-1-3-9-2-3,,,
REL-01095,B — nearness-only (needs Hamid verdict),SoleCandidate/structural-nearness,CM-1-3-9-3-1,Measure Service Infrastructure,"Measure the performance of the service infrastructure from the business perspective: facilities fitness, technology and platform performance, and contact-channel performance — as evidence for the accountable owners.",enables,CM-1-3-9-1-6,Manage Contact Center,"Operate the contact-center channel for commercial service: manage capacity, queues, and routing across voice and digital contact channels, run channel operations to the service levels, monitor interaction quality, and provide the channel through which the customer-request process...",PROMOTE/B:structural-nearness,CM-1-3-9-1-6 core:enabledBy CM-1-3-9-3-1,,,
REL-01096,B — nearness-only (needs Hamid verdict),SoleCandidate/structural-nearness,CM-1-3-9-3-2,Measure Service Workforce Performance,"Measure workforce operational performance in the service operation — handle times, quality scores, utilization, schedule adherence, readiness — as evidence for capacity planning, training, and service improvement.",enables,CM-1-3-9-1-3,Manage Service Employees,"Manage the service workforce operationally: plan staffing against forecast demand, schedule and roster within applicable rules, maintain skills and readiness through training coordination, and support the workforce day to day — all within the HR-owned employment frameworks.",PROMOTE/B:structural-nearness,CM-1-3-9-1-3 core:enabledBy CM-1-3-9-3-2,,,
REL-01099,B — nearness-only (needs Hamid verdict),SoleCandidate/structural-nearness,CM-1-3-9-3-3,Measure Service Effectiveness,"Measure overall service effectiveness: resolution outcomes, service-level attainment, customer satisfaction and effort through governed measurement, and cost-effectiveness per Finance-approved methods — informing the operating model and the accountable owners.",enables,CM-1-3-9-1-1,Define Operating Model,"Define and maintain the service operating model. The model defines service scope, channels, operating hours, service tiers, escalation paths, roles, service-level design assumptions, and knowledge/procedure requirements. Contractually committed service levels require commercial-t...",PROMOTE/B:structural-nearness,CM-1-3-9-1-1 core:enabledBy CM-1-3-9-3-3,,,
REL-01104,B — nearness-only (needs Hamid verdict),SoleCandidate/structural-nearness,CM-1-2-5-4,Crude/Feed Supply Management,"The capability to keep the feedstock supply position sound — monitoring and controlling feedstock inventory positions against operating requirements, and assessing and managing the price, supply, and working-capital risk those positions carry — so the refinery is supplied without...",enables,CM-1-2-5-2-2,Develop Feedstock Demand,"Develop the projected feedstock requirement — quantity, grade, quality, and timing — from the refinery production plan and current inventory and supply positions, maintaining it as plans and positions change, so procurement, slate development, and trading coordination work from o...",PROMOTE/B:structural-nearness,CM-1-2-5-2-2 core:enabledBy CM-1-2-5-4,,,
REL-01115,B — nearness-only (needs Hamid verdict),SoleCandidate/structural-nearness,CM-1-3-6-7,Brand Standards Management,"The process of governing brand standards across the branded network: defining and maintaining the standards that govern brand presentation and customer experience at branded sites and channels, verifying conformance through inspection programs, and managing the brand imaging of s...",enables,CM-1-3-6-6-8,Ensure Card Design Compliance,"Ensure physical and digital card designs comply with applicable requirements: card scheme and network specifications where applicable, enterprise brand standards, and Security-defined technical and card-media specifications.",PROMOTE/B:structural-nearness,CM-1-3-6-6-8 core:enabledBy CM-1-3-6-7,,,
REL-01124,B — nearness-only (needs Hamid verdict),SoleCandidate/structural-nearness,CM-1-2-5-2,Crude/Feed Demand Management,"Translate the refinery production plan into feedstock supply action — developing the feedstock demand signal, recommending the economically attractive feedstock slate and run rate to Refinery Planning and Optimization, and coordinating the resulting requirements with the trading ...",enables,CM-1-2-1,Trading Management,"Trading management consists of processes performed in the front office such as forecasting, pre-trade analysis, managing counterparty credit and contracts, executing and capturing trades.",PROMOTE/B:structural-nearness,CM-1-2-1 core:enabledBy CM-1-2-5-2,,,
REL-01139,B — nearness-only (needs Hamid verdict),SoleCandidate/structural-nearness,CM-1-2-7-1,Contractual Agreements Management,"Negotiate, maintain commercial requirements for, and coordinate lifecycle changes to product-side agreements that enable product exchanges, customer delivery commitments, and storage/throughput access, so dependent supply, distribution, and settlement processes operate against cu...",enables,CM-1-2-6-3,Supply Operations,"Fulfill approved refined-product replenishment and supply requirements from Supply & Trading sources by coordinating product availability at purchased-supply, exchange, transfer, and third-party source points; confirming feasible supply and transport arrangements; and handing app...",PROMOTE/B:structural-nearness,CM-1-2-6-3 core:enabledBy CM-1-2-7-1,,,
REL-01142,B — nearness-only (needs Hamid verdict),SoleCandidate/structural-nearness,CM-1-2-7-2,Terminal Operations Management,"The capability to operate and maintain company-managed marketing and distribution terminals, loading facilities, and associated distribution fleet assets where the business unit is the designated operating entity, including site safety execution, fleet capability management, and ...",enables,CM-1-2-6-3,Supply Operations,"Fulfill approved refined-product replenishment and supply requirements from Supply & Trading sources by coordinating product availability at purchased-supply, exchange, transfer, and third-party source points; confirming feasible supply and transport arrangements; and handing app...",PROMOTE/B:structural-nearness,CM-1-2-6-3 core:enabledBy CM-1-2-7-2,,,
REL-01146,B — nearness-only (needs Hamid verdict),SoleCandidate/structural-nearness,CM-1-3-2-5,Customer Experience Strategy,"Develop and maintain the approved customer-experience strategy for the company's downstream customer and consumer interactions — the experience aspiration, guiding principles, and strategic pillars that every channel, offer, and service interaction is designed against — through a...",enables,CM-1-3-9-1,Service & Support Enablement,"The capability that builds and runs the machinery of commercial service and support: defining the service operating model, managing day-to-day service operations, and managing the workforce, facilities, technology, and contact-center channel the service processes run on.",PROMOTE/B:structural-nearness,CM-1-3-9-1 core:enabledBy CM-1-3-2-5,,,
REL-01156,B — nearness-only (needs Hamid verdict),SoleCandidate/structural-nearness,CM-1-3-5-5,Marketing Performance Analysis,"Analyze marketing performance — spend, campaign returns, and customer programs — executing approved measurement methods against the governed measurement frameworks and stewarded metrics, producing the evidence-layer findings that planning and strategy correct from.",enables,CM-1-3-5-3,Marketing Communications Planning,"Plan the marketing communications that deliver the approved communications strategy — from needs and target groups through mix models, budgets, and campaign development to the preparation and controlled release of communications deliverables — handing in-channel program execution...",PROMOTE/B:structural-nearness,CM-1-3-5-3 core:enabledBy CM-1-3-5-5,,,
REL-01161,B — nearness-only (needs Hamid verdict),SoleCandidate/structural-nearness,CM-1-3-6-5,Marketing Plan Execution,"The process of executing approved marketing plans in market: coordinating and monitoring advertising, promotion and event, and direct-marketing activity according to the released plans, calendars, budgets, and creative deliverables produced by marketing planning, and returning ex...",enables,CM-1-3-5-5,Marketing Performance Analysis,"Analyze marketing performance — spend, campaign returns, and customer programs — executing approved measurement methods against the governed measurement frameworks and stewarded metrics, producing the evidence-layer findings that planning and strategy correct from.",PROMOTE/B:structural-nearness,CM-1-3-5-5 core:enabledBy CM-1-3-6-5,,,
REL-01167,B — nearness-only (needs Hamid verdict),SoleCandidate/structural-nearness,CM-1-3-9-3,Service & Support Measurement,"The process of measuring the service operation on a recurring cycle: infrastructure and channel performance, workforce operational performance, and overall service effectiveness — consolidated into an integrated service performance view.",enables,CM-1-3-9-1-1,Define Operating Model,"Define and maintain the service operating model. The model defines service scope, channels, operating hours, service tiers, escalation paths, roles, service-level design assumptions, and knowledge/procedure requirements. Contractually committed service levels require commercial-t...",PROMOTE/B:structural-nearness,CM-1-3-9-1-1 core:enabledBy CM-1-3-9-3,,,
REL-01169,B — nearness-only (needs Hamid verdict),SoleCandidate/structural-nearness,CM-1-1-3-6,Physical Distribution Scheduling,"Schedule and administer the primary distribution movements that execute the product schedule — nominating volumes to pipelines, vessels, rail, and terminals, administering load and discharge events, and tracking movements to closure — so scheduled product arrives where the plan r...",enables,CM-1-1-6,Distribution Backcasting,"Reconcile actual distribution inventory availability, movements, deliveries, transportation costs, and customer fulfillment outcomes against the approved distribution plan and its contemporaneous assumptions and constraints; quantify and explain variances; and use validated lesso...",PROMOTE/B:structural-nearness,CM-1-1-6 core:enabledBy CM-1-1-3-6,,,
REL-01174,B — nearness-only (needs Hamid verdict),SoleCandidate/structural-nearness,CM-1-2-5-1,Crude/Feed Quality Management,"The capability to keep feedstock selection running on trustworthy quality and economic information — maintaining validated crude and feedstock quality data, reviewing the integrity of the evaluation models that consume it, and developing the quality-screened term and spot procure...",enables,CM-1-2-5-2-1,Coordinate Feedstock Trading,"Coordinate feedstock supply requirements with the trading processes — translating demand, slate recommendations, and schedule imbalances into requested purchases, sales, or exchanges with their grade, quality, quantity, timing, and delivery requirements, evaluating proposed trade...",PROMOTE/B:structural-nearness,CM-1-2-5-2-1 core:enabledBy CM-1-2-5-1,,,
REL-01176,B — nearness-only (needs Hamid verdict),SoleCandidate/structural-nearness,CM-1-3-1-1,Market Analysis,"Analyze the downstream product markets the company serves or could serve — market size, demand and supply balances, channel structure, margin pools, and regulatory and structural change — through a recurring, governed analysis cycle, so marketing strategy and planning decisions r...",enables,CM-1-3-2-1,Brand Strategy,"Develop and maintain the approved brand strategy for the company's downstream fuels and products marketing — brand positioning, brand architecture, and where and how the brand competes — through a recurring, hypothesis-driven strategy cycle grounded in the governed marketing evid...",PROMOTE/B:structural-nearness,CM-1-3-2-1 core:enabledBy CM-1-3-1-1,,,
REL-01179,B — nearness-only (needs Hamid verdict),SoleCandidate/structural-nearness,CM-1-3-1-2,Company Analysis,"Analyze the company's own position and performance in its downstream markets — market share, portfolio and asset position, capability strengths and gaps, and performance against the market, using approved internal data, external benchmarks, and stated comparability assumptions — ...",enables,CM-1-3-2-1,Brand Strategy,"Develop and maintain the approved brand strategy for the company's downstream fuels and products marketing — brand positioning, brand architecture, and where and how the brand competes — through a recurring, hypothesis-driven strategy cycle grounded in the governed marketing evid...",PROMOTE/B:structural-nearness,CM-1-3-2-1 core:enabledBy CM-1-3-1-2,,,
REL-01187,B — nearness-only (needs Hamid verdict),SoleCandidate/structural-nearness,CM-1-3-1-5,Competitor Analysis,"Analyze competitors in the company's downstream markets — their positions, conduct, capabilities, network moves, and likely responses — through a recurring, governed analysis cycle using legitimately obtained information, so strategy anticipates the competition it will actually f...",enables,CM-1-3-2-1,Brand Strategy,"Develop and maintain the approved brand strategy for the company's downstream fuels and products marketing — brand positioning, brand architecture, and where and how the brand competes — through a recurring, hypothesis-driven strategy cycle grounded in the governed marketing evid...",PROMOTE/B:structural-nearness,CM-1-3-2-1 core:enabledBy CM-1-3-1-5,,,
REL-01195,B — nearness-only (needs Hamid verdict),SoleCandidate/structural-nearness,CM-1-3-2-2,Customer And Marketer Value Proposition,"Develop and maintain the approved value proposition offered to the company's direct customers and branded marketers — the strategic promise concerning supply, brand, program, service, and support value made to commercial customers, resellers, jobbers, distributors, and dealers — ...",enables,CM-1-3-2-4,Sales & Distribution Channel Strategy,"Develop and maintain the approved strategic channel-of-trade direction for downstream sales and distribution — which routes to market the company participates in, their strategic roles, and the target channel mix — through a recurring cycle of channel diagnostics and hypothesis-d...",PROMOTE/B:structural-nearness,CM-1-3-2-4 core:enabledBy CM-1-3-2-2,,,
REL-01201,B — nearness-only (needs Hamid verdict),SoleCandidate/structural-nearness,CM-1-3-3-1,Customer Offer Definition,"Define the concrete customer offers that deliver the approved value propositions — which customer groups are targeted, what each offer contains, how it is validated, and how its performance will be measured — through a recurring offer-design cycle, so execution sells defined, val...",enables,CM-1-3-6-2,Sales Execution,"Execute the sales effort against the plans — pipeline, opportunities, key accounts, quotes, contracts and orders, and non-retail customer serving — as the commercial pursuit whose qualified outcomes are handed to the controlled transaction processes, measured against its own plan...",PROMOTE/B:structural-nearness,CM-1-3-6-2 core:enabledBy CM-1-3-3-1,,,
REL-01204,B — nearness-only (needs Hamid verdict),SoleCandidate/structural-nearness,CM-1-3-3-4,Network Design (Retail),"Develop and maintain the approved retail-network design—operating-model alternatives, target footprint, outlet formats, market coverage, and location criteria—within approved channel strategy and investment constraints, so site investment and network-development processes act aga...",enables,CM-1-3-6-1,Channel & Partner Management,"Manage the company's channel partner relationships — franchisees, licensed-brand providers, dealers, jobbers, and marketers — executing the designed engagement models, coordinating partner qualification and activation through the accountable control owners, reporting partner perf...",PROMOTE/B:structural-nearness,CM-1-3-6-1 core:enabledBy CM-1-3-3-4,,,
REL-01209,B — nearness-only (needs Hamid verdict),SoleCandidate/structural-nearness,CM-1-3-4-6,R&D Collaboration,"Coordinate the collaboration channels through which product and service innovation works with manufacturing, customers and technical service, research partners, and marketing — consistent intake, IP, and confidentiality controls across all channels — so collaboration accelerates ...",enables,CM-1-3-4-2,Concept & Feasibility Study,"Develop and evaluate product and service concepts — ideation from evidenced needs, research on candidate concepts, and feasibility assessment across market, technical, commercial, and regulatory dimensions — so only concepts that survive evidence and feasibility reach development...",PROMOTE/B:structural-nearness,CM-1-3-4-2 core:enabledBy CM-1-3-4-6,,,
REL-01219,B — nearness-only (needs Hamid verdict),SoleCandidate/structural-nearness,CM-1-3-6-1,Channel & Partner Management,"Manage the company's channel partner relationships — franchisees, licensed-brand providers, dealers, jobbers, and marketers — executing the designed engagement models, coordinating partner qualification and activation through the accountable control owners, reporting partner perf...",enables,CM-1-3-6-2,Sales Execution,"Execute the sales effort against the plans — pipeline, opportunities, key accounts, quotes, contracts and orders, and non-retail customer serving — as the commercial pursuit whose qualified outcomes are handed to the controlled transaction processes, measured against its own plan...",PROMOTE/B:structural-nearness,CM-1-3-6-2 core:enabledBy CM-1-3-6-1,,,
REL-01231,B — nearness-only (needs Hamid verdict),SoleCandidate/structural-nearness,CM-1-3-3-2,Pricing Strategy Management,"Establish and manage the pricing strategy for downstream marketing — the strategic pricing approach, the integrated pricing strategy and approved price parameters and guardrails across products, channels, and customer groups, and the piloting and performance feedback that keep it...",enables,CM-1-3-3-1,Customer Offer Definition,"Define the concrete customer offers that deliver the approved value propositions — which customer groups are targeted, what each offer contains, how it is validated, and how its performance will be measured — through a recurring offer-design cycle, so execution sells defined, val...",PROMOTE/B:structural-nearness,CM-1-3-3-1 core:enabledBy CM-1-3-3-2,,,
REL-01237,B — nearness-only (needs Hamid verdict),SoleCandidate/structural-nearness,CM-1-3-3-6,Operating Model Design,"Design the blueprint for how Marketing operates approved strategies and designs, including business-process architecture, role/capability requirements, organizational interfaces, procedural frameworks, control points, and measurement requirements, without setting headcount, appoi...",enables,CM-1-3-6-5,Marketing Plan Execution,"The process of executing approved marketing plans in market: coordinating and monitoring advertising, promotion and event, and direct-marketing activity according to the released plans, calendars, budgets, and creative deliverables produced by marketing planning, and returning ex...",PROMOTE/B:structural-nearness,CM-1-3-6-5 core:enabledBy CM-1-3-3-6,,,
REL-01245,B — nearness-only (needs Hamid verdict),SoleCandidate/structural-nearness,CM-1-2-1-1,Forecasting & Optimization,"The front-office capability to assemble and maintain a forward commercial view of supply, demand, generation, renewables, market conditions, and revenue, and to identify how the asset portfolio can be used commercially within approved plans and constraints.",enables,CM-1-2-1-4,Trading Strategy Management,"Develop, approve, and steward the trading strategies the front office runs — defining each strategy's objective, markets, instruments, and horizon, aligning it with approved authorities and risk limits, reviewing performance, and adjusting or retiring strategies as conditions cha...",PROMOTE/B:structural-nearness,CM-1-2-1-4 core:enabledBy CM-1-2-1-1,,,
REL-01248,B — nearness-only (needs Hamid verdict),SoleCandidate/structural-nearness,CM-1-3-4-4,Manage Licensing & IP,"The capability to manage the company's intellectual assets and licensing on the business side — maintaining the intellectual-asset framework, coordinating registration, valuing assets for decisions, protecting assets operationally, exploiting them commercially, and stewarding the...",enables,CM-1-3-4-6,R&D Collaboration,"Coordinate the collaboration channels through which product and service innovation works with manufacturing, customers and technical service, research partners, and marketing — consistent intake, IP, and confidentiality controls across all channels — so collaboration accelerates ...",PROMOTE/B:structural-nearness,CM-1-3-4-6 core:enabledBy CM-1-3-4-4,,,
REL-01250,B — nearness-only (needs Hamid verdict),SoleCandidate/structural-nearness,CM-1-3-7-1,Manage Commercial Master Data Stewardship,"The capability that stewards the governed commercial master data on which sales, pricing, fulfillment, billing, and service transactions depend — customer, price and discount, product and service, tax, and location/site records, together with the workflow configurations and comme...",enables,CM-1-3-8-1,Manage Customer Invoicing and Billing,"The process of billing customers for delivered products and services: creating and distributing invoices from confirmed evidence and governed commercial data, determining transaction taxes per the Tax function's determinations, accounting for customer self-billing under executed ...",PROMOTE/B:structural-nearness,CM-1-3-8-1 core:enabledBy CM-1-3-7-1,,,
REL-01259,B — nearness-only (needs Hamid verdict),SoleCandidate/structural-nearness,CM-1-3-7-4,Manage Credit & Risk,"The capability that owns customer credit and counterparty risk in commercial operations: maintaining credit policies that encode the approved risk appetite, establishing customer credit limits and risk codes, monitoring exposure against limits continuously, analyzing portfolio cr...",enables,CM-1-3-7-3,Capture And Manage Order Fulfillment,"The process of managing customer orders through their commercial lifecycle: capturing and validating orders against governed controls, allocating and releasing them per approved rules, coordinating fulfillment through the accountable physical operations, handling changes, cancell...",PROMOTE/B:structural-nearness,CM-1-3-7-3 core:enabledBy CM-1-3-7-4,,,
REL-01287,B — nearness-only (needs Hamid verdict),SoleCandidate/structural-nearness,CM-1-2-2-1,Credit Risk Management,"The capability to control counterparty credit risk in trading — assessing counterparty creditworthiness, setting and maintaining credit limits, administering credit support and margin, measuring exposure, analyzing portfolio credit risk, monitoring positions against limits, and r...",enables,CM-1-2-1-3,Trade Capture,"Perform the controlled pre-trade analysis, authorization, and post-execution recording of trades in the trading system — capturing complete commercial, operational, and regulatory terms by deal type and submitting required creation-data reports — so authorized transactions are av...",PROMOTE/B:structural-nearness,CM-1-2-1-3 core:enabledBy CM-1-2-2-1,,,
REL-01288,B — nearness-only (needs Hamid verdict),SoleCandidate/structural-nearness,CM-1-2-2-1,Credit Risk Management,"The capability to control counterparty credit risk in trading — assessing counterparty creditworthiness, setting and maintaining credit limits, administering credit support and margin, measuring exposure, analyzing portfolio credit risk, monitoring positions against limits, and r...",enables,CM-1-2-1-2,Contract Management,"Administer trading counterparties and commercial agreements through their lifecycle — onboarding and maintaining counterparty records; establishing, maintaining, terminating, and novating master agreements, standing agreements, and relevant transaction frameworks; managing specia...",PROMOTE/B:structural-nearness,CM-1-2-1-2 core:enabledBy CM-1-2-2-1,,,
REL-01304,B — nearness-only (needs Hamid verdict),SoleCandidate/structural-nearness,CM-1-1-3-7,Inventory Management,"The capability to govern, measure, reconcile, control, position, replenish, and account for petroleum feedstocks, intermediates, and refined products across the downstream network, including their quantity, quality, location, ownership, entitlement, identity, and availability.",enables,CM-1-1-2,Regional Optimization,"Optimize the integrated regional supply, demand, production, inventory, and product-movement plan to maximize commercial margin and reliably fulfill customer commitments within refinery, terminal, transportation, product-quality, and contractual constraints.",PROMOTE/B:structural-nearness,CM-1-1-2 core:enabledBy CM-1-1-3-7,,,
REL-01318,B — nearness-only (needs Hamid verdict),SoleCandidate/structural-nearness,CM-1-2-4-1,Settlements,"Determine and complete the financial settlement of trading transactions — calculating amounts owed and due from actualized quantities, contractual prices, and verified charge determinants; generating and validating invoices; netting where agreements provide; preparing, validating...",enables,CM-1-2-4-2-4,Manage AR/AP & Actuals,"Record trading receivables, payables, and actuals in the accounting records — recording authorized settlement outcomes and validated invoices in AR/AP, posting actualized transaction values, monitoring open items and aging, and keeping the payables and receivables position comple...",PROMOTE/B:structural-nearness,CM-1-2-4-2-4 core:enabledBy CM-1-2-4-1,,,
REL-00002,"RECONCILED — already held, no new verdict needed",ResolvedToConcept,CM-1-1-1-1-1,Prepare Master Data To Create Demand Forecast,"Prepare and validate the reference data and demand history that each forecast cycle depends on — product and market hierarchies, customer and location groupings, units of measure, and the historical demand series cleansed of outliers and one-off distortions — so the statistical b...",enables,CM-1-1-1-1,Produce Demand Forecast,"Develop, agree, and publish the recurring product demand forecast that downstream commercial planning runs on — expected demand by product, market, location, and period — by combining a statistical baseline with customer input and market intelligence, and monitor forecast perform...",,(held — no fact emitted),"HOLD / hierarchy restatement (Hamid 2026-09-25) — parent/child containment, no independent enablement evidence",,
REL-00013,"RECONCILED — already held, no new verdict needed",ResolvedToConcept,CM-1-1-1-1-5,Monitor Demand Forecasting Performance and Reporting,"Measure and report how well published demand forecasts predicted actual demand — tracking accuracy, bias, and the effect of adjustments at agreed levels and lags — and feed the findings back into forecasting methods and adjustment behavior.",enables,CM-1-1-1-1,Produce Demand Forecast,"Develop, agree, and publish the recurring product demand forecast that downstream commercial planning runs on — expected demand by product, market, location, and period — by combining a statistical baseline with customer input and market intelligence, and monitor forecast perform...",,(held — no fact emitted),HOLD / hierarchy restatement (Hamid 2026-09-25),,
REL-00262,"RECONCILED — already held, no new verdict needed",SoleCandidate/structural-nearness,CM-1-2-2-3-12,Conduct Advanced Risk Analytics,"Analyze market risk beyond the standard measures — backtesting the measures against outcomes, analyzing model behavior and measure limitations, investigating risk concentrations and emerging exposures, and developing analytical improvements — recommending changes to methodologies...",enables,CM-1-2-2-3-6,Manage Risk Limits,"Establish, maintain, publish, and adjust market-risk limits — by book, strategy, commodity, tenor, and measure — derived from approved risk appetite; administer documented temporary-excess and exception decisions under delegated authority; and tighten or suspend limits when condi...",PROMOTE/B:structural-nearness,(held — no fact emitted),HOLD / S&T ambiguous (Hamid 2026-09-26),,
REL-00263,"RECONCILED — already held, no new verdict needed",SoleCandidate/structural-nearness,CM-1-2-2-3-12,Conduct Advanced Risk Analytics,"Analyze market risk beyond the standard measures — backtesting the measures against outcomes, analyzing model behavior and measure limitations, investigating risk concentrations and emerging exposures, and developing analytical improvements — recommending changes to methodologies...",enables,CM-1-2-2-3-13,Manage Risk Reporting,"Produce governed internal market-risk reports — measures, limit utilization, breaches, scenario results, positions, and P&L, at agreed cadences for management and committees — and provide controlled inputs to applicable external or regulatory reporting through their accountable o...",PROMOTE/B:structural-nearness,(held — no fact emitted),HOLD / S&T ambiguous (Hamid 2026-09-26),,
REL-00440,"RECONCILED — already held, no new verdict needed",SoleCandidate/explicit-reference,CM-1-2-5-2-1,Coordinate Feedstock Trading,"Coordinate feedstock supply requirements with the trading processes — translating demand, slate recommendations, and schedule imbalances into requested purchases, sales, or exchanges with their grade, quality, quantity, timing, and delivery requirements, evaluating proposed trade...",enables,CM-1-2-1-3,Trade Capture,"Perform the controlled pre-trade analysis, authorization, and post-execution recording of trades in the trading system — capturing complete commercial, operational, and regulatory terms by deal type and submitting required creation-data reports — so authorized transactions are av...",PROMOTE/A:explicit-reference,(held — no fact emitted),HOLD / S&T advisory (Hamid 2026-09-26),,
REL-00445,"RECONCILED — already held, no new verdict needed",SoleCandidate/explicit-reference,CM-1-2-5-2-3,Recommend Feedstock Slate And Run Rate,"Recommend the economically attractive feedstock slate and run rate to Refinery Planning and Optimization — combining the demand signal, procurement slates, market prices, and supply economics into a trading-side recommendation that feeds the binding plan without setting it — so t...",enables,CM-1-1-4,Refinery Planning and Optimization,"Develop the commercially optimal refinery production plan — selecting crude and feedstock intake, refinery operating modes, unit-throughput targets, product yield and quality targets, and production horizons — to fulfill commercial commitments and maximize margin within feasible ...",PROMOTE/A:explicit-reference,(held — no fact emitted),HOLD / S&T advisory (Hamid 2026-09-26),,
REL-00455,"RECONCILED — already held, no new verdict needed",SoleCandidate/explicit-reference,CM-1-2-5-3-3,Plan Feedstock Arrival,"Plan individual feedstock arrivals — coordinating laycans, arrival timing, and berth and discharge sequencing with the terminal and refinery, recommending or coordinating proposed tank destinations with refinery/terminal operations subject to their operational authority, and adju...",enables,CM-1-2-3-1-4,Perform Vessel & Barge Actualization,"Actualize marine movements by vessel and barge — recording actual loaded and outturn quantities, qualities, and dates from bills of lading, independent inspection reports, and ship and shore figures per marine measurement practice, and identifying apparent voyage gains, losses, a...",PROMOTE/A:explicit-reference,(held — no fact emitted),HOLD / S&T advisory (Hamid 2026-09-26),,
REL-00458,"RECONCILED — already held, no new verdict needed",SoleCandidate/structural-nearness,CM-1-2-5-4-1,Assess & Manage Inventory Risk,"Assess the price, supply-availability, disruption, quality, concentration, and working-capital risk associated with feedstock inventory positions; recommend inventory, supply, operational, and hedging mitigations to accountable owners; and submit approved hedging requirements to ...",enables,CM-1-2-1,Trading Management,"Trading management consists of processes performed in the front office such as forecasting, pre-trade analysis, managing counterparty credit and contracts, executing and capturing trades.",PROMOTE/B:structural-nearness,(held — no fact emitted),HOLD / S&T ambiguous (Hamid 2026-09-26),,
REL-00466,"RECONCILED — already held, no new verdict needed",ResolvedToConcept,CM-1-2-6-1-2,Evaluate Market Attractiveness,"Evaluate market attractiveness for supply-network participation using accessible demand, realizable supply margin, logistics reach and cost, supply reliability, specification and regulatory constraints, and network fit — so participation recommendations rest on a consistent suppl...",enables,CM-1-2-6-1,Supply Network Participation Analysis,"Analyze the refined-product supply network's market participation — segmenting customers and markets on supply economics, evaluating market attractiveness for supply-network participation, and assessing cost-to-serve performance — and recommend where and whom the network should s...",,(held — no fact emitted),HOLD / hierarchy restatement (Hamid 2026-09-25),,
REL-00712,"RECONCILED — already held, no new verdict needed",SoleCandidate/structural-nearness,CM-1-3-4-1-3,Develop R&D Implementation Plans,"Develop the R&D implementation plans that mobilize the innovation vision — programs, priorities, capability and partner needs, and resource requirements — as approval-ready recommendations into the applicable delegated authorities.",enables,CM-1-3-4-2,Concept & Feasibility Study,"Develop and evaluate product and service concepts — ideation from evidenced needs, research on candidate concepts, and feasibility assessment across market, technical, commercial, and regulatory dimensions — so only concepts that survive evidence and feasibility reach development...",PROMOTE/B:structural-nearness,(held — no fact emitted),HOLD / S&T ambiguous (Hamid 2026-09-26),,
REL-00750,"RECONCILED — already held, no new verdict needed",SoleCandidate/explicit-reference,CM-1-3-4-5-4,Develop Portfolio Recommendations and Track Decisions,"Develop the portfolio recommendations and track delegated decisions — consolidating assessments into stage, stop, accelerate, extend, reposition, and retirement recommendations across the product, service, and R&D portfolios, submitting them to the applicable delegated authoritie...",enables,CM-1-3-4-3-3,Manage Product/Service Change,"Manage controlled change to existing products and services by assessing specification, formulation, service-design, regulatory, quality, supply, customer, pricing, tax, data, offer, channel, inventory, and operational impacts; obtaining required approvals; and coordinating effect...",PROMOTE/A:explicit-reference,(held — no fact emitted),HOLD / S&T advisory (Hamid 2026-09-26),,
REL-00758,"RECONCILED — already held, no new verdict needed",SoleCandidate/structural-nearness,CM-1-3-4-6-3,Collaborate with Research Partners,"Collaborate with external research partners — universities, institutes, suppliers, and technology providers — on research and development of mutual interest, under agreements Legal executes and the IP framework governs.",enables,CM-1-3-4-2-2,Conduct Research,"Conduct the research that tests candidate concepts — customer and consumer concept research, technical investigation, and market and commercial assessment — producing feasibility evidence with stated confidence for the concept recommendation.",PROMOTE/B:structural-nearness,(held — no fact emitted),HOLD / source correction — 'enables' flattens 'informs',,
REL-00773,"RECONCILED — already held, no new verdict needed",ResolvedToConcept,CM-1-3-5-1-4,Analyze Gaps Between Forecast & Actual Margins,"Analyze the gaps between the demand forecast, sales plan, targets, and actual margin performance — where assumptions, plans, and commitments diverged from governed actuals, and why — producing the evidence the next planning cycle corrects from.",enables,CM-1-3-5-1,Sales Planning,"Plan the sales effort that delivers the approved strategies — the agreed sales-input process into the governed demand forecast, allocated sales targets, account plans, and the margin-gap feedback loop — so sales execution runs against deliberate, evidenced plans rather than impro...",,(held — no fact emitted),HOLD / hierarchy restatement (Hamid 2026-09-25),,
REL-01053,"RECONCILED — already held, no new verdict needed",ResolvedToConcept,CM-1-3-8-4-1,Perform Period-End Processing,"Run O2C period-end close on the Finance-approved calendar: verify completeness and reconciliation evidence from every feeding process, process period-end adjustments under approved authority, enforce cutoff across billing, receipts, accruals, and corrections, and deliver the clos...",enables,CM-1-3-8-4-2,Perform AR Reconciliation and Compliance,"Reconcile the receivables subledger to the general ledger each period, resolve reconciling items through their owning processes, maintain the evidence that the O2C financial controls operated as designed, and support internal and external audit with governed records.",,(held — no fact emitted),HOLD / source correction (Hamid 2026-09-24) — close verifies/consumes reconciliation evidence; does not enable it,,
REL-01064,"RECONCILED — already held, no new verdict needed",SoleCandidate/explicit-reference,CM-1-3-8-4-5,Determine Taxability,"Assess and prepare taxability-treatment recommendations for Tax approval, including new or changed product, channel, jurisdiction, exemption, and exception classes; evaluate reporting/remittance implications; and coordinate approved treatment changes into governed tax data and pr...",enables,CM-1-3-7-1-4,Maintain Tax Master Data,"Maintain governed tax master records as directed by the accountable tax owners, with effective-dating aligned to legal effectivity, so that taxability determination and tax calculation in transactions consume current, authorized tax data.",PROMOTE/A:explicit-reference,(held — no fact emitted),HOLD / S&T advisory (Hamid 2026-09-26),,
REL-01094,"RECONCILED — already held, no new verdict needed",SoleCandidate/structural-nearness,CM-1-3-9-3-1,Measure Service Infrastructure,"Measure the performance of the service infrastructure from the business perspective: facilities fitness, technology and platform performance, and contact-channel performance — as evidence for the accountable owners.",enables,CM-1-3-9-1-5,Manage Technology,"Own the service operation's technology from the business side: define requirements and business configuration for service platforms (case, telephony, knowledge, workforce tools), drive adoption and fit-for-purpose use, and feed the service capability roadmap — with IT owning the ...",PROMOTE/B:structural-nearness,(held — no fact emitted),HOLD / source correction — 'enables' flattens 'informs',,
REL-01122,"RECONCILED — already held, no new verdict needed",SoleCandidate/structural-nearness,CM-1-1-7-3,Energy & Utility Management,"Optimize energy, utility, and emissions-allowance economics within refinery planning and scheduling by setting sourcing strategies, economic targets, and allowance-position recommendations that inform the production schedule.",enables,CM-1-1-7-1,Daily Execution Planning,"Translate the current production schedule into each day's refinery execution basis — updating the day's scheduling instructions and commitments, confirming the schedule-level resources the day depends on, and closing the daily production accounting balance — so the refinery works...",PROMOTE/B:structural-nearness,(held — no fact emitted),HOLD / S&T ambiguous (Hamid 2026-09-26),,
REL-01129,"RECONCILED — already held, no new verdict needed",SoleCandidate/explicit-reference,CM-1-2-6-1,Supply Network Participation Analysis,"Analyze the refined-product supply network's market participation — segmenting customers and markets on supply economics, evaluating market attractiveness for supply-network participation, and assessing cost-to-serve performance — and recommend where and whom the network should s...",enables,CM-1-1-2,Regional Optimization,"Optimize the integrated regional supply, demand, production, inventory, and product-movement plan to maximize commercial margin and reliably fulfill customer commitments within refinery, terminal, transportation, product-quality, and contractual constraints.",PROMOTE/A:explicit-reference,(held — no fact emitted),HOLD / S&T ambiguous (Hamid 2026-09-26),,
REL-01131,"RECONCILED — already held, no new verdict needed",SoleCandidate/structural-nearness,CM-1-2-6-1,Supply Network Participation Analysis,"Analyze the refined-product supply network's market participation — segmenting customers and markets on supply economics, evaluating market attractiveness for supply-network participation, and assessing cost-to-serve performance — and recommend where and whom the network should s...",enables,CM-1-2-6-2,Refined Product Demand Management,"Manage refined-product demand on the supply side — maintaining the operational demand picture the supply chain runs on, forecasting location-level product demand for supply operations, and managing product-exchange volumes as a balancing lever — so supply operations, replenishmen...",PROMOTE/B:structural-nearness,(held — no fact emitted),HOLD / source correction — 'enables' flattens 'informs',,
REL-01192,"RECONCILED — already held, no new verdict needed",SoleCandidate/structural-nearness,CM-1-3-2-1,Brand Strategy,"Develop and maintain the approved brand strategy for the company's downstream fuels and products marketing — brand positioning, brand architecture, and where and how the brand competes — through a recurring, hypothesis-driven strategy cycle grounded in the governed marketing evid...",enables,CM-1-3-2-4,Sales & Distribution Channel Strategy,"Develop and maintain the approved strategic channel-of-trade direction for downstream sales and distribution — which routes to market the company participates in, their strategic roles, and the target channel mix — through a recurring cycle of channel diagnostics and hypothesis-d...",PROMOTE/B:structural-nearness,(held — no fact emitted),HOLD / S&T ambiguous (Hamid 2026-09-26),,
REL-01206,"RECONCILED — already held, no new verdict needed",SoleCandidate/explicit-reference,CM-1-3-4-5,Lifecycle Management,"Manage the lifecycle and portfolio of downstream products, services, and R&D initiatives by identifying technology needs, valuing and assessing portfolio elements, and developing evidence-based stage, stop, accelerate, extend, reposition, and retirement recommendations for the ap...",enables,CM-1-3-4-3-3,Manage Product/Service Change,"Manage controlled change to existing products and services by assessing specification, formulation, service-design, regulatory, quality, supply, customer, pricing, tax, data, offer, channel, inventory, and operational impacts; obtaining required approvals; and coordinating effect...",PROMOTE/A:explicit-reference,(held — no fact emitted),HOLD / S&T ambiguous (Hamid 2026-09-26),,
REL-01312,"RECONCILED — already held, no new verdict needed",SoleCandidate/structural-nearness,CM-1-2-2-3,Market Risk Management,"The capability to independently measure, control, monitor, analyze, and report market risk in the trading book by governing risk-book structures, delegated authority, market-data inputs, valuations, limits, control cycles, positions, profit and loss, scenarios, and risk reporting...",enables,CM-1-2-1-3,Trade Capture,"Perform the controlled pre-trade analysis, authorization, and post-execution recording of trades in the trading system — capturing complete commercial, operational, and regulatory terms by deal type and submitting required creation-data reports — so authorized transactions are av...",PROMOTE/B:structural-nearness,(held — no fact emitted),"HOLD / source correction (Hamid 2026-09-24) — governance/constraint, not enablement",,
