row_id,source,source_definition,verb,target,target_definition,evidence_tier,pipeline_emission_status,merged_with_rows,canonical_fact,reverse_pair_verbs,pipeline_note,Hamid_decision,Hamid_rationale,target_match,target_match
REL-00010,Publish Forecast and Generate Component Level Forecast Plan,"Approve and publish the agreed demand forecast as the versioned planning basis, and translate it into the component-level forecast plan — the detailed breakdown by product grade or component, location, and period — that ",enables,Receive Demand Forecast,"Receive the published demand forecast and incorporate it into the trading forward view — validating the version, translating product, market, and period detail into the granularity trading uses, and refreshing trading as",PROMOTE,DUPLICATE_MERGE / canonical fact retained via REL-00145,REL-00145,CM-1-2-1-1-2 core:dependsOnOutputOf CM-1-1-1-1-4,uses-input,MergeAsDuplicateEvidence: retain as additional source provenance; the fact is independently evidenced,APPROVE / D:hamid-verdict / MergeAsDuplicateEvidence,"This enables assertion resolves to the same directed canonical fact as an independently recorded uses-input assertion for the same source-target pair. Merge this row as additional source evidence only. Do not create a new fact, alter the canonical predicate, reverse direction, or treat the enables wording as a semantic remap. The existing independently evidenced fact remains authoritative. Hamid 2026-09-26. (raw_verbs: uses-input; enables; canonical predicate: core:dependsOnOutputOf; independent evidence retained; enables row retained as duplicate provenance only.)",label-match-only (identity-unconfirmed provenance),label-match-only (identity-unconfirmed provenance)
REL-00057,Measure Inventory,"Establish the measured physical quantity of crude, intermediate, and product inventory across the network — from tank gauging, metering, and vessel and pipeline measurements converted to standard conditions — so book sto",enables,Monitor and Control Inventory Positions (CM-1-1-3-7-12),"Monitor and control actual and projected inventory positions for finished products and intermediates: identify operating-limit, availability, ownership, quality, location, and balance exceptions, coordinate timely respon",ResolvedToConcept,DUPLICATE_MERGE / canonical fact retained via REL-00048,REL-00048,CM-1-1-3-7-12 core:dependsOnOutputOf CM-1-1-3-7-4,uses-input,MergeAsDuplicateEvidence: retain as additional source provenance; the fact is independently evidenced,APPROVE / D:hamid-verdict / MergeAsDuplicateEvidence,"This enables assertion resolves to the same directed canonical fact as an independently recorded uses-input assertion for the same source-target pair. Merge this row as additional source evidence only. Do not create a new fact, alter the canonical predicate, reverse direction, or treat the enables wording as a semantic remap. The existing independently evidenced fact remains authoritative. Hamid 2026-09-26. (raw_verbs: uses-input; enables; canonical predicate: core:dependsOnOutputOf; independent evidence retained; enables row retained as duplicate provenance only.)",stable-id (identity confirmed),stable-id (identity confirmed)
REL-00089,Capture Crude Availability,"Establish which crude and feedstock volumes can realistically be secured and delivered inside the planning period — by grade, source, and arrival window — covering already-contracted supply, term liftings, and credible s",enables,Evaluate Crude & Feedstock,"Assess candidate crude oils and feedstocks for processing suitability and economic value in the planning period, using assay and quality data, expected yields against the refinery configuration, and delivered-cost econom",PROMOTE,DUPLICATE_MERGE / canonical fact retained via REL-00085,REL-00085,CM-1-1-4-7-2 core:dependsOnOutputOf CM-1-1-4-7-3,uses-input,MergeAsDuplicateEvidence: retain as additional source provenance; the fact is independently evidenced,APPROVE / D:hamid-verdict / MergeAsDuplicateEvidence,"This enables assertion resolves to the same directed canonical fact as an independently recorded uses-input assertion for the same source-target pair. Merge this row as additional source evidence only. Do not create a new fact, alter the canonical predicate, reverse direction, or treat the enables wording as a semantic remap. The existing independently evidenced fact remains authoritative. Hamid 2026-09-26. (raw_verbs: uses-input; enables; canonical predicate: core:dependsOnOutputOf; independent evidence retained; enables row retained as duplicate provenance only.)",label-match-only (identity-unconfirmed provenance),label-match-only (identity-unconfirmed provenance)
REL-00093,Capture Product/Crude/Feedstock Price,"Establish the price and economic assumption set used to value crude, feedstock, and finished-product streams in the optimization case — market reference prices, quality and location differentials, freight, and internal t",enables,Evaluate Crude & Feedstock,"Assess candidate crude oils and feedstocks for processing suitability and economic value in the planning period, using assay and quality data, expected yields against the refinery configuration, and delivered-cost econom",PROMOTE,DUPLICATE_MERGE / canonical fact retained via REL-00086,REL-00086,CM-1-1-4-7-2 core:dependsOnOutputOf CM-1-1-4-7-4,uses-input,MergeAsDuplicateEvidence: retain as additional source provenance; the fact is independently evidenced,APPROVE / D:hamid-verdict / MergeAsDuplicateEvidence,"This enables assertion resolves to the same directed canonical fact as an independently recorded uses-input assertion for the same source-target pair. Merge this row as additional source evidence only. Do not create a new fact, alter the canonical predicate, reverse direction, or treat the enables wording as a semantic remap. The existing independently evidenced fact remains authoritative. Hamid 2026-09-26. (raw_verbs: uses-input; enables; canonical predicate: core:dependsOnOutputOf; independent evidence retained; enables row retained as duplicate provenance only.)",label-match-only (identity-unconfirmed provenance),label-match-only (identity-unconfirmed provenance)
REL-00120,Maintain Production Scheduling Master Data,"Create, maintain, and retire the reference and parameter data the production scheduling model depends on — unit capacities and constraints, product and recipe definitions, transition and changeover rules, tankage paramet",enables,Create Production Scheduling and Sequencing Plan,"Build the dated production schedule and sequencing plan for the scheduling horizon — assigning campaigns, schedule-level unit commitments, blends, and movements to dates and sequences within the approved plan, the produc",PROMOTE,DUPLICATE_MERGE / canonical fact retained via REL-00124,REL-00124,CM-1-1-7-2-3 core:dependsOnOutputOf CM-1-1-7-2-1,uses-input,MergeAsDuplicateEvidence: retain as additional source provenance; the fact is independently evidenced,APPROVE / D:hamid-verdict / MergeAsDuplicateEvidence,"This enables assertion resolves to the same directed canonical fact as an independently recorded uses-input assertion for the same source-target pair. Merge this row as additional source evidence only. Do not create a new fact, alter the canonical predicate, reverse direction, or treat the enables wording as a semantic remap. The existing independently evidenced fact remains authoritative. Hamid 2026-09-26. (raw_verbs: uses-input; enables; canonical predicate: core:dependsOnOutputOf; independent evidence retained; enables row retained as duplicate provenance only.)",label-match-only (identity-unconfirmed provenance),label-match-only (identity-unconfirmed provenance)
REL-00143,Receive Production Forecast,"Receive and incorporate the refinery production plans and schedules into the trading forward view — validating completeness, translating volumes into tradable supply by product, location, and period, and refreshing the v",enables,Perform Asset Optimization,"Assess and optimize the commercial use of approved asset flexibility — including storage, transportation and terminal capacity, supply commitments, exchanges, and generation availability — against market conditions, iden",PROMOTE,DUPLICATE_MERGE / canonical fact retained via REL-00150,REL-00150,CM-1-2-1-1-4 core:dependsOnOutputOf CM-1-2-1-1-1,uses-input,MergeAsDuplicateEvidence: retain as additional source provenance; the fact is independently evidenced,APPROVE / D:hamid-verdict / MergeAsDuplicateEvidence,"This enables assertion resolves to the same directed canonical fact as an independently recorded uses-input assertion for the same source-target pair. Merge this row as additional source evidence only. Do not create a new fact, alter the canonical predicate, reverse direction, or treat the enables wording as a semantic remap. The existing independently evidenced fact remains authoritative. Hamid 2026-09-26. (raw_verbs: uses-input; enables; canonical predicate: core:dependsOnOutputOf; independent evidence retained; enables row retained as duplicate provenance only.)",label-match-only (identity-unconfirmed provenance),label-match-only (identity-unconfirmed provenance)
REL-00146,Receive Demand Forecast,"Receive the published demand forecast and incorporate it into the trading forward view — validating the version, translating product, market, and period detail into the granularity trading uses, and refreshing trading as",enables,Perform Asset Optimization,"Assess and optimize the commercial use of approved asset flexibility — including storage, transportation and terminal capacity, supply commitments, exchanges, and generation availability — against market conditions, iden",PROMOTE,DUPLICATE_MERGE / canonical fact retained via REL-00151,REL-00151,CM-1-2-1-1-4 core:dependsOnOutputOf CM-1-2-1-1-2,uses-input,MergeAsDuplicateEvidence: retain as additional source provenance; the fact is independently evidenced,APPROVE / D:hamid-verdict / MergeAsDuplicateEvidence,"This enables assertion resolves to the same directed canonical fact as an independently recorded uses-input assertion for the same source-target pair. Merge this row as additional source evidence only. Do not create a new fact, alter the canonical predicate, reverse direction, or treat the enables wording as a semantic remap. The existing independently evidenced fact remains authoritative. Hamid 2026-09-26. (raw_verbs: uses-input; enables; canonical predicate: core:dependsOnOutputOf; independent evidence retained; enables row retained as duplicate provenance only.)",label-match-only (identity-unconfirmed provenance),label-match-only (identity-unconfirmed provenance)
REL-00152,Perform Asset Optimization,"Assess and optimize the commercial use of approved asset flexibility — including storage, transportation and terminal capacity, supply commitments, exchanges, and generation availability — against market conditions, iden",enables,Trading Strategy Management,"Develop, approve, and steward the trading strategies the front office runs — defining each strategy's objective, markets, instruments, and horizon, aligning it with approved authorities and risk limits, reviewing perform",PROMOTE,DUPLICATE_MERGE / canonical fact retained via REL-00214,REL-00214,CM-1-2-1-4 core:dependsOnOutputOf CM-1-2-1-1-4,uses-input,MergeAsDuplicateEvidence: retain as additional source provenance; the fact is independently evidenced,APPROVE / D:hamid-verdict / MergeAsDuplicateEvidence,"This enables assertion resolves to the same directed canonical fact as an independently recorded uses-input assertion for the same source-target pair. Merge this row as additional source evidence only. Do not create a new fact, alter the canonical predicate, reverse direction, or treat the enables wording as a semantic remap. The existing independently evidenced fact remains authoritative. Hamid 2026-09-26. (raw_verbs: uses-input; enables; canonical predicate: core:dependsOnOutputOf; independent evidence retained; enables row retained as duplicate provenance only.)",label-match-only (identity-unconfirmed provenance),label-match-only (identity-unconfirmed provenance)
REL-00154,Forecast Revenue,"Project the trading organization's expected economics — projected trading revenue, gross margin, and economic exposure from current positions, planned flows, the forward view, and market prices — so management and strate",enables,Trading Strategy Management,"Develop, approve, and steward the trading strategies the front office runs — defining each strategy's objective, markets, instruments, and horizon, aligning it with approved authorities and risk limits, reviewing perform",PROMOTE,DUPLICATE_MERGE / canonical fact retained via REL-00213,REL-00213,CM-1-2-1-4 core:dependsOnOutputOf CM-1-2-1-1-5,uses-input,MergeAsDuplicateEvidence: retain as additional source provenance; the fact is independently evidenced,APPROVE / D:hamid-verdict / MergeAsDuplicateEvidence,"This enables assertion resolves to the same directed canonical fact as an independently recorded uses-input assertion for the same source-target pair. Merge this row as additional source evidence only. Do not create a new fact, alter the canonical predicate, reverse direction, or treat the enables wording as a semantic remap. The existing independently evidenced fact remains authoritative. Hamid 2026-09-26. (raw_verbs: uses-input; enables; canonical predicate: core:dependsOnOutputOf; independent evidence retained; enables row retained as duplicate provenance only.)",label-match-only (identity-unconfirmed provenance),label-match-only (identity-unconfirmed provenance)
REL-00227,Calculate Credit Exposure,"Calculate current and, where required by approved methodology, potential future credit exposure for each counterparty and group — aggregating trading positions, mark-to-market values, delivered-but-unpaid and other settl",enables,Manage Collateral,"Administer contractual credit support both held and posted — cash collateral, securities, letters of credit, guarantees, and other eligible security, with their haircuts, thresholds, independent amounts, and substitution",PROMOTE,DUPLICATE_MERGE / canonical fact retained via REL-00222,REL-00222,CM-1-2-2-1-3 core:dependsOnOutputOf CM-1-2-2-1-4,uses-input,MergeAsDuplicateEvidence: retain as additional source provenance; the fact is independently evidenced,APPROVE / D:hamid-verdict / MergeAsDuplicateEvidence,"This enables assertion resolves to the same directed canonical fact as an independently recorded uses-input assertion for the same source-target pair. Merge this row as additional source evidence only. Do not create a new fact, alter the canonical predicate, reverse direction, or treat the enables wording as a semantic remap. The existing independently evidenced fact remains authoritative. Hamid 2026-09-26. (raw_verbs: uses-input; enables; canonical predicate: core:dependsOnOutputOf; independent evidence retained; enables row retained as duplicate provenance only.)",label-match-only (identity-unconfirmed provenance),label-match-only (identity-unconfirmed provenance)
REL-00233,Perform Advanced Credit Risk Analytics,"Analyze credit risk at portfolio level — concentrations, stress and scenario impacts, default-likelihood signals, and correlation effects such as wrong-way exposure — so appetite, limits, and mitigation decisions rest on",enables,Manage Credit Risk Reporting,"Produce governed internal credit-risk reports — exposures, limit utilization, breaches, credit-support and margin positions, and concentrations, at agreed cadences and levels for management and committees — and provide c",PROMOTE,DUPLICATE_MERGE / canonical fact retained via REL-00238,REL-00238,CM-1-2-2-1-8 core:dependsOnOutputOf CM-1-2-2-1-6,uses-input,MergeAsDuplicateEvidence: retain as additional source provenance; the fact is independently evidenced,APPROVE / D:hamid-verdict / MergeAsDuplicateEvidence,"This enables assertion resolves to the same directed canonical fact as an independently recorded uses-input assertion for the same source-target pair. Merge this row as additional source evidence only. Do not create a new fact, alter the canonical predicate, reverse direction, or treat the enables wording as a semantic remap. The existing independently evidenced fact remains authoritative. Hamid 2026-09-26. (raw_verbs: uses-input; enables; canonical predicate: core:dependsOnOutputOf; independent evidence retained; enables row retained as duplicate provenance only.)",label-match-only (identity-unconfirmed provenance),label-match-only (identity-unconfirmed provenance)
REL-00267,Manage Volatilities And Correlations,"Source, construct, validate, and publish the volatility and correlation parameters that option valuation and risk measurement depend on — by commodity, location, and tenor per approved methodology — so valuations and mea",enables,Manage Commodity Valuations,"Produce and control the official valuations of the trading book — marking positions to market or, where approved, to model per approved methodology from the official curves and parameters, applying approved valuation adj",PROMOTE,DUPLICATE_MERGE / canonical fact retained via REL-00270,REL-00270,CM-1-2-2-3-15 core:dependsOnOutputOf CM-1-2-2-3-14,uses-input,MergeAsDuplicateEvidence: retain as additional source provenance; the fact is independently evidenced,APPROVE / D:hamid-verdict / MergeAsDuplicateEvidence,"This enables assertion resolves to the same directed canonical fact as an independently recorded uses-input assertion for the same source-target pair. Merge this row as additional source evidence only. Do not create a new fact, alter the canonical predicate, reverse direction, or treat the enables wording as a semantic remap. The existing independently evidenced fact remains authoritative. Hamid 2026-09-26. (raw_verbs: uses-input; enables; canonical predicate: core:dependsOnOutputOf; independent evidence retained; enables row retained as duplicate provenance only.)",label-match-only (identity-unconfirmed provenance),label-match-only (identity-unconfirmed provenance)
REL-00268,Manage Volatilities And Correlations,"Source, construct, validate, and publish the volatility and correlation parameters that option valuation and risk measurement depend on — by commodity, location, and tenor per approved methodology — so valuations and mea",enables,Measure Risk,"Compute the organization's market-risk measures — value-at-risk, sensitivities, position and tenor exposures, and the other measures the approved framework requires — from validated positions, curves, and volatilities, p",PROMOTE,DUPLICATE_MERGE / canonical fact retained via REL-00288,REL-00288,CM-1-2-2-3-7 core:dependsOnOutputOf CM-1-2-2-3-14,uses-input,MergeAsDuplicateEvidence: retain as additional source provenance; the fact is independently evidenced,APPROVE / D:hamid-verdict / MergeAsDuplicateEvidence,"This enables assertion resolves to the same directed canonical fact as an independently recorded uses-input assertion for the same source-target pair. Merge this row as additional source evidence only. Do not create a new fact, alter the canonical predicate, reverse direction, or treat the enables wording as a semantic remap. The existing independently evidenced fact remains authoritative. Hamid 2026-09-26. (raw_verbs: uses-input; enables; canonical predicate: core:dependsOnOutputOf; independent evidence retained; enables row retained as duplicate provenance only.)",label-match-only (identity-unconfirmed provenance),label-match-only (identity-unconfirmed provenance)
REL-00271,Manage Commodity Valuations,"Produce and control the official valuations of the trading book — marking positions to market or, where approved, to model per approved methodology from the official curves and parameters, applying approved valuation adj",enables,Perform Position & P&L Analysis (CM-1-2-2-3-9),"Produce and analyze the official, controlled position and realized and unrealized P&L picture — explaining daily P&L by its drivers (price, position, new deals, amendments, and other effects), investigating unexplained a",ResolvedToConcept,DUPLICATE_MERGE / canonical fact retained via REL-00293,REL-00293,CM-1-2-2-3-9 core:dependsOnOutputOf CM-1-2-2-3-15,uses-input,MergeAsDuplicateEvidence: retain as additional source provenance; the fact is independently evidenced,APPROVE / D:hamid-verdict / MergeAsDuplicateEvidence,"This enables assertion resolves to the same directed canonical fact as an independently recorded uses-input assertion for the same source-target pair. Merge this row as additional source evidence only. Do not create a new fact, alter the canonical predicate, reverse direction, or treat the enables wording as a semantic remap. The existing independently evidenced fact remains authoritative. Hamid 2026-09-26. (raw_verbs: uses-input; enables; canonical predicate: core:dependsOnOutputOf; independent evidence retained; enables row retained as duplicate provenance only.)",stable-id (identity confirmed),stable-id (identity confirmed)
REL-00275,Setup And Manage Curves,"Construct and maintain the forward price curves the organization values and measures risk with — sourcing market data, building and validating curves by commodity, location, and tenor per approved methodology, and publis",enables,Manage Commodity Valuations,"Produce and control the official valuations of the trading book — marking positions to market or, where approved, to model per approved methodology from the official curves and parameters, applying approved valuation adj",PROMOTE,DUPLICATE_MERGE / canonical fact retained via REL-00269,REL-00269,CM-1-2-2-3-15 core:dependsOnOutputOf CM-1-2-2-3-3,uses-input,MergeAsDuplicateEvidence: retain as additional source provenance; the fact is independently evidenced,APPROVE / D:hamid-verdict / MergeAsDuplicateEvidence,"This enables assertion resolves to the same directed canonical fact as an independently recorded uses-input assertion for the same source-target pair. Merge this row as additional source evidence only. Do not create a new fact, alter the canonical predicate, reverse direction, or treat the enables wording as a semantic remap. The existing independently evidenced fact remains authoritative. Hamid 2026-09-26. (raw_verbs: uses-input; enables; canonical predicate: core:dependsOnOutputOf; independent evidence retained; enables row retained as duplicate provenance only.)",label-match-only (identity-unconfirmed provenance),label-match-only (identity-unconfirmed provenance)
REL-00277,Setup And Manage Curves,"Construct and maintain the forward price curves the organization values and measures risk with — sourcing market data, building and validating curves by commodity, location, and tenor per approved methodology, and publis",enables,Measure Risk,"Compute the organization's market-risk measures — value-at-risk, sensitivities, position and tenor exposures, and the other measures the approved framework requires — from validated positions, curves, and volatilities, p",PROMOTE,DUPLICATE_MERGE / canonical fact retained via REL-00287,REL-00287,CM-1-2-2-3-7 core:dependsOnOutputOf CM-1-2-2-3-3,uses-input,MergeAsDuplicateEvidence: retain as additional source provenance; the fact is independently evidenced,APPROVE / D:hamid-verdict / MergeAsDuplicateEvidence,"This enables assertion resolves to the same directed canonical fact as an independently recorded uses-input assertion for the same source-target pair. Merge this row as additional source evidence only. Do not create a new fact, alter the canonical predicate, reverse direction, or treat the enables wording as a semantic remap. The existing independently evidenced fact remains authoritative. Hamid 2026-09-26. (raw_verbs: uses-input; enables; canonical predicate: core:dependsOnOutputOf; independent evidence retained; enables row retained as duplicate provenance only.)",label-match-only (identity-unconfirmed provenance),label-match-only (identity-unconfirmed provenance)
REL-00282,Perform End-of-Month (EOM) Process,"Coordinate and evidence the month-end trading-risk control cycle — reconciling and reviewing the month's daily controlled results, producing month-end economic valuation, position, P&L, and risk outputs, resolving or for",enables,Reconcile Economic PNL to Accounting PNL (CM-1-2-4-2-6),"Reconcile the economic profit and loss produced by the trading risk processes to the profit and loss recorded in the accounting books — identifying, quantifying, explaining, and evidencing expected and unexpected differe",ResolvedToConcept,DUPLICATE_MERGE / canonical fact retained via REL-00380,REL-00380,CM-1-2-4-2-6 core:dependsOnOutputOf CM-1-2-2-3-5,uses-input,MergeAsDuplicateEvidence: retain as additional source provenance; the fact is independently evidenced,APPROVE / D:hamid-verdict / MergeAsDuplicateEvidence,"This enables assertion resolves to the same directed canonical fact as an independently recorded uses-input assertion for the same source-target pair. Merge this row as additional source evidence only. Do not create a new fact, alter the canonical predicate, reverse direction, or treat the enables wording as a semantic remap. The existing independently evidenced fact remains authoritative. Hamid 2026-09-26. (raw_verbs: uses-input; enables; canonical predicate: core:dependsOnOutputOf; independent evidence retained; enables row retained as duplicate provenance only.)",stable-id (identity confirmed),stable-id (identity confirmed)
REL-00289,Measure Risk,"Compute the organization's market-risk measures — value-at-risk, sensitivities, position and tenor exposures, and the other measures the approved framework requires — from validated positions, curves, and volatilities, p",enables,Monitor Risk,"Continuously watch market risk against limits — detecting breaches and near-breaches, escalating them per policy, tracking them to resolution, and watching concentration and regime signals — so no excursion goes unseen o",PROMOTE,DUPLICATE_MERGE / canonical fact retained via REL-00290,REL-00290,CM-1-2-2-3-8 core:dependsOnOutputOf CM-1-2-2-3-7,uses-input,MergeAsDuplicateEvidence: retain as additional source provenance; the fact is independently evidenced,APPROVE / D:hamid-verdict / MergeAsDuplicateEvidence,"This enables assertion resolves to the same directed canonical fact as an independently recorded uses-input assertion for the same source-target pair. Merge this row as additional source evidence only. Do not create a new fact, alter the canonical predicate, reverse direction, or treat the enables wording as a semantic remap. The existing independently evidenced fact remains authoritative. Hamid 2026-09-26. (raw_verbs: uses-input; enables; canonical predicate: core:dependsOnOutputOf; independent evidence retained; enables row retained as duplicate provenance only.)",label-match-only (identity-unconfirmed provenance),label-match-only (identity-unconfirmed provenance)
REL-00292,Monitor Risk,"Continuously watch market risk against limits — detecting breaches and near-breaches, escalating them per policy, tracking them to resolution, and watching concentration and regime signals — so no excursion goes unseen o",enables,Manage Risk Reporting,"Produce governed internal market-risk reports — measures, limit utilization, breaches, scenario results, positions, and P&L, at agreed cadences for management and committees — and provide controlled inputs to applicable ",PROMOTE,DUPLICATE_MERGE / canonical fact retained via REL-00264,REL-00264,CM-1-2-2-3-13 core:dependsOnOutputOf CM-1-2-2-3-8,uses-input,MergeAsDuplicateEvidence: retain as additional source provenance; the fact is independently evidenced,APPROVE / D:hamid-verdict / MergeAsDuplicateEvidence,"This enables assertion resolves to the same directed canonical fact as an independently recorded uses-input assertion for the same source-target pair. Merge this row as additional source evidence only. Do not create a new fact, alter the canonical predicate, reverse direction, or treat the enables wording as a semantic remap. The existing independently evidenced fact remains authoritative. Hamid 2026-09-26. (raw_verbs: uses-input; enables; canonical predicate: core:dependsOnOutputOf; independent evidence retained; enables row retained as duplicate provenance only.)",label-match-only (identity-unconfirmed provenance),label-match-only (identity-unconfirmed provenance)
REL-00295,Perform Position & P&L Analysis,"Produce and analyze the official, controlled position and realized and unrealized P&L picture — explaining daily P&L by its drivers (price, position, new deals, amendments, and other effects), investigating unexplained a",enables,Manage Risk Reporting,"Produce governed internal market-risk reports — measures, limit utilization, breaches, scenario results, positions, and P&L, at agreed cadences for management and committees — and provide controlled inputs to applicable ",PROMOTE,DUPLICATE_MERGE / canonical fact retained via REL-00265,REL-00265,CM-1-2-2-3-13 core:dependsOnOutputOf CM-1-2-2-3-9,uses-input,MergeAsDuplicateEvidence: retain as additional source provenance; the fact is independently evidenced,APPROVE / D:hamid-verdict / MergeAsDuplicateEvidence,"This enables assertion resolves to the same directed canonical fact as an independently recorded uses-input assertion for the same source-target pair. Merge this row as additional source evidence only. Do not create a new fact, alter the canonical predicate, reverse direction, or treat the enables wording as a semantic remap. The existing independently evidenced fact remains authoritative. Hamid 2026-09-26. (raw_verbs: uses-input; enables; canonical predicate: core:dependsOnOutputOf; independent evidence retained; enables row retained as duplicate provenance only.)",label-match-only (identity-unconfirmed provenance),label-match-only (identity-unconfirmed provenance)
REL-00358,Manage Accounting Treatments,"Assess, document, and apply the accounting treatment of trading transactions under approved enterprise policy — derivative versus normal purchase/normal sale scope, own-use, lease, storage, and exchange treatments, and g",enables,Manage Trading Sub-Ledger,"Maintain the trading sub-ledger as the complete transactional accounting record — ensuring every captured, actualized, and settled transaction posts correctly under its determined treatment, reconciling the sub-ledger to",PROMOTE,DUPLICATE_MERGE / canonical fact retained via REL-00378,REL-00378,CM-1-2-4-2-5 core:dependsOnOutputOf CM-1-2-4-2-1,uses-input,MergeAsDuplicateEvidence: retain as additional source provenance; the fact is independently evidenced,APPROVE / D:hamid-verdict / MergeAsDuplicateEvidence,"This enables assertion resolves to the same directed canonical fact as an independently recorded uses-input assertion for the same source-target pair. Merge this row as additional source evidence only. Do not create a new fact, alter the canonical predicate, reverse direction, or treat the enables wording as a semantic remap. The existing independently evidenced fact remains authoritative. Hamid 2026-09-26. (raw_verbs: uses-input; enables; canonical predicate: core:dependsOnOutputOf; independent evidence retained; enables row retained as duplicate provenance only.)",label-match-only (identity-unconfirmed provenance),label-match-only (identity-unconfirmed provenance)
REL-00376,Manage AR/AP & Actuals,"Record trading receivables, payables, and actuals in the accounting records — recording authorized settlement outcomes and validated invoices in AR/AP, posting actualized transaction values, monitoring open items and agi",enables,Manage Trading Sub-Ledger,"Maintain the trading sub-ledger as the complete transactional accounting record — ensuring every captured, actualized, and settled transaction posts correctly under its determined treatment, reconciling the sub-ledger to",PROMOTE,DUPLICATE_MERGE / canonical fact retained via REL-00377,REL-00377,CM-1-2-4-2-5 core:dependsOnOutputOf CM-1-2-4-2-4,uses-input,MergeAsDuplicateEvidence: retain as additional source provenance; the fact is independently evidenced,APPROVE / D:hamid-verdict / MergeAsDuplicateEvidence,"This enables assertion resolves to the same directed canonical fact as an independently recorded uses-input assertion for the same source-target pair. Merge this row as additional source evidence only. Do not create a new fact, alter the canonical predicate, reverse direction, or treat the enables wording as a semantic remap. The existing independently evidenced fact remains authoritative. Hamid 2026-09-26. (raw_verbs: uses-input; enables; canonical predicate: core:dependsOnOutputOf; independent evidence retained; enables row retained as duplicate provenance only.)",label-match-only (identity-unconfirmed provenance),label-match-only (identity-unconfirmed provenance)
REL-00379,Manage Trading Sub-Ledger,"Maintain the trading sub-ledger as the complete transactional accounting record — ensuring every captured, actualized, and settled transaction posts correctly under its determined treatment, reconciling the sub-ledger to",enables,Reconcile Economic PNL to Accounting PNL (CM-1-2-4-2-6),"Reconcile the economic profit and loss produced by the trading risk processes to the profit and loss recorded in the accounting books — identifying, quantifying, explaining, and evidencing expected and unexpected differe",ResolvedToConcept,DUPLICATE_MERGE / canonical fact retained via REL-00381,REL-00381,CM-1-2-4-2-6 core:dependsOnOutputOf CM-1-2-4-2-5,uses-input,MergeAsDuplicateEvidence: retain as additional source provenance; the fact is independently evidenced,APPROVE / D:hamid-verdict / MergeAsDuplicateEvidence,"This enables assertion resolves to the same directed canonical fact as an independently recorded uses-input assertion for the same source-target pair. Merge this row as additional source evidence only. Do not create a new fact, alter the canonical predicate, reverse direction, or treat the enables wording as a semantic remap. The existing independently evidenced fact remains authoritative. Hamid 2026-09-26. (raw_verbs: uses-input; enables; canonical predicate: core:dependsOnOutputOf; independent evidence retained; enables row retained as duplicate provenance only.)",stable-id (identity confirmed),stable-id (identity confirmed)
REL-00427,Manage Feedstock Data Quality,"Steward the crude and feedstock quality data used in evaluation, planning, and trading — maintaining current, validated assays and quality records, tracking assay age and representativeness, incorporating new laboratory ",enables,Review LP Model Integrity,"Review whether the feedstock data, yield representations, operating constraints, capacities, market assumptions, and other decision inputs used by feedstock-evaluation and planning models remain current, complete, intern",PROMOTE,DUPLICATE_MERGE / canonical fact retained via REL-00430,REL-00430,CM-1-2-5-1-2 core:dependsOnOutputOf CM-1-2-5-1-1,uses-input,MergeAsDuplicateEvidence: retain as additional source provenance; the fact is independently evidenced,APPROVE / D:hamid-verdict / MergeAsDuplicateEvidence,"This enables assertion resolves to the same directed canonical fact as an independently recorded uses-input assertion for the same source-target pair. Merge this row as additional source evidence only. Do not create a new fact, alter the canonical predicate, reverse direction, or treat the enables wording as a semantic remap. The existing independently evidenced fact remains authoritative. Hamid 2026-09-26. (raw_verbs: uses-input; enables; canonical predicate: core:dependsOnOutputOf; independent evidence retained; enables row retained as duplicate provenance only.)",label-match-only (identity-unconfirmed provenance),label-match-only (identity-unconfirmed provenance)
REL-00436,Develop Spot Slate,"Develop the recommended spot feedstock procurement slate — the quality-screened spot supply candidates that address residual demand, supply disruption, quality constraints, timing needs, or economic opportunities after c",enables,Recommend Feedstock Slate And Run Rate (CM-1-2-5-2-3),"Recommend the economically attractive feedstock slate and run rate to Refinery Planning — combining the demand signal, procurement slates, market prices, and supply economics into a trading-side recommendation that feeds",ResolvedToConcept,DUPLICATE_MERGE / canonical fact retained via REL-00447,REL-00447,CM-1-2-5-2-3 core:dependsOnOutputOf CM-1-2-5-1-4,uses-input,MergeAsDuplicateEvidence: retain as additional source provenance; the fact is independently evidenced,APPROVE / D:hamid-verdict / MergeAsDuplicateEvidence,"This enables assertion resolves to the same directed canonical fact as an independently recorded uses-input assertion for the same source-target pair. Merge this row as additional source evidence only. Do not create a new fact, alter the canonical predicate, reverse direction, or treat the enables wording as a semantic remap. The existing independently evidenced fact remains authoritative. Hamid 2026-09-26. (raw_verbs: uses-input; enables; canonical predicate: core:dependsOnOutputOf; independent evidence retained; enables row retained as duplicate provenance only.)",stable-id (identity confirmed),stable-id (identity confirmed)
REL-00460,Manage Feedstock Inventory,"Monitor and control actual and projected crude and feedstock inventory positions — identifying operating-limit, availability, quality, location, and balance exceptions against refinery requirements and the supply plan, c",enables,Develop Feedstock Demand,"Develop the projected feedstock requirement — quantity, grade, quality, and timing — from the refinery production plan and current inventory and supply positions, maintaining it as plans and positions change, so procurem",PROMOTE,DUPLICATE_MERGE / canonical fact retained via REL-00443,REL-00443,CM-1-2-5-2-2 core:dependsOnOutputOf CM-1-2-5-4-2,uses-input,MergeAsDuplicateEvidence: retain as additional source provenance; the fact is independently evidenced,APPROVE / D:hamid-verdict / MergeAsDuplicateEvidence,"This enables assertion resolves to the same directed canonical fact as an independently recorded uses-input assertion for the same source-target pair. Merge this row as additional source evidence only. Do not create a new fact, alter the canonical predicate, reverse direction, or treat the enables wording as a semantic remap. The existing independently evidenced fact remains authoritative. Hamid 2026-09-26. (raw_verbs: uses-input; enables; canonical predicate: core:dependsOnOutputOf; independent evidence retained; enables row retained as duplicate provenance only.)",label-match-only (identity-unconfirmed provenance),label-match-only (identity-unconfirmed provenance)
REL-00461,Manage Feedstock Inventory,"Monitor and control actual and projected crude and feedstock inventory positions — identifying operating-limit, availability, quality, location, and balance exceptions against refinery requirements and the supply plan, c",enables,Assess & Manage Inventory Risk,"Assess the price, supply-availability, disruption, quality, concentration, and working-capital risk associated with feedstock inventory positions; recommend inventory, supply, operational, and hedging mitigations to acco",PROMOTE,DUPLICATE_MERGE / canonical fact retained via REL-00457,REL-00457,CM-1-2-5-4-1 core:dependsOnOutputOf CM-1-2-5-4-2,uses-input,MergeAsDuplicateEvidence: retain as additional source provenance; the fact is independently evidenced,APPROVE / D:hamid-verdict / MergeAsDuplicateEvidence,"This enables assertion resolves to the same directed canonical fact as an independently recorded uses-input assertion for the same source-target pair. Merge this row as additional source evidence only. Do not create a new fact, alter the canonical predicate, reverse direction, or treat the enables wording as a semantic remap. The existing independently evidenced fact remains authoritative. Hamid 2026-09-26. (raw_verbs: uses-input; enables; canonical predicate: core:dependsOnOutputOf; independent evidence retained; enables row retained as duplicate provenance only.)",label-match-only (identity-unconfirmed provenance),label-match-only (identity-unconfirmed provenance)
REL-00463,Segment Customers,"Segment the customers and demand points served by the refined-product supply network on supply-economics dimensions — volume, product mix, location, delivery mode, service requirements, and margin contribution — so parti",enables,Evaluate Market Attractiveness,"Evaluate market attractiveness for supply-network participation using accessible demand, realizable supply margin, logistics reach and cost, supply reliability, specification and regulatory constraints, and network fit —",PROMOTE,DUPLICATE_MERGE / canonical fact retained via REL-00465,REL-00465,CM-1-2-6-1-2 core:dependsOnOutputOf CM-1-2-6-1-1,uses-input,MergeAsDuplicateEvidence: retain as additional source provenance; the fact is independently evidenced,APPROVE / D:hamid-verdict / MergeAsDuplicateEvidence,"This enables assertion resolves to the same directed canonical fact as an independently recorded uses-input assertion for the same source-target pair. Merge this row as additional source evidence only. Do not create a new fact, alter the canonical predicate, reverse direction, or treat the enables wording as a semantic remap. The existing independently evidenced fact remains authoritative. Hamid 2026-09-26. (raw_verbs: uses-input; enables; canonical predicate: core:dependsOnOutputOf; independent evidence retained; enables row retained as duplicate provenance only.)",label-match-only (identity-unconfirmed provenance),label-match-only (identity-unconfirmed provenance)
REL-00464,Segment Customers,"Segment the customers and demand points served by the refined-product supply network on supply-economics dimensions — volume, product mix, location, delivery mode, service requirements, and margin contribution — so parti",enables,Assess Cost-to-Serve Performance,"Assess the full cost of serving customers, segments, and markets from the refined-product supply network — supply, storage, handling, primary and secondary logistics, and service costs against realized margins — identify",PROMOTE,DUPLICATE_MERGE / canonical fact retained via REL-00468,REL-00468,CM-1-2-6-1-3 core:dependsOnOutputOf CM-1-2-6-1-1,uses-input,MergeAsDuplicateEvidence: retain as additional source provenance; the fact is independently evidenced,APPROVE / D:hamid-verdict / MergeAsDuplicateEvidence,"This enables assertion resolves to the same directed canonical fact as an independently recorded uses-input assertion for the same source-target pair. Merge this row as additional source evidence only. Do not create a new fact, alter the canonical predicate, reverse direction, or treat the enables wording as a semantic remap. The existing independently evidenced fact remains authoritative. Hamid 2026-09-26. (raw_verbs: uses-input; enables; canonical predicate: core:dependsOnOutputOf; independent evidence retained; enables row retained as duplicate provenance only.)",label-match-only (identity-unconfirmed provenance),label-match-only (identity-unconfirmed provenance)
REL-00478,Forecast Operational Refined Product Demand,"Forecast refined-product demand operationally for the supply-chain context — projecting short-horizon demand by product, location, and period from lifting history, orders, seasonality, and local market signals, calibrate",enables,Manage Refined Product Demand,"Manage the operational refined-product demand picture — consolidating current orders, lifting patterns, committed volumes, and forecast demand by product and location, comparing it against available supply, and surfacing",PROMOTE,DUPLICATE_MERGE / canonical fact retained via REL-00471,REL-00471,CM-1-2-6-2-1 core:dependsOnOutputOf CM-1-2-6-2-3,uses-input,MergeAsDuplicateEvidence: retain as additional source provenance; the fact is independently evidenced,APPROVE / D:hamid-verdict / MergeAsDuplicateEvidence,"This enables assertion resolves to the same directed canonical fact as an independently recorded uses-input assertion for the same source-target pair. Merge this row as additional source evidence only. Do not create a new fact, alter the canonical predicate, reverse direction, or treat the enables wording as a semantic remap. The existing independently evidenced fact remains authoritative. Hamid 2026-09-26. (raw_verbs: uses-input; enables; canonical predicate: core:dependsOnOutputOf; independent evidence retained; enables row retained as duplicate provenance only.)",label-match-only (identity-unconfirmed provenance),label-match-only (identity-unconfirmed provenance)
REL-00480,Coordinate S&T Source-Point Supply Operations,"Coordinate commercial supply status at the source points where Supply And Trading supplies primary distribution — monitoring availability, loading capability, and product quality at purchased-supply, exchange, transfer, ",enables,Fulfill Replenishment From Trading Sources (CM-1-2-6-3-2),"Fulfill network replenishment requirements from Supply And Trading sources — receiving the replenishment quantities and timing decided by the network replenishment owner, sourcing them from purchased, exchanged, and tran",ResolvedToConcept,DUPLICATE_MERGE / canonical fact retained via REL-00484,REL-00484,CM-1-2-6-3-2 core:dependsOnOutputOf CM-1-2-6-3-1,uses-input,MergeAsDuplicateEvidence: retain as additional source provenance; the fact is independently evidenced,APPROVE / D:hamid-verdict / MergeAsDuplicateEvidence,"This enables assertion resolves to the same directed canonical fact as an independently recorded uses-input assertion for the same source-target pair. Merge this row as additional source evidence only. Do not create a new fact, alter the canonical predicate, reverse direction, or treat the enables wording as a semantic remap. The existing independently evidenced fact remains authoritative. Hamid 2026-09-26. (raw_verbs: uses-input; enables; canonical predicate: core:dependsOnOutputOf; independent evidence retained; enables row retained as duplicate provenance only.)",stable-id (identity confirmed),stable-id (identity confirmed)
REL-00570,Set Up and Maintain Terminal Customer Authorization,"Set up and maintain authorized customers, carriers, and drivers in terminal loading systems: create lifting-authorization records in the terminal automation system from governed commercial, credit, and master data; assig",enables,Process Customer Lifting Forecasts and Nominations (CM-1-3-10-2),"Receive and process customer lifting forecasts and nominations at terminals: validate nominated volumes against supply positions, allocations, and terminal capability for the nomination period; confirm, adjust, or declin",ResolvedToConcept,DUPLICATE_MERGE / canonical fact retained via REL-00572,REL-00572,CM-1-3-10-2 core:dependsOnOutputOf CM-1-3-10-1,uses-input,MergeAsDuplicateEvidence: retain as additional source provenance; the fact is independently evidenced,APPROVE / D:hamid-verdict / MergeAsDuplicateEvidence,"This enables assertion resolves to the same directed canonical fact as an independently recorded uses-input assertion for the same source-target pair. Merge this row as additional source evidence only. Do not create a new fact, alter the canonical predicate, reverse direction, or treat the enables wording as a semantic remap. The existing independently evidenced fact remains authoritative. Hamid 2026-09-26. (raw_verbs: uses-input; enables; canonical predicate: core:dependsOnOutputOf; independent evidence retained; enables row retained as duplicate provenance only.)",stable-id (identity confirmed),stable-id (identity confirmed)
REL-00571,Set Up and Maintain Terminal Customer Authorization,"Set up and maintain authorized customers, carriers, and drivers in terminal loading systems: create lifting-authorization records in the terminal automation system from governed commercial, credit, and master data; assig",enables,Manage Terminal Lifting Allocation (CM-1-3-10-3),"Enforce approved allocation controls at terminals and loading racks: translate plan-level allocation decisions and confirmed customer lifting nominations into customer, product, and period lifting limits in terminal load",ResolvedToConcept,DUPLICATE_MERGE / canonical fact retained via REL-00579,REL-00579,CM-1-3-10-3 core:dependsOnOutputOf CM-1-3-10-1,uses-input,MergeAsDuplicateEvidence: retain as additional source provenance; the fact is independently evidenced,APPROVE / D:hamid-verdict / MergeAsDuplicateEvidence,"This enables assertion resolves to the same directed canonical fact as an independently recorded uses-input assertion for the same source-target pair. Merge this row as additional source evidence only. Do not create a new fact, alter the canonical predicate, reverse direction, or treat the enables wording as a semantic remap. The existing independently evidenced fact remains authoritative. Hamid 2026-09-26. (raw_verbs: uses-input; enables; canonical predicate: core:dependsOnOutputOf; independent evidence retained; enables row retained as duplicate provenance only.)",stable-id (identity confirmed),stable-id (identity confirmed)
REL-00582,Capture Terminal Sales Deal,"Record concluded terminal sales arrangements — rack and spot sales, branded and unbranded supply arrangements, and terminal-specific pricing arrangements — completely and promptly in the governed commercial system: custo",enables,Set Up and Maintain Terminal Customer Authorization (CM-1-3-10-1),"Set up and maintain authorized customers, carriers, and drivers in terminal loading systems: create lifting-authorization records in the terminal automation system from governed commercial, credit, and master data; assig",ResolvedToConcept,DUPLICATE_MERGE / canonical fact retained via REL-00569,REL-00569,CM-1-3-10-1 core:dependsOnOutputOf CM-1-3-10-4,uses-input,MergeAsDuplicateEvidence: retain as additional source provenance; the fact is independently evidenced,APPROVE / D:hamid-verdict / MergeAsDuplicateEvidence,"This enables assertion resolves to the same directed canonical fact as an independently recorded uses-input assertion for the same source-target pair. Merge this row as additional source evidence only. Do not create a new fact, alter the canonical predicate, reverse direction, or treat the enables wording as a semantic remap. The existing independently evidenced fact remains authoritative. Hamid 2026-09-26. (raw_verbs: uses-input; enables; canonical predicate: core:dependsOnOutputOf; independent evidence retained; enables row retained as duplicate provenance only.)",stable-id (identity confirmed),stable-id (identity confirmed)
REL-00583,Capture Terminal Sales Deal,"Record concluded terminal sales arrangements — rack and spot sales, branded and unbranded supply arrangements, and terminal-specific pricing arrangements — completely and promptly in the governed commercial system: custo",enables,Process Customer Lifting Forecasts and Nominations (CM-1-3-10-2),"Receive and process customer lifting forecasts and nominations at terminals: validate nominated volumes against supply positions, allocations, and terminal capability for the nomination period; confirm, adjust, or declin",ResolvedToConcept,DUPLICATE_MERGE / canonical fact retained via REL-00573,REL-00573,CM-1-3-10-2 core:dependsOnOutputOf CM-1-3-10-4,uses-input,MergeAsDuplicateEvidence: retain as additional source provenance; the fact is independently evidenced,APPROVE / D:hamid-verdict / MergeAsDuplicateEvidence,"This enables assertion resolves to the same directed canonical fact as an independently recorded uses-input assertion for the same source-target pair. Merge this row as additional source evidence only. Do not create a new fact, alter the canonical predicate, reverse direction, or treat the enables wording as a semantic remap. The existing independently evidenced fact remains authoritative. Hamid 2026-09-26. (raw_verbs: uses-input; enables; canonical predicate: core:dependsOnOutputOf; independent evidence retained; enables row retained as duplicate provenance only.)",stable-id (identity confirmed),stable-id (identity confirmed)
REL-00771,Perform Account Planning,"Perform account planning for the accounts and account groups the sales plan prioritizes — objectives, opportunity maps, action plans, and resource assumptions per account — feeding execution and the forecast-input proces",enables,Channel & Partner Management,"Manage the company's channel partner relationships — franchisees, licensed-brand providers, dealers, jobbers, and marketers — executing the designed engagement models, coordinating partner qualification and activation th",PROMOTE,DUPLICATE_MERGE / canonical fact retained via REL-01218,REL-01218,CM-1-3-6-1 core:dependsOnOutputOf CM-1-3-5-1-3,uses-input,MergeAsDuplicateEvidence: retain as additional source provenance; the fact is independently evidenced,APPROVE / D:hamid-verdict / MergeAsDuplicateEvidence,"This enables assertion resolves to the same directed canonical fact as an independently recorded uses-input assertion for the same source-target pair. Merge this row as additional source evidence only. Do not create a new fact, alter the canonical predicate, reverse direction, or treat the enables wording as a semantic remap. The existing independently evidenced fact remains authoritative. Hamid 2026-09-26. (raw_verbs: uses-input; enables; canonical predicate: core:dependsOnOutputOf; independent evidence retained; enables row retained as duplicate provenance only.)",label-match-only (identity-unconfirmed provenance),label-match-only (identity-unconfirmed provenance)
REL-00828,Report Franchise Performance,"Report franchise and partner performance — volumes, standards conformance, program participation, and relationship health against the measurement frameworks — producing the evidence the relationship management and planni",enables,Manage Relationship with Franchise agreement,"Manage the ongoing relationships with franchisees under their franchise agreements — engagement, support, performance dialogue, and issue resolution within the agreement's terms — with every change to the legal relations",PROMOTE,DUPLICATE_MERGE / canonical fact retained via REL-00824,REL-00824,CM-1-3-6-1-1 core:dependsOnOutputOf CM-1-3-6-1-3,uses-input,MergeAsDuplicateEvidence: retain as additional source provenance; the fact is independently evidenced,APPROVE / D:hamid-verdict / MergeAsDuplicateEvidence,"This enables assertion resolves to the same directed canonical fact as an independently recorded uses-input assertion for the same source-target pair. Merge this row as additional source evidence only. Do not create a new fact, alter the canonical predicate, reverse direction, or treat the enables wording as a semantic remap. The existing independently evidenced fact remains authoritative. Hamid 2026-09-26. (raw_verbs: uses-input; enables; canonical predicate: core:dependsOnOutputOf; independent evidence retained; enables row retained as duplicate provenance only.)",label-match-only (identity-unconfirmed provenance),label-match-only (identity-unconfirmed provenance)
REL-00865,Settle Rebate,"Calculate, validate, and settle earned rebates at agreed settlement points: verify performance against the arrangement's conditions, compute amounts due, resolve calculation discrepancies with the customer or partner, an",enables,Analyze and Calculate Accruals (CM-1-3-8-4-3),"Analyze and calculate the O2C accruals each period under Finance-approved methodologies: rebate and discount accruals, returns and allowances, loyalty liabilities, unbilled revenue and costs, variable consideration, prom",ResolvedToConcept,DUPLICATE_MERGE / canonical fact retained via REL-01057,REL-01057,CM-1-3-8-4-3 core:dependsOnOutputOf CM-1-3-6-4-3,uses-input,MergeAsDuplicateEvidence: retain as additional source provenance; the fact is independently evidenced,APPROVE / D:hamid-verdict / MergeAsDuplicateEvidence,"This enables assertion resolves to the same directed canonical fact as an independently recorded uses-input assertion for the same source-target pair. Merge this row as additional source evidence only. Do not create a new fact, alter the canonical predicate, reverse direction, or treat the enables wording as a semantic remap. The existing independently evidenced fact remains authoritative. Hamid 2026-09-26. (raw_verbs: uses-input; enables; canonical predicate: core:dependsOnOutputOf; independent evidence retained; enables row retained as duplicate provenance only.)",stable-id (identity confirmed),stable-id (identity confirmed)
REL-00899,"Analyze, Report, and Confirm Card Transactions","Analyze, report, and confirm card transaction activity: validate captured transactions for completeness and accuracy against expected patterns and program terms, confirm transaction sets for billing cycles, and produce t",enables,Manage Card Program Billing Coordination (CM-1-3-6-6-2),"Coordinate card-program billing readiness and program-specific statement requirements; provide validated transaction, account, and presentation data to enterprise invoicing. Manage program-specific presentation such as c",ResolvedToConcept,DUPLICATE_MERGE / canonical fact retained via REL-00888,REL-00888,CM-1-3-6-6-2 core:dependsOnOutputOf CM-1-3-6-6-7,uses-input,MergeAsDuplicateEvidence: retain as additional source provenance; the fact is independently evidenced,APPROVE / D:hamid-verdict / MergeAsDuplicateEvidence,"This enables assertion resolves to the same directed canonical fact as an independently recorded uses-input assertion for the same source-target pair. Merge this row as additional source evidence only. Do not create a new fact, alter the canonical predicate, reverse direction, or treat the enables wording as a semantic remap. The existing independently evidenced fact remains authoritative. Hamid 2026-09-26. (raw_verbs: uses-input; enables; canonical predicate: core:dependsOnOutputOf; independent evidence retained; enables row retained as duplicate provenance only.)",stable-id (identity confirmed),stable-id (identity confirmed)
REL-00900,"Analyze, Report, and Confirm Card Transactions","Analyze, report, and confirm card transaction activity: validate captured transactions for completeness and accuracy against expected patterns and program terms, confirm transaction sets for billing cycles, and produce t",enables,Manage Reimbursement,"Administer reimbursements owed under the card program — such as to accepting sites and partners for card transactions or to customers for program credits — validating claims against program terms. Prepare, validate, and ",PROMOTE,DUPLICATE_MERGE / canonical fact retained via REL-00890,REL-00890,CM-1-3-6-6-3 core:dependsOnOutputOf CM-1-3-6-6-7,uses-input,MergeAsDuplicateEvidence: retain as additional source provenance; the fact is independently evidenced,APPROVE / D:hamid-verdict / MergeAsDuplicateEvidence,"This enables assertion resolves to the same directed canonical fact as an independently recorded uses-input assertion for the same source-target pair. Merge this row as additional source evidence only. Do not create a new fact, alter the canonical predicate, reverse direction, or treat the enables wording as a semantic remap. The existing independently evidenced fact remains authoritative. Hamid 2026-09-26. (raw_verbs: uses-input; enables; canonical predicate: core:dependsOnOutputOf; independent evidence retained; enables row retained as duplicate provenance only.)",label-match-only (identity-unconfirmed provenance),label-match-only (identity-unconfirmed provenance)
REL-00904,Plan Card Stock Consumption and Monitor Inventory,"Plan consumption of card issuance materials and monitor their inventory. Manage inventory of blank cards, secure card media, carriers, mailers, and issuance materials according to Security-defined inventory and custody c",enables,Manage Card Production & Monthly Reissue,"Manage card production runs and periodic reissue cycles: schedule production and personalization with vendors, manage the monthly reissue of expiring cards, and hand produced cards to physical handling for distribution.",PROMOTE,DUPLICATE_MERGE / canonical fact retained via REL-00882,REL-00882,CM-1-3-6-6-13 core:dependsOnOutputOf CM-1-3-6-6-9,uses-input,MergeAsDuplicateEvidence: retain as additional source provenance; the fact is independently evidenced,APPROVE / D:hamid-verdict / MergeAsDuplicateEvidence,"This enables assertion resolves to the same directed canonical fact as an independently recorded uses-input assertion for the same source-target pair. Merge this row as additional source evidence only. Do not create a new fact, alter the canonical predicate, reverse direction, or treat the enables wording as a semantic remap. The existing independently evidenced fact remains authoritative. Hamid 2026-09-26. (raw_verbs: uses-input; enables; canonical predicate: core:dependsOnOutputOf; independent evidence retained; enables row retained as duplicate provenance only.)",label-match-only (identity-unconfirmed provenance),label-match-only (identity-unconfirmed provenance)
REL-00910,Conduct Commercial Audit to Validate Reported Sales,"Conduct agreement-based commercial reviews of sales reported by franchisees, dealers, licensees, marketers, and partners; examine supporting records within contractual audit rights; quantify discrepancies affecting contr",enables,"Administer Royalty, Brand Fee, and Contribution Streams (CM-1-3-8-4-7)","Administer the royalty, brand-fee, and contribution streams owed under franchise, license, and partner agreements: compute amounts due from validated reported sales and agreement terms, invoice them through the billing c",ResolvedToConcept,DUPLICATE_MERGE / canonical fact retained via REL-01070,REL-01070,CM-1-3-8-4-7 core:dependsOnOutputOf CM-1-3-6-8-1,uses-input,MergeAsDuplicateEvidence: retain as additional source provenance; the fact is independently evidenced,APPROVE / D:hamid-verdict / MergeAsDuplicateEvidence,"This enables assertion resolves to the same directed canonical fact as an independently recorded uses-input assertion for the same source-target pair. Merge this row as additional source evidence only. Do not create a new fact, alter the canonical predicate, reverse direction, or treat the enables wording as a semantic remap. The existing independently evidenced fact remains authoritative. Hamid 2026-09-26. (raw_verbs: uses-input; enables; canonical predicate: core:dependsOnOutputOf; independent evidence retained; enables row retained as duplicate provenance only.)",stable-id (identity confirmed),stable-id (identity confirmed)
REL-00913,Maintain Customer and Commercial Account Master Data,"Maintain governed Party, Customer Account, account-role, hierarchy, address/location-reference, contact, commercial attribute, and relationship records as defined by the approved customer domain model. A customer master ",enables,Set Up Prospect (CM-1-3-6-6-1),"Coordinate prospective program-member/cardholder onboarding by capturing applications, validating completeness, and initiating required Credit, KYC, Compliance, Master Data, contract, and program-eligibility controls. Re",ResolvedToConcept,DUPLICATE_MERGE / canonical fact retained via REL-00874,REL-00874,CM-1-3-6-6-1 core:dependsOnOutputOf CM-1-3-7-1-1,uses-input,MergeAsDuplicateEvidence: retain as additional source provenance; the fact is independently evidenced,APPROVE / D:hamid-verdict / MergeAsDuplicateEvidence,"This enables assertion resolves to the same directed canonical fact as an independently recorded uses-input assertion for the same source-target pair. Merge this row as additional source evidence only. Do not create a new fact, alter the canonical predicate, reverse direction, or treat the enables wording as a semantic remap. The existing independently evidenced fact remains authoritative. Hamid 2026-09-26. (raw_verbs: uses-input; enables; canonical predicate: core:dependsOnOutputOf; independent evidence retained; enables row retained as duplicate provenance only.)",stable-id (identity confirmed),stable-id (identity confirmed)
REL-00918,Maintain Price & Discount Master Data,"Maintain governed price and discount records: validate and apply authorized price, discount, and rebate-condition submissions with correct effective-dating, maintain price structures and condition records, and assure the",enables,Manage Customer Invoicing and Billing,"The process of billing customers for delivered products and services: creating and distributing invoices from confirmed evidence and governed commercial data, determining transaction taxes per the Tax function's determin",PROMOTE,DUPLICATE_MERGE / canonical fact retained via REL-01239,REL-01239,CM-1-3-8-1 core:dependsOnOutputOf CM-1-3-7-1-2,uses-input,MergeAsDuplicateEvidence: retain as additional source provenance; the fact is independently evidenced,APPROVE / D:hamid-verdict / MergeAsDuplicateEvidence,"This enables assertion resolves to the same directed canonical fact as an independently recorded uses-input assertion for the same source-target pair. Merge this row as additional source evidence only. Do not create a new fact, alter the canonical predicate, reverse direction, or treat the enables wording as a semantic remap. The existing independently evidenced fact remains authoritative. Hamid 2026-09-26. (raw_verbs: uses-input; enables; canonical predicate: core:dependsOnOutputOf; independent evidence retained; enables row retained as duplicate provenance only.)",label-match-only (identity-unconfirmed provenance),label-match-only (identity-unconfirmed provenance)
REL-00922,Maintain Tax Master Data,"Maintain governed tax master records as directed by the accountable tax owners, with effective-dating aligned to legal effectivity, so that taxability determination and tax calculation in transactions consume current, au",enables,Reconcile And Report Indirect Tax,"Reconcile O2C indirect taxes each period and prepare their reporting: reconcile transaction tax lines and governed tax data to the amounts reportable and remittable by tax type and jurisdiction — excise, sales and use, V",PROMOTE,DUPLICATE_MERGE / canonical fact retained via REL-01062,REL-01062,CM-1-3-8-4-4 core:dependsOnOutputOf CM-1-3-7-1-4,uses-input,MergeAsDuplicateEvidence: retain as additional source provenance; the fact is independently evidenced,APPROVE / D:hamid-verdict / MergeAsDuplicateEvidence,"This enables assertion resolves to the same directed canonical fact as an independently recorded uses-input assertion for the same source-target pair. Merge this row as additional source evidence only. Do not create a new fact, alter the canonical predicate, reverse direction, or treat the enables wording as a semantic remap. The existing independently evidenced fact remains authoritative. Hamid 2026-09-26. (raw_verbs: uses-input; enables; canonical predicate: core:dependsOnOutputOf; independent evidence retained; enables row retained as duplicate provenance only.)",label-match-only (identity-unconfirmed provenance),label-match-only (identity-unconfirmed provenance)
REL-00926,Maintain Commercial Policy Content and Approved Parameters,"Maintain commercial policy content and system-consumable policy parameters as governed reference content. Formal policy approval, legal review, corporate publication, retention schedule, and enterprise document-managemen",enables,Establish Commercial Terms & Contracts,"Establish the durable commercial arrangements under which customers transact: negotiate and establish master agreements, terms frameworks, and customer-specific commercial terms within approved policies and delegations, ",PROMOTE,DUPLICATE_MERGE / canonical fact retained via REL-00927,REL-00927,CM-1-3-7-2-1 core:dependsOnOutputOf CM-1-3-7-1-6,uses-input,MergeAsDuplicateEvidence: retain as additional source provenance; the fact is independently evidenced,APPROVE / D:hamid-verdict / MergeAsDuplicateEvidence,"This enables assertion resolves to the same directed canonical fact as an independently recorded uses-input assertion for the same source-target pair. Merge this row as additional source evidence only. Do not create a new fact, alter the canonical predicate, reverse direction, or treat the enables wording as a semantic remap. The existing independently evidenced fact remains authoritative. Hamid 2026-09-26. (raw_verbs: uses-input; enables; canonical predicate: core:dependsOnOutputOf; independent evidence retained; enables row retained as duplicate provenance only.)",label-match-only (identity-unconfirmed provenance),label-match-only (identity-unconfirmed provenance)
REL-00944,Manage Customer Portal,"Operate the customer self-service portal as a governed commercial channel: manage portal content and functions, coordinate customer access and business entitlements through Security-defined services, and route every port",enables,Capture & Validate Order,"Capture customer orders from all approved channels — portal, EDI, phone, direct entry — and validate each against governed controls: resolve the correct party and account roles, confirm product, price, terms, and tax fro",PROMOTE,DUPLICATE_MERGE / canonical fact retained via REL-00946,REL-00946,CM-1-3-7-3-1 core:dependsOnOutputOf CM-1-3-7-2-6,uses-input,MergeAsDuplicateEvidence: retain as additional source provenance; the fact is independently evidenced,APPROVE / D:hamid-verdict / MergeAsDuplicateEvidence,"This enables assertion resolves to the same directed canonical fact as an independently recorded uses-input assertion for the same source-target pair. Merge this row as additional source evidence only. Do not create a new fact, alter the canonical predicate, reverse direction, or treat the enables wording as a semantic remap. The existing independently evidenced fact remains authoritative. Hamid 2026-09-26. (raw_verbs: uses-input; enables; canonical predicate: core:dependsOnOutputOf; independent evidence retained; enables row retained as duplicate provenance only.)",label-match-only (identity-unconfirmed provenance),label-match-only (identity-unconfirmed provenance)
REL-00945,Manage Customer Portal,"Operate the customer self-service portal as a governed commercial channel: manage portal content and functions, coordinate customer access and business entitlements through Security-defined services, and route every port",enables,Manage Customer Requests and Inquiries,"The capability that operates commercial customer service: receiving and prioritizing customer requests, inquiries, and complaints from all channels, resolving directly what governed data and approved documentation can an",PROMOTE,DUPLICATE_MERGE / canonical fact retained via REL-01261,REL-01261,CM-1-3-7-5 core:dependsOnOutputOf CM-1-3-7-2-6,uses-input,MergeAsDuplicateEvidence: retain as additional source provenance; the fact is independently evidenced,APPROVE / D:hamid-verdict / MergeAsDuplicateEvidence,"This enables assertion resolves to the same directed canonical fact as an independently recorded uses-input assertion for the same source-target pair. Merge this row as additional source evidence only. Do not create a new fact, alter the canonical predicate, reverse direction, or treat the enables wording as a semantic remap. The existing independently evidenced fact remains authoritative. Hamid 2026-09-26. (raw_verbs: uses-input; enables; canonical predicate: core:dependsOnOutputOf; independent evidence retained; enables row retained as duplicate provenance only.)",label-match-only (identity-unconfirmed provenance),label-match-only (identity-unconfirmed provenance)
REL-00957,Manage Fulfillment,"Coordinate released orders through physical fulfillment to evidenced completion: hand orders to the accountable scheduling and logistics processes, monitor fulfillment progress, manage commercial exceptions — shortages, ",enables,Create and Distribute Bill (CM-1-3-8-1-1),"Create customer invoices from confirmed channel evidence and governed commercial data on the customer's billing cadence — per delivery, consolidated, statement, or cycle — and distribute them through the customer's chann",ResolvedToConcept,DUPLICATE_MERGE / canonical fact retained via REL-01001,REL-01001,CM-1-3-8-1-1 core:dependsOnOutputOf CM-1-3-7-3-4,uses-input,MergeAsDuplicateEvidence: retain as additional source provenance; the fact is independently evidenced,APPROVE / D:hamid-verdict / MergeAsDuplicateEvidence,"This enables assertion resolves to the same directed canonical fact as an independently recorded uses-input assertion for the same source-target pair. Merge this row as additional source evidence only. Do not create a new fact, alter the canonical predicate, reverse direction, or treat the enables wording as a semantic remap. The existing independently evidenced fact remains authoritative. Hamid 2026-09-26. (raw_verbs: uses-input; enables; canonical predicate: core:dependsOnOutputOf; independent evidence retained; enables row retained as duplicate provenance only.)",stable-id (identity confirmed),stable-id (identity confirmed)
REL-00958,Manage Fulfillment,"Coordinate released orders through physical fulfillment to evidenced completion: hand orders to the accountable scheduling and logistics processes, monitor fulfillment progress, manage commercial exceptions — shortages, ",enables,Track Order Book and Forecast Order Volumes (CM-1-3-7-3-5),"Track the order book end to end — status, aging, exceptions, and completion across all open orders — and maintain the rolling short-horizon operational forecast of expected order volumes and timing that scheduling and su",ResolvedToConcept,DUPLICATE_MERGE / canonical fact retained via REL-00959,REL-00959,CM-1-3-7-3-5 core:dependsOnOutputOf CM-1-3-7-3-4,uses-input,MergeAsDuplicateEvidence: retain as additional source provenance; the fact is independently evidenced,APPROVE / D:hamid-verdict / MergeAsDuplicateEvidence,"This enables assertion resolves to the same directed canonical fact as an independently recorded uses-input assertion for the same source-target pair. Merge this row as additional source evidence only. Do not create a new fact, alter the canonical predicate, reverse direction, or treat the enables wording as a semantic remap. The existing independently evidenced fact remains authoritative. Hamid 2026-09-26. (raw_verbs: uses-input; enables; canonical predicate: core:dependsOnOutputOf; independent evidence retained; enables row retained as duplicate provenance only.)",stable-id (identity confirmed),stable-id (identity confirmed)
REL-00963,Manage Commercial Returns Authorization and Coordination,"Manage commercial return authorization and coordination; it does not determine product disposition, direct hazardous-product transport, issue a credit memo, or authorize a refund. Validate return requests against policy ",enables,Create Credit Memo,"Create controlled credit memos on authorized instruction: validate the instructing process's authorization and documented basis, reference the original invoice, apply the applicable approvals per the delegations of autho",PROMOTE,DUPLICATE_MERGE / canonical fact retained via REL-01011,REL-01011,CM-1-3-8-1-4 core:dependsOnOutputOf CM-1-3-7-3-6,uses-input,MergeAsDuplicateEvidence: retain as additional source provenance; the fact is independently evidenced,APPROVE / D:hamid-verdict / MergeAsDuplicateEvidence,"This enables assertion resolves to the same directed canonical fact as an independently recorded uses-input assertion for the same source-target pair. Merge this row as additional source evidence only. Do not create a new fact, alter the canonical predicate, reverse direction, or treat the enables wording as a semantic remap. The existing independently evidenced fact remains authoritative. Hamid 2026-09-26. (raw_verbs: uses-input; enables; canonical predicate: core:dependsOnOutputOf; independent evidence retained; enables row retained as duplicate provenance only.)",label-match-only (identity-unconfirmed provenance),label-match-only (identity-unconfirmed provenance)
REL-00970,Establish Credit Limit & Risk Code,"Decide customer-level credit: assess creditworthiness from KYC outcomes, financial statements, bureau data, payment history, parent support and credit-support instruments, and industry, geography, product, and channel ri",enables,Monitor Credit Against Limit,"Monitor customer credit exposure against approved limits continuously: calculate exposure per approved policy, aggregate it across the customer's accounts per the governed credit hierarchy, apply and release holds under ",PROMOTE,DUPLICATE_MERGE / canonical fact retained via REL-00972,REL-00972,CM-1-3-7-4-3 core:dependsOnOutputOf CM-1-3-7-4-2,uses-input,MergeAsDuplicateEvidence: retain as additional source provenance; the fact is independently evidenced,APPROVE / D:hamid-verdict / MergeAsDuplicateEvidence,"This enables assertion resolves to the same directed canonical fact as an independently recorded uses-input assertion for the same source-target pair. Merge this row as additional source evidence only. Do not create a new fact, alter the canonical predicate, reverse direction, or treat the enables wording as a semantic remap. The existing independently evidenced fact remains authoritative. Hamid 2026-09-26. (raw_verbs: uses-input; enables; canonical predicate: core:dependsOnOutputOf; independent evidence retained; enables row retained as duplicate provenance only.)",label-match-only (identity-unconfirmed provenance),label-match-only (identity-unconfirmed provenance)
REL-00978,Analyze Portfolio Credit Risk,"Analyze credit risk at portfolio level: concentration by customer, sector, channel, and geography; aging and risk-code migration; loss experience and expected-loss signals; and stress indicators under changing market con",enables,Determine Bad Debt Allowance (CM-1-3-8-3-3),"Execute Finance-approved expected-credit-loss estimation and write-off processes for trade receivables, using approved methodology, portfolio inputs, collection status, and forward-looking assumptions; prepare and record",ResolvedToConcept,DUPLICATE_MERGE / canonical fact retained via REL-01044,REL-01044,CM-1-3-8-3-3 core:dependsOnOutputOf CM-1-3-7-4-4,uses-input,MergeAsDuplicateEvidence: retain as additional source provenance; the fact is independently evidenced,APPROVE / D:hamid-verdict / MergeAsDuplicateEvidence,"This enables assertion resolves to the same directed canonical fact as an independently recorded uses-input assertion for the same source-target pair. Merge this row as additional source evidence only. Do not create a new fact, alter the canonical predicate, reverse direction, or treat the enables wording as a semantic remap. The existing independently evidenced fact remains authoritative. Hamid 2026-09-26. (raw_verbs: uses-input; enables; canonical predicate: core:dependsOnOutputOf; independent evidence retained; enables row retained as duplicate provenance only.)",stable-id (identity confirmed),stable-id (identity confirmed)
REL-00991,Process Inquiries and Requests,"Work each customer request or inquiry to resolution: answer directly what governed data and approved content can answer — status, information, and documentation requests — route the substance of everything else to its ow",enables,Manage Receivables Disputes (CM-1-3-8-3-1),"Adjudicate disputed billed amounts: capture and classify disputes from all routes, investigate each against the evidence chain — billing documents, fulfillment and custody evidence, contracts and terms, tax determination",ResolvedToConcept,DUPLICATE_MERGE / canonical fact retained via REL-01036,REL-01036,CM-1-3-8-3-1 core:dependsOnOutputOf CM-1-3-7-5-3,uses-input,MergeAsDuplicateEvidence: retain as additional source provenance; the fact is independently evidenced,APPROVE / D:hamid-verdict / MergeAsDuplicateEvidence,"This enables assertion resolves to the same directed canonical fact as an independently recorded uses-input assertion for the same source-target pair. Merge this row as additional source evidence only. Do not create a new fact, alter the canonical predicate, reverse direction, or treat the enables wording as a semantic remap. The existing independently evidenced fact remains authoritative. Hamid 2026-09-26. (raw_verbs: uses-input; enables; canonical predicate: core:dependsOnOutputOf; independent evidence retained; enables row retained as duplicate provenance only.)",stable-id (identity confirmed),stable-id (identity confirmed)
REL-00994,Perform Customer Follow-Up,"Follow up resolved cases with the customer: confirm the resolution held, verify commitments made during resolution were met, capture satisfaction and residual issues, and reopen or re-route where resolution failed.",enables,Conduct Customer Service Reviews (CM-1-3-7-5-5),"Conduct structured periodic service reviews with customers: review service performance against commitments, open items and their paths to closure, complaint and issue trends, and agreed improvement actions, with tracked ",ResolvedToConcept,DUPLICATE_MERGE / canonical fact retained via REL-00995,REL-00995,CM-1-3-7-5-5 core:dependsOnOutputOf CM-1-3-7-5-4,uses-input,MergeAsDuplicateEvidence: retain as additional source provenance; the fact is independently evidenced,APPROVE / D:hamid-verdict / MergeAsDuplicateEvidence,"This enables assertion resolves to the same directed canonical fact as an independently recorded uses-input assertion for the same source-target pair. Merge this row as additional source evidence only. Do not create a new fact, alter the canonical predicate, reverse direction, or treat the enables wording as a semantic remap. The existing independently evidenced fact remains authoritative. Hamid 2026-09-26. (raw_verbs: uses-input; enables; canonical predicate: core:dependsOnOutputOf; independent evidence retained; enables row retained as duplicate provenance only.)",stable-id (identity confirmed),stable-id (identity confirmed)
REL-01003,Create and Distribute Bill,"Create customer invoices from confirmed channel evidence and governed commercial data on the customer's billing cadence — per delivery, consolidated, statement, or cycle — and distribute them through the customer's chann",enables,Record Customer Receipts and Payment Notifications (CM-1-3-8-2-1),"Record customer payment receipts daily: capture receipt notifications and settlement information from Treasury-managed banking, lockbox, card-acquirer, and electronic arrangements across the approved payment methods, val",ResolvedToConcept,DUPLICATE_MERGE / canonical fact retained via REL-01017,REL-01017,CM-1-3-8-2-1 core:dependsOnOutputOf CM-1-3-8-1-1,uses-input,MergeAsDuplicateEvidence: retain as additional source provenance; the fact is independently evidenced,APPROVE / D:hamid-verdict / MergeAsDuplicateEvidence,"This enables assertion resolves to the same directed canonical fact as an independently recorded uses-input assertion for the same source-target pair. Merge this row as additional source evidence only. Do not create a new fact, alter the canonical predicate, reverse direction, or treat the enables wording as a semantic remap. The existing independently evidenced fact remains authoritative. Hamid 2026-09-26. (raw_verbs: uses-input; enables; canonical predicate: core:dependsOnOutputOf; independent evidence retained; enables row retained as duplicate provenance only.)",stable-id (identity confirmed),stable-id (identity confirmed)
REL-01008,Determine Taxability,"Determine the taxes applicable to each billed transaction. Apply tax determination rules through effective-dated tax master data, transaction attributes, product tax classes, origin/destination or jurisdiction logic, cus",enables,Create and Distribute Bill (CM-1-3-8-1-1),"Create customer invoices from confirmed channel evidence and governed commercial data on the customer's billing cadence — per delivery, consolidated, statement, or cycle — and distribute them through the customer's chann",ResolvedToConcept,DUPLICATE_MERGE / canonical fact retained via REL-01002,REL-01002,CM-1-3-8-1-1 core:dependsOnOutputOf CM-1-3-8-1-3,uses-input,MergeAsDuplicateEvidence: retain as additional source provenance; the fact is independently evidenced,APPROVE / D:hamid-verdict / MergeAsDuplicateEvidence,"This enables assertion resolves to the same directed canonical fact as an independently recorded uses-input assertion for the same source-target pair. Merge this row as additional source evidence only. Do not create a new fact, alter the canonical predicate, reverse direction, or treat the enables wording as a semantic remap. The existing independently evidenced fact remains authoritative. Hamid 2026-09-26. (raw_verbs: uses-input; enables; canonical predicate: core:dependsOnOutputOf; independent evidence retained; enables row retained as duplicate provenance only.)",stable-id (identity confirmed),stable-id (identity confirmed)
REL-01025,Apply Receipts,"Apply staged receipts against open governed receivables daily: match on remittance evidence and approved application rules, apply exact matches, resolve tolerable differences per approved tolerance rules, route short-pay",enables,Manage Receivables Collections (CM-1-3-8-3-2),"Execute the approved collection strategy on undisputed, due receivables: run dunning and contact cycles by segment and aging, secure and track payment commitments, administer payment plans within pre-approved authority, ",ResolvedToConcept,DUPLICATE_MERGE / canonical fact retained via REL-01040,REL-01040,CM-1-3-8-3-2 core:dependsOnOutputOf CM-1-3-8-2-3,uses-input,MergeAsDuplicateEvidence: retain as additional source provenance; the fact is independently evidenced,APPROVE / D:hamid-verdict / MergeAsDuplicateEvidence,"This enables assertion resolves to the same directed canonical fact as an independently recorded uses-input assertion for the same source-target pair. Merge this row as additional source evidence only. Do not create a new fact, alter the canonical predicate, reverse direction, or treat the enables wording as a semantic remap. The existing independently evidenced fact remains authoritative. Hamid 2026-09-26. (raw_verbs: uses-input; enables; canonical predicate: core:dependsOnOutputOf; independent evidence retained; enables row retained as duplicate provenance only.)",stable-id (identity confirmed),stable-id (identity confirmed)
REL-01028,Manage Unapplied Receipts and Exceptions,"Own the exception state for cash that cannot be applied: research unidentified and unapplied receipts, contact customers through the service channels, resolve each item within policy time bounds — application, refund req",enables,Perform AR Reconciliation and Compliance (CM-1-3-8-4-2),"Reconcile the receivables subledger to the general ledger each period, resolve reconciling items through their owning processes, maintain the evidence that the O2C financial controls operated as designed, and support int",ResolvedToConcept,DUPLICATE_MERGE / canonical fact retained via REL-01055,REL-01055,CM-1-3-8-4-2 core:dependsOnOutputOf CM-1-3-8-2-4,uses-input,MergeAsDuplicateEvidence: retain as additional source provenance; the fact is independently evidenced,APPROVE / D:hamid-verdict / MergeAsDuplicateEvidence,"This enables assertion resolves to the same directed canonical fact as an independently recorded uses-input assertion for the same source-target pair. Merge this row as additional source evidence only. Do not create a new fact, alter the canonical predicate, reverse direction, or treat the enables wording as a semantic remap. The existing independently evidenced fact remains authoritative. Hamid 2026-09-26. (raw_verbs: uses-input; enables; canonical predicate: core:dependsOnOutputOf; independent evidence retained; enables row retained as duplicate provenance only.)",stable-id (identity confirmed),stable-id (identity confirmed)
REL-01031,"Perform Cash, Acquirer, and Receivables Reconciliations","Reconcile the receivables and receipts positions daily: bank and lockbox reporting to recorded receipts, card-acquirer and processor settlement files to recorded transactions and receipts, subledger activity to applicati",enables,Perform AR Reconciliation and Compliance (CM-1-3-8-4-2),"Reconcile the receivables subledger to the general ledger each period, resolve reconciling items through their owning processes, maintain the evidence that the O2C financial controls operated as designed, and support int",ResolvedToConcept,DUPLICATE_MERGE / canonical fact retained via REL-01054,REL-01054,CM-1-3-8-4-2 core:dependsOnOutputOf CM-1-3-8-2-5,uses-input,MergeAsDuplicateEvidence: retain as additional source provenance; the fact is independently evidenced,APPROVE / D:hamid-verdict / MergeAsDuplicateEvidence,"This enables assertion resolves to the same directed canonical fact as an independently recorded uses-input assertion for the same source-target pair. Merge this row as additional source evidence only. Do not create a new fact, alter the canonical predicate, reverse direction, or treat the enables wording as a semantic remap. The existing independently evidenced fact remains authoritative. Hamid 2026-09-26. (raw_verbs: uses-input; enables; canonical predicate: core:dependsOnOutputOf; independent evidence retained; enables row retained as duplicate provenance only.)",stable-id (identity confirmed),stable-id (identity confirmed)
REL-01035,Perform Revenue Accounting,"Execute revenue accounting under Finance-approved policy: recognize revenue as performance obligations are satisfied per the approved recognition model, account for deferred and unbilled revenue, coordinate revenue-affec",enables,Perform Period-End Processing (CM-1-3-8-4-1),"Run O2C period-end close on the Finance-approved calendar: verify completeness and reconciliation evidence from every feeding process, process period-end adjustments under approved authority, enforce cutoff across billin",ResolvedToConcept,DUPLICATE_MERGE / canonical fact retained via REL-01050,REL-01050,CM-1-3-8-4-1 core:dependsOnOutputOf CM-1-3-8-2-6,uses-input,MergeAsDuplicateEvidence: retain as additional source provenance; the fact is independently evidenced,APPROVE / D:hamid-verdict / MergeAsDuplicateEvidence,"This enables assertion resolves to the same directed canonical fact as an independently recorded uses-input assertion for the same source-target pair. Merge this row as additional source evidence only. Do not create a new fact, alter the canonical predicate, reverse direction, or treat the enables wording as a semantic remap. The existing independently evidenced fact remains authoritative. Hamid 2026-09-26. (raw_verbs: uses-input; enables; canonical predicate: core:dependsOnOutputOf; independent evidence retained; enables row retained as duplicate provenance only.)",stable-id (identity confirmed),stable-id (identity confirmed)
REL-01037,Manage Receivables Disputes,"Adjudicate disputed billed amounts: capture and classify disputes from all routes, investigate each against the evidence chain — billing documents, fulfillment and custody evidence, contracts and terms, tax determination",enables,Create Credit Memo,"Create controlled credit memos on authorized instruction: validate the instructing process's authorization and documented basis, reference the original invoice, apply the applicable approvals per the delegations of autho",PROMOTE,DUPLICATE_MERGE / canonical fact retained via REL-01012,REL-01012,CM-1-3-8-1-4 core:dependsOnOutputOf CM-1-3-8-3-1,uses-input,MergeAsDuplicateEvidence: retain as additional source provenance; the fact is independently evidenced,APPROVE / D:hamid-verdict / MergeAsDuplicateEvidence,"This enables assertion resolves to the same directed canonical fact as an independently recorded uses-input assertion for the same source-target pair. Merge this row as additional source evidence only. Do not create a new fact, alter the canonical predicate, reverse direction, or treat the enables wording as a semantic remap. The existing independently evidenced fact remains authoritative. Hamid 2026-09-26. (raw_verbs: uses-input; enables; canonical predicate: core:dependsOnOutputOf; independent evidence retained; enables row retained as duplicate provenance only.)",label-match-only (identity-unconfirmed provenance),label-match-only (identity-unconfirmed provenance)
REL-01039,Manage Receivables Disputes,"Adjudicate disputed billed amounts: capture and classify disputes from all routes, investigate each against the evidence chain — billing documents, fulfillment and custody evidence, contracts and terms, tax determination",enables,Develop Root-Cause Analyses and Action Plans (CM-1-3-8-3-4),"Turn dispute, deduction, and collection patterns into prevention: analyze the reason-coded evidence the resolution processes produce, identify root causes, develop action plans with the accountable owning processes, and ",ResolvedToConcept,DUPLICATE_MERGE / canonical fact retained via REL-01047,REL-01047,CM-1-3-8-3-4 core:dependsOnOutputOf CM-1-3-8-3-1,uses-input,MergeAsDuplicateEvidence: retain as additional source provenance; the fact is independently evidenced,APPROVE / D:hamid-verdict / MergeAsDuplicateEvidence,"This enables assertion resolves to the same directed canonical fact as an independently recorded uses-input assertion for the same source-target pair. Merge this row as additional source evidence only. Do not create a new fact, alter the canonical predicate, reverse direction, or treat the enables wording as a semantic remap. The existing independently evidenced fact remains authoritative. Hamid 2026-09-26. (raw_verbs: uses-input; enables; canonical predicate: core:dependsOnOutputOf; independent evidence retained; enables row retained as duplicate provenance only.)",stable-id (identity confirmed),stable-id (identity confirmed)
REL-01043,Manage Receivables Collections,"Execute the approved collection strategy on undisputed, due receivables: run dunning and contact cycles by segment and aging, secure and track payment commitments, administer payment plans within pre-approved authority, ",enables,Determine Bad Debt Allowance (CM-1-3-8-3-3),"Execute Finance-approved expected-credit-loss estimation and write-off processes for trade receivables, using approved methodology, portfolio inputs, collection status, and forward-looking assumptions; prepare and record",ResolvedToConcept,DUPLICATE_MERGE / canonical fact retained via REL-01045,REL-01045,CM-1-3-8-3-3 core:dependsOnOutputOf CM-1-3-8-3-2,uses-input,MergeAsDuplicateEvidence: retain as additional source provenance; the fact is independently evidenced,APPROVE / D:hamid-verdict / MergeAsDuplicateEvidence,"This enables assertion resolves to the same directed canonical fact as an independently recorded uses-input assertion for the same source-target pair. Merge this row as additional source evidence only. Do not create a new fact, alter the canonical predicate, reverse direction, or treat the enables wording as a semantic remap. The existing independently evidenced fact remains authoritative. Hamid 2026-09-26. (raw_verbs: uses-input; enables; canonical predicate: core:dependsOnOutputOf; independent evidence retained; enables row retained as duplicate provenance only.)",stable-id (identity confirmed),stable-id (identity confirmed)
REL-01046,Determine Bad Debt Allowance,"Execute Finance-approved expected-credit-loss estimation and write-off processes for trade receivables, using approved methodology, portfolio inputs, collection status, and forward-looking assumptions; prepare and record",enables,Perform Period-End Processing (CM-1-3-8-4-1),"Run O2C period-end close on the Finance-approved calendar: verify completeness and reconciliation evidence from every feeding process, process period-end adjustments under approved authority, enforce cutoff across billin",ResolvedToConcept,DUPLICATE_MERGE / canonical fact retained via REL-01051,REL-01051,CM-1-3-8-4-1 core:dependsOnOutputOf CM-1-3-8-3-3,uses-input,MergeAsDuplicateEvidence: retain as additional source provenance; the fact is independently evidenced,APPROVE / D:hamid-verdict / MergeAsDuplicateEvidence,"This enables assertion resolves to the same directed canonical fact as an independently recorded uses-input assertion for the same source-target pair. Merge this row as additional source evidence only. Do not create a new fact, alter the canonical predicate, reverse direction, or treat the enables wording as a semantic remap. The existing independently evidenced fact remains authoritative. Hamid 2026-09-26. (raw_verbs: uses-input; enables; canonical predicate: core:dependsOnOutputOf; independent evidence retained; enables row retained as duplicate provenance only.)",stable-id (identity confirmed),stable-id (identity confirmed)
REL-01059,Analyze and Calculate Accruals,"Analyze and calculate the O2C accruals each period under Finance-approved methodologies: rebate and discount accruals, returns and allowances, loyalty liabilities, unbilled revenue and costs, variable consideration, prom",enables,Perform Revenue Accounting,"Execute revenue accounting under Finance-approved policy: recognize revenue as performance obligations are satisfied per the approved recognition model, account for deferred and unbilled revenue, coordinate revenue-affec",PROMOTE,DUPLICATE_MERGE / canonical fact retained via REL-01034,REL-01034,CM-1-3-8-2-6 core:dependsOnOutputOf CM-1-3-8-4-3,uses-input,MergeAsDuplicateEvidence: retain as additional source provenance; the fact is independently evidenced,APPROVE / D:hamid-verdict / MergeAsDuplicateEvidence,"This enables assertion resolves to the same directed canonical fact as an independently recorded uses-input assertion for the same source-target pair. Merge this row as additional source evidence only. Do not create a new fact, alter the canonical predicate, reverse direction, or treat the enables wording as a semantic remap. The existing independently evidenced fact remains authoritative. Hamid 2026-09-26. (raw_verbs: uses-input; enables; canonical predicate: core:dependsOnOutputOf; independent evidence retained; enables row retained as duplicate provenance only.)",label-match-only (identity-unconfirmed provenance),label-match-only (identity-unconfirmed provenance)
REL-01060,Analyze and Calculate Accruals,"Analyze and calculate the O2C accruals each period under Finance-approved methodologies: rebate and discount accruals, returns and allowances, loyalty liabilities, unbilled revenue and costs, variable consideration, prom",enables,Perform Period-End Processing (CM-1-3-8-4-1),"Run O2C period-end close on the Finance-approved calendar: verify completeness and reconciliation evidence from every feeding process, process period-end adjustments under approved authority, enforce cutoff across billin",ResolvedToConcept,DUPLICATE_MERGE / canonical fact retained via REL-01052,REL-01052,CM-1-3-8-4-1 core:dependsOnOutputOf CM-1-3-8-4-3,uses-input,MergeAsDuplicateEvidence: retain as additional source provenance; the fact is independently evidenced,APPROVE / D:hamid-verdict / MergeAsDuplicateEvidence,"This enables assertion resolves to the same directed canonical fact as an independently recorded uses-input assertion for the same source-target pair. Merge this row as additional source evidence only. Do not create a new fact, alter the canonical predicate, reverse direction, or treat the enables wording as a semantic remap. The existing independently evidenced fact remains authoritative. Hamid 2026-09-26. (raw_verbs: uses-input; enables; canonical predicate: core:dependsOnOutputOf; independent evidence retained; enables row retained as duplicate provenance only.)",stable-id (identity confirmed),stable-id (identity confirmed)
REL-01074,Define Operating Model,"Define and maintain the service operating model. The model defines service scope, channels, operating hours, service tiers, escalation paths, roles, service-level design assumptions, and knowledge/procedure requirements.",enables,Manage Service Operations (CM-1-3-9-1-2),"Run the service operation day to day: plan and schedule capacity against demand, balance workload across teams and channels, monitor operational quality and service-level attainment in real time, and manage operational i",ResolvedToConcept,DUPLICATE_MERGE / canonical fact retained via REL-01076,REL-01076,CM-1-3-9-1-2 core:dependsOnOutputOf CM-1-3-9-1-1,uses-input,MergeAsDuplicateEvidence: retain as additional source provenance; the fact is independently evidenced,APPROVE / D:hamid-verdict / MergeAsDuplicateEvidence,"This enables assertion resolves to the same directed canonical fact as an independently recorded uses-input assertion for the same source-target pair. Merge this row as additional source evidence only. Do not create a new fact, alter the canonical predicate, reverse direction, or treat the enables wording as a semantic remap. The existing independently evidenced fact remains authoritative. Hamid 2026-09-26. (raw_verbs: uses-input; enables; canonical predicate: core:dependsOnOutputOf; independent evidence retained; enables row retained as duplicate provenance only.)",stable-id (identity confirmed),stable-id (identity confirmed)
REL-01111,Sales Pricing Management,"Apply the approved pricing architecture in the market — determining posted and transaction sales prices within the approved parameters, corridors, rules, and eligibility, and coordinating their deployment through the acc",enables,Sales Execution,"Execute the sales effort against the plans — pipeline, opportunities, key accounts, quotes, contracts and orders, and non-retail customer serving — as the commercial pursuit whose qualified outcomes are handed to the con",PROMOTE,DUPLICATE_MERGE / canonical fact retained via REL-01276,REL-01276,CM-1-3-6-2 core:dependsOnOutputOf CM-1-3-6-3,uses-input,MergeAsDuplicateEvidence: retain as additional source provenance; the fact is independently evidenced,APPROVE / D:hamid-verdict / MergeAsDuplicateEvidence,"This enables assertion resolves to the same directed canonical fact as an independently recorded uses-input assertion for the same source-target pair. Merge this row as additional source evidence only. Do not create a new fact, alter the canonical predicate, reverse direction, or treat the enables wording as a semantic remap. The existing independently evidenced fact remains authoritative. Hamid 2026-09-26. (raw_verbs: uses-input; enables; canonical predicate: core:dependsOnOutputOf; independent evidence retained; enables row retained as duplicate provenance only.)",label-match-only (identity-unconfirmed provenance),label-match-only (identity-unconfirmed provenance)
REL-01133,Refined Product Demand Management,"Manage refined-product demand on the supply side — maintaining the operational demand picture the supply chain runs on, forecasting location-level product demand for supply operations, and managing product-exchange volum",enables,Supply Operations,"Fulfill approved refined-product replenishment and supply requirements from Supply & Trading sources by coordinating product availability at purchased-supply, exchange, transfer, and third-party source points; confirming",PROMOTE,DUPLICATE_MERGE / canonical fact retained via REL-01135,REL-01135,CM-1-2-6-3 core:dependsOnOutputOf CM-1-2-6-2,uses-input,MergeAsDuplicateEvidence: retain as additional source provenance; the fact is independently evidenced,APPROVE / D:hamid-verdict / MergeAsDuplicateEvidence,"This enables assertion resolves to the same directed canonical fact as an independently recorded uses-input assertion for the same source-target pair. Merge this row as additional source evidence only. Do not create a new fact, alter the canonical predicate, reverse direction, or treat the enables wording as a semantic remap. The existing independently evidenced fact remains authoritative. Hamid 2026-09-26. (raw_verbs: uses-input; enables; canonical predicate: core:dependsOnOutputOf; independent evidence retained; enables row retained as duplicate provenance only.)",label-match-only (identity-unconfirmed provenance),label-match-only (identity-unconfirmed provenance)
REL-01175,Market Analysis,"Analyze the downstream product markets the company serves or could serve — market size, demand and supply balances, channel structure, margin pools, and regulatory and structural change — through a recurring, governed an",enables,Marketing Insight and Metrics Stewardship (CM-1-3-1-6),"The capability to synthesize governed market, company, consumer, customer/marketer, and competitor findings into decision-ready marketing insight; maintain shared marketing-analysis metrics, definitions, baselines, and e",ResolvedToConcept,DUPLICATE_MERGE / canonical fact retained via REL-00563,REL-00563,CM-1-3-1-6 core:dependsOnOutputOf CM-1-3-1-1,uses-input,MergeAsDuplicateEvidence: retain as additional source provenance; the fact is independently evidenced,APPROVE / D:hamid-verdict / MergeAsDuplicateEvidence,"This enables assertion resolves to the same directed canonical fact as an independently recorded uses-input assertion for the same source-target pair. Merge this row as additional source evidence only. Do not create a new fact, alter the canonical predicate, reverse direction, or treat the enables wording as a semantic remap. The existing independently evidenced fact remains authoritative. Hamid 2026-09-26. (raw_verbs: uses-input; enables; canonical predicate: core:dependsOnOutputOf; independent evidence retained; enables row retained as duplicate provenance only.)",stable-id (identity confirmed),stable-id (identity confirmed)
REL-01188,Competitor Analysis,"Analyze competitors in the company's downstream markets — their positions, conduct, capabilities, network moves, and likely responses — through a recurring, governed analysis cycle using legitimately obtained information",enables,Marketing Insight and Metrics Stewardship (CM-1-3-1-6),"The capability to synthesize governed market, company, consumer, customer/marketer, and competitor findings into decision-ready marketing insight; maintain shared marketing-analysis metrics, definitions, baselines, and e",ResolvedToConcept,DUPLICATE_MERGE / canonical fact retained via REL-00564,REL-00564,CM-1-3-1-6 core:dependsOnOutputOf CM-1-3-1-5,uses-input,MergeAsDuplicateEvidence: retain as additional source provenance; the fact is independently evidenced,APPROVE / D:hamid-verdict / MergeAsDuplicateEvidence,"This enables assertion resolves to the same directed canonical fact as an independently recorded uses-input assertion for the same source-target pair. Merge this row as additional source evidence only. Do not create a new fact, alter the canonical predicate, reverse direction, or treat the enables wording as a semantic remap. The existing independently evidenced fact remains authoritative. Hamid 2026-09-26. (raw_verbs: uses-input; enables; canonical predicate: core:dependsOnOutputOf; independent evidence retained; enables row retained as duplicate provenance only.)",stable-id (identity confirmed),stable-id (identity confirmed)
REL-01240,Manage Customer Invoicing and Billing,"The process of billing customers for delivered products and services: creating and distributing invoices from confirmed evidence and governed commercial data, determining transaction taxes per the Tax function's determin",enables,"Manage Cash Application, A/R & Revenue Accounting","The process of turning billed transactions into accounted revenue and settled receivables: Record and process receipt notifications, bank/lockbox/acquirer settlement information, remittance evidence, and accounting event",PROMOTE,DUPLICATE_MERGE / canonical fact retained via REL-01264,REL-01264,CM-1-3-8-2 core:dependsOnOutputOf CM-1-3-8-1,uses-input,MergeAsDuplicateEvidence: retain as additional source provenance; the fact is independently evidenced,APPROVE / D:hamid-verdict / MergeAsDuplicateEvidence,"This enables assertion resolves to the same directed canonical fact as an independently recorded uses-input assertion for the same source-target pair. Merge this row as additional source evidence only. Do not create a new fact, alter the canonical predicate, reverse direction, or treat the enables wording as a semantic remap. The existing independently evidenced fact remains authoritative. Hamid 2026-09-26. (raw_verbs: uses-input; enables; canonical predicate: core:dependsOnOutputOf; independent evidence retained; enables row retained as duplicate provenance only.)",label-match-only (identity-unconfirmed provenance),label-match-only (identity-unconfirmed provenance)
REL-01249,Manage Commercial Master Data Stewardship,"The capability that stewards the governed commercial master data on which sales, pricing, fulfillment, billing, and service transactions depend — customer, price and discount, product and service, tax, and location/site ",enables,Capture And Manage Order Fulfillment,"The process of managing customer orders through their commercial lifecycle: capturing and validating orders against governed controls, allocating and releasing them per approved rules, coordinating fulfillment through th",PROMOTE,DUPLICATE_MERGE / canonical fact retained via REL-01255,REL-01255,CM-1-3-7-3 core:dependsOnOutputOf CM-1-3-7-1,uses-input,MergeAsDuplicateEvidence: retain as additional source provenance; the fact is independently evidenced,APPROVE / D:hamid-verdict / MergeAsDuplicateEvidence,"This enables assertion resolves to the same directed canonical fact as an independently recorded uses-input assertion for the same source-target pair. Merge this row as additional source evidence only. Do not create a new fact, alter the canonical predicate, reverse direction, or treat the enables wording as a semantic remap. The existing independently evidenced fact remains authoritative. Hamid 2026-09-26. (raw_verbs: uses-input; enables; canonical predicate: core:dependsOnOutputOf; independent evidence retained; enables row retained as duplicate provenance only.)",label-match-only (identity-unconfirmed provenance),label-match-only (identity-unconfirmed provenance)
REL-01265,"Manage Cash Application, A/R & Revenue Accounting","The process of turning billed transactions into accounted revenue and settled receivables: Record and process receipt notifications, bank/lockbox/acquirer settlement information, remittance evidence, and accounting event",enables,Manage Receivables Resolution (CM-1-3-8-3),"The capability that resolves what customers owe but have not paid: adjudicating disputed billed amounts against the evidence chain, collecting undisputed overdue receivables under the approved collection strategy, execut",ResolvedToConcept,DUPLICATE_MERGE / canonical fact retained via REL-01220,REL-01220,CM-1-3-8-3 core:dependsOnOutputOf CM-1-3-8-2,uses-input,MergeAsDuplicateEvidence: retain as additional source provenance; the fact is independently evidenced,APPROVE / D:hamid-verdict / MergeAsDuplicateEvidence,"This enables assertion resolves to the same directed canonical fact as an independently recorded uses-input assertion for the same source-target pair. Merge this row as additional source evidence only. Do not create a new fact, alter the canonical predicate, reverse direction, or treat the enables wording as a semantic remap. The existing independently evidenced fact remains authoritative. Hamid 2026-09-26. (raw_verbs: uses-input; enables; canonical predicate: core:dependsOnOutputOf; independent evidence retained; enables row retained as duplicate provenance only.)",stable-id (identity confirmed),stable-id (identity confirmed)
REL-01268,Service & Support Enablement,"The capability that builds and runs the machinery of commercial service and support: defining the service operating model, managing day-to-day service operations, and managing the workforce, facilities, technology, and c",enables,Service & Support Delivery,"The capability that executes commercial service work: maintaining the data service delivery runs on, managing the customer interaction during delivery, and fulfilling service events routed from the request capability — c",PROMOTE,DUPLICATE_MERGE / canonical fact retained via REL-01164,REL-01164,CM-1-3-9-2 core:dependsOnOutputOf CM-1-3-9-1,uses-input,MergeAsDuplicateEvidence: retain as additional source provenance; the fact is independently evidenced,APPROVE / D:hamid-verdict / MergeAsDuplicateEvidence,"This enables assertion resolves to the same directed canonical fact as an independently recorded uses-input assertion for the same source-target pair. Merge this row as additional source evidence only. Do not create a new fact, alter the canonical predicate, reverse direction, or treat the enables wording as a semantic remap. The existing independently evidenced fact remains authoritative. Hamid 2026-09-26. (raw_verbs: uses-input; enables; canonical predicate: core:dependsOnOutputOf; independent evidence retained; enables row retained as duplicate provenance only.)",label-match-only (identity-unconfirmed provenance),label-match-only (identity-unconfirmed provenance)
REL-01297,Marketing Communications Planning,"Plan the marketing communications that deliver the approved communications strategy — from needs and target groups through mix models, budgets, and campaign development to the preparation and controlled release of commun",enables,Marketing Plan Execution,"The process of executing approved marketing plans in market: coordinating and monitoring advertising, promotion and event, and direct-marketing activity according to the released plans, calendars, budgets, and creative d",PROMOTE,DUPLICATE_MERGE / canonical fact retained via REL-01160,REL-01160,CM-1-3-6-5 core:dependsOnOutputOf CM-1-3-5-3,uses-input,MergeAsDuplicateEvidence: retain as additional source provenance; the fact is independently evidenced,APPROVE / D:hamid-verdict / MergeAsDuplicateEvidence,"This enables assertion resolves to the same directed canonical fact as an independently recorded uses-input assertion for the same source-target pair. Merge this row as additional source evidence only. Do not create a new fact, alter the canonical predicate, reverse direction, or treat the enables wording as a semantic remap. The existing independently evidenced fact remains authoritative. Hamid 2026-09-26. (raw_verbs: uses-input; enables; canonical predicate: core:dependsOnOutputOf; independent evidence retained; enables row retained as duplicate provenance only.)",label-match-only (identity-unconfirmed provenance),label-match-only (identity-unconfirmed provenance)
